image_path,leaf_label,N,P,K,temperature,humidity,ph,rainfall,soil_moisture,soil_type,sunlight_exposure,wind_speed,co2_concentration,organic_matter,irrigation_frequency,crop_density,pest_pressure,fertilizer_usage,growth_stage,urban_area_proximity,water_source_type,frost_risk,water_usage_efficiency,NDVI_Mean,NDVI_Std,NDRE_Mean,NDRE_Std,crop_health
D:\Download1\Multi_Crop_Leaves_Disease\Multi_Crop_Leaves_Disease\Brinjal\Unhealthy_brinjal\Little_leaf\PHYP62_15933.jpg,Little_leaf,36,11,13,17.34083741,93.04897191,7.1917274,112.7194284,15.44449160051871,3,11.795494183700711,13.783475710201564,387.8222179503325,2.5771201356813056,6,15.72625617903873,96.01580620642608,75.79029387760536,3,3.4513361573214327,3,72.4814574786914,4.9623749661681344,0.2682147107187177,0.2390683046637486,0.1020274918850525,0.2362159499391597,High_Risk
D:\Download1\Multi_Crop_Leaves_Disease\Multi_Crop_Leaves_Disease\Cumin\Unhealthy_Cumin\Wilt\IMG_8811.jpg,Wilt,114,8,52,29.34081108,94.5513539,6.419083092,28.22908103,18.841556958957675,1,6.341708908050131,13.334204522159313,379.55644024343394,6.743247949553963,3,5.832684267954753,65.88031730833627,143.1594121272793,1,6.860807559737975,3,60.00700642106555,2.4120968768326327,0.2358949181794206,0.2370842163367019,0.087568812691916,0.2143335830488853,High_Risk
D:\Download1\Multi_Crop_Leaves_Disease\Multi_Crop_Leaves_Disease\Castor\Unhealthy_castor\Cercospera Leaf Spot\Cercospora alternaria_.jpg,Cercospera Leaf Spot,25,59,19,29.06631494,83.6869203,6.626629798,43.95183726,14.239136974517791,1,8.79932911515087,0.3331277200397187,418.6148778863097,6.95444629128521,1,6.013455775344818,58.65137527891166,155.6591529376839,1,16.3777903965291,2,72.42722090829294,2.096714133819357,0.1547054064158144,0.276694549880376,0.055888561344636,0.2284224039063615,High_Risk
D:\Download1\Multi_Crop_Leaves_Disease\Multi_Crop_Leaves_Disease\Castor\Unhealthy_castor\Alternia Leaf Blight\IMG_4968.jpg,Alternaria_Blight,40,9,41,24.37766782,85.4017118,5.78270695,106.128338,10.429540377920024,3,10.01602388609432,15.993900320416383,389.2446168753697,8.2230605000939,3,13.444873018602962,62.96852601184318,91.48132388761478,3,43.5199352254557,2,37.741890848545,2.827791752711013,0.2406021588420057,0.2328317529636904,0.1193663330965081,0.2056884453002807,High_Risk
D:\Download1\Multi_Crop_Leaves_Disease\Multi_Crop_Leaves_Disease\Cumin\Unhealthy_Cumin\Wilt\IMG_8865.jpg,Wilt,14,131,198,33.4641162,83.86742974,5.562790949,67.92204319,22.70373097856308,2,11.277909607976037,2.40077637969018,377.1429785845643,9.446816909302862,1,12.13034679726718,49.4791239109173,189.4695040897273,3,0.6069531234466463,3,83.68687215004906,4.266625817700119,0.2417466386153199,0.2499797695316607,0.0907289917289768,0.2320499714768009,High_Risk
D:\Download1\Multi_Crop_Leaves_Disease\Multi_Crop_Leaves_Disease\Brinjal\Unhealthy_brinjal\Cercospora\21371018861_42fd0d4585_o.jpg,Cercospora,6,62,22,20.53052663,18.09224048,5.824090984,120.4509288,15.118545496371134,1,10.690606846019747,12.314004532827248,406.71985990295485,8.548523896934508,1,15.164022803636726,11.375687885418596,89.51464708720701,1,45.2743383074135,1,80.07291499408315,3.2279843128492924,0.2557328745175416,0.2640159299519048,0.1297730635455898,0.2362678608317673,High_Risk
D:\Download1\Multi_Crop_Leaves_Disease\Multi_Crop_Leaves_Disease\Papaya\Unhealthy_papaya\Mosaic\mosaic4.jpg,Mosaic,30,60,21,28.87667593,62.4901206,5.457871273,182.2688175,15.639245965487603,1,9.900521595873464,7.846074262170555,369.9352933596119,6.501549941814209,3,16.21358945528566,18.80517726955916,141.99022831768212,3,4.307914033775656,3,36.17365135573761,4.159844989748362,0.2354893529628829,0.1572933472543721,0.1402368932221714,0.147387833343762,High_Risk
D:\Download1\Multi_Crop_Leaves_Disease\Multi_Crop_Leaves_Disease\Papaya\Unhealthy_papaya\Leaf_curl_viral_diseases\leafcurl3.jpg,Leaf_Curl,32,60,83,19.69141713,19.44225438,8.829273328,91.76071648,19.77662735497598,2,10.750109900367274,4.695382677631397,389.42411117733184,5.054603037725947,5,15.443946159831247,32.47549497326977,124.81861532958484,1,30.408181559796088,2,53.25354332039801,1.1421687978299002,0.1885150979295672,0.1807468629298206,0.1272944738931642,0.1728083247877492,High_Risk
D:\Download1\Multi_Crop_Leaves_Disease\Multi_Crop_Leaves_Disease\Guava\Unhealthy_Guava\Fungal infection\no113.jpg,Fungal infection,10,9,28,29.01256899,94.01014388,6.282955073,150.0500312,24.142284407863755,1,6.485303235512436,3.811598748855274,352.6204626403467,5.289825012425604,4,5.004340767425479,34.25699110653097,168.81338534918729,2,5.569805288773994,2,82.35062333040922,1.3231094101864604,0.2790406971763748,0.2540273270785183,0.1793634519074465,0.2272297890977019,High_Risk
D:\Download1\Multi_Crop_Leaves_Disease\Multi_Crop_Leaves_Disease\Guava\Unhealthy_Guava\Rust_fungal\rust15.png,Rust_fungal,34,60,16,31.35730791,64.24992106,7.322555223,63.85668948,22.9996416547392,2,7.824448877768872,7.424200339667539,389.1864655376613,7.471551355793187,4,8.378453168178808,95.00709364141632,191.11147527632264,1,10.150818325071551,2,46.31510329987676,3.099273055923887,0.2706677808193118,0.2431986158843512,0.1185061790352746,0.2315650932846777,High_Risk
D:\Download1\Multi_Crop_Leaves_Disease\Multi_Crop_Leaves_Disease\Guava\Unhealthy_Guava\algal_leaf_spot\algal_spot6.jpg,algal_leaf_spot,4,41,20,28.14720892,83.8001509,6.647965508,37.44800463,22.08148010791099,2,7.607656468366766,7.500012894699619,417.97009189654216,2.6718209508368536,4,11.492481457265804,74.36620510948036,156.27800171407574,2,25.33488584850645,3,77.70959981791007,3.4422690291564737,0.3538895799000042,0.2427065187446233,0.1498499206072622,0.2364734568357472,High_Risk
D:\Download1\Multi_Crop_Leaves_Disease\Multi_Crop_Leaves_Disease\Brinjal\Unhealthy_brinjal\Little_leaf\IMG_8905.jpg,Little_leaf,88,46,42,22.68319059,83.46358271,6.604993475,194.2651719,23.81684773602596,1,5.122433172035966,13.975935842613731,357.582393683782,4.551065766778282,1,7.284444179427627,88.79185465173238,118.59008039681912,3,29.93185195556929,2,48.16128032944297,2.4927184961230173,0.2560103776977602,0.2401027672046924,0.1232370839366175,0.231265954356447,High_Risk
D:\Download1\Multi_Crop_Leaves_Disease\Multi_Crop_Leaves_Disease\Castor\Unhealthy_castor\Wilt\wilt1.jpg,Wilt,24,27,34,28.87862994,95.11320315,6.203376525,145.0583117,23.206261667690804,2,7.848375167905652,1.716926895215927,362.84787910823246,3.609374567204117,3,9.577223449035564,53.046189167257786,50.31997772500782,1,9.47207576865824,3,46.79608631867072,1.572903397315621,0.1156567940639901,0.2056236129515778,0.0556674268444078,0.1825078192829755,High_Risk
D:\Download1\Multi_Crop_Leaves_Disease\Multi_Crop_Leaves_Disease\Castor\Unhealthy_castor\Alternia Leaf Blight\Alternaria_(4).jpg,Alternaria_Blight,66,69,47,23.69212243,93.61055571,6.912299695,87.53393983,18.989186141616887,3,10.481355952176196,4.5855337152387925,441.5363105686713,5.275658090605019,4,14.934250291623254,87.67793720687128,160.90684564463436,1,10.16398553599242,3,58.91784880309253,3.85447289874224,0.2335999928496786,0.2545037641668573,0.1048587621248318,0.2324677992866287,High_Risk
D:\Download1\Multi_Crop_Leaves_Disease\Multi_Crop_Leaves_Disease\Brinjal\Unhealthy_brinjal\Little_leaf\little leaf2.jpg,Little_leaf,31,137,196,22.14464104,93.82567435,6.400321212,120.6310784,10.617323465665304,1,11.973004902774925,4.8751400201390505,436.19679470873456,8.209662804245049,6,10.913120518138854,60.90004993194691,61.13385788468252,3,32.598381934034535,2,50.7534858423501,1.3075454952884908,0.1389053744354498,0.1739706927886039,0.042972522587691,0.1654618085519455,High_Risk
D:\Download1\Multi_Crop_Leaves_Disease\Multi_Crop_Leaves_Disease\Castor\Unhealthy_castor\Bacterial Leaf Blight\IMG_4965.jpg,Bacterial_Disease,94,54,17,23.39128187,61.74427165,5.871647806,107.3198135,20.17302945406609,1,5.311372444842171,2.148343142310252,387.5190857000952,3.814075766569502,5,15.9843322606809,11.17464953993984,148.77804162927305,1,45.40735517488133,1,37.40208752815976,2.3117452723016947,0.2822329655462026,0.245481484018449,0.1908338404292954,0.2087397729690293,High_Risk
D:\Download1\Multi_Crop_Leaves_Disease\Multi_Crop_Leaves_Disease\Papaya\Unhealthy_papaya\Leaf_curl_viral_diseases\leaf curl1.jpg,Leaf_Curl,70,42,43,23.16814977,76.66724969,6.508342839,157.1215052,12.4965744125287,2,7.005498522421753,6.050143864254065,386.65571535436766,7.445109092493055,2,10.780705803147663,69.5452500519428,112.63467953972662,1,32.35289347480727,1,15.092263460459144,1.571209182428044,0.2704736251939677,0.2493630118727416,0.1316149149195679,0.2329566673373792,High_Risk
D:\Download1\Multi_Crop_Leaves_Disease\Multi_Crop_Leaves_Disease\Brinjal\Unhealthy_brinjal\Early_Leaf_spot\no(3).jpg,Early_Leaf_spot,47,63,16,27.44003279,67.10464369,6.661870999,72.50669768,25.808793266961025,2,10.51790295984596,17.650773074589207,421.3095140869937,4.805309922062655,5,17.96337479595145,60.24211492581443,73.18220250888163,2,31.08707776909348,3,23.71197042376647,2.45412717182445,0.3074891051102645,0.2397546784971338,0.1660608241123589,0.2191039356040942,High_Risk
D:\Download1\Multi_Crop_Leaves_Disease\Multi_Crop_Leaves_Disease\Castor\Unhealthy_castor\Wilt\wilt5.jpg,Wilt,35,57,25,27.0956288,42.26206161,8.340398059,71.1271039,23.56947337146422,2,9.033133507510382,5.90323133755575,441.9474144587645,9.757850622065066,3,12.5669954395322,99.03135775148684,170.27179532513938,3,23.52476165963116,2,55.96148132094464,2.5024541391159563,0.3069765376510726,0.2268549974670556,0.166885246673478,0.2138988733736606,High_Risk
D:\Download1\Multi_Crop_Leaves_Disease\Multi_Crop_Leaves_Disease\Brinjal\Unhealthy_brinjal\Leaf_curl\leaf_curl1.jpg,Leaf_Curl,120,16,51,27.99901833,91.64193051,6.547041903,23.28618248,27.211679894626176,3,10.77387706506159,1.514685825955171,373.0234971301738,9.861717075859454,1,12.791451058527269,91.3489736746868,122.47174379802878,2,15.870121676044802,2,60.88704193758638,2.466909482668857,0.1780428442033461,0.2384425106578979,0.0672394132036362,0.2055380728336911,High_Risk
D:\Download1\Multi_Crop_Leaves_Disease\Multi_Crop_Leaves_Disease\Castor\Unhealthy_castor\Bacterial Leaf Blight\Bacterial blight15.jpg,Bacterial_Disease,91,41,37,24.48556447,83.20630007,6.132570523,192.2316221,13.212868150613586,1,11.625648002961777,11.779330983841996,421.681766610136,3.5460593367695408,2,6.079580245001063,46.52277116668753,109.46797305121976,1,0.0177564878703462,3,73.80931189845381,3.8113204210435168,0.1943180053544262,0.2537562011949136,0.0838573413359265,0.2318885596445652,High_Risk
D:\Download1\Multi_Crop_Leaves_Disease\Multi_Crop_Leaves_Disease\Brinjal\Unhealthy_brinjal\Leaf_curl\leaf curl12.png,Leaf_Curl,111,5,50,27.59350075,91.79742953,6.399891457,24.84266123,24.993083810404304,3,11.465098626995124,7.567065933176145,439.4052439943528,9.209966342708796,1,9.055768001059771,48.86042981668879,173.2205530986008,3,0.586265820331483,2,47.41226499599159,4.158826968788709,0.1583248650057994,0.2622390521792176,0.0636647445047789,0.2337878815026823,High_Risk
D:\Download1\Multi_Crop_Leaves_Disease\Multi_Crop_Leaves_Disease\Guava\Unhealthy_Guava\anthrecnose\anthrecnose1 (2).jpg,Anthracnose,117,30,50,24.90123934,87.20772913,6.744966312,46.59207341,24.934578042843963,1,9.34925222271637,2.647109255066933,443.4159636401831,1.487316541368893,5,18.8363769204078,3.3935594910512457,189.12140155181967,3,44.85890711855053,2,99.51596314989966,2.399515218799641,0.2876018418944818,0.2473485324784598,0.163467925882521,0.2279243048507979,High_Risk
D:\Download1\Multi_Crop_Leaves_Disease\Multi_Crop_Leaves_Disease\Brinjal\Unhealthy_brinjal\Early_Leaf_spot\no(2).jpg,Early_Leaf_spot,40,72,77,17.02498456,16.98861173,7.485996067,88.55123143,17.883769647178593,1,11.450264999979892,4.008740762379432,395.2805561659712,4.175852139267892,3,19.53813764810585,84.21808845378636,62.12247787492086,3,4.404796040752751,3,88.59923610206668,4.254476758311473,0.1676629069574048,0.2131145573261431,0.0566184255085184,0.173740981263448,High_Risk
D:\Download1\Multi_Crop_Leaves_Disease\Multi_Crop_Leaves_Disease\Castor\Unhealthy_castor\Alternia Leaf Blight\alternaria11.jpg,Alternaria_Blight,85,38,41,21.58711777,82.7883708,6.249050656,276.6552459,12.287843010348428,1,10.748001538790213,18.99798488965525,435.4804751841295,8.55056918740796,1,15.303243639522,31.42938168793934,182.0508467996191,3,14.486082459985944,2,38.68300438556499,1.1359236150294585,0.3262757630901458,0.2467496545237943,0.2275766159605105,0.2260798946571846,High_Risk
D:\Download1\Multi_Crop_Leaves_Disease\Multi_Crop_Leaves_Disease\Cumin\Unhealthy_Cumin\Powdery_Mildew\powdety_mildew13.png,Powdery_Mildew,27,65,18,20.10993761,23.22323766,5.59503163,73.36386477,17.946714843631362,2,11.57518065998592,13.58353809171186,351.4397463546144,2.3410663943182817,6,11.130512570962232,86.33861906258188,121.69200601433182,2,36.2031883908621,2,76.36693963708645,3.408384399884358,0.2330809849463707,0.2638559957925448,0.0605912922500093,0.2414275863479965,High_Risk
D:\Download1\Multi_Crop_Leaves_Disease\Multi_Crop_Leaves_Disease\Castor\Unhealthy_castor\Bacterial Leaf Blight\Bacterial blight122.jpg,Bacterial_Disease,75,49,15,21.53574127,71.50905983,5.918263801,102.4852929,13.366998531307289,2,5.212174170651337,0.4351669681668157,393.0346068562641,4.107909745784703,6,15.237957415469394,9.183958155483774,109.0361329204643,1,3.224739326113818,3,9.174379745815454,2.468851284186345,0.264145394927437,0.2438675656749681,0.1046819245543362,0.2328539300626018,High_Risk
D:\Download1\Multi_Crop_Leaves_Disease\Multi_Crop_Leaves_Disease\Guava\Unhealthy_Guava\Fungal infection\no112.jpg,Fungal infection,83,79,55,25.14748006,83.34688193,5.565028635,98.66679427,14.839741894819548,3,8.229272115930936,8.447847791888147,398.40373300846505,5.865943543700374,4,12.451451190437556,33.02576539189007,89.3992975284932,1,32.199225982384434,1,96.26877197099832,2.7865279125394364,0.2549774906890572,0.2528321174806279,0.1026093290502521,0.2335308674249872,High_Risk
D:\Download1\Multi_Crop_Leaves_Disease\Multi_Crop_Leaves_Disease\Papaya\Unhealthy_papaya\Bacterial Leaf Spot\bacterial leaf blight13.png,Bacterial_Disease,97,50,41,24.52922681,80.54498576,7.070959995,260.2634026,16.9004052999644,1,7.130601915609544,16.285840161183593,387.0109983219061,4.229277117008785,1,9.288550189993176,34.12657847522734,186.48685102113703,3,27.329056036699583,1,29.00824790733667,4.596199347451918,0.2114361075731495,0.243372028093187,0.1109853627840722,0.1949551749194897,High_Risk
D:\Download1\Multi_Crop_Leaves_Disease\Multi_Crop_Leaves_Disease\Guava\Unhealthy_Guava\algal_leaf_spot\algal15.png,algal_leaf_spot,93,43,38,23.61475336,86.14290267,6.987332927,150.2355238,11.720043870140849,3,8.515349483132098,10.245721875957983,445.71728785225775,9.036817289710042,4,17.350657159236547,35.75693194773114,158.38056632585693,3,38.75843154768874,2,6.981094761541485,3.373874541095973,0.1384576523070153,0.2550529830074309,0.0526329690450422,0.2090233461679804,High_Risk
D:\Download1\Multi_Crop_Leaves_Disease\Multi_Crop_Leaves_Disease\Brinjal\Unhealthy_brinjal\Early_Leaf_spot\no(4).jpg,Early_Leaf_spot,36,58,25,28.66024187,59.3189118,8.399135958,36.92629678,17.12723207972995,2,9.417667784971666,10.874538512061804,390.1517519482007,2.802286344947758,2,11.969687372725884,25.72878538527653,113.9790573587542,1,40.09185576982474,3,49.66884655041955,1.7731919365727995,0.0019490522359646,0.1897723449101753,-0.065063426712582,0.1509606675054114,High_Risk
D:\Download1\Multi_Crop_Leaves_Disease\Multi_Crop_Leaves_Disease\Castor\Unhealthy_castor\Alternia Leaf Blight\alternaria leaf spot23.jpg,Alternaria_Blight,42,79,23,27.71678273,63.29103387,6.781841984,68.56507978,22.86476639253589,1,7.823688077135046,10.042828630982964,400.4204948323379,7.178226476036309,6,9.110924137466132,84.85260998467434,87.89464619059336,2,30.85724309238017,3,75.28169110914124,3.340848900190254,0.1543886316108725,0.1691032886225796,0.0882189739370302,0.1494257136908455,High_Risk
D:\Download1\Multi_Crop_Leaves_Disease\Multi_Crop_Leaves_Disease\Castor\Unhealthy_castor\Cercospera Leaf Spot\cercospera Leaf spot2.jpg,Cercospera Leaf Spot,17,57,20,28.50677929,45.20094476,3.793575185,66.1761456,27.57426251263818,2,10.755912510707798,7.463916927219911,404.4048518098975,9.144692149246444,6,19.44113799036404,10.368168190678972,186.93661598195612,3,37.18194275523605,3,14.765475560231977,4.498958863951639,0.1748292157307427,0.2180924153472521,0.0621720804300831,0.1939771046683829,High_Risk
D:\Download1\Multi_Crop_Leaves_Disease\Multi_Crop_Leaves_Disease\Papaya\Unhealthy_papaya\Bacterial Leaf Spot\leaf_spot3.jpg,Bacterial_Disease,91,25,26,24.53460016,66.99765375,7.482414225,180.5059257,29.205015410113376,3,7.537815906152752,6.901906185551501,391.10751734789454,8.402343278817686,5,16.780821414763565,16.439099715152427,75.27380919682,3,48.03162081905489,2,46.47107682406776,1.9434617022858,0.0491492487357046,0.1811684285935536,-0.0029244675899617,0.151944493087541,High_Risk
D:\Download1\Multi_Crop_Leaves_Disease\Multi_Crop_Leaves_Disease\Cumin\Unhealthy_Cumin\Powdery_Mildew\8.0.jpg,Powdery_Mildew,133,47,23,24.88738107,75.62137159,6.827354668,89.76050416,14.713067683521118,1,9.95690591265646,17.404727154425906,418.0982208429959,5.29070969311196,6,15.97491022386533,27.954159782431653,89.52382420142655,3,7.7608456130557,2,35.402222227436866,4.436006882542839,0.2350462586605806,0.2428981086735192,0.1243748048977572,0.2281194381818902,High_Risk
D:\Download1\Multi_Crop_Leaves_Disease\Multi_Crop_Leaves_Disease\Cumin\Unhealthy_Cumin\Alternatia Blight\alternitia_blight15.png,Alternaria_Blight,31,72,17,28.69180475,49.47225353,5.833031708,96.36222901,18.977267616760244,2,11.370115045005678,3.307362590781109,378.28710444374553,1.4123175373500525,3,10.013186934416405,45.21671170869025,116.73738171867416,2,18.88078132072368,2,72.35378543457223,2.535596847973458,0.1497547589442677,0.1983323678015881,0.0761178608769238,0.1702180293258532,High_Risk
D:\Download1\Multi_Crop_Leaves_Disease\Multi_Crop_Leaves_Disease\Papaya\Unhealthy_papaya\Leaf_curl_viral_diseases\Leaf curl of papaya1.jpg,Leaf_Curl,91,75,55,27.48612983,76.11239849,6.212369363,109.2768851,29.175327495168705,2,8.582610836664788,9.045567356060776,388.0306849434908,6.712049293063654,4,13.870994410820844,97.4733316243736,108.27932768196312,1,44.70250201361512,2,91.9974931468128,1.103839794752655,0.0491492487357046,0.1811684285935536,-0.0029244675899617,0.151944493087541,High_Risk
D:\Download1\Multi_Crop_Leaves_Disease\Multi_Crop_Leaves_Disease\Castor\Unhealthy_castor\Bacterial Leaf Blight\Bacterial blight114.jpg,Bacterial_Disease,63,37,43,23.41798979,85.08640476,6.661957897,185.7446728,26.24912434899821,3,5.626831309488358,15.877737264026162,386.76453970930186,8.401675895564635,3,8.339141467465225,56.88373015104903,123.14717910109164,2,3.622663818946792,1,35.404079381607104,2.976793938377692,0.1882903351410832,0.1811742683725615,0.1268019275129848,0.1728570954582213,High_Risk
D:\Download1\Multi_Crop_Leaves_Disease\Multi_Crop_Leaves_Disease\Papaya\Unhealthy_papaya\Mosaic\leaf curl + spider mite disorder.jpg,Mosaic,34,60,16,31.35730791,64.24992106,7.322555223,63.85668948,22.9996416547392,2,7.824448877768872,7.424200339667539,389.1864655376613,7.471551355793187,4,8.378453168178808,95.00709364141632,191.11147527632264,1,10.150818325071551,2,46.31510329987676,3.099273055923887,0.2681071271830937,0.2498300159000555,0.1257797620439329,0.2371310480228829,High_Risk
D:\Download1\Multi_Crop_Leaves_Disease\Multi_Crop_Leaves_Disease\Guava\Unhealthy_Guava\algal_leaf_spot\algal16.png,algal_leaf_spot,39,127,202,15.3246651,81.67215994,6.477768039,71.60102999,22.6514815456319,3,11.195810784011428,5.16552826208796,355.80987678243946,4.555670903851331,2,11.796360538237415,88.84990126848457,55.82584035452409,3,26.81083852352616,2,39.7445881297884,1.2938186809577523,0.1913865343947062,0.1507339961826773,0.0860364541871526,0.1390868736260499,High_Risk
D:\Download1\Multi_Crop_Leaves_Disease\Multi_Crop_Leaves_Disease\Brinjal\Unhealthy_brinjal\Mosaic\mosaic2.jpg,Mosaic,24,44,17,29.8596912,80.03499648,6.666380512,50.66487502,29.146111076779214,1,11.150097755717368,16.73248106535018,376.885585353395,5.69317678348879,3,5.493859357593379,31.02748591627984,95.19039742906912,2,46.217059729561946,1,67.08881550406021,4.696934795491084,0.2460002779840601,0.2589211134909003,0.1396865914549624,0.2323048772942461,High_Risk
D:\Download1\Multi_Crop_Leaves_Disease\Multi_Crop_Leaves_Disease\Castor\Unhealthy_castor\Wilt\wilt9.jpg,Wilt,42,73,25,34.03679184,67.21113844,6.501869314,73.23573601,20.5781345707444,2,10.983093574913802,10.894159173350124,385.3885687092665,3.585402074437731,4,10.571228796753877,11.01176860295554,85.18682216924896,3,11.9019897672917,2,10.255749061908448,2.934417933282647,0.2751745599595044,0.2497856173925187,0.1304078537035997,0.233031176480799,High_Risk
D:\Download1\Multi_Crop_Leaves_Disease\Multi_Crop_Leaves_Disease\Castor\Unhealthy_castor\Wilt\wilt14.png,Wilt,19,24,15,20.48954522,93.72485075,7.137136973,111.8391951,16.501703945706403,3,8.659614756162684,17.63063548516436,386.49150599849855,9.228068662016668,1,8.687252019497576,76.67992739258796,145.50793722437163,3,28.562472633108264,3,92.8078915111719,3.0121732861924264,0.1098579175989218,0.1938677018558514,0.0264283273523151,0.1640345053857025,High_Risk
D:\Download1\Multi_Crop_Leaves_Disease\Multi_Crop_Leaves_Disease\Brinjal\Unhealthy_brinjal\Little_leaf\little leaf13.png,Little_leaf,117,86,53,25.19640218,83.55829874,5.703381728,115.8586081,28.325902456647423,1,7.199617397932129,6.013541915655642,407.0695846633312,9.62648803047828,2,6.16603146531418,29.08195864131342,75.60097227870389,2,10.439229790470478,1,35.134174584043954,3.441071815491098,0.2380330500471622,0.251096895966468,0.0766092419764407,0.2338118412627398,High_Risk
D:\Download1\Multi_Crop_Leaves_Disease\Multi_Crop_Leaves_Disease\Brinjal\Unhealthy_brinjal\Mosaic\no.jpg,Mosaic,9,48,22,27.77076285,87.09979549,6.402926221,49.50812624,25.49440692183775,1,9.742414481339951,7.826374104067371,406.5249893272392,7.3174679087956305,3,8.058816799601235,35.68583590696458,78.32041495933046,2,17.460285209265574,3,20.31212812983124,1.3884052850005073,0.2330809849463707,0.2638559957925448,0.0605912922500093,0.2414275863479965,High_Risk
D:\Download1\Multi_Crop_Leaves_Disease\Multi_Crop_Leaves_Disease\Brinjal\Unhealthy_brinjal\Early_Leaf_spot\no(22).jpg,Early_Leaf_spot,1,12,30,27.754298,95.94643831,5.56222383,131.0900076,28.400944581202737,3,8.072236813128825,1.4322560741361845,376.5711259758857,3.849708705957164,2,6.928370597781435,58.79904825883016,142.4222220056953,3,9.76322669578053,1,39.4079691721129,2.3161492475171714,0.1543886316108725,0.1691032886225796,0.0882189739370302,0.1494257136908455,High_Risk
D:\Download1\Multi_Crop_Leaves_Disease\Multi_Crop_Leaves_Disease\Cumin\Unhealthy_Cumin\Wilt\IMG_8825.jpg,Wilt,4,36,22,27.60887393,86.13316408,7.012740397,43.80041104,16.45921434868169,1,6.2076552045069615,0.925312450755622,407.31598174320334,8.891255748517732,6,7.476394966668346,59.30618127352312,183.3286736782044,1,16.388658966697694,2,12.966578148841034,3.077457453669723,0.2372677007228192,0.1643595737240934,0.1135598278957504,0.1594514320760194,High_Risk
D:\Download1\Multi_Crop_Leaves_Disease\Multi_Crop_Leaves_Disease\Papaya\Unhealthy_papaya\Anthracnose _ Cercospora\athrecnose15.png,Anthracnose,33,60,15,28.95172351,81.67085323,6.510840928,56.51103293,23.06373632739978,1,7.312838473724796,15.997895726222646,396.765204180705,8.13338610409476,1,7.534527378946198,82.26439213562536,178.8524442643163,1,8.308775439438577,3,35.25407485096024,3.126581101839708,0.2406021588420057,0.2328317529636904,0.1193663330965081,0.2056884453002807,High_Risk
D:\Download1\Multi_Crop_Leaves_Disease\Multi_Crop_Leaves_Disease\Castor\Unhealthy_castor\Bacterial Leaf Blight\Bacterial blight_.jpg,Bacterial_Disease,31,20,26,25.56567803,97.61361544,6.443168642,199.7936345,25.891091923669727,1,6.854979293600513,2.4419349254374434,376.7681591658557,8.28943947037218,6,7.298792305001493,83.3875693178738,151.77160143792923,2,18.550187281459053,3,61.52344248654544,4.481283984224433,0.2903870760005039,0.2386778444802194,0.1238422362080034,0.2330357922076502,High_Risk
D:\Download1\Multi_Crop_Leaves_Disease\Multi_Crop_Leaves_Disease\Papaya\Unhealthy_papaya\blackspot\blackspot1.jpg,blackspot,93,91,47,27.84767901,83.31110751,6.101241579,117.2878912,27.55667555080722,2,9.65186092426331,6.228119792540808,360.7964931296164,9.652687966776272,3,11.19698852239038,60.12708950158849,69.02751453205184,1,9.72011919020158,2,37.89242378369736,4.870448705635736,0.1098579175989218,0.1938677018558514,0.0264283273523151,0.1640345053857025,High_Risk
D:\Download1\Multi_Crop_Leaves_Disease\Multi_Crop_Leaves_Disease\Brinjal\Unhealthy_brinjal\Leaf_curl\leaf curl15.png,Leaf_Curl,37,70,25,19.73136909,24.89487354,5.819403771,84.06354115,11.653781873535564,3,5.739923237503676,0.6941571304388505,381.7360655651895,5.982346450055076,1,19.18676189867034,22.343136772083383,126.76347682996813,1,31.92598214116192,1,28.616658063607737,1.6314936158736382,0.1882210250999246,0.2365162712893856,0.0806401602464727,0.198462092551099,High_Risk
D:\Download1\Multi_Crop_Leaves_Disease\Multi_Crop_Leaves_Disease\Castor\Unhealthy_castor\Wilt\wilt8.jpg,Wilt,9,122,201,29.58748357,80.91934392,5.570290539,68.06417307,15.125943929784174,2,11.68043481447691,10.401621923211646,351.8697653908431,3.2481087816261347,1,19.521609034369742,30.790299768514405,53.28686107745293,3,28.286154706873194,3,91.29478551750368,4.524707521019794,0.0884077040464537,0.1835930236859138,0.0402936814558673,0.1639772128986324,High_Risk
D:\Download1\Multi_Crop_Leaves_Disease\Multi_Crop_Leaves_Disease\Guava\Unhealthy_Guava\anthrecnose\hand held leaf6.jpg,Anthracnose,12,29,40,19.68291173,89.75272999,6.594037135,111.2818551,12.737816445976945,1,8.4689973210167,13.924068805665616,384.9787071312857,2.024791790358736,3,16.481452964060203,6.453921700720411,113.05110286089462,2,17.604713622365814,1,9.965941695605618,1.736492664774103,0.2633293767453621,0.1506667560915206,0.1698849363328183,0.1366967575116895,High_Risk
D:\Download1\Multi_Crop_Leaves_Disease\Multi_Crop_Leaves_Disease\Castor\Unhealthy_castor\Cercospera Leaf Spot\Cercospora Phytophthora_(1).jpg,Cercospera Leaf Spot,88,35,40,23.57943626,83.58760316,5.85393208,291.2986618,25.75100657263861,1,5.156131899329995,11.966922691518535,387.84517226922674,8.826688210121965,6,13.41922724517027,21.42755696379507,87.37678676139276,2,24.83894964192667,2,49.834587199231606,1.3075942280167938,0.2809395945641511,0.2458529506312597,0.1472844339094041,0.2328123237301221,High_Risk
D:\Download1\Multi_Crop_Leaves_Disease\Multi_Crop_Leaves_Disease\Papaya\Unhealthy_papaya\blackspot\blackspot16.jpg,blackspot,22,138,195,27.83487131,83.51444973,6.208196881,73.02882766,14.947970460124813,3,11.274838151798434,11.861619528005267,366.9060355774936,7.382527541925609,5,13.411083618687115,33.31182540659876,119.91495334365248,2,46.64284780125082,2,96.1727687900866,4.591922307636116,0.3319789693354326,0.2336752225745427,0.1713991903615851,0.2227833380445688,High_Risk
D:\Download1\Multi_Crop_Leaves_Disease\Multi_Crop_Leaves_Disease\Cumin\Unhealthy_Cumin\Wilt\cumin_wilt.png,Wilt,89,60,17,25.37548751,57.21025565,5.983952675,101.7004306,24.3952801312897,1,5.585151224634395,12.193613817481111,397.44774475788194,1.1333539918115116,3,7.48417760834058,20.801617420111285,132.88521727386944,1,38.34958003502755,2,39.830284969298,4.356934287952017,0.2893795479460609,0.1906915147484287,0.1288556813902201,0.1684951579369566,High_Risk
D:\Download1\Multi_Crop_Leaves_Disease\Multi_Crop_Leaves_Disease\Guava\Unhealthy_Guava\algal_leaf_spot\algal_spot7.jpg,algal_leaf_spot,11,61,21,18.62328774,23.02410338,5.532100554,135.3378033,16.61647633429648,2,8.375584900252374,9.636081326372109,403.95165539027016,3.983515965106816,2,14.620061090521167,76.47276369138355,172.03400089093364,1,1.7143222452754014,1,86.75590314217587,4.749139633370902,0.3294352234607689,0.2400163840159289,0.180367134677727,0.2079749048874892,High_Risk
D:\Download1\Multi_Crop_Leaves_Disease\Multi_Crop_Leaves_Disease\Cumin\Unhealthy_Cumin\Wilt\IMG_8822.jpg,Wilt,104,80,54,27.09062164,81.33506906,5.879119455,110.1331182,23.64088673750455,3,5.213924341872948,12.548312640716432,435.8617180158439,9.345113453773006,2,9.235689660273527,48.053784295785285,118.1578343495433,2,31.799609604221207,3,36.18810187710872,3.8255524381274726,0.2269619255507169,0.2518344658525333,0.0903663977465767,0.233559006547645,High_Risk
D:\Download1\Multi_Crop_Leaves_Disease\Multi_Crop_Leaves_Disease\Papaya\Unhealthy_papaya\Leaf_curl_viral_diseases\leafcurl1.jpg,Leaf_Curl,7,16,9,18.87957654,92.04304496,7.813916603,114.6659511,13.866481527972097,2,10.802391219180112,14.028277080832376,372.56224301660006,7.684275746046994,5,10.525476626469793,38.99639196828688,170.58868315984253,2,24.20564883987074,3,58.09406660342895,2.584127200433268,0.2335999928496786,0.2545037641668573,0.1048587621248318,0.2324677992866287,High_Risk
D:\Download1\Multi_Crop_Leaves_Disease\Multi_Crop_Leaves_Disease\Papaya\Unhealthy_papaya\blackspot\Black spot of papaya leaf_11091985443_o.jpg,blackspot,108,22,46,26.17668721,86.7295205,6.121168559,53.33484977,27.553654543993705,1,5.430485821136482,18.4304325157788,378.38024489632215,4.470175467745232,3,5.80415584514136,50.95465505065568,70.4126351253287,2,4.438089265648642,3,39.05490499986185,2.391548847251677,0.2472965767280733,0.2219410876093169,0.1523451725954112,0.1854102966039161,High_Risk
D:\Download1\Multi_Crop_Leaves_Disease\Multi_Crop_Leaves_Disease\Castor\Unhealthy_castor\Cercospera Leaf Spot\cercospera Leaf spot4.jpg,Cercospera Leaf Spot,40,5,29,28.48444906,97.76865458,5.820978791,160.389421,25.65831556186053,2,9.340298445388672,5.352605401219861,350.0019704275458,2.697532528386203,4,11.736979605440796,16.588145587948343,174.81614704427233,3,13.275442141524325,1,26.14688170791749,2.342886968272908,0.1881799811803496,0.2177736994238945,0.1020953444519946,0.1784505531640862,High_Risk
D:\Download1\Multi_Crop_Leaves_Disease\Multi_Crop_Leaves_Disease\Guava\Unhealthy_Guava\anthrecnose\hand held leaf1.jpg,Anthracnose,49,72,15,31.55846339,67.83563765,7.137004749,74.86960831,10.992659009788897,1,11.5249214718563,3.0194590402103083,439.2044213693608,3.0701632443847835,3,16.098441137695083,34.54561499679749,72.6382077363155,3,10.40247184547572,3,63.5229989096202,1.1827672489687373,0.2632493108659636,0.2503273858021869,0.1329929707790764,0.2258298883404852,High_Risk
D:\Download1\Multi_Crop_Leaves_Disease\Multi_Crop_Leaves_Disease\Papaya\Unhealthy_papaya\Mosaic\mosaic5.png,Mosaic,68,52,49,24.42561272,92.27749066,6.577192175,63.35298768,18.330854935563828,3,8.677039258369108,2.441921071159605,431.75835903619753,5.218635730026867,4,16.340099262584914,74.9703357884373,68.94242075091458,2,22.194022039680625,2,97.6919553392209,3.3318685494246507,0.0262155449077294,0.1919721506224202,-0.018864395536896,0.1568379110146954,High_Risk
D:\Download1\Multi_Crop_Leaves_Disease\Multi_Crop_Leaves_Disease\Cumin\Unhealthy_Cumin\Wilt\wilt cumin.jpg,Wilt,22,18,33,30.41235793,52.48100602,6.621623545,93.92375879,29.738825614820385,2,10.760095519982189,1.0866939828767963,419.1485888159944,7.373538347854294,3,15.899700996915952,15.315046707125257,156.25669793594778,3,35.30472775278633,3,77.8334354761513,2.9281337181842244,0.2706677808193118,0.2431986158843512,0.1185061790352746,0.2315650932846777,High_Risk
D:\Download1\Multi_Crop_Leaves_Disease\Multi_Crop_Leaves_Disease\Cumin\Unhealthy_Cumin\Alternatia Blight\Alteria Blight and Thrips insect damage of cumin.JPG,Alternaria_Blight,43,61,20,26.87187036,61.61367264,6.804253866,63.51822045,16.694120968506276,2,5.832731402971343,10.774680800355716,442.4324842912114,3.1009939844083334,5,12.251138053974117,88.59112310691435,67.9321834390274,1,17.21659492700586,2,93.49342720795008,3.996515781327503,0.1543886316108725,0.1691032886225796,0.0882189739370302,0.1494257136908455,High_Risk
D:\Download1\Multi_Crop_Leaves_Disease\Multi_Crop_Leaves_Disease\Castor\Unhealthy_castor\Wilt\wilt10.jpg,Wilt,37,36,26,32.89300162,52.61323969,4.650536197,94.49161372,13.856105173905371,3,9.00089293536961,7.164931954363516,391.5108101186137,5.017660610549315,4,9.046370893924117,51.84114767210608,175.51582967415646,1,48.35737911211418,1,56.69439997342949,4.739084650469469,0.1647878396996178,0.2470896998851705,0.0559796976397417,0.2064885365761578,High_Risk
D:\Download1\Multi_Crop_Leaves_Disease\Multi_Crop_Leaves_Disease\Brinjal\Unhealthy_brinjal\Leaf_curl\leaf curl14.png,Leaf_Curl,36,58,25,28.66024187,59.3189118,8.399135958,36.92629678,17.12723207972995,2,9.417667784971666,10.874538512061804,390.1517519482007,2.802286344947758,2,11.969687372725884,25.72878538527653,113.9790573587542,1,40.09185576982474,3,49.66884655041955,1.7731919365727995,0.2894168993435805,0.2322952849386064,0.1629572359269513,0.2130998517782692,High_Risk
D:\Download1\Multi_Crop_Leaves_Disease\Multi_Crop_Leaves_Disease\Brinjal\Unhealthy_brinjal\Cercospora\cercospora20.png,Cercospora,76,47,42,20.08369642,83.29114712,5.739175027,263.6372176,12.798551225078883,1,8.493220515439155,14.79314574382678,361.02091567323566,1.985335032598622,4,7.303002128148399,13.445380845596954,134.0076579778979,2,42.93040374466491,3,66.24336098308976,3.454027593159484,0.2417466386153199,0.2499797695316607,0.0907289917289768,0.2320499714768009,High_Risk
D:\Download1\Multi_Crop_Leaves_Disease\Multi_Crop_Leaves_Disease\Cumin\Unhealthy_Cumin\Wilt\wilt resistancy of GC 4.jpg,Wilt,14,19,14,17.68408797,94.35815354,6.699164936,108.0638166,21.559579416776657,3,6.009661553881768,12.727896256492508,354.6239250964563,8.997240622298271,1,9.71295181256832,43.934765931993525,58.9990592594726,2,42.223744860809326,3,17.90409370930902,3.423605517085828,0.1748292157307427,0.2180924153472521,0.0621720804300831,0.1939771046683829,High_Risk
D:\Download1\Multi_Crop_Leaves_Disease\Multi_Crop_Leaves_Disease\Guava\Unhealthy_Guava\anthrecnose\IMG_8768.jpg,Anthracnose,40,144,196,22.71750705,92.25479855,5.987262638,107.0289866,24.430866480639864,1,10.734956288926846,1.4010561159543111,420.0482596515518,1.391766014391875,5,8.129636744396034,61.96483422312682,97.5131478051324,1,46.905515616894114,3,31.361396841471688,3.605665284977037,0.2971892578054474,0.24863258095887,0.1866152340696324,0.2243119947317406,High_Risk
D:\Download1\Multi_Crop_Leaves_Disease\Multi_Crop_Leaves_Disease\Cumin\Unhealthy_Cumin\Wilt\IMG_8871.jpg,Wilt,21,135,198,23.86087054,94.92048112,5.765015126,105.0241329,14.47862064779948,2,11.298922587832092,7.969388208844901,426.4196448669358,7.440189127622578,4,7.15719933485485,90.44414379990286,193.83550134129888,1,27.680805205374785,3,27.11437320619981,3.066444166533497,0.3159543342442221,0.2448971475198212,0.21842126100375,0.2269726565970364,High_Risk
D:\Download1\Multi_Crop_Leaves_Disease\Multi_Crop_Leaves_Disease\Papaya\Unhealthy_papaya\Leaf_curl_viral_diseases\leaf curl(1).jpg,Leaf_Curl,106,21,35,25.627355,57.04151119,7.428523634,188.5506536,28.477930555278643,1,5.424222642810601,0.6607793529765438,407.41728729455775,4.563434130489964,2,17.445867297359342,41.2482653682816,82.204708513072,1,34.92379920967915,3,75.56941295940646,4.56478144525538,0.2872131329132908,0.2407305538522148,0.1313549851263061,0.2367476368193507,High_Risk
D:\Download1\Multi_Crop_Leaves_Disease\Multi_Crop_Leaves_Disease\Papaya\Unhealthy_papaya\Anthracnose _ Cercospora\antherconose1.jpg,Anthracnose,74,39,38,23.24113501,84.59201843,7.782051313,233.0453455,20.81748305905524,3,11.91334985819856,11.206828237810033,392.47297638412806,2.514791433556788,6,18.05209272255442,12.797245190699236,57.79366971753189,2,8.956987271527167,3,3.006486696932764,2.389991554637027,0.264145394927437,0.2438675656749681,0.1046819245543362,0.2328539300626018,High_Risk
D:\Download1\Multi_Crop_Leaves_Disease\Multi_Crop_Leaves_Disease\Papaya\Unhealthy_papaya\Anthracnose _ Cercospora\cercospora1.jpg,Anthracnose,25,129,195,17.98667801,81.17712085,5.777271492,72.37127689,13.372461857545964,3,7.228892156071948,9.79788707305094,409.2209212871498,4.151222912077351,1,12.622412381288225,7.036277248575329,78.76704627423113,2,33.12339265627998,1,57.764446852955565,4.230184152402504,0.2538976069865777,0.2610781432101438,0.1023112658464505,0.2372740849510228,High_Risk
D:\Download1\Multi_Crop_Leaves_Disease\Multi_Crop_Leaves_Disease\Guava\Unhealthy_Guava\anthrecnose\hand held leaf4.jpg,Anthracnose,8,23,44,18.47412402,89.68919664,7.130837931,108.4758509,28.37652553525773,2,10.60103736978654,10.38742760956574,389.4663649409971,7.861572589606427,3,13.978932879893112,2.89755257524178,118.97258350847514,1,38.42402743665473,3,32.233184252300454,2.2966041233209102,0.3084980971943827,0.2604660044915257,0.1780076627381013,0.2296548869587603,High_Risk
D:\Download1\Multi_Crop_Leaves_Disease\Multi_Crop_Leaves_Disease\Brinjal\Unhealthy_brinjal\Leaf_curl\leaf curl13.png,Leaf_Curl,111,87,48,26.3985515,81.36028902,5.571401169,98.16752001,13.1171819705369,2,11.66973852884568,9.358851369750337,359.7621466453938,4.073651432951074,1,14.675004970702997,33.32442009921718,58.29583581205883,1,26.377474033021205,1,64.45809371881758,2.276637738972317,0.2739914727553982,0.2281002962763569,0.1579339609079376,0.2037544412801399,High_Risk
D:\Download1\Multi_Crop_Leaves_Disease\Multi_Crop_Leaves_Disease\Papaya\Unhealthy_papaya\Anthracnose _ Cercospora\cercospora2.jpg,Anthracnose,56,58,49,37.13165026,94.60761797,6.69215564,172.4788062,21.47270928827209,3,5.2166001960276125,14.25633099653329,439.94582557217785,9.936981461252437,1,8.781959167896172,85.18943562238923,120.40306872208537,3,5.459624815826652,1,17.40881027102068,2.805362862489642,0.3256139668364906,0.2474031538868804,0.1784332869419825,0.2279058932561591,High_Risk
D:\Download1\Multi_Crop_Leaves_Disease\Multi_Crop_Leaves_Disease\Brinjal\Unhealthy_brinjal\Early_Leaf_spot\no(10).jpg,Early_Leaf_spot,26,67,24,36.97794384,37.73992903,5.642813116,161.4812963,19.804437899305963,2,7.156592165400795,16.710165326170618,370.3365544913563,7.485819466577953,2,6.174961410389539,19.956112935827807,175.59666308434575,3,49.91377799311904,1,35.91753981796405,2.6608782397173907,0.160852732014372,0.2111317286405189,0.0662280043266891,0.1744212931386752,High_Risk
D:\Download1\Multi_Crop_Leaves_Disease\Multi_Crop_Leaves_Disease\Guava\Unhealthy_Guava\algal_leaf_spot\algal17.png,algal_leaf_spot,19,122,202,23.34467359,90.37981478,5.811975094,112.8954016,24.96711936033529,2,9.69490834725315,6.276119813895946,351.97277376136776,3.274927669898056,6,7.83897988552844,1.0834987569113277,117.46636790658356,3,34.85002152659934,3,52.00607622697277,2.8667695914995064,0.3024424763089131,0.2542221320643074,0.1657846658710879,0.2344292926091582,High_Risk
D:\Download1\Multi_Crop_Leaves_Disease\Multi_Crop_Leaves_Disease\Cumin\Unhealthy_Cumin\Powdery_Mildew\powdety_mildew14.png,Powdery_Mildew,97,36,45,22.2286982,81.85872947,6.939083505,278.0791793,21.74293462232248,2,8.555142534523862,12.921630582099963,387.7311859883452,3.054852950064713,2,15.385554829755966,22.17683939975881,110.18419685355283,1,27.3841084861136,3,3.7155727391854687,4.975013598385738,0.2282754767845496,0.2385723510742532,0.0994754127110431,0.2182391190234186,High_Risk
D:\Download1\Multi_Crop_Leaves_Disease\Multi_Crop_Leaves_Disease\Cumin\Unhealthy_Cumin\Wilt\wilt1.png,Wilt,29,34,26,33.88004781,54.39416048,6.273953676,89.29147581,13.912195781612864,1,11.645756294396625,4.297113802966452,425.223361667504,8.772105460548104,4,16.38686156151737,28.65755244537877,113.78180183756136,3,17.76189656722772,2,6.940524022604977,2.6724517434338284,0.277307261343369,0.144664194428088,0.1717730013633613,0.1289819655214998,High_Risk
D:\Download1\Multi_Crop_Leaves_Disease\Multi_Crop_Leaves_Disease\Castor\Unhealthy_castor\Bacterial Leaf Blight\bcatrial leaf blight133.png,Bacterial_Disease,34,45,21,28.18837136,82.60629652,6.287380117,37.01110438,10.77252582021304,3,11.56761169012288,8.152309371772192,372.0802844708968,7.696929150821766,2,14.345131576386107,35.37943431984395,54.50653012316506,2,22.910995786199408,1,58.735612789192736,3.3673702638166607,0.2973245641592897,0.1379085582488776,0.209730293735097,0.1219559162239451,High_Risk
D:\Download1\Multi_Crop_Leaves_Disease\Multi_Crop_Leaves_Disease\Brinjal\Unhealthy_brinjal\Mosaic\mosaic.jpg,Mosaic,4,59,25,27.68515114,81.94268594,6.227134139,54.62243308,23.293865898642444,2,7.987059038012418,8.505165616009776,414.7284233440208,7.926112389978731,5,19.06789013453228,71.12434142606327,78.241680550386,3,19.06835774200267,1,83.06274285044593,3.662312902587261,0.2790406971763748,0.2540273270785183,0.1793634519074465,0.2272297890977019,High_Risk
D:\Download1\Multi_Crop_Leaves_Disease\Multi_Crop_Leaves_Disease\Castor\Unhealthy_castor\Alternia Leaf Blight\alternaria leaf (2).jpg,Alternaria_Blight,25,64,20,33.15122581,32.45974539,4.807776749,105.0380275,11.14442455105382,2,7.732339428681231,12.418490607253943,371.64069736070303,8.471443713043529,4,7.370538842074502,96.82422518944526,177.58432507769277,2,30.505387034970067,2,80.38203716999492,1.5086974737716083,0.3159543342442221,0.2448971475198212,0.21842126100375,0.2269726565970364,High_Risk
D:\Download1\Multi_Crop_Leaves_Disease\Multi_Crop_Leaves_Disease\Brinjal\Unhealthy_brinjal\Cercospora\cercospora15.png,Cercospora,35,64,15,28.47442276,63.53604453,6.500144962,69.5274407,20.113293079539623,1,5.063887239785832,3.878962623720412,371.2992317284297,7.598530598745731,6,12.64317568134402,24.72035450108878,135.49984369999714,3,46.23666004424658,2,57.24122257162016,2.7098829578931527,0.2783905430999636,0.2529842305066487,0.1147753508485719,0.2331810038788872,High_Risk
D:\Download1\Multi_Crop_Leaves_Disease\Multi_Crop_Leaves_Disease\Castor\Unhealthy_castor\Bacterial Leaf Blight\IMG_4967.jpg,Bacterial_Disease,108,26,52,28.82629037,94.26765349,6.201797639,26.23838511,17.188346404755414,3,6.341198491117228,0.5159105806061071,378.0450413782895,1.683145618841167,2,8.311690455784124,62.06594461901515,149.5442802314285,3,4.004620039881656,2,53.904543538709504,4.742539627299169,0.2702202145769914,0.1493343137040025,0.1748427968565398,0.1442294902038189,High_Risk
D:\Download1\Multi_Crop_Leaves_Disease\Multi_Crop_Leaves_Disease\Guava\Unhealthy_Guava\Rust_fungal\rust18.png,Rust_fungal,55,77,22,31.4345059,62.99303471,7.76061831,64.77651469,21.925867768493475,3,8.591762668504018,0.5018563557163569,404.6724396796241,7.114980253269617,2,9.559749753370513,61.07592178820267,152.8117827755376,3,29.4882690666738,3,13.225173500543496,3.0299246218877687,0.1748292157307427,0.2180924153472521,0.0621720804300831,0.1939771046683829,High_Risk
D:\Download1\Multi_Crop_Leaves_Disease\Multi_Crop_Leaves_Disease\Castor\Unhealthy_castor\Cercospera Leaf Spot\Cercospora_(1).jpg,Cercospera Leaf Spot,113,41,20,25.0017188,80.53965818,7.256877571,96.32600992,16.55843681624998,2,8.579862214019014,16.405636456180986,395.5142655898112,7.794219005255698,5,5.819710634487638,31.63598794615073,178.67179927151457,1,10.835636642198264,3,36.0268631433922,4.556578168541916,0.1647878396996178,0.2470896998851705,0.0559796976397417,0.2064885365761578,High_Risk
D:\Download1\Multi_Crop_Leaves_Disease\Multi_Crop_Leaves_Disease\Papaya\Unhealthy_papaya\Leaf_curl_viral_diseases\leafcurl2.jpg,Leaf_Curl,99,54,37,21.14347496,80.33502926,5.594819626,198.6730942,15.393957784044227,3,9.361882068000092,2.648310641948524,353.1164708535708,9.107231414495246,6,17.87947383561629,66.87910668138838,60.55799294468706,1,29.336491212143034,2,23.257368366471454,1.4600224768097785,0.1896986295113412,0.2627679911307793,0.0912000755218301,0.2169741923817529,High_Risk
D:\Download1\Multi_Crop_Leaves_Disease\Multi_Crop_Leaves_Disease\Guava\Unhealthy_Guava\Fungal infection\no(4)1.jpg,Fungal infection,10,75,17,18.43966037,68.05394959,7.732194788,39.00992137,10.27365136861986,2,8.474102929447048,2.715976683101875,372.4430642398528,6.013797166523013,2,15.723457893185447,82.07842976595529,117.79350826302276,1,36.501071460514304,1,73.93491461744216,3.270412719818772,0.3089701373329916,0.2449624670841136,0.1812037378173581,0.2234614513867075,High_Risk
D:\Download1\Multi_Crop_Leaves_Disease\Multi_Crop_Leaves_Disease\Guava\Unhealthy_Guava\anthrecnose\hand held leaf2.jpg,Anthracnose,131,38,19,23.86814008,75.68339729,6.814341946,90.4547185,14.077493384495256,1,11.752059124277896,19.21532640279905,438.602221577484,9.968953928627243,6,8.62626571728173,12.653194512390066,190.94487581847693,2,17.712528214043527,2,58.67322566300185,1.4733820949536771,0.2542221785336879,0.2612676417100988,0.1044442691694678,0.2385753112491586,High_Risk
D:\Download1\Multi_Crop_Leaves_Disease\Multi_Crop_Leaves_Disease\Castor\Unhealthy_castor\Alternia Leaf Blight\Alternaria.jpg,Alternaria_Blight,22,138,195,27.83487131,83.51444973,6.208196881,73.02882766,14.947970460124813,3,11.274838151798434,11.861619528005267,366.9060355774936,7.382527541925609,5,13.411083618687115,33.31182540659876,119.91495334365248,2,46.64284780125082,2,96.1727687900866,4.591922307636116,0.1740446321096135,0.2654496340665807,0.068135077164609,0.2222339198088719,High_Risk
D:\Download1\Multi_Crop_Leaves_Disease\Multi_Crop_Leaves_Disease\Castor\Unhealthy_castor\Alternia Leaf Blight\alternaria leaf (8).jpg,Alternaria_Blight,17,56,17,27.94293692,45.41393636,5.9565851,69.66289997,13.351745529739055,1,7.160445134450459,19.010130309102703,424.595452083842,7.951117757939804,2,16.721682918005015,46.59621541754919,197.86721849164235,1,20.44994482077998,2,31.727080435722183,3.207565569137837,0.0716836083397783,0.194227348162265,0.0047602307989865,0.1524215589081096,High_Risk
D:\Download1\Multi_Crop_Leaves_Disease\Multi_Crop_Leaves_Disease\Papaya\Unhealthy_papaya\blackspot\brown_spot.jpg,blackspot,67,46,44,26.82489244,78.20392774,7.093328631,153.9199807,23.950618925887262,1,10.803973301795464,4.840692202455726,357.14696548221514,3.304826875573523,3,6.300291902802643,75.23881751194001,109.79351370442777,1,35.10126378302781,2,75.56065016887388,4.9740810527644586,0.2783548785805821,0.2336903425027017,0.1582969971528675,0.2241844096923986,High_Risk
D:\Download1\Multi_Crop_Leaves_Disease\Multi_Crop_Leaves_Disease\Guava\Unhealthy_Guava\algal_leaf_spot\algal_spot4.jpg,algal_leaf_spot,40,29,42,24.63228709,89.01574455,7.104094929,110.6956184,29.04661627663448,3,6.579925721150853,18.26045105504041,391.403595024204,2.537508284503658,5,5.273845335687605,8.604832777843407,62.00159685734603,1,10.010534401084842,1,53.09516717409305,1.106465328121585,0.2821980866268685,0.2617641536726705,0.1529881293695949,0.2360331456603751,High_Risk
D:\Download1\Multi_Crop_Leaves_Disease\Multi_Crop_Leaves_Disease\Cumin\Unhealthy_Cumin\Powdery_Mildew\powdety_mildew12.png,Powdery_Mildew,0,12,7,20.18432263,90.65458473,6.969249676,116.8130969,26.909881697175123,3,10.559544927778472,14.572726228000326,398.78482592988223,4.4651282492677975,5,16.02713438900652,22.68732429880928,96.9527603057806,1,23.46979064359252,2,74.24751874738308,2.033096744375815,0.2103459744948902,0.267329311983839,0.0843173004133914,0.2387369569169353,High_Risk
D:\Download1\Multi_Crop_Leaves_Disease\Multi_Crop_Leaves_Disease\Guava\Unhealthy_Guava\Rust_fungal\rust20.png,Rust_fungal,86,55,21,21.54156232,59.64024162,6.803931519,109.7515385,25.40648231124742,2,5.421761267587175,13.953796326708794,422.9332074015874,7.539780823844976,1,14.528664099794987,33.132219921217384,177.3899730581817,3,40.20983673008141,3,48.45018632155897,2.5564549267760683,0.2973245641592897,0.1379085582488776,0.209730293735097,0.1219559162239451,High_Risk
D:\Download1\Multi_Crop_Leaves_Disease\Multi_Crop_Leaves_Disease\Brinjal\Unhealthy_brinjal\Little_leaf\PHYP62_8912.jpg,Little_leaf,107,10,49,25.83202912,89.00481725,6.755192025,45.24690619,23.978503476769937,2,8.744513600914036,14.169677783622785,445.0462371426793,1.4063224928628262,3,15.801012853654711,92.25161079977724,168.959420004097,1,32.2988607252579,3,91.40107787698408,4.3797881987250165,0.0019490522359646,0.1897723449101753,-0.065063426712582,0.1509606675054114,High_Risk
D:\Download1\Multi_Crop_Leaves_Disease\Multi_Crop_Leaves_Disease\Cumin\Unhealthy_Cumin\Wilt\IMG_8869.jpg,Wilt,26,67,16,29.10713092,67.90577375,7.17620823,67.83345933,18.16695378725479,3,6.511672498757356,14.016686824307753,427.5098872002775,9.783091025739251,6,8.136597354541186,37.22295437522365,117.74159336186368,1,39.99959289902095,2,30.389216009717323,4.556876122173283,0.239460481227054,0.2246682792796889,0.1001259205690407,0.1885507986366688,High_Risk
D:\Download1\Multi_Crop_Leaves_Disease\Multi_Crop_Leaves_Disease\Castor\Unhealthy_castor\Alternia Leaf Blight\alternaria leaf (1).jpg,Alternaria_Blight,14,57,15,29.8757015,83.14796296,6.623438282,40.12044158,22.5801603262697,2,5.025547869988459,8.100873807047721,416.7675209413258,5.522106363309658,2,15.987857721154445,59.03383567581408,157.988831977907,2,26.67278554558684,1,76.25061192971717,4.673019202613975,0.1258312962693759,0.204009051408237,-0.0005041590191805,0.1720191944070367,High_Risk
D:\Download1\Multi_Crop_Leaves_Disease\Multi_Crop_Leaves_Disease\Brinjal\Unhealthy_brinjal\Early_Leaf_spot\no(16).jpg,Early_Leaf_spot,43,64,47,38.58954491,91.58076549,6.825664782,102.2708231,27.92906065152072,2,10.729712021368185,4.043928290608672,428.95427221803067,9.713981867311643,6,7.711800955757495,78.24936784611874,127.77157188414058,2,22.688049789306387,3,43.83212859302196,3.159455868493706,0.2730136608807161,0.1637667555702561,0.1342792353045481,0.1509888344817751,High_Risk
D:\Download1\Multi_Crop_Leaves_Disease\Multi_Crop_Leaves_Disease\Guava\Unhealthy_Guava\anthrecnose\no(16).jpg,Anthracnose,22,17,5,24.12188673,90.72351622,6.945562889,102.835632,11.32035076596589,1,8.972845595590751,4.521170124207668,382.7640028696985,1.0860582463271964,1,18.593496363179952,90.83390475114248,57.47004577105094,3,24.540838679451447,1,7.504140711886286,1.5723283095617826,0.1913865343947062,0.1507339961826773,0.0860364541871526,0.1390868736260499,High_Risk
D:\Download1\Multi_Crop_Leaves_Disease\Multi_Crop_Leaves_Disease\Castor\Unhealthy_castor\Alternia Leaf Blight\alternaria leaf spot2.jpg,Alternaria_Blight,73,43,42,26.58361011,78.00774772,6.310699968,154.8238864,15.963386244910325,3,6.860736818152619,19.734880531005665,381.4761389743183,2.953499534536744,1,5.053442809642982,55.06142002484171,126.8376477754022,3,16.562645375218505,2,82.15709750124108,4.645126134000405,0.2117347907194374,0.161021680290316,0.1180226604043384,0.1414566435911778,High_Risk
D:\Download1\Multi_Crop_Leaves_Disease\Multi_Crop_Leaves_Disease\Guava\Unhealthy_Guava\algal_leaf_spot\algal13.png,algal_leaf_spot,28,7,9,34.5917846,92.13229786,6.730757538,115.5650287,24.740204926385942,2,10.047253504017728,17.88530992724566,376.5914856638108,6.5549251413833804,4,16.802034184765375,30.887002304879484,101.21400155139924,2,19.07171393255254,2,14.492699234510342,2.0984153728082933,0.0465480147004527,0.1732751593447344,0.0313649930069231,0.1478412106168322,High_Risk
D:\Download1\Multi_Crop_Leaves_Disease\Multi_Crop_Leaves_Disease\Guava\Unhealthy_Guava\Rust_fungal\rust13.png,Rust_fungal,117,86,48,28.6956201,82.54195839,6.225225239,116.1616839,15.90121818968138,3,8.10181375136421,18.493177746157844,382.4990238811133,9.418732172400192,2,17.009024862016155,16.464097955123457,142.8194488043616,3,32.97119291197221,3,20.17154561766328,3.887821955847501,0.2417466386153199,0.2499797695316607,0.0907289917289768,0.2320499714768009,High_Risk
D:\Download1\Multi_Crop_Leaves_Disease\Multi_Crop_Leaves_Disease\Brinjal\Unhealthy_brinjal\Little_leaf\little leaf1.jpg,Little_leaf,65,63,50,31.88342554,91.3256535,6.524459342,79.27201575,21.22727358628693,1,10.850690165679472,9.535915588450738,383.7154492040982,7.417555386326712,4,16.06754447979937,42.766874691805015,94.1873355775962,2,19.516590325948258,2,65.79516897785618,1.1782839230453748,0.2836385915322745,0.2342608634816543,0.1265983849350097,0.2228744401321093,High_Risk
D:\Download1\Multi_Crop_Leaves_Disease\Multi_Crop_Leaves_Disease\Papaya\Unhealthy_papaya\Mosaic\spider_mite2.jpg,Mosaic,2,39,15,28.07219563,82.9116472,6.478557136,49.61865305,23.263032045833988,2,10.114437607355836,6.121300792565807,394.58503889237136,9.917378998527436,1,17.668136974908577,58.61933544616019,84.44065673348354,2,27.24345393259208,3,12.359811077369809,2.4810491707349294,0.2317627912262587,0.2455029980428434,0.0894286574842015,0.231116456215453,High_Risk
D:\Download1\Multi_Crop_Leaves_Disease\Multi_Crop_Leaves_Disease\Guava\Unhealthy_Guava\anthrecnose\hand held leaf.jpg,Anthracnose,62,42,36,22.78133816,82.06719137,6.430010215,248.7183228,19.71000774484648,1,10.665139917708814,16.508163220734254,415.2461742627597,8.748923931901139,2,17.747714548222874,79.52545134432043,65.14449898572833,3,44.58429975024805,3,6.113864053934615,3.606250188625616,0.2981932297169608,0.2362680659813726,0.1607028671438028,0.2208686406514513,High_Risk
D:\Download1\Multi_Crop_Leaves_Disease\Multi_Crop_Leaves_Disease\Brinjal\Unhealthy_brinjal\Little_leaf\PHYP62_15932.jpg,Little_leaf,116,81,55,26.42313317,83.6995044,5.915546415,95.12322062,11.295995627972912,1,7.012549120672988,15.689063888491654,354.81605892779373,7.999526207771023,4,6.012772304163915,92.99352217404262,180.7084269915824,3,48.19911711989498,3,52.85291915538481,3.939324660449184,0.2755969741872947,0.2399890389012656,0.1469595464474191,0.2262117701791685,High_Risk
D:\Download1\Multi_Crop_Leaves_Disease\Multi_Crop_Leaves_Disease\Guava\Unhealthy_Guava\algal_leaf_spot\algal18.png,algal_leaf_spot,3,18,31,31.65333432,48.20662669,6.392313973,91.09745581,12.045818537223123,2,11.17854575729728,14.462440173864788,382.93352075275385,7.031637447651523,2,8.012454116402086,41.62839697955012,130.46750481159933,3,4.009759647512462,1,64.45514156303686,1.8340978457647608,0.2430625370639732,0.2545635177212461,0.1246337347128341,0.231146488739679,High_Risk
D:\Download1\Multi_Crop_Leaves_Disease\Multi_Crop_Leaves_Disease\Castor\Unhealthy_castor\Alternia Leaf Blight\alternaria leaf (7).jpg,Alternaria_Blight,87,48,38,23.81579631,80.94023552,7.161865733,190.312216,18.557868625019392,3,11.65546072136413,13.538593785585496,422.0592725568684,3.9405173164145446,5,12.579110202036654,95.46660912035786,138.0230653907572,3,31.897183482156056,2,46.074354531794334,4.704657227625956,0.1676629069574048,0.2131145573261431,0.0566184255085184,0.173740981263448,High_Risk
D:\Download1\Multi_Crop_Leaves_Disease\Multi_Crop_Leaves_Disease\Guava\Unhealthy_Guava\Rust_fungal\rust16.png,Rust_fungal,111,27,31,23.59302313,55.27564977,6.043330951,191.3980675,27.91540377745381,1,11.579607701972815,10.88040158255234,394.31605037234056,5.00134330151204,6,8.35909361772702,12.22318417041006,158.2043406876614,3,3.446747772795178,2,28.642625753517382,2.3926696995845544,0.2088278431302827,0.2721049099514991,0.0903689676484796,0.229466606340237,High_Risk
D:\Download1\Multi_Crop_Leaves_Disease\Multi_Crop_Leaves_Disease\Papaya\Unhealthy_papaya\Mosaic\mosaic114.jpg,Mosaic,18,23,44,23.71028128,89.61794165,6.184400085,105.6499907,13.12547369390908,3,7.0116316854513805,14.512991656540423,411.49213648002575,6.0740190360412045,2,12.669168385554382,86.56522641623332,112.38070935767104,1,4.33634603185149,3,15.229306369325055,1.6476738826772217,0.147866223563233,0.2486246267224158,0.0365844387547848,0.2027069988796035,High_Risk
D:\Download1\Multi_Crop_Leaves_Disease\Multi_Crop_Leaves_Disease\Castor\Unhealthy_castor\Cercospera Leaf Spot\Cercospora_(2).jpg,Cercospera Leaf Spot,3,18,31,31.65333432,48.20662669,6.392313973,91.09745581,12.045818537223123,2,11.17854575729728,14.462440173864788,382.93352075275385,7.031637447651523,2,8.012454116402086,41.62839697955012,130.46750481159933,3,4.009759647512462,1,64.45514156303686,1.8340978457647608,0.224360041499199,0.2661713489458572,0.0952616811061475,0.2421252033465766,High_Risk
D:\Download1\Multi_Crop_Leaves_Disease\Multi_Crop_Leaves_Disease\Brinjal\Unhealthy_brinjal\Early_Leaf_spot\no(12).jpg,Early_Leaf_spot,36,68,20,17.06104474,23.77201471,5.86442953,81.83420522,17.906917426643606,2,5.329953219128357,5.658148571421286,418.1176724431083,6.638963800079786,2,5.450547799159866,18.582171647334565,101.15413851521564,1,26.42750297698336,1,55.06134486163885,1.5611786785707222,0.3538895799000042,0.2427065187446233,0.1498499206072622,0.2364734568357472,High_Risk
D:\Download1\Multi_Crop_Leaves_Disease\Multi_Crop_Leaves_Disease\Brinjal\Unhealthy_brinjal\Leaf_curl\leaf curl16.png,Leaf_Curl,26,66,22,18.06486101,65.1034354,6.300479414,51.54922825,16.70909070992215,2,6.329312056580471,13.77580785489586,409.9927393924568,1.4536083030102742,4,14.82536904733736,71.4881409713671,89.31210914127567,2,42.96153583612492,1,58.73846493687744,2.7015081822804365,0.1748292157307427,0.2180924153472521,0.0621720804300831,0.1939771046683829,High_Risk
D:\Download1\Multi_Crop_Leaves_Disease\Multi_Crop_Leaves_Disease\Cumin\Unhealthy_Cumin\Wilt\cumin_wilt1.png,Wilt,36,65,16,25.71269843,64.1123333,7.692013657,50.17067771,23.12713714191193,3,7.325446429469261,4.232665860292803,432.3041374084792,7.211427927417553,4,8.604609848622736,67.0785943863858,154.934642056815,3,25.365652625450824,2,4.663569390422406,2.529130508862883,0.2557328745175416,0.2640159299519048,0.1297730635455898,0.2362678608317673,High_Risk
D:\Download1\Multi_Crop_Leaves_Disease\Multi_Crop_Leaves_Disease\Castor\Unhealthy_castor\Bacterial Leaf Blight\Bacterial 111.jpg,Bacterial_Disease,79,59,17,20.37999665,63.73849998,6.644205485,108.5054416,22.52220633019757,2,9.02671098190191,11.163760408298602,377.1710347331981,6.831260208833757,2,15.069717386741758,76.4686880037692,79.49257075458524,3,24.74026417240806,2,44.73949871069311,3.245678594622081,0.3911039454712699,0.2187199361260266,0.1984446706395731,0.232121548545276,High_Risk
D:\Download1\Multi_Crop_Leaves_Disease\Multi_Crop_Leaves_Disease\Papaya\Unhealthy_papaya\Anthracnose _ Cercospora\athrecnose14.png,Anthracnose,67,41,40,25.848795,87.81661683,7.333143205,152.6194403,26.81682366852201,1,6.143599104231096,9.985184312548885,383.9369475736786,7.692059939499588,5,5.429196509169849,87.9271720959559,84.74815710430966,1,27.69912222752124,2,53.55230143307077,2.0629336913391367,0.2088278431302827,0.2721049099514991,0.0903689676484796,0.229466606340237,High_Risk
D:\Download1\Multi_Crop_Leaves_Disease\Multi_Crop_Leaves_Disease\Guava\Unhealthy_Guava\algal_leaf_spot\algal_spot5.jpg,algal_leaf_spot,34,59,18,23.38002569,21.98879437,5.744117663,87.66898664,26.566190855190783,3,5.033483697603383,10.918413419379975,383.9089634685421,2.6518020059753207,1,16.37905881130497,27.494888037222744,104.78459305413752,3,2.86735554521687,2,56.499965792646144,4.83469925557122,0.2696265869102576,0.2471832387901456,0.1529573854065015,0.2068291141128475,High_Risk
D:\Download1\Multi_Crop_Leaves_Disease\Multi_Crop_Leaves_Disease\Guava\Unhealthy_Guava\Rust_fungal\test1.jpg,Rust_fungal,38,6,25,25.54963273,96.92786777,6.156259104,191.2996157,21.81278116743666,1,7.431273146946202,14.411416824973784,440.0249011381589,8.703555589340887,1,18.16500726557228,10.201279321839763,198.7775467148289,1,26.306940796964263,2,52.04284193630134,4.943596368297641,0.2817669606647497,0.2435102097429992,0.1733668121978991,0.228551734536775,High_Risk
D:\Download1\Multi_Crop_Leaves_Disease\Multi_Crop_Leaves_Disease\Castor\Unhealthy_castor\Wilt\wilt4.jpg,Wilt,26,32,32,30.91471455,49.92963856,6.810186079,90.14047759,18.13417431721645,2,10.786094478493714,12.165794691961953,391.15060316805,1.7447592480205665,4,12.203680850445496,66.37333138441791,123.88094527863902,1,18.86352112637033,2,17.774300117131304,3.315351680940747,0.0689213517983947,0.2534853272940611,-0.0089910028801879,0.1763904234165237,High_Risk
D:\Download1\Multi_Crop_Leaves_Disease\Multi_Crop_Leaves_Disease\Brinjal\Unhealthy_brinjal\Cercospora\cercospora16.png,Cercospora,5,65,16,21.32776028,18.48522915,5.866744372,109.1013261,21.161898388489256,2,7.246797566094891,14.64186372444648,443.5440481589047,4.549911215008955,5,19.212214052172943,47.85163722224974,122.69279795628792,3,25.38821718785312,1,32.73359236832509,3.925440588826343,0.0716836083397783,0.194227348162265,0.0047602307989865,0.1524215589081096,High_Risk
D:\Download1\Multi_Crop_Leaves_Disease\Multi_Crop_Leaves_Disease\Papaya\Unhealthy_papaya\Anthracnose _ Cercospora\cercospora3.jpg,Anthracnose,31,55,22,22.91350245,21.33953114,5.873171894,109.225556,17.819731660719924,2,9.820474927772086,4.074698874551961,409.8125315782006,8.212299479078375,2,7.166826458341379,39.75861810136381,144.96347686198936,2,1.4951797795991206,2,76.76771874469912,2.501529534706752,0.2859045636145876,0.2411248677935974,0.1610134472505438,0.2133056951871573,High_Risk
D:\Download1\Multi_Crop_Leaves_Disease\Multi_Crop_Leaves_Disease\Cumin\Unhealthy_Cumin\Wilt\IMG_8867.jpg,Wilt,31,79,75,18.8202251,16.1074793,8.204862075,89.73119396,23.165716293534224,2,7.453287233131013,8.154860995882178,401.0335580904291,7.705392048729591,5,11.862147575474378,39.9701076187208,84.67342716065369,2,18.84922611334869,3,67.16875836034355,2.978148693555786,0.3319789693354326,0.2336752225745427,0.1713991903615851,0.2227833380445688,High_Risk
D:\Download1\Multi_Crop_Leaves_Disease\Multi_Crop_Leaves_Disease\Guava\Unhealthy_Guava\anthrecnose\hand held leaf3.jpg,Anthracnose,15,125,199,18.4269936,80.55625868,5.569230319,69.75734306,11.402795765612453,3,5.415000927988154,9.058340850052309,415.38574223372353,4.77077048165404,3,13.273344850108584,1.6838691453127108,189.5339907178241,1,27.297270639100272,2,55.12182974738206,2.7444985388383274,0.2894886701328429,0.2431291313916151,0.1463205738810066,0.2325224368601071,High_Risk
D:\Download1\Multi_Crop_Leaves_Disease\Multi_Crop_Leaves_Disease\Guava\Unhealthy_Guava\Fungal infection\no(15).jpg,Fungal infection,27,64,21,32.84213012,68.68401492,7.543804223,73.67166182,11.107117322247351,2,5.839071196449529,16.872362276403955,368.5777097526811,3.440820108626049,6,14.13166551941277,8.948641311090311,185.9673843488424,2,7.932424734322319,3,68.68180563429213,2.613095409144007,0.0609933615357023,0.2670108481498826,-0.031795968545849,0.1819224416740979,High_Risk
D:\Download1\Multi_Crop_Leaves_Disease\Multi_Crop_Leaves_Disease\Brinjal\Unhealthy_brinjal\Mosaic\test15.jpg,Mosaic,96,13,55,29.5275305,94.57459443,6.700337732,21.13545688,16.849234899690444,1,8.837008119081315,3.323558859844724,394.9634588682946,3.4318479194479736,4,15.281466133607982,32.91850237563174,185.7428817132948,2,29.53262229675718,3,2.648883649212097,4.944745176741174,0.0019490522359646,0.1897723449101753,-0.065063426712582,0.1509606675054114,High_Risk
D:\Download1\Multi_Crop_Leaves_Disease\Multi_Crop_Leaves_Disease\Castor\Unhealthy_castor\Cercospera Leaf Spot\Cercospora_(3).jpg,Cercospera Leaf Spot,3,28,33,30.33723921,48.88704844,5.755049971,94.42850522,10.56729998261652,1,9.880710218674665,13.569236952013902,427.7502731111899,2.2029134070542766,1,13.724713379591968,31.958326477339305,156.11533701288172,1,8.888352949390587,3,40.23011805392112,4.148243441893429,0.1384576523070153,0.2550529830074309,0.0526329690450422,0.2090233461679804,High_Risk
D:\Download1\Multi_Crop_Leaves_Disease\Multi_Crop_Leaves_Disease\Brinjal\Unhealthy_brinjal\Cercospora\21175817939_f04ffb822c_o.jpg,Cercospora,85,95,47,25.94019018,78.3422098,6.211833161,119.84797,27.518603511688376,3,6.531625356232604,2.425486443119098,407.3452617931469,7.459031045433743,1,12.322578874135328,69.3040563424938,153.76497951273336,2,12.708021714042022,1,62.55921928632674,4.725838354795833,0.1156567940639901,0.2056236129515778,0.0556674268444078,0.1825078192829755,High_Risk
D:\Download1\Multi_Crop_Leaves_Disease\Multi_Crop_Leaves_Disease\Papaya\Unhealthy_papaya\blackspot\blackspot14.png,blackspot,70,50,53,37.4620912,90.44967809,6.933809743,172.3458448,19.413015581216605,3,9.303116707579065,8.999118680779654,436.413075590918,3.9090680923993326,3,14.721670644719625,89.53190634045289,191.4291436179693,3,41.521310293166174,2,80.28606550409954,3.524611999682914,0.2103459744948902,0.267329311983839,0.0843173004133914,0.2387369569169353,High_Risk
D:\Download1\Multi_Crop_Leaves_Disease\Multi_Crop_Leaves_Disease\Papaya\Unhealthy_papaya\Leaf_curl_viral_diseases\Leaf curl of papaya1122.jpg,Leaf_Curl,112,54,15,25.46228792,81.56641891,6.175492306,76.88582484,22.76091181290154,2,7.386374826438994,6.1537849960961495,398.1470695634857,5.700917639637359,4,19.754520311569376,44.22490937532035,82.29613921373789,2,13.960754528985644,3,15.731727941785678,3.835107660339237,0.0211711152297491,0.2124610276390996,-0.0426414365362648,0.1678590873781146,High_Risk
D:\Download1\Multi_Crop_Leaves_Disease\Multi_Crop_Leaves_Disease\Papaya\Unhealthy_papaya\Leaf_curl_viral_diseases\curl3.jpg,Leaf_Curl,55,66,22,30.91219459,68.79427388,7.747775263,66.63830637,29.86873899885332,2,8.323945459513116,12.443540151971284,404.896195551456,5.456156936257829,6,11.933347329514683,13.289574023746145,182.2706500419665,2,8.207947153728574,2,93.97683731601482,4.76246135702345,0.3061137510905336,0.1685961825927958,0.1529219168684692,0.1458063033805567,High_Risk
D:\Download1\Multi_Crop_Leaves_Disease\Multi_Crop_Leaves_Disease\Brinjal\Unhealthy_brinjal\Little_leaf\little leaf16.png,Little_leaf,31,6,26,29.12859129,91.30924833,5.741367375,157.2388553,27.681269146344203,1,5.374747741644067,14.716859870449351,393.7850278283644,6.06728532238868,4,11.361140170733789,55.20479783507155,66.86053887350167,3,44.135838513048455,2,29.49503294394119,2.4923597381904417,0.0019490522359646,0.1897723449101753,-0.065063426712582,0.1509606675054114,High_Risk
D:\Download1\Multi_Crop_Leaves_Disease\Multi_Crop_Leaves_Disease\Cumin\Unhealthy_Cumin\Alternatia Blight\cumin_alternatie_blight.png,Alternaria_Blight,5,45,21,28.36291385,88.00989267,6.487124217,43.05130077,27.361352207263565,3,9.510164739539354,1.0869656059702848,360.6948344284867,4.405542851544904,1,14.58284157754409,10.165241920978518,136.8778857054766,2,38.0633226592188,2,6.158653855694862,1.4956908918261074,0.2634503304927241,0.2509421190101485,0.127249811774945,0.230534455122915,High_Risk
D:\Download1\Multi_Crop_Leaves_Disease\Multi_Crop_Leaves_Disease\Castor\Unhealthy_castor\Alternia Leaf Blight\alternaria leaf spot3.jpg,Alternaria_Blight,17,67,18,31.2192752,56.46868874,5.611510977,129.2028653,28.584563960000423,1,10.665537972205671,7.90816136550053,449.9733068383365,7.890303208779609,6,11.063283449677373,88.478642925792,158.88715414329522,3,27.7935243892657,2,18.57431828246456,1.960637218841588,0.0653912030156667,0.2342812306276182,-0.0044855716610556,0.1892532619299455,High_Risk
D:\Download1\Multi_Crop_Leaves_Disease\Multi_Crop_Leaves_Disease\Cumin\Unhealthy_Cumin\Powdery_Mildew\cumin_powdery_mildew2.png,Powdery_Mildew,30,63,16,23.60506572,21.90539577,5.525904526,100.5978728,19.490939662428342,2,9.767113769969187,3.9400134935414055,350.5283921341889,2.4811536288473786,1,13.96529364473711,27.77801220358973,80.73659140489772,3,42.96442053501875,3,49.7198841237377,3.5033412983840684,0.1430175762516661,0.1800497282773631,0.0334165232615572,0.1572763763367763,High_Risk
D:\Download1\Multi_Crop_Leaves_Disease\Multi_Crop_Leaves_Disease\Cumin\Unhealthy_Cumin\Wilt\IMG_8870.jpg,Wilt,13,7,43,18.20230419,91.12282162,7.013481515,109.6623974,28.24014920359668,3,8.9506654612049,19.82310106507206,386.2373488466976,9.8347622556956,6,14.60904638505167,2.5936299700129006,199.3891934617723,3,29.338067546017893,1,28.92887181123228,2.5198454263672923,0.264145394927437,0.2438675656749681,0.1046819245543362,0.2328539300626018,High_Risk
D:\Download1\Multi_Crop_Leaves_Disease\Multi_Crop_Leaves_Disease\Brinjal\Unhealthy_brinjal\Mosaic\mosaic11.jpg,Mosaic,19,120,195,18.73932187,81.12109244,5.931538447,73.55807954,10.27446969830681,3,6.245597846771007,13.972374523228428,406.93069399013314,4.285511109385019,5,18.02001091891493,48.852104201198365,50.60435372748454,3,39.91705440640124,2,57.15418309356334,3.927713711846432,0.2458360165738611,0.2583816460757159,0.1331471351454263,0.2364737576218877,High_Risk
D:\Download1\Multi_Crop_Leaves_Disease\Multi_Crop_Leaves_Disease\Castor\Unhealthy_castor\Cercospera Leaf Spot\cercospora.jpg,Cercospera Leaf Spot,32,14,37,22.73031253,88.48567856,6.825256236,104.6843243,17.099713366928857,2,8.62107815709467,1.2867164656501662,412.2146229615919,1.5786048400228232,1,18.04950857157175,22.34021929025988,146.48202857459376,2,2.2960246088567504,1,69.49096922280833,1.8356024922443288,0.2634503304927241,0.2509421190101485,0.127249811774945,0.230534455122915,High_Risk
D:\Download1\Multi_Crop_Leaves_Disease\Multi_Crop_Leaves_Disease\Papaya\Unhealthy_papaya\Anthracnose _ Cercospora\test5.jpg,Anthracnose,36,56,20,25.4123765,49.66474269,7.437078236,31.87416982,19.393259064605587,3,8.765863699907554,14.727728728378931,384.04013458836425,9.770668477688606,2,17.684822873699073,66.09380200029064,55.34380260488707,1,6.79093563889327,2,0.7280946602128302,1.2605293273887348,0.2817669606647497,0.2435102097429992,0.1733668121978991,0.228551734536775,High_Risk
"D:\Download1\Multi_Crop_Leaves_Disease\Multi_Crop_Leaves_Disease\Papaya\Unhealthy_papaya\blackspot\Black spot of papaya, caused by Asperisoporium caricae_14975626599_o.jpg",blackspot,14,74,15,27.99990346,65.57653373,6.493036868,49.94043064,24.29132104227174,3,6.848778050243904,17.753936946189427,409.0844997064032,6.765523037418564,3,6.1899160302164,75.759091363561,198.45304675823485,1,31.911345169979004,1,40.62044426107527,4.814154330682637,0.3069765376510726,0.2268549974670556,0.166885246673478,0.2138988733736606,High_Risk
D:\Download1\Multi_Crop_Leaves_Disease\Multi_Crop_Leaves_Disease\Guava\Unhealthy_Guava\Rust_fungal\rust1.jpg,Rust_fungal,75,53,18,20.68899915,59.4375337,6.864793607,103.651438,15.481196021626536,3,7.958415540105081,3.34396082120066,421.30261683249614,3.909939612493895,3,15.249649775290164,98.6789299589765,96.76359102397306,1,5.056436652040841,1,67.94038247613823,2.389896602465805,0.1757592261878848,0.175535687040372,0.1123170401014153,0.1620454657315171,High_Risk
D:\Download1\Multi_Crop_Leaves_Disease\Multi_Crop_Leaves_Disease\Cumin\Unhealthy_Cumin\Alternatia Blight\alternatie1.png,Alternaria_Blight,66,54,21,25.19008683,60.2001687,5.919045532,72.12375573,20.220159164922585,2,7.423576255500406,19.145718543100244,351.65914469014217,1.6325832025301086,2,14.146164946984475,70.05089554978348,163.91622978418593,3,5.792494299249879,1,52.42581981447745,4.794256796005639,0.235829727679894,0.2637893871152011,0.1504675487620481,0.2294901950734217,High_Risk
D:\Download1\Multi_Crop_Leaves_Disease\Multi_Crop_Leaves_Disease\Castor\Unhealthy_castor\Alternia Leaf Blight\alternaria leaf spot6.jpg,Alternaria_Blight,25,51,18,27.77799528,54.82130787,9.45949344,50.28438729,12.141741565541352,1,6.08755579213822,8.926745765566771,421.63354182281824,9.685597516954669,3,7.17052391030479,41.786773298656655,109.12063987880084,3,14.593600827653669,2,18.82304361846331,1.3803628798257823,0.179842586031255,0.2542868796830589,0.0767317170602655,0.2144997639518997,High_Risk
D:\Download1\Multi_Crop_Leaves_Disease\Multi_Crop_Leaves_Disease\Cumin\Unhealthy_Cumin\Wilt\IMG_8812.jpg,Wilt,8,38,32,29.75150773,46.73723302,4.981816523,91.405983,23.59628261450777,1,5.528111671444128,14.391395119761876,362.6939736398739,9.631558731083732,5,12.255022840224704,28.01460829166904,198.18363124538595,2,24.43941160711069,3,95.35116889648104,3.026772447503423,0.2483062752602524,0.234782082792887,0.1540834656457747,0.2187157123593571,High_Risk
D:\Download1\Multi_Crop_Leaves_Disease\Multi_Crop_Leaves_Disease\Brinjal\Unhealthy_brinjal\Leaf_curl\test6.jpg,Leaf_Curl,114,94,53,26.33544853,76.8532006,6.190757459,118.6858263,23.49247275808871,3,6.042544369567898,10.41130759750546,399.3878558253665,1.0421816862274451,6,14.08824937603403,53.533726878739984,122.57117304040804,3,4.4529646545517725,2,10.03879291701294,2.8998168638567923,0.1885150979295672,0.1807468629298206,0.1272944738931642,0.1728083247877492,High_Risk
D:\Download1\Multi_Crop_Leaves_Disease\Multi_Crop_Leaves_Disease\Guava\Unhealthy_Guava\Rust_fungal\rust17.png,Rust_fungal,80,18,31,24.02952505,58.84880599,7.303033217,134.6803969,18.438362596834462,2,7.521657810214986,5.134494634741458,422.2391345728312,4.964124613131999,6,15.878609245039211,31.095419628381915,91.95561593563122,2,20.524902772071545,1,78.23544150287918,3.349037836178612,0.2269619255507169,0.2518344658525333,0.0903663977465767,0.233559006547645,High_Risk
D:\Download1\Multi_Crop_Leaves_Disease\Multi_Crop_Leaves_Disease\Guava\Unhealthy_Guava\Fungal infection\no(20).jpg,Fungal infection,68,58,38,23.22397386,83.03322691,6.336253525,221.2091958,24.368852917432807,3,6.413153902771772,15.395845984336622,377.3990151601595,4.24170639150573,1,11.88543252673378,26.5442576049046,72.79170148098056,1,45.647152908162894,2,63.33575198203821,4.586856058247635,0.2965555332514688,0.2385864811485526,0.1475167677072713,0.2258643973188226,High_Risk
D:\Download1\Multi_Crop_Leaves_Disease\Multi_Crop_Leaves_Disease\Papaya\Unhealthy_papaya\Anthracnose _ Cercospora\test4.jpg,Anthracnose,48,61,21,30.28496619,61.69295127,6.628264883,65.62859526,16.04396540629365,1,8.604601630588135,8.921026970440927,430.29829044669066,7.254118372763572,3,9.295367708738569,19.5638592658686,150.66977606930715,2,36.70285298860311,3,99.46941011799689,1.9130487705279304,0.2637546044295197,0.2480075367308772,0.1754485353333754,0.2285554776985267,High_Risk
D:\Download1\Multi_Crop_Leaves_Disease\Multi_Crop_Leaves_Disease\Papaya\Unhealthy_papaya\Leaf_curl_viral_diseases\Leaf curl of papaya1155.jpg,Leaf_Curl,21,134,202,10.72302459,80.02130636,6.425419926,65.2982112,11.56502365464743,1,5.081437222586004,13.296203541737396,407.5691674130522,3.5424640914603938,6,11.62723947182315,17.85880150818482,193.351124606585,1,45.25056352245708,1,92.80570600008662,1.738080666061014,0.0653912030156667,0.2342812306276182,-0.0044855716610556,0.1892532619299455,High_Risk
D:\Download1\Multi_Crop_Leaves_Disease\Multi_Crop_Leaves_Disease\Papaya\Unhealthy_papaya\blackspot\blackspot11.jpg,blackspot,112,73,48,29.2440638,77.32017166,5.707488987,90.66727868,10.236418935932338,1,11.06332737021467,14.93096207982888,367.80701326673454,8.188351286579607,4,11.348316403484628,99.1353612383801,138.78509223918883,3,39.41541846436922,1,40.61837706274816,4.016287638450098,0.1664452421125406,0.1917470904952496,0.1241027836406016,0.1489032438284267,High_Risk
D:\Download1\Multi_Crop_Leaves_Disease\Multi_Crop_Leaves_Disease\Brinjal\Unhealthy_brinjal\Cercospora\cercospora12.png,Cercospora,0,74,17,23.33375853,64.50515776,7.240988401,47.01510708,11.911879522102389,2,7.914023130622338,11.94318729709434,354.5057013408468,7.680509515846121,2,12.683016127147482,42.68945995710794,73.73495527144723,1,47.131885286021685,2,16.07976342466276,3.276836937163461,0.1224027948746228,0.1807391846185329,0.1058905565544218,0.1495139545635362,High_Risk
D:\Download1\Multi_Crop_Leaves_Disease\Multi_Crop_Leaves_Disease\Castor\Unhealthy_castor\Cercospera Leaf Spot\Cercospora_.jpg,Cercospera Leaf Spot,60,36,43,23.43121862,83.06310136,5.286203711,219.9048349,24.8121987674652,1,7.1699310899608175,7.122173780010099,409.3179306793328,2.264515487202005,6,14.054509318880132,41.56000215352197,90.25123166275117,1,4.335156741635321,3,40.45347159293695,1.179476422724584,0.2125678694290099,0.2793464098580453,0.0476808168818649,0.242436582702494,High_Risk
D:\Download1\Multi_Crop_Leaves_Disease\Multi_Crop_Leaves_Disease\Cumin\Unhealthy_Cumin\Powdery_Mildew\powdety_mildew15.png,Powdery_Mildew,52,73,79,17.25769499,18.74943955,7.840339389,94.00287214,11.8285937485254,3,10.377411334696063,4.345740564364067,439.90367424049504,2.696790800705676,6,15.06656969886832,56.10461154252149,93.50844436839998,1,24.028511899407256,2,17.89926919969985,4.935058237322844,0.3486207684987119,0.2314163444161996,0.1549002816852896,0.2331899988853355,High_Risk
D:\Download1\Multi_Crop_Leaves_Disease\Multi_Crop_Leaves_Disease\Papaya\Unhealthy_papaya\blackspot\blackspot12.png,blackspot,32,18,13,13.8377282,91.74780462,6.044167236,107.9873218,16.876425328309097,2,9.36382328513665,17.40035305882657,419.7294128123874,1.6394300641299675,1,7.580221373353777,34.451966058248594,157.6281074590163,3,38.807426802156506,1,68.4152749300404,2.462070566678687,0.2971892578054474,0.24863258095887,0.1866152340696324,0.2243119947317406,High_Risk
D:\Download1\Multi_Crop_Leaves_Disease\Multi_Crop_Leaves_Disease\Castor\Unhealthy_castor\Cercospera Leaf Spot\cercospera Leaf spot.jpg,Cercospera Leaf Spot,35,64,78,17.92845928,14.27327988,7.496645259,85.37378769,22.78968891335932,3,8.819669834648794,12.09481971203267,386.6132603612104,6.9422815465434295,6,18.49712625938062,85.52825243705855,139.34980036646454,1,6.893873320551536,2,2.0558238807251272,3.3481021864237444,0.2387087677833997,0.1725599560076585,0.1825309892650998,0.1589317109189142,High_Risk
D:\Download1\Multi_Crop_Leaves_Disease\Multi_Crop_Leaves_Disease\Castor\Unhealthy_castor\Cercospera Leaf Spot\cercospera Leaf spot3.jpg,Cercospera Leaf Spot,27,10,33,27.81132822,97.48410555,6.465906333,154.0621221,14.741278343993498,3,9.328639984893313,1.1935742562762996,446.7417610640879,7.491005407145096,6,11.820608315775583,47.98496554990229,188.716862852116,1,47.607017618485855,2,42.27702823438512,1.6881469038288903,0.3410463720405699,0.230250159543514,0.1473552699228697,0.2315287262301106,High_Risk
D:\Download1\Multi_Crop_Leaves_Disease\Multi_Crop_Leaves_Disease\Cumin\Unhealthy_Cumin\Alternatia Blight\alternitia_blight16.png,Alternaria_Blight,32,66,17,34.9466155,65.26774011,7.162357641,70.1415139,22.106012685551185,3,8.208097998451727,5.439752819005874,387.0913481904231,8.055024166004337,6,11.03150677420312,67.17379583940122,73.37568349208142,3,40.71251087468033,3,18.11935145051259,2.3992154977540703,0.271857662818706,0.2579144089682887,0.1170754087122319,0.2403265062939086,High_Risk
D:\Download1\Multi_Crop_Leaves_Disease\Multi_Crop_Leaves_Disease\Papaya\Unhealthy_papaya\Mosaic\mosaic11.jpg,Mosaic,93,83,46,29.38254012,83.50423735,5.765308943,109.2486647,13.227263136868348,3,7.789179650193862,4.871629044430499,410.3954382702209,3.759486597937904,2,9.457105336915925,29.12432246888932,108.77805833149615,2,39.50050937925871,3,53.40738552352328,3.7516214734589264,0.2872131329132908,0.2407305538522148,0.1313549851263061,0.2367476368193507,High_Risk
D:\Download1\Multi_Crop_Leaves_Disease\Multi_Crop_Leaves_Disease\Brinjal\Unhealthy_brinjal\Early_Leaf_spot\no(9).jpg,Early_Leaf_spot,15,123,204,22.52709326,92.54780429,6.365972688,115.3830068,18.906002562998392,2,11.657186547471447,15.91233696366806,398.8980954455944,6.458582998782504,1,18.789972239712483,48.538228806963126,98.17994985320148,1,8.447824591652909,1,92.38368920499522,2.262732701697352,0.1700672275850901,0.2472078447567685,0.0214765413346806,0.2158262153267885,High_Risk
D:\Download1\Multi_Crop_Leaves_Disease\Multi_Crop_Leaves_Disease\Papaya\Unhealthy_papaya\Anthracnose _ Cercospora\athrecnose13.png,Anthracnose,33,120,205,35.12158265,82.26890793,5.550832178,69.71518491,24.796835911314528,2,5.2637964663816765,17.604783978881635,410.74045347777417,3.617901302616278,5,19.088685389896888,3.6638480186973688,191.2988880236906,3,30.666320033995987,3,69.24332695563264,1.5651268195707222,0.1755391967456433,0.2297807130733123,0.0769026872317468,0.1966602432870653,High_Risk
D:\Download1\Multi_Crop_Leaves_Disease\Multi_Crop_Leaves_Disease\Brinjal\Unhealthy_brinjal\Cercospora\cercospora17.png,Cercospora,20,67,19,19.24462755,50.54495302,5.671419084,180.6465282,14.831856249968643,1,7.841199551983227,14.694132912947095,422.6342923059257,6.620653760993394,5,16.097174434644288,15.733637607200937,114.74736875201228,2,13.659378242123916,3,79.09846833731524,1.4890945348193356,0.3392465239593991,0.2275202987527341,0.2015317896544669,0.2170903853757409,High_Risk
D:\Download1\Multi_Crop_Leaves_Disease\Multi_Crop_Leaves_Disease\Brinjal\Unhealthy_brinjal\Cercospora\cercospora19.png,Cercospora,98,43,35,25.40785911,76.44048625,7.319952206,188.6372826,10.667365708154236,2,7.770554294053623,0.5772072600864209,380.3170050509744,9.973918015413116,2,7.86732542323147,91.51431149859158,152.24530754196064,3,44.68888808879602,2,23.758428463079373,3.334200790718736,0.0843195498765195,0.2366691737931782,-0.0243944324422046,0.1755565268516987,High_Risk
D:\Download1\Multi_Crop_Leaves_Disease\Multi_Crop_Leaves_Disease\Castor\Unhealthy_castor\Bacterial Leaf Blight\Bacterial blight12.jpg,Bacterial_Disease,0,36,26,34.13072188,51.25786185,5.101206389,96.38808001,16.15189052261151,1,7.25953424692906,9.920568708081433,382.8159231677604,2.721206886248256,5,19.72209528664425,66.70104494797708,180.78760129111865,2,3.5504123429854872,1,99.3411806677498,1.5630711405574722,0.2893795479460609,0.1906915147484287,0.1288556813902201,0.1684951579369566,High_Risk
D:\Download1\Multi_Crop_Leaves_Disease\Multi_Crop_Leaves_Disease\Castor\Unhealthy_castor\Alternia Leaf Blight\Alternaria_(3).jpg,Alternaria_Blight,98,29,30,25.64004392,61.03273481,6.217974349,199.4735636,14.9647460866055,2,7.202522250308457,8.289854153350635,422.852472559832,1.1760837129932753,3,16.518957370572725,32.482353803212995,126.57700672097238,3,1.8233206878226824,1,97.633666009013,2.232463278343964,0.0465480147004527,0.1732751593447344,0.0313649930069231,0.1478412106168322,High_Risk
D:\Download1\Multi_Crop_Leaves_Disease\Multi_Crop_Leaves_Disease\Brinjal\Unhealthy_brinjal\Leaf_curl\leaf curl17.png,Leaf_Curl,27,72,23,19.92889503,21.79992115,5.961934481,64.02640797,29.00728658906845,3,5.42506449360833,16.233653377779248,378.2673886036657,4.3157693757291655,2,13.942214232591114,66.32758467602986,74.1463654486272,2,39.52265052248517,1,84.74650386257538,3.521859537716317,0.2276694425180183,0.2518450579399788,0.1018696366332767,0.2299291849293738,High_Risk
D:\Download1\Multi_Crop_Leaves_Disease\Multi_Crop_Leaves_Disease\Brinjal\Unhealthy_brinjal\Early_Leaf_spot\no(5).jpg,Early_Leaf_spot,33,47,46,29.20300896,93.96834049,6.839443833,209.4083305,27.67820147200708,2,8.521516084785803,17.702169238439,402.7840041902042,7.89188269914041,3,9.043884867843012,57.977666047433566,94.00318740089084,1,29.77358446231071,2,60.166297257067136,3.6237414558172927,0.2408681720142856,0.2439769244527121,0.1370431233801596,0.2094020755892864,High_Risk
D:\Download1\Multi_Crop_Leaves_Disease\Multi_Crop_Leaves_Disease\Papaya\Unhealthy_papaya\blackspot\blackspot15.jpg,blackspot,2,120,203,23.12652652,94.71203306,5.893492999,108.6211833,11.652755460649235,3,11.203647226623977,6.583361973028772,437.9165663897639,7.59498587380866,4,11.925854446244674,71.98012289738294,157.67568209107765,2,11.060487862539702,2,78.85873960152453,3.268800161401563,0.2485617124730027,0.2590325506816395,0.0939180050786174,0.2274439236497007,High_Risk
D:\Download1\Multi_Crop_Leaves_Disease\Multi_Crop_Leaves_Disease\Papaya\Unhealthy_papaya\Anthracnose _ Cercospora\test3.jpg,Anthracnose,75,38,39,23.44676801,84.79352417,6.215109715,283.9338466,13.104904061824998,3,10.10608178157582,17.37441873678496,420.6999516017301,1.835565413096777,2,11.00629674217113,99.43025731792928,141.51172728195272,1,14.240641354573762,2,78.3372724368921,3.656482896888309,0.2335999928496786,0.2545037641668573,0.1048587621248318,0.2324677992866287,High_Risk
D:\Download1\Multi_Crop_Leaves_Disease\Multi_Crop_Leaves_Disease\Cumin\Unhealthy_Cumin\Wilt\IMG_8823.jpg,Wilt,17,134,204,39.04071989,80.18393287,6.499604931,73.88467027,26.45161255672348,3,10.537050799574882,3.339449636829744,439.6479376702555,2.272237680830338,6,6.789511070434468,33.94450949227623,134.91927036530026,2,33.74398721820629,2,13.580744827190848,3.369424440814223,0.0689213517983947,0.2534853272940611,-0.0089910028801879,0.1763904234165237,High_Risk
D:\Download1\Multi_Crop_Leaves_Disease\Multi_Crop_Leaves_Disease\Cumin\Unhealthy_Cumin\Powdery_Mildew\cumin_powdery_mildew1.png,Powdery_Mildew,84,25,52,24.37190239,81.2514818,6.12532356,44.20899581,22.47252299621921,3,6.755166592863305,5.956562847637288,419.2256190345847,3.503217213705943,5,5.688996591851321,51.64439112731623,135.9048160568414,1,28.493075299237635,1,47.73851841020611,2.987962756334236,0.1700672275850901,0.2472078447567685,0.0214765413346806,0.2158262153267885,High_Risk
D:\Download1\Multi_Crop_Leaves_Disease\Multi_Crop_Leaves_Disease\Papaya\Unhealthy_papaya\Leaf_curl_viral_diseases\Leaf curl of papaya121.jpg,Leaf_Curl,79,51,16,25.33797709,68.49835977,6.586244581,96.46380213,26.550300867005102,1,11.9112554720343,12.725374709602653,417.6657456963728,8.410889148419427,2,9.752331183752151,72.02096613988199,128.99762556641122,3,37.18264427443312,1,72.44831092389418,2.498723847592176,0.2483062752602524,0.234782082792887,0.1540834656457747,0.2187157123593571,High_Risk
D:\Download1\Multi_Crop_Leaves_Disease\Multi_Crop_Leaves_Disease\Guava\Unhealthy_Guava\anthrecnose\hand held leaf5.jpg,Anthracnose,77,52,41,23.89069041,83.46409075,6.097294061,167.7230632,17.84149031862414,2,5.127257454972142,1.149361261665307,444.4014318840174,3.431119672408978,4,14.55462999730052,30.591092095286665,181.6964047695043,3,38.50766078731926,2,26.86390996289673,2.830012078902274,0.151264483269515,0.2640458159641354,0.0445845470793637,0.2121549317645791,High_Risk
D:\Download1\Multi_Crop_Leaves_Disease\Multi_Crop_Leaves_Disease\Papaya\Unhealthy_papaya\Mosaic\papaya_mosaic.png,Mosaic,74,35,40,26.49109635,80.15836264,6.980400905,242.8640342,26.20773239299878,3,8.023684684293785,7.963606057288741,363.6943055002588,8.393907171864402,1,10.864360184826303,24.09188793478396,55.76138848397649,3,10.861071276483274,3,82.81872017326596,1.2733406458545562,0.0491342517970188,0.1642324558509376,-0.0101583425000225,0.1430541457295534,High_Risk
D:\Download1\Multi_Crop_Leaves_Disease\Multi_Crop_Leaves_Disease\Guava\Unhealthy_Guava\Fungal infection\test2.jpg,Fungal infection,32,130,196,40.66012294,81.24995984,6.372959542,74.03030056,16.96396246781107,3,6.787804831538917,12.46516202598829,391.0944074197805,5.992741677348981,3,11.077030190903615,28.09357312305769,187.90639629883864,1,44.20485697002182,2,91.99722468734572,2.871138833490689,0.1509165754910009,0.1723905031643897,0.0318214685301151,0.1514718093963294,High_Risk
D:\Download1\Multi_Crop_Leaves_Disease\Multi_Crop_Leaves_Disease\Castor\Unhealthy_castor\Bacterial Leaf Blight\bcatrial leaf blight131.png,Bacterial_Disease,85,25,47,26.11440416,87.64081095,6.29542477,58.48160844,23.720900193686727,3,6.525308812483548,16.426194003955853,405.43714661959547,7.319309478237056,3,11.208862013084785,58.58890101322156,185.4124677488549,1,42.93869185152409,3,14.72689880925695,2.2429487551550404,0.0787603805506426,0.1381401711065125,0.048074318863292,0.1204795931937266,High_Risk
D:\Download1\Multi_Crop_Leaves_Disease\Multi_Crop_Leaves_Disease\Papaya\Unhealthy_papaya\blackspot\blackspot17.png,blackspot,22,62,16,34.6455408,54.32342534,4.828936119,180.9009998,14.745659861885434,1,7.799059646503258,16.392485963873817,383.4980328160074,2.885249036019889,4,19.017045553917093,94.787859176463,70.48868534896987,3,46.021443014509984,1,92.1035165368812,3.2821039336808853,0.2001664250384297,0.1970780015758903,0.1127802465825741,0.1659016165311067,High_Risk
D:\Download1\Multi_Crop_Leaves_Disease\Multi_Crop_Leaves_Disease\Castor\Unhealthy_castor\Alternia Leaf Blight\alternaria leaf (4).jpg,Alternaria_Blight,19,57,23,23.6734328,47.2879691,7.342409555,141.1250722,24.70216545099768,3,5.038039970731716,6.990036156706598,355.5609497016683,8.029519026462346,5,13.501224634817897,13.998744811462306,143.4011115741675,2,18.44668106360808,2,47.07600971836663,2.6667848452473466,0.1748292157307427,0.2180924153472521,0.0621720804300831,0.1939771046683829,High_Risk
D:\Download1\Multi_Crop_Leaves_Disease\Multi_Crop_Leaves_Disease\Castor\Unhealthy_castor\Cercospera Leaf Spot\Cercospora_(7).jpg,Cercospera Leaf Spot,32,79,22,27.60195453,63.46170674,5.91645379,54.37814199,15.708845879449388,3,5.945760731909819,17.61623053743278,447.8918003891608,6.266976310580807,6,8.332525369685673,18.008088330203176,110.47108043166624,1,25.48596351364297,3,51.43406180629421,2.356452031383673,0.2964907953867713,0.2368123150748913,0.1094602855069457,0.2319985564055466,High_Risk
D:\Download1\Multi_Crop_Leaves_Disease\Multi_Crop_Leaves_Disease\Papaya\Unhealthy_papaya\Anthracnose _ Cercospora\test2.jpg,Anthracnose,36,43,22,27.82684262,87.16679147,6.389882166,58.37249772,21.60431480630391,2,11.401596661617024,4.378503750797417,403.0980153059028,6.243353215931169,4,8.975357742971749,98.08252395892698,101.81546469652604,3,27.210340981600567,3,66.63057951671674,3.302660309180787,0.2447768144506669,0.2481279098017598,0.1101090478398456,0.2340463749985691,High_Risk
D:\Download1\Multi_Crop_Leaves_Disease\Multi_Crop_Leaves_Disease\Guava\Unhealthy_Guava\anthrecnose\anthrecnose1 3.jpg,Anthracnose,91,50,40,20.82477109,84.1341879,6.462391607,230.2242223,12.50657530419173,2,10.671771298160095,4.410430124774289,396.471249525371,6.972058538748989,5,11.432461995579867,45.20504156684125,136.02909931446464,2,2.854875355888659,2,52.18373864732552,1.1669671425606056,0.147866223563233,0.2486246267224158,0.0365844387547848,0.2027069988796035,High_Risk
D:\Download1\Multi_Crop_Leaves_Disease\Multi_Crop_Leaves_Disease\Cumin\Unhealthy_Cumin\Wilt\IMG_8816.jpg,Wilt,108,35,25,23.98143338,61.10935084,6.971963169,161.5279095,14.446748288731564,2,10.900613027177164,8.408809474239122,422.9443590813135,7.350693924000186,1,14.645313457675018,47.81901453062412,108.46449825704296,3,36.82901631495788,1,48.345058584849895,3.2750798765187428,0.1272559634331013,0.192772114013766,0.068918337130555,0.1515497038052816,High_Risk
D:\Download1\Multi_Crop_Leaves_Disease\Multi_Crop_Leaves_Disease\Guava\Unhealthy_Guava\algal_leaf_spot\algal_spot3.jpg,algal_leaf_spot,82,23,49,26.81383586,87.21986949,6.873283991,51.70497792,13.800710213243498,3,6.476821898514528,11.274558870972111,404.01856522110864,4.874897410088316,5,11.939953025453915,6.142642961606592,72.2049318713776,3,46.0158749531781,1,10.508562689161383,2.2289030560828893,0.1885150979295672,0.1807468629298206,0.1272944738931642,0.1728083247877492,High_Risk
D:\Download1\Multi_Crop_Leaves_Disease\Multi_Crop_Leaves_Disease\Papaya\Unhealthy_papaya\Mosaic\test1.jpg,Mosaic,61,41,17,25.1420613,65.26185135,6.021902237,76.68456006,29.5640657810272,1,9.571397394060488,12.421020602544797,395.6082094108026,4.875638659867684,5,13.672334019978845,34.756039188882816,102.32510768412166,1,29.04560353566869,2,4.41334308885687,4.254663478706797,0.2832262587939204,0.2512812314367264,0.1359671552617357,0.2298675403049009,High_Risk
D:\Download1\Multi_Crop_Leaves_Disease\Multi_Crop_Leaves_Disease\Papaya\Unhealthy_papaya\Mosaic\mosaic3.jpg,Mosaic,69,37,42,23.05804872,83.37011772,7.073453503,251.0549998,23.61311519614218,3,10.873767569219408,2.728812124554161,428.7284296936261,5.958483178119839,5,13.478474458070083,82.07341331570409,135.92906584189868,3,42.15873477813557,3,43.42633430045652,1.7536156668614868,0.3061137510905336,0.1685961825927958,0.1529219168684692,0.1458063033805567,High_Risk
D:\Download1\Multi_Crop_Leaves_Disease\Multi_Crop_Leaves_Disease\Cumin\Unhealthy_Cumin\Powdery_Mildew\powdery_mildew2.png,Powdery_Mildew,23,45,23,28.77653519,86.69133979,6.983130466,56.12443206,26.96349884726317,3,6.358876678063082,8.737910097302361,397.7465295272182,1.8892128620285544,6,17.070357510114743,7.996987706132952,160.16413606534178,1,0.5905335264858425,2,12.960066683772196,1.169250477571831,0.3024424763089131,0.2542221320643074,0.1657846658710879,0.2344292926091582,High_Risk
D:\Download1\Multi_Crop_Leaves_Disease\Multi_Crop_Leaves_Disease\Guava\Unhealthy_Guava\algal_leaf_spot\algal_spot2.jpg,algal_leaf_spot,116,71,47,27.57278064,82.0638878,6.435785799,91.34276507,19.183170637023395,2,11.852868351514662,1.5064254716894188,390.93297037384815,8.68193854197115,6,7.607388011577837,14.708915813658418,136.55047740249117,2,7.342904567684727,3,60.95080721214987,4.955820722219015,0.2025014512434804,0.2747500306875793,0.055762394331197,0.2365481627891832,High_Risk
D:\Download1\Multi_Crop_Leaves_Disease\Multi_Crop_Leaves_Disease\Cumin\Unhealthy_Cumin\Alternatia Blight\alternitia_blight14.png,Alternaria_Blight,36,140,198,23.34386401,91.47684705,6.28188384,104.4267991,22.234432314251368,1,7.749101906311659,19.243673442870705,431.4571659736606,4.479488173631107,5,12.448982638638237,97.75357442077552,169.1939008270801,1,38.11390775644986,1,36.96948720572648,1.1282867068574314,0.1501879768939351,0.1880062967533963,0.0411624714371798,0.1630920143884414,High_Risk
D:\Download1\Multi_Crop_Leaves_Disease\Multi_Crop_Leaves_Disease\Castor\Unhealthy_castor\Wilt\wilt6.jpg,Wilt,13,75,20,30.55992394,35.29006485,6.979540061,178.8998611,11.99450787833964,2,9.72952489364852,10.08290175539778,378.2325483923352,4.519431539600638,2,13.24111529061029,76.03519712258641,104.24454508478487,3,46.41671992721479,1,31.291135751010167,2.0864030250017445,0.2336637208899354,0.2588044966161348,0.107313985034398,0.2397968207136967,High_Risk
D:\Download1\Multi_Crop_Leaves_Disease\Multi_Crop_Leaves_Disease\Papaya\Unhealthy_papaya\Anthracnose _ Cercospora\athrecnose12.png,Anthracnose,119,90,48,28.66725136,79.59242542,5.986442306,118.2583441,29.75237262700032,2,9.012164867989878,2.8610418396072324,362.0648898410088,1.5530257142303436,4,13.073921718709263,71.37334549172665,83.13118127617372,2,23.74337882510828,1,12.5872268178705,1.9430193718097173,0.3450320747145614,0.2332864709581808,0.2033250395947737,0.2218247467402564,High_Risk
D:\Download1\Multi_Crop_Leaves_Disease\Multi_Crop_Leaves_Disease\Papaya\Unhealthy_papaya\Leaf_curl_viral_diseases\Leaf curl of papaya12.jpg,Leaf_Curl,82,24,33,26.53543168,67.09608099,6.809593554,120.6494434,28.95513187638016,1,6.211927667006483,15.0936907713128,372.027630992602,4.777856305739771,1,13.43596537490813,31.963150966422948,92.53851990842692,3,39.84691544011017,1,9.364126748529555,4.08150987580696,0.0447658965772075,0.2601192833712283,-0.0376678591457771,0.1837902059435234,High_Risk
D:\Download1\Multi_Crop_Leaves_Disease\Multi_Crop_Leaves_Disease\Castor\Unhealthy_castor\Bacterial Leaf Blight\IMG_8851.jpg,Bacterial_Disease,27,62,24,28.63005477,66.770943,7.353876754,62.2737345,22.58134340424461,3,7.599815801414351,9.691422887456005,422.9710236570852,3.293886166008625,5,6.233908928608468,64.07349102064501,83.3625975461365,2,39.52727734043711,1,4.2681271028335965,3.942374802650465,0.0843195498765195,0.2366691737931782,-0.0243944324422046,0.1755565268516987,High_Risk
D:\Download1\Multi_Crop_Leaves_Disease\Multi_Crop_Leaves_Disease\Castor\Unhealthy_castor\Cercospera Leaf Spot\cercospera Leaf spot1.jpg,Cercospera Leaf Spot,24,128,196,22.75088787,90.69489172,5.521466996,110.4317855,26.113409078104365,3,5.621583404334913,16.669208892696112,379.08411221752937,6.984264351462168,3,17.074309034166177,9.285506758817776,150.12815322700828,1,27.90621993963222,3,15.502632603083022,3.0578455868655303,0.3271736790311613,0.2444634525432452,0.1459429598751901,0.2388039085769651,High_Risk
D:\Download1\Multi_Crop_Leaves_Disease\Multi_Crop_Leaves_Disease\Brinjal\Unhealthy_brinjal\Little_leaf\little leaf.jpg,Little_leaf,100,41,22,22.4204752,84.55794703,7.318802162,93.46595573,28.371856639154164,3,9.210787081190144,18.542511827064803,431.7404550138395,3.4765659547602974,2,11.61445808470716,37.23698618973456,81.23566601135084,2,20.022704668355264,1,31.807785395596365,1.4878121571954348,0.0171458001389119,0.2167142538193813,-0.099822786944663,0.1670723714442358,High_Risk
D:\Download1\Multi_Crop_Leaves_Disease\Multi_Crop_Leaves_Disease\Castor\Unhealthy_castor\Bacterial Leaf Blight\bcatrial leaf blight12.png,Bacterial_Disease,40,49,47,42.93368602,91.1756748,6.501521192,246.3613268,16.915447591455198,3,8.372122167960576,15.785627987640789,374.6563668485717,6.25128424837692,4,12.740502778581202,79.19836974154278,182.8726454614149,3,27.23682986930511,1,91.72068723163248,4.9260926731668615,0.2276694425180183,0.2518450579399788,0.1018696366332767,0.2299291849293738,High_Risk
D:\Download1\Multi_Crop_Leaves_Disease\Multi_Crop_Leaves_Disease\Papaya\Unhealthy_papaya\Leaf_curl_viral_diseases\Leaf curl of papaya1144.jpg,Leaf_Curl,40,143,201,24.97256132,82.72828653,6.476757723,66.70016285,25.79774742042684,1,8.493290316580499,18.63055699687838,350.8865050150381,4.790904205690039,4,16.19371250199152,43.61904284821132,97.978077428222,3,43.41065092752765,1,23.40627216487093,4.608156963527788,0.0653912030156667,0.2342812306276182,-0.0044855716610556,0.1892532619299455,High_Risk
D:\Download1\Multi_Crop_Leaves_Disease\Multi_Crop_Leaves_Disease\Papaya\Unhealthy_papaya\Anthracnose _ Cercospora\antherconose.jpg,Anthracnose,93,41,17,25.6217169,66.50415474,6.047906679,105.4654703,23.187377578327315,2,10.018629748924496,19.115083906627884,361.9329794791084,9.169777905327692,5,12.177475707156416,49.22027462850708,70.01148158526053,3,1.319744225232916,2,2.800504151089656,4.977450806470273,0.2494944491031584,0.2472753539679069,0.0887038256173828,0.2331922771358601,High_Risk
D:\Download1\Multi_Crop_Leaves_Disease\Multi_Crop_Leaves_Disease\Papaya\Unhealthy_papaya\Bacterial Leaf Spot\bacterial leaf blight12.png,Bacterial_Disease,37,73,21,29.50304807,63.46513414,5.560224583,189.5208915,16.244048200372607,1,5.22703179719752,18.67227158942889,406.2782932567569,3.959330534853915,5,17.36801145167252,77.78734720869814,110.35238385794996,1,39.60405652491491,1,5.988386194081663,3.492891658754013,0.2282754767845496,0.2385723510742532,0.0994754127110431,0.2182391190234186,High_Risk
D:\Download1\Multi_Crop_Leaves_Disease\Multi_Crop_Leaves_Disease\Cumin\Unhealthy_Cumin\Alternatia Blight\Alternaria blight cumin.JPG,Alternaria_Blight,30,7,15,33.23453301,91.06053924,7.825531916,115.7659902,21.33762498122857,1,5.629478435234409,16.23092226312683,421.896809621528,6.431777015677185,6,17.799332411860593,52.03743417568446,177.4639238170444,2,19.568101778880976,3,88.86018715331524,1.859056522156811,0.1258312962693759,0.204009051408237,-0.0005041590191805,0.1720191944070367,High_Risk
D:\Download1\Multi_Crop_Leaves_Disease\Multi_Crop_Leaves_Disease\Brinjal\Unhealthy_brinjal\pest_damage\pest_damage111.jpg,Pest_Damage,39,65,23,25.43459777,69.12613376,7.685959305,41.02682925,10.668559319782968,3,6.391909834526754,7.958084854078242,420.24264650324176,1.743894977004242,6,10.232154749531146,95.80187666395142,97.79828414472313,3,39.00088379504362,1,45.98289268382856,1.673029754855631,0.1700672275850901,0.2472078447567685,0.0214765413346806,0.2158262153267885,Moderate_Risk
D:\Download1\Multi_Crop_Leaves_Disease\Multi_Crop_Leaves_Disease\Brinjal\Unhealthy_brinjal\Pottasium\spider_mite1.jpg,Potassium_Deficiency,95,13,46,29.84070774,93.76312893,6.126019932,23.28207838,13.581078241216552,1,10.356894887745415,5.584744465888081,427.5032202032053,4.357710182303956,3,18.246982499564147,27.353748570185445,145.11760033124744,2,28.693320911572258,1,71.62385606318146,4.436371646894983,0.2088278431302827,0.2721049099514991,0.0903689676484796,0.229466606340237,Moderate_Risk
D:\Download1\Multi_Crop_Leaves_Disease\Multi_Crop_Leaves_Disease\Papaya\Unhealthy_papaya\Pottasium\pottasium3.jpg,Potassium_Deficiency,84,40,42,26.2830571,73.35763537,6.704273839,186.6898282,29.71032072499192,2,8.922195595344332,10.893424175552031,428.5129675237852,3.427352404866317,2,6.593802686203436,46.835185865894815,70.41464777902965,1,17.195741346948136,1,8.877128923948586,3.722566482574365,0.2458360165738611,0.2583816460757159,0.1331471351454263,0.2364737576218877,Moderate_Risk
D:\Download1\Multi_Crop_Leaves_Disease\Multi_Crop_Leaves_Disease\Brinjal\Unhealthy_brinjal\Pottasium\no.jpg,Potassium_Deficiency,68,70,54,31.29986342,92.76039164,6.986228647,54.77830202,12.158081008876223,1,7.188123807435622,7.541698335706233,445.296645879074,5.219172619797352,4,14.760684097783846,9.717404684582032,54.97336759069617,2,41.26265107376678,1,53.70979089693826,2.361947237546152,0.3325162156401922,0.2438143442032926,0.1986120384299744,0.2295495292154637,Moderate_Risk
D:\Download1\Multi_Crop_Leaves_Disease\Multi_Crop_Leaves_Disease\Brinjal\Unhealthy_brinjal\Pottasium\test16.jpg,Potassium_Deficiency,116,5,54,25.37601283,80.99313508,6.65398725,57.23028471,18.08431334081383,1,7.478626433876013,7.120855149425889,394.6132745782334,9.088694148318243,5,9.57679867302351,47.20326685878504,85.98139515218116,1,48.87996712188805,3,75.40355689788854,4.036225568416358,0.2965555332514688,0.2385864811485526,0.1475167677072713,0.2258643973188226,Moderate_Risk
D:\Download1\Multi_Crop_Leaves_Disease\Multi_Crop_Leaves_Disease\Guava\Unhealthy_Guava\Magnesium\magnes16.png,Magnesium_Deficiency,120,16,51,27.99901833,91.64193051,6.547041903,23.28618248,27.211679894626176,3,10.77387706506159,1.514685825955171,373.0234971301738,9.861717075859454,1,12.791451058527269,91.3489736746868,122.47174379802878,2,15.870121676044802,2,60.88704193758638,2.466909482668857,0.1224027948746228,0.1807391846185329,0.1058905565544218,0.1495139545635362,Moderate_Risk
D:\Download1\Multi_Crop_Leaves_Disease\Multi_Crop_Leaves_Disease\Papaya\Unhealthy_papaya\magnesiuam\img2.jpg,Magnesium_Deficiency,99,6,46,28.61475136,94.22253035,6.39637861,28.98574189,22.45000076480462,2,9.958328659406366,4.93926264472025,401.6464423611608,4.041363637254262,3,6.957555874770313,5.150475976178504,110.55182732646747,3,28.791309684197262,3,54.97921380732518,3.705755697053242,0.2817669606647497,0.2435102097429992,0.1733668121978991,0.228551734536775,Moderate_Risk
D:\Download1\Multi_Crop_Leaves_Disease\Multi_Crop_Leaves_Disease\Guava\Unhealthy_Guava\Magnesium\magnes14.png,Magnesium_Deficiency,40,126,201,11.36300891,80.03100049,6.116982944,71.18289431,26.26395315703626,1,10.731730065116317,1.864690978962092,368.8449687551723,8.610899420893688,1,5.455793986187772,24.048948421460658,182.8726660417336,3,19.08118331642,1,40.14600762842054,4.3970182868502,0.2783905430999636,0.2529842305066487,0.1147753508485719,0.2331810038788872,Moderate_Risk
D:\Download1\Multi_Crop_Leaves_Disease\Multi_Crop_Leaves_Disease\Cumin\Unhealthy_Cumin\insect_infection\insect17.png,Pest_Damage,4,59,22,29.33743412,49.00323081,8.914074888,42.44054315,21.830246552536494,1,5.653256833364102,19.512036881582947,410.0186661954925,8.617960888934881,6,15.869387861210384,47.79923600498152,75.93574860573187,2,46.01975870274492,3,43.861868275189,1.7007394457423732,0.315553342061823,0.2475809719930307,0.1408641818327258,0.2239677736293182,Moderate_Risk
D:\Download1\Multi_Crop_Leaves_Disease\Multi_Crop_Leaves_Disease\Guava\Unhealthy_Guava\phosphorus\no117.jpg,Phosphorus_Deficiency,89,85,55,26.6719835,76.48541655,6.275384607,91.73358569,23.961921889132327,2,9.489963537005456,6.471867507081958,434.6634446272299,7.132663443718712,5,14.230284349836808,14.554253532748984,169.99995393891058,3,3.0680263490406534,3,1.1244899065431468,1.8627753862482053,0.241891911423136,0.2529161088300949,0.1102360972575072,0.2303027437988696,Moderate_Risk
D:\Download1\Multi_Crop_Leaves_Disease\Multi_Crop_Leaves_Disease\Guava\Unhealthy_Guava\pottasium\no.jpg,Potassium_Deficiency,88,29,51,24.71885473,88.94568335,6.095689937,48.45978627,20.02658110656892,3,9.375478185503688,10.31176461654772,411.3653356542639,7.185595573512529,4,12.97604300804192,51.9748868593766,190.4045172655387,3,25.74300943332897,3,92.3988818325925,2.491773188485261,0.1543886316108725,0.1691032886225796,0.0882189739370302,0.1494257136908455,Moderate_Risk
D:\Download1\Multi_Crop_Leaves_Disease\Multi_Crop_Leaves_Disease\Papaya\Unhealthy_papaya\magnesiuam\t2.jpg,Magnesium_Deficiency,26,27,10,28.06903173,92.91487288,6.079998496,114.1339416,26.9054708327141,3,11.857353603072577,1.687044593065263,397.7173662554347,4.70365434126594,4,15.073197324958786,15.737003462095512,165.86602552643964,1,47.80287266540321,3,56.0014901012154,1.899256715514385,0.2732179438138949,0.2483949634943881,0.1346063305226855,0.2313399403736322,Moderate_Risk
D:\Download1\Multi_Crop_Leaves_Disease\Multi_Crop_Leaves_Disease\Castor\Unhealthy_castor\Pottassium\IMG_4964.jpg,Potassium_Deficiency,136,36,24,22.74446976,80.41198458,7.59781958,90.07326633,13.467257051310288,1,6.062233006437458,15.5188307016596,400.3356827960958,9.79535812948036,6,6.641312474685122,72.7151523464044,182.0958155847244,3,47.59362168428595,1,75.95540772356551,4.143892130743773,0.2510437944074032,0.2396628380683336,0.1009937459209953,0.2252502164866279,Moderate_Risk
D:\Download1\Multi_Crop_Leaves_Disease\Multi_Crop_Leaves_Disease\Castor\Unhealthy_castor\Peast_disease\WhatsApp Image 2026-03-31 at 11.04.48 AM.jpeg,Pest_Damage,4,136,204,29.93707596,81.77713468,5.898944282,65.52279323,12.661393448287384,1,6.272751682423989,11.963985908137785,359.9507870743375,7.854175747491036,2,14.10140289237103,56.88557046207761,77.83189227854476,2,15.654898788290266,2,67.28258087046977,2.299443904511152,0.3023325399209414,0.2444755220740902,0.1368173942667024,0.2333491151251259,Moderate_Risk
D:\Download1\Multi_Crop_Leaves_Disease\Multi_Crop_Leaves_Disease\Brinjal\Unhealthy_brinjal\Pottasium\spider_mite3.jpg,Potassium_Deficiency,85,95,47,25.94019018,78.3422098,6.211833161,119.84797,27.518603511688376,3,6.531625356232604,2.425486443119098,407.3452617931469,7.459031045433743,1,12.322578874135328,69.3040563424938,153.76497951273336,2,12.708021714042022,1,62.55921928632674,4.725838354795833,0.2751745599595044,0.2497856173925187,0.1304078537035997,0.233031176480799,Moderate_Risk
D:\Download1\Multi_Crop_Leaves_Disease\Multi_Crop_Leaves_Disease\Guava\Unhealthy_Guava\phosphorus\no(11).jpg,Phosphorus_Deficiency,31,13,33,27.63834933,95.48763389,5.85971872,205.5463111,12.574152069211795,2,10.7480932106707,7.610724490453656,422.4297040073561,8.401641427601552,5,5.5423792205635785,21.559675242408115,80.29805841517742,3,25.1294555536208,3,49.655719050317735,2.339315172874972,0.2780206357388302,0.2626632274064254,0.1292162634146313,0.2325004967748434,Moderate_Risk
D:\Download1\Multi_Crop_Leaves_Disease\Multi_Crop_Leaves_Disease\Castor\Unhealthy_castor\Pottassium\IMG_4962.jpg,Potassium_Deficiency,82,77,46,28.9470467,82.1888998,5.901100841,95.83016448,15.141719267175484,2,8.403345806940486,14.53839243752452,387.63327926352514,6.605467721607468,6,12.972721837493198,46.54558529644929,192.4755319175036,2,31.90734794186067,3,83.60219831303561,3.510788251320101,0.2643356522087341,0.2417619147700754,0.1764428165510036,0.223120929850777,Moderate_Risk
D:\Download1\Multi_Crop_Leaves_Disease\Multi_Crop_Leaves_Disease\Brinjal\Unhealthy_brinjal\Pottasium\pottasium_spider mite (5).jpg,Potassium_Deficiency,27,71,24,31.46417866,48.17631461,7.064973419,165.405354,16.833088612854667,1,9.719712245085152,9.207350550530762,386.8054235053354,6.415453096399448,2,10.810086805519596,7.863461668268989,79.9700454526329,1,16.15480066483172,2,44.31711482019029,2.104668243475422,0.2859045636145876,0.2411248677935974,0.1610134472505438,0.2133056951871573,Moderate_Risk
D:\Download1\Multi_Crop_Leaves_Disease\Multi_Crop_Leaves_Disease\Papaya\Unhealthy_papaya\Nitrogen\9238858383_d90dc339d2_w.jpg,Nitrogen_Deficiency,5,18,14,33.1056981,93.48447453,7.434118807,119.1709113,15.53648439502464,1,10.736894523574655,4.418354103839739,366.3763492368787,1.806217077941277,3,6.200889266973281,40.16116905192597,147.10704852975869,3,35.37955804118021,3,72.01179843603326,3.833708111204844,0.2731323500682599,0.2392941669106476,0.1217847154772177,0.2293273275541327,Moderate_Risk
D:\Download1\Multi_Crop_Leaves_Disease\Multi_Crop_Leaves_Disease\Brinjal\Unhealthy_brinjal\Nitrogen\Nitrogen5.jpg,Nitrogen_Deficiency,14,121,203,9.724457611,83.74765639,6.158689406,74.46411148,23.4975844784642,1,10.793036903829783,19.83304689701284,405.18074459836185,2.9796519112185127,5,8.16905154879666,26.505881165945567,140.33962000081482,1,44.31777615804294,1,83.82672727648202,3.936387707998109,0.1881799811803496,0.2177736994238945,0.1020953444519946,0.1784505531640862,Moderate_Risk
D:\Download1\Multi_Crop_Leaves_Disease\Multi_Crop_Leaves_Disease\Castor\Unhealthy_castor\Pottassium\IMG_4958.jpg,Potassium_Deficiency,74,55,19,18.05033737,62.89366992,6.28886807,84.23613484,28.361883052679257,3,7.681525712895155,18.63277517605433,380.7963324132751,2.640846091740541,4,13.71699861924386,86.71488486432531,55.12069480853036,3,16.071264008579654,1,49.73906723092462,2.04522576754565,0.0409677799958357,0.1819086387048688,-0.033709415627995,0.1502057124382393,Moderate_Risk
D:\Download1\Multi_Crop_Leaves_Disease\Multi_Crop_Leaves_Disease\Brinjal\Unhealthy_brinjal\Pottasium\spider_mite (2).jpg,Potassium_Deficiency,100,48,17,23.7805123,83.03878838,7.827877818,66.26555904,28.177092280000103,2,7.245895374782523,16.83879083610578,411.75945998901545,9.85472497317278,2,8.10484183197612,99.216638493547,98.6687847794456,2,14.355624187448962,2,34.8257502963094,3.2106785765750288,0.1755391967456433,0.2297807130733123,0.0769026872317468,0.1966602432870653,Moderate_Risk
D:\Download1\Multi_Crop_Leaves_Disease\Multi_Crop_Leaves_Disease\Brinjal\Unhealthy_brinjal\Pottasium\pottasium_spider mite (7).jpg,Potassium_Deficiency,26,11,11,13.70319166,90.95589386,7.609348255,106.2944879,20.54809814425508,2,6.444050705537716,4.149650513655145,367.19701820321575,7.463924406158924,6,7.142349060158192,50.36402731589222,132.56550711881744,1,34.72324376152116,3,96.0895920184774,1.8285835461149416,0.0491492487357046,0.1811684285935536,-0.0029244675899617,0.151944493087541,Moderate_Risk
D:\Download1\Multi_Crop_Leaves_Disease\Multi_Crop_Leaves_Disease\Guava\Unhealthy_Guava\phosphorus\no(8).jpg,Phosphorus_Deficiency,41,69,82,20.02381489,16.63294455,6.715587232,68.97806542,28.250741125292,2,6.918300610057977,7.1339305723449975,371.7952683514761,9.644479873220307,2,11.276553952503424,39.82218398020191,143.98815300871024,2,35.64737313376752,1,23.94888080249505,3.30853536441194,0.0609933615357023,0.2670108481498826,-0.031795968545849,0.1819224416740979,Moderate_Risk
D:\Download1\Multi_Crop_Leaves_Disease\Multi_Crop_Leaves_Disease\Guava\Unhealthy_Guava\pottasium\no(6).jpg,Potassium_Deficiency,120,23,28,25.67324193,51.29043632,6.877799264,196.2736367,21.98237866520371,1,8.403351292704773,11.133358666191604,384.4297077162644,5.911817507142141,4,15.379318695467202,95.03373072027792,171.98740161433886,2,40.042576134251775,2,64.22533392921035,4.53711817253506,0.1194579363886923,0.2270891232081161,-0.0471363110572283,0.1615135672187046,Moderate_Risk
D:\Download1\Multi_Crop_Leaves_Disease\Multi_Crop_Leaves_Disease\Guava\Unhealthy_Guava\Nitrogen\no(13).jpg,Nitrogen_Deficiency,55,66,22,30.91219459,68.79427388,7.747775263,66.63830637,29.86873899885332,2,8.323945459513116,12.443540151971284,404.896195551456,5.456156936257829,6,11.933347329514683,13.289574023746145,182.2706500419665,2,8.207947153728574,2,93.97683731601482,4.76246135702345,0.2449503170655981,0.2374728808700787,0.1028266327682163,0.2239510727181713,Moderate_Risk
D:\Download1\Multi_Crop_Leaves_Disease\Multi_Crop_Leaves_Disease\Brinjal\Unhealthy_brinjal\Pottasium\pottasium_spider mite (8).jpg,Potassium_Deficiency,11,60,23,27.33684386,88.50229102,7.033012777,51.09802625,16.993429954823718,2,9.895989418026428,12.357501399148472,366.05096457463696,7.105378195397041,6,13.303504772930207,62.516098268209085,178.86914690043935,3,41.95858344665193,3,23.42928900309569,2.954418827793757,0.2824402931464675,0.2453419073742973,0.1294679759880817,0.2329868779945205,Moderate_Risk
D:\Download1\Multi_Crop_Leaves_Disease\Multi_Crop_Leaves_Disease\Guava\Unhealthy_Guava\Magnesium\no(5)1.jpg,Magnesium_Deficiency,89,47,38,25.52468965,72.24850829,6.002524871,151.8869972,17.767683965423615,2,9.24746776742683,14.680317390318269,420.1000900008126,8.75845417057526,3,7.997518618377588,52.91560582796904,90.71533074830155,2,43.10518429596646,3,69.66298346028168,2.224105952873145,0.2731323500682599,0.2392941669106476,0.1217847154772177,0.2293273275541327,Moderate_Risk
D:\Download1\Multi_Crop_Leaves_Disease\Multi_Crop_Leaves_Disease\Papaya\Unhealthy_papaya\magnesiuam\magnesium4.jpg,Magnesium_Deficiency,120,48,16,22.46054478,75.40989245,7.456971816,71.85436078,19.11463327968256,2,7.231303593125018,3.795707815784852,441.9517549248638,7.0427733643497445,5,16.89087111460446,64.98478526789985,59.79659947949696,1,40.4709250429555,1,8.286654204706457,4.562280408280323,0.2918146086924087,0.242052860736266,0.1127849244559271,0.2320598156942361,Moderate_Risk
D:\Download1\Multi_Crop_Leaves_Disease\Multi_Crop_Leaves_Disease\Brinjal\Unhealthy_brinjal\Nitrogen\no(16).jpg,Nitrogen_Deficiency,10,59,15,29.83040388,89.30428305,6.32400451,58.86687093,18.34078535944638,2,5.134806685277974,10.82294034301275,399.47427214786944,2.426137392646901,1,5.352734210300366,17.985366253138167,56.42574427700407,2,23.4552584868176,2,64.07716683225043,4.904711635175548,0.2696265869102576,0.2471832387901456,0.1529573854065015,0.2068291141128475,Moderate_Risk
