image_path,leaf_label,N,P,K,temperature,humidity,ph,rainfall,soil_moisture,soil_type,sunlight_exposure,wind_speed,co2_concentration,organic_matter,irrigation_frequency,crop_density,pest_pressure,fertilizer_usage,growth_stage,urban_area_proximity,water_source_type,frost_risk,water_usage_efficiency,NDVI_Mean,NDVI_Std,NDRE_Mean,NDRE_Std,crop_health
D:\Download1\Multi_Crop_Leaves_Disease\Multi_Crop_Leaves_Disease\Brinjal\Healthy_brinjal\Brinjal Plant !!!.jpg,Healthy,11,124,204,13.42988625,80.06633966,6.361141107,71.40043037,13.617083412408157,3,9.313099372779435,8.312904500697812,366.80669690745,9.218050237827851,6,5.78881231493316,3.259690907889623,107.027406624033,2,26.966940784868417,3,74.15920454286797,2.9874734314720066,0.1156567940639901,0.2056236129515778,0.0556674268444078,0.1825078192829755,Healthy
D:\Download1\Multi_Crop_Leaves_Disease\Multi_Crop_Leaves_Disease\Brinjal\Healthy_brinjal\IMG-20260325-WA0004.jpg,Healthy,108,94,47,27.35911627,84.54625006,6.387431383,90.81250457,20.64717442786585,3,7.020558825761817,16.95137583935374,357.4229701866576,8.955251938936522,1,13.301019792094548,78.83700795458655,135.84359887193932,2,42.027669326339925,3,65.27968116971184,2.3332934790040865,0.2587702011005153,0.2462995326646494,0.0950281639118361,0.2354249306057356,Healthy
D:\Download1\Multi_Crop_Leaves_Disease\Multi_Crop_Leaves_Disease\Brinjal\Healthy_brinjal\IMG-20260325-WA0008.jpg,Healthy,14,131,198,33.4641162,83.86742974,5.562790949,67.92204319,22.70373097856308,2,11.277909607976037,2.40077637969018,377.1429785845643,9.446816909302862,1,12.13034679726718,49.4791239109173,189.4695040897273,3,0.6069531234466463,3,83.68687215004906,4.266625817700119,0.2704736251939677,0.2493630118727416,0.1316149149195679,0.2329566673373792,Healthy
D:\Download1\Multi_Crop_Leaves_Disease\Multi_Crop_Leaves_Disease\Brinjal\Healthy_brinjal\IMG-20260325-WA0010.jpg,Healthy,17,77,23,24.51324787,20.81527638,5.670062975,64.19497947,29.59891522667612,3,6.881596136998308,5.829400501126997,396.7110919595346,4.747525614127909,4,8.556008376552274,3.3658861848583688,183.56553503648823,1,25.52351568110463,2,55.23343305698195,3.971081543496998,0.2557328745175416,0.2640159299519048,0.1297730635455898,0.2362678608317673,Healthy
D:\Download1\Multi_Crop_Leaves_Disease\Multi_Crop_Leaves_Disease\Brinjal\Healthy_brinjal\IMG-20260325-WA0020.jpg,Healthy,42,58,25,27.45853567,62.90020977,6.513620918,69.46020927,11.114582318756035,2,5.837217962483831,11.389073514300998,395.2662198464169,4.670532084776915,4,14.067756854706236,17.707709113916504,53.69999432609255,2,23.43365999859892,1,96.75594181928476,4.412940503819076,0.2510437944074032,0.2396628380683336,0.1009937459209953,0.2252502164866279,Healthy
D:\Download1\Multi_Crop_Leaves_Disease\Multi_Crop_Leaves_Disease\Brinjal\Healthy_brinjal\IMG-20260325-WA0022.jpg,Healthy,30,143,199,23.76881552,90.59810302,5.7983508,102.2648546,12.078995269273094,3,5.36518580284117,14.45362947753797,374.4447056460166,1.286929694763968,6,19.747971755547184,69.81154264110334,164.8600279221189,3,14.03033476838912,3,46.7770812954997,4.478685780045687,0.229544050912481,0.2405137897899892,0.1440477038058586,0.2058136743823639,Healthy
D:\Download1\Multi_Crop_Leaves_Disease\Multi_Crop_Leaves_Disease\Brinjal\Healthy_brinjal\IMG-20260325-WA0028.jpg,Healthy,0,36,26,34.13072188,51.25786185,5.101206389,96.38808001,16.15189052261151,1,7.25953424692906,9.920568708081433,382.8159231677604,2.721206886248256,5,19.72209528664425,66.70104494797708,180.78760129111865,2,3.5504123429854872,1,99.3411806677498,1.5630711405574722,0.1896986295113412,0.2627679911307793,0.0912000755218301,0.2169741923817529,Healthy
D:\Download1\Multi_Crop_Leaves_Disease\Multi_Crop_Leaves_Disease\Brinjal\Healthy_brinjal\IMG_20260222_183048.jpg,Healthy,55,67,16,34.37329112,69.69366426,6.596719015,70.27184748,25.06094807513915,2,10.62770979144067,7.663871227056315,409.055467938469,6.003239505117515,4,9.90236847942932,17.370140302455006,156.08010202144814,2,13.469121041077544,2,95.79365135392923,4.84773923508363,0.0262155449077294,0.1919721506224202,-0.018864395536896,0.1568379110146954,Healthy
D:\Download1\Multi_Crop_Leaves_Disease\Multi_Crop_Leaves_Disease\Brinjal\Healthy_brinjal\IMG_20260222_183359.jpg,Healthy,9,59,24,20.43517772,39.37252634,4.747352458,137.2279662,24.11837034334575,3,7.102052572222014,0.5626128041366352,430.9584213685999,8.345998421077478,6,9.078079062885616,52.15080048409772,139.96582279338912,1,22.076318465169432,1,26.803205066648,2.608225250711364,0.3541961519299905,0.2242827254676467,0.2029977269366428,0.2175530067916621,Healthy
D:\Download1\Multi_Crop_Leaves_Disease\Multi_Crop_Leaves_Disease\Brinjal\Healthy_brinjal\IMG_20260222_183743.jpg,Healthy,80,52,39,26.41915161,76.85691248,7.165696848,197.2101782,12.025555160607496,3,11.502773055482097,18.3362417244968,429.6499234756257,9.12541851147823,2,19.04888314690641,9.732517356502036,191.9222335308865,1,20.86266450103737,3,3.1224825676689494,3.591886705824868,0.2228420720237106,0.1860162670663663,0.1353412628267272,0.1560960921993875,Healthy
D:\Download1\Multi_Crop_Leaves_Disease\Multi_Crop_Leaves_Disease\Brinjal\Healthy_brinjal\IMG_8752.jpg,Healthy,24,128,196,22.75088787,90.69489172,5.521466996,110.4317855,26.113409078104365,3,5.621583404334913,16.669208892696112,379.08411221752937,6.984264351462168,3,17.074309034166177,9.285506758817776,150.12815322700828,1,27.90621993963222,3,15.502632603083022,3.0578455868655303,0.1888089508254469,0.1821024141150078,0.1270084255358297,0.1730777327506774,Healthy
D:\Download1\Multi_Crop_Leaves_Disease\Multi_Crop_Leaves_Disease\Brinjal\Healthy_brinjal\IMG_8887.jpg,Healthy,42,61,22,26.27274407,62.28814857,7.418650668,70.23207557,17.847875103559108,1,5.606756913903757,6.503058374370316,423.6303973199391,7.098344554741495,2,11.783802400828565,17.83712989970797,73.98434354427917,1,46.22534285362784,2,90.85330432584584,3.788237438066084,0.1647878396996178,0.2470896998851705,0.0559796976397417,0.2064885365761578,Healthy
D:\Download1\Multi_Crop_Leaves_Disease\Multi_Crop_Leaves_Disease\Brinjal\Healthy_brinjal\IMG_8888.jpg,Healthy,18,125,203,22.44307715,91.59234006,6.160267496,102.5565807,26.033503023353923,3,5.535032968970341,3.0752172523507526,392.2084427211176,4.049705621882335,2,6.097864783254899,47.6643685600168,185.20976571402213,3,37.80246307201909,1,13.409580698445687,1.7679611069396648,0.2447768144506669,0.2481279098017598,0.1101090478398456,0.2340463749985691,Healthy
D:\Download1\Multi_Crop_Leaves_Disease\Multi_Crop_Leaves_Disease\Brinjal\Healthy_brinjal\IMG_8890.jpg,Healthy,23,72,84,19.02061277,17.13159126,6.920251378,79.92698081,27.05509317878045,3,11.878308835344855,2.815813462829515,416.79872503934456,3.5492663410517467,6,9.493220478777127,33.115625927157,59.70228819804632,3,38.376003590536605,3,10.03302386589996,3.307460131083072,0.2798559329483415,0.2404500481752604,0.1727346032296613,0.2279523065289345,Healthy
D:\Download1\Multi_Crop_Leaves_Disease\Multi_Crop_Leaves_Disease\Brinjal\Healthy_brinjal\Little white eggplant has big leaves_.jpg,Healthy,121,53,19,23.51308653,76.72621429,7.976889498,80.11272117,28.914272623918485,1,7.931491404456913,1.0831561350996188,414.5398333736644,7.9765460438031965,4,12.862438027581144,93.42653644843072,59.97389337799559,3,40.8434161056684,1,67.05678364391477,4.855826023576963,0.2560103776977602,0.2401027672046924,0.1232370839366175,0.231265954356447,Healthy
D:\Download1\Multi_Crop_Leaves_Disease\Multi_Crop_Leaves_Disease\Brinjal\Healthy_brinjal\WhatsApp Image 2026-03-31 at 10.56.10 AM.jpeg,Healthy,33,23,45,20.00218987,85.83618191,7.116538883,112.337046,28.83400218978235,3,11.378909982042412,18.742899809578304,405.89842378246186,5.599919189589377,1,14.536901818208296,24.445940854869875,77.79460668512309,2,10.76132110859755,1,44.505996897925485,4.330322544034911,0.2330809849463707,0.2638559957925448,0.0605912922500093,0.2414275863479965,Healthy
D:\Download1\Multi_Crop_Leaves_Disease\Multi_Crop_Leaves_Disease\Brinjal\Healthy_brinjal\WhatsApp Image 2026-03-31 at 10.56.33 AM (1).jpeg,Healthy,8,136,201,41.65602996,82.22118237,5.609255992,74.19664838,24.43952238826997,2,8.993371822317629,5.693625193255554,350.1129099284737,9.479764546641643,4,17.32232250193894,20.11965630041336,52.96484560113024,3,8.651581224393556,1,95.33081102689184,3.183705727232052,-0.1584452286848346,0.1725793484284205,-0.3024683695484409,0.1361562597649335,Healthy
D:\Download1\Multi_Crop_Leaves_Disease\Multi_Crop_Leaves_Disease\Brinjal\Unhealthy_brinjal\Cercospora\cercospora13.png,Cercospora,89,91,55,25.08347445,80.261731,6.275572298,94.32961456,19.839832895229613,1,10.95310827300801,15.301841934099446,380.8661048749861,1.413298621923211,1,9.040540649593346,61.514992963163614,177.5520904594253,3,2.75202209842233,3,94.9865095839756,4.086551780180214,0.3089701373329916,0.2449624670841136,0.1812037378173581,0.2234614513867075,High_Risk
D:\Download1\Multi_Crop_Leaves_Disease\Multi_Crop_Leaves_Disease\Brinjal\Unhealthy_brinjal\Cercospora\cercospora14.png,Cercospora,59,58,17,28.546224,66.31394098,7.368318809,62.83469851,27.280009662050613,2,8.145861163325478,16.12653639295363,361.8935983115696,1.2612962159319565,2,17.997585864689952,20.90282928731833,146.76750770069083,3,37.10629113887449,1,22.596087517644225,1.6268254069890529,0.2188437778472488,0.2063325243038297,0.1300130933028308,0.177674427916176,High_Risk
D:\Download1\Multi_Crop_Leaves_Disease\Multi_Crop_Leaves_Disease\Brinjal\Unhealthy_brinjal\Cercospora\cercospora18.png,Cercospora,1,29,29,27.32961444,49.30347234,6.052026047,93.53197359,16.82892056563115,3,7.869854686964746,6.960873360697624,368.48532778182687,3.300031143922392,4,16.226513427836117,15.74260257996899,79.52362590478475,3,8.179879735331468,3,93.01664336616857,4.858995155757364,0.1098579175989218,0.1938677018558514,0.0264283273523151,0.1640345053857025,High_Risk
D:\Download1\Multi_Crop_Leaves_Disease\Multi_Crop_Leaves_Disease\Brinjal\Unhealthy_brinjal\Cercospora\cercospora21.png,Cercospora,91,12,46,24.64458469,85.49938185,6.343942518,48.31219031,13.53062773626413,3,5.8303837928129045,0.7098699023932831,417.3830129356597,9.486207446286786,1,9.064528156230402,26.318748624131207,106.4400803141661,3,49.7999586356249,2,66.73347194425764,4.0594028089210346,0.1224027948746228,0.1807391846185329,0.1058905565544218,0.1495139545635362,High_Risk
D:\Download1\Multi_Crop_Leaves_Disease\Multi_Crop_Leaves_Disease\Brinjal\Unhealthy_brinjal\Cercospora\cercospora22.png,Cercospora,37,36,27,27.5529736,47.90859131,5.910634533,90.40332704,10.783959311288562,3,6.699745250130075,15.849165893429504,380.7558763974026,5.694371470707981,4,15.45580205149215,95.34139445636002,89.17570909603396,3,16.09283478874064,2,96.91403704874678,1.597657975646214,0.3410463720405699,0.230250159543514,0.1473552699228697,0.2315287262301106,High_Risk
D:\Download1\Multi_Crop_Leaves_Disease\Multi_Crop_Leaves_Disease\Brinjal\Unhealthy_brinjal\Cercospora\cercospora23.png,Cercospora,76,44,45,25.4879684,84.48235878,6.740947635,168.7848886,26.664930509052184,1,5.263525883776876,17.44817398431784,416.7253694620193,1.8445663680715207,4,11.12617812642248,22.36745214112261,116.41522335611764,3,26.63894046543474,2,41.91785585791475,2.154479839742195,0.2408681720142856,0.2439769244527121,0.1370431233801596,0.2094020755892864,High_Risk
D:\Download1\Multi_Crop_Leaves_Disease\Multi_Crop_Leaves_Disease\Brinjal\Unhealthy_brinjal\Cercospora\IMG_8793.jpg,Cercospora,96,13,55,29.5275305,94.57459443,6.700337732,21.13545688,16.849234899690444,1,8.837008119081315,3.323558859844724,394.9634588682946,3.4318479194479736,4,15.281466133607982,32.91850237563174,185.7428817132948,2,29.53262229675718,3,2.648883649212097,4.944745176741174,0.2684385621491004,0.1453727636755912,0.1411981911734598,0.1410657746090677,High_Risk
D:\Download1\Multi_Crop_Leaves_Disease\Multi_Crop_Leaves_Disease\Brinjal\Unhealthy_brinjal\Cercospora\no(17).jpg,Cercospora,1,35,34,30.79375683,46.69536813,6.27339822,92.21318555,28.64394564828418,1,6.33286251838077,2.3240261152923014,435.1973475036425,4.066302104353758,2,11.192610803061935,43.29270424757342,153.4998724982956,2,31.21216102332393,3,7.751729397669282,2.189608036522272,0.282525961070738,0.2352376342952635,0.1217911523325992,0.2264963251412972,High_Risk
D:\Download1\Multi_Crop_Leaves_Disease\Multi_Crop_Leaves_Disease\Brinjal\Unhealthy_brinjal\Cercospora\no(19).jpg,Cercospora,2,143,196,22.71271308,90.45261746,5.669489065,109.8852597,10.188538529844916,1,9.333151503509018,9.638197433384985,381.72369348023176,1.4416871933951954,1,17.816396140708523,52.624550258489975,141.78113696913422,3,4.85770616327591,3,11.87071216461797,1.6979442528415398,0.2353515183612222,0.1738256971600038,0.1800627644596147,0.1587579343829829,High_Risk
D:\Download1\Multi_Crop_Leaves_Disease\Multi_Crop_Leaves_Disease\Brinjal\Unhealthy_brinjal\Early_Leaf_spot\leaf spor.jpg,Early_Leaf_spot,40,78,20,19.18572809,20.83398341,5.669236258,80.15293435,26.038360544951527,2,8.069194135841734,14.68859661918306,398.2563054665093,9.3520986282443,3,17.64626014503473,4.342274444716232,167.21439823918263,1,48.26408267157923,1,7.083514310218897,3.927596153401768,0.1430175762516661,0.1800497282773631,0.0334165232615572,0.1572763763367763,High_Risk
D:\Download1\Multi_Crop_Leaves_Disease\Multi_Crop_Leaves_Disease\Brinjal\Unhealthy_brinjal\Early_Leaf_spot\no(1).jpg,Early_Leaf_spot,40,17,15,21.35093384,90.9492967,7.871063004,107.0862095,21.39328988700335,1,8.711074061499891,4.518362357829813,410.6515834598084,1.220154370379202,4,9.362445434811187,43.869084369758326,175.70639527144527,2,30.447488064278883,1,22.997895059095384,2.147489768866198,0.3415415726563713,0.244512235959752,0.1709606309786425,0.2213734316873143,High_Risk
D:\Download1\Multi_Crop_Leaves_Disease\Multi_Crop_Leaves_Disease\Brinjal\Unhealthy_brinjal\Early_Leaf_spot\no(17).jpg,Early_Leaf_spot,82,46,41,23.3250131,79.79609448,6.581693772,187.3096148,19.67400250400913,3,7.194031324863888,18.727523567556258,351.5400665170053,6.911860841091031,6,13.585421861314131,11.24183505642453,191.4007487508728,2,36.637408573008585,3,91.09228252614432,3.744575882995673,0.173143359435536,0.2129469926099184,0.1117669853197192,0.1690017332031815,High_Risk
D:\Download1\Multi_Crop_Leaves_Disease\Multi_Crop_Leaves_Disease\Brinjal\Unhealthy_brinjal\Early_Leaf_spot\no(19).jpg,Early_Leaf_spot,103,33,33,26.71717393,50.50148528,7.131435858,126.8073984,27.90183973869437,1,11.66215282517514,2.324002312151414,438.3686605750282,6.266938412264151,3,19.346227666480704,81.89223232175623,105.9968443526586,1,6.007991296173759,1,39.23306104212055,3.472756440751938,0.2637546044295197,0.2480075367308772,0.1754485353333754,0.2285554776985267,High_Risk
D:\Download1\Multi_Crop_Leaves_Disease\Multi_Crop_Leaves_Disease\Brinjal\Unhealthy_brinjal\Early_Leaf_spot\no(6).jpg,Early_Leaf_spot,37,71,16,26.28663931,68.51966729,7.324863481,46.13833007,14.45817986156172,3,9.626370641021136,17.55861119160324,411.5870428765159,4.772328614297107,5,5.886138622888223,68.65614250772512,95.91380501974996,1,22.547897579239063,1,62.37843674736327,1.2991179532158543,0.2458360165738611,0.2583816460757159,0.1331471351454263,0.2364737576218877,High_Risk
D:\Download1\Multi_Crop_Leaves_Disease\Multi_Crop_Leaves_Disease\Brinjal\Unhealthy_brinjal\Early_Leaf_spot\no(7).jpg,Early_Leaf_spot,98,29,30,25.64004392,61.03273481,6.217974349,199.4735636,14.9647460866055,2,7.202522250308457,8.289854153350635,422.852472559832,1.1760837129932753,3,16.518957370572725,32.482353803212995,126.57700672097238,3,1.8233206878226824,1,97.633666009013,2.232463278343964,0.3368702723031191,0.247178841951299,0.2096562292954268,0.2251554366562076,High_Risk
D:\Download1\Multi_Crop_Leaves_Disease\Multi_Crop_Leaves_Disease\Brinjal\Unhealthy_brinjal\Early_Leaf_spot\no(8).jpg,Early_Leaf_spot,22,8,33,28.43572863,95.8840407,5.665785202,203.9283708,29.45772492848779,2,5.597789328109737,5.501089929048042,379.3502566085638,8.492168647316173,1,9.294338660707552,74.8422898426792,67.75173160506834,1,0.650495067016188,3,95.74661550951494,2.8964688658012023,0.2999908218418688,0.2600072790984676,0.1969379833748096,0.2264746608813793,High_Risk
D:\Download1\Multi_Crop_Leaves_Disease\Multi_Crop_Leaves_Disease\Brinjal\Unhealthy_brinjal\Early_Leaf_spot\test12.jpg,Early_Leaf_spot,1,27,36,23.98598756,93.34236582,5.684995235,104.991282,28.65626092875943,2,9.142501828732785,15.391525782167086,437.9228767298965,9.924951777926776,4,13.773738903765036,6.171702411391133,63.98318110736047,1,46.0472280062448,1,27.9733582778616,3.0338913306873785,0.315553342061823,0.2475809719930307,0.1408641818327258,0.2239677736293182,High_Risk
D:\Download1\Multi_Crop_Leaves_Disease\Multi_Crop_Leaves_Disease\Brinjal\Unhealthy_brinjal\Leaf_curl\leaf curl18.png,Leaf_Curl,58,70,84,20.6543203,16.60820843,6.231049028,74.6631118,11.86449934520388,1,8.081814024118177,14.878447975920649,370.4081608733405,4.925810774280869,5,19.77649615220448,44.93988022978135,97.3670638513376,3,44.804873553847926,2,38.356629199866575,2.0813051934295324,0.2832262587939204,0.2512812314367264,0.1359671552617357,0.2298675403049009,High_Risk
D:\Download1\Multi_Crop_Leaves_Disease\Multi_Crop_Leaves_Disease\Brinjal\Unhealthy_brinjal\Leaf_curl\leaf curl19.png,Leaf_Curl,99,73,53,26.29039046,81.06003778,5.871702211,118.6730366,12.082360233995129,3,9.685712911894925,0.8883129337517204,410.9714503350251,6.992504467903647,5,7.808888292184088,90.97542950929282,146.9055825803878,1,34.10184531493009,1,19.40643850994081,3.42009562238864,0.2893795479460609,0.1906915147484287,0.1288556813902201,0.1684951579369566,High_Risk
D:\Download1\Multi_Crop_Leaves_Disease\Multi_Crop_Leaves_Disease\Brinjal\Unhealthy_brinjal\Leaf_curl\leaf_curl.jpg,Leaf_Curl,19,30,30,29.56549169,91.40896307,5.826381164,224.8315729,15.895201313092835,1,9.894367062593885,0.9061640540828586,419.8671922494208,2.1768988819001738,3,9.53158569565441,59.88238023447008,64.1520826617105,3,32.16457332286512,1,84.56037123735092,3.943953628367089,0.3159543342442221,0.2448971475198212,0.21842126100375,0.2269726565970364,High_Risk
D:\Download1\Multi_Crop_Leaves_Disease\Multi_Crop_Leaves_Disease\Brinjal\Unhealthy_brinjal\Leaf_curl\leaf_curl2.jpg,Leaf_Curl,28,69,16,29.77013109,66.29327012,6.547361618,35.69674138,27.093874300113924,2,9.875342098314055,1.335826471093513,437.1446180832128,8.832227883615587,3,16.706238759488983,18.660956862827728,123.08791682710324,3,42.34130136657068,1,84.2370450757781,3.321662161799542,0.1454227494311894,0.2791234531723869,0.027560993805829,0.2291233030580269,High_Risk
D:\Download1\Multi_Crop_Leaves_Disease\Multi_Crop_Leaves_Disease\Brinjal\Unhealthy_brinjal\Leaf_curl\test5.jpg,Leaf_Curl,28,57,17,30.47757686,61.58245338,9.416003106,61.86633917,11.737787437312106,1,11.121880747799414,6.969204722991755,418.64734462121606,8.571635824099062,4,8.622915328121376,40.14150557522558,159.72780159724152,2,20.44345619919364,2,20.286454207902903,3.6536123231119455,0.1720918289714374,0.1901855429374129,0.087714490624889,0.1689706593974808,High_Risk
D:\Download1\Multi_Crop_Leaves_Disease\Multi_Crop_Leaves_Disease\Brinjal\Unhealthy_brinjal\Little_leaf\little leaf11.png,Little_leaf,26,15,6,17.22034507,94.78797376,6.912033409,108.0054343,11.861813428727714,2,10.729333831577774,0.8399640912733086,360.1742264957766,7.666731264334597,6,5.712658741012413,71.63868014748995,87.60129437319478,2,1.4795347064884223,2,2.528538799708624,3.594436144785529,0.0491342517970188,0.1642324558509376,-0.0101583425000225,0.1430541457295534,High_Risk
D:\Download1\Multi_Crop_Leaves_Disease\Multi_Crop_Leaves_Disease\Brinjal\Unhealthy_brinjal\Little_leaf\little leaf12.png,Little_leaf,25,51,24,25.5042419,61.66852372,9.392694614,65.07981523,23.430910355174166,3,5.4761975243938,4.202151055088914,382.680430336379,4.223864135743031,5,14.698367051670084,71.51866914165048,72.11757015862318,1,18.17645519276208,1,93.58967974215268,2.801284532121414,0.282525961070738,0.2352376342952635,0.1217911523325992,0.2264963251412972,High_Risk
D:\Download1\Multi_Crop_Leaves_Disease\Multi_Crop_Leaves_Disease\Brinjal\Unhealthy_brinjal\Little_leaf\little leaf14.png,Little_leaf,7,28,35,30.02086169,46.78393776,4.66910839,96.63721027,11.55177333359918,1,9.679904877439435,15.596502100812696,368.8228913451877,9.576864099342774,4,16.147271561864763,6.7471469456108935,154.80948645235458,3,21.27736766887064,3,87.2346352307003,2.229721270632325,0.2350462586605806,0.2428981086735192,0.1243748048977572,0.2281194381818902,High_Risk
D:\Download1\Multi_Crop_Leaves_Disease\Multi_Crop_Leaves_Disease\Brinjal\Unhealthy_brinjal\Little_leaf\little leaf15.png,Little_leaf,61,64,52,43.30204933,92.83405443,6.641098708,110.562229,15.672019150218633,2,10.030074710130776,13.44020869618549,448.4191630291825,9.840912677984292,2,12.660968660407129,47.59342342240968,114.86358735953718,1,5.142477751892111,3,2.3462482287189723,2.059647720907197,0.2730136608807161,0.1637667555702561,0.1342792353045481,0.1509888344817751,High_Risk
D:\Download1\Multi_Crop_Leaves_Disease\Multi_Crop_Leaves_Disease\Brinjal\Unhealthy_brinjal\Little_leaf\PHYP62_15931.jpg,Little_leaf,58,73,16,33.36984395,65.67718163,6.874142175,64.89517488,27.92743382889407,1,8.045813170613412,4.596843033736104,437.7171319343028,7.118478301673552,1,10.064723772412728,6.702505032170791,98.8434458998906,3,20.38684044094284,3,95.4328586284362,4.700004167711239,0.1236305743733896,0.2241608162675485,0.0416176328148616,0.1932673449461761,High_Risk
D:\Download1\Multi_Crop_Leaves_Disease\Multi_Crop_Leaves_Disease\Brinjal\Unhealthy_brinjal\Magnessium\magne13.png,Magnesium_Deficiency,82,25,51,24.31334971,87.47409052,6.074209622,48.11248366,12.29387392612072,2,5.712298604428518,11.536306544655076,423.2452181368836,5.710090453010161,5,5.738641538938908,0.0664443234503209,65.1315118703144,3,26.7606117073044,3,66.62767715411536,1.120195667766963,0.0443018902928554,0.1871085733193785,-0.0311996700547237,0.1564030020199493,Moderate_Risk
D:\Download1\Multi_Crop_Leaves_Disease\Multi_Crop_Leaves_Disease\Brinjal\Unhealthy_brinjal\Magnessium\magne15.png,Magnesium_Deficiency,6,144,198,21.11478672,90.31528693,5.559363609,104.5086618,24.857790589963248,1,10.543174492945898,6.646143277085765,397.5003899609742,4.692630550808789,6,19.931017152656267,65.23134862893664,59.82756219742466,3,11.520506194214148,3,86.06387188638928,3.91880479900406,0.2821980866268685,0.2617641536726705,0.1529881293695949,0.2360331456603751,Moderate_Risk
D:\Download1\Multi_Crop_Leaves_Disease\Multi_Crop_Leaves_Disease\Brinjal\Unhealthy_brinjal\Magnessium\magnessium2.jpg,Magnesium_Deficiency,115,17,55,27.57826922,94.11878202,6.776533055,28.08253201,13.61459930168156,1,8.374898673496014,1.2989541223854006,380.1620337858732,9.032898780909,5,14.63257214102336,81.29325655350875,64.81147079120959,3,5.658761975512938,1,82.49201546672697,2.411655012860871,0.1933973162897838,0.2433654367139655,0.0980130871224033,0.1873698002403342,Moderate_Risk
D:\Download1\Multi_Crop_Leaves_Disease\Multi_Crop_Leaves_Disease\Brinjal\Unhealthy_brinjal\Magnessium\magnessium3.jpg,Magnesium_Deficiency,85,27,45,26.0713757,88.7285657,6.467095849,57.79652846,23.830453659792354,3,7.850181282368382,17.03606065616996,379.2687004119619,8.289147416341635,5,6.606951476626887,10.193711226253644,122.21610525792188,1,41.96179721013296,3,70.62777844750879,2.516279113240213,0.064214524021812,0.2431909590771235,0.0452580329812334,0.1908368234253522,Moderate_Risk
D:\Download1\Multi_Crop_Leaves_Disease\Multi_Crop_Leaves_Disease\Brinjal\Unhealthy_brinjal\Mosaic\mosaic1.jpg,Mosaic,27,80,15,19.07096165,21.21092266,5.788386951,86.21917578,28.75197472595325,2,5.356433858095645,5.549910977295733,376.7975400024399,3.664391261787356,4,14.212065037215805,16.411257491631627,118.48322037922809,1,37.32390526077624,3,25.75968849566118,4.241539636932313,0.3911039454712699,0.2187199361260266,0.1984446706395731,0.232121548545276,High_Risk
D:\Download1\Multi_Crop_Leaves_Disease\Multi_Crop_Leaves_Disease\Brinjal\Unhealthy_brinjal\Mosaic\test1.jpg,Mosaic,107,58,15,23.73868041,75.77503808,7.55606399,76.63669195,17.976434107611972,1,10.027443505191568,16.66741740873986,408.1755344769629,1.639757824131599,6,19.25478146862218,98.53229078954443,132.68552470180828,1,45.02552451204915,1,99.62994129270884,4.005809101831249,0.2406021588420057,0.2328317529636904,0.1193663330965081,0.2056884453002807,High_Risk
D:\Download1\Multi_Crop_Leaves_Disease\Multi_Crop_Leaves_Disease\Brinjal\Unhealthy_brinjal\Mosaic\test11.jpg,Mosaic,33,12,15,30.25578031,92.03272799,6.052318465,116.7173125,25.18414908131166,2,8.841332956391252,7.096222161608314,393.2208465382737,6.286496728226956,3,16.92965587233621,71.83185882714704,50.575000290818906,2,34.75748936939234,1,52.71860897017806,3.598348174635466,0.1547054064158144,0.276694549880376,0.055888561344636,0.2284224039063615,High_Risk
D:\Download1\Multi_Crop_Leaves_Disease\Multi_Crop_Leaves_Disease\Brinjal\Unhealthy_brinjal\Nitrogen\Nitrogen6.jpg,Nitrogen_Deficiency,5,25,6,30.72119881,94.01331956,6.011302181,106.8118019,22.79244210343155,3,9.748895290710369,6.315816079954568,424.7288607368821,7.337118380898586,6,6.296548795435126,95.35509045270324,125.19015966383434,3,26.80547937139637,1,47.33684442247203,1.7692104742850447,0.2822329655462026,0.245481484018449,0.1908338404292954,0.2087397729690293,Moderate_Risk
D:\Download1\Multi_Crop_Leaves_Disease\Multi_Crop_Leaves_Disease\Brinjal\Unhealthy_brinjal\Nitrogen\Nitrogen8.jpg,Nitrogen_Deficiency,94,26,27,26.36629861,52.25738495,7.456460375,177.3176161,14.924920535153532,3,5.051497384979205,16.50105882482992,406.9730796778742,3.552977353389375,3,6.534388460632296,73.42347271310275,196.27523976474484,1,49.17493606668759,3,10.712846420267674,3.783307479052532,0.2378029825833369,0.2661363931867267,0.1253992620083461,0.2322630797830034,Moderate_Risk
D:\Download1\Multi_Crop_Leaves_Disease\Multi_Crop_Leaves_Disease\Brinjal\Unhealthy_brinjal\Nitrogen\no(13).jpg,Nitrogen_Deficiency,85,58,41,21.77046169,80.31964408,7.038096361,226.6555374,12.851182636936995,3,5.754287955222303,12.048049798316915,401.45185974634256,2.142020928535281,4,16.797101236780506,74.73687900741903,70.96362942364794,1,4.714427327225068,2,77.26569365523096,1.7526716815799783,0.2463117728991833,0.2598577218723472,0.077194008685668,0.2339880189348139,Moderate_Risk
D:\Download1\Multi_Crop_Leaves_Disease\Multi_Crop_Leaves_Disease\Brinjal\Unhealthy_brinjal\Nitrogen\no(20).jpg,Nitrogen_Deficiency,6,68,18,24.388717,62.50453062,6.711341147,47.26052494,28.348238943330266,2,7.124887638232765,17.759181717624518,402.6386194379623,9.377079677854862,5,12.211252769786212,38.55566511027472,117.30724455676926,1,22.4678921273072,3,63.376262585810586,4.178196401125927,0.3462129200299929,0.2295269813135617,0.2277892818179806,0.2203590797020855,Moderate_Risk
D:\Download1\Multi_Crop_Leaves_Disease\Multi_Crop_Leaves_Disease\Brinjal\Unhealthy_brinjal\pest_damage\pest_damage2.jpg,Pest_Damage,74,56,22,18.28362235,66.65952796,6.829199275,80.97573281,10.557327891943224,3,10.83192583282395,17.988080048208047,364.679340186274,5.316890644844102,6,5.201145336322493,83.78298076978213,58.47081771157484,1,10.753839484866251,3,46.47527079661836,4.466445884409916,0.2354893529628829,0.1572933472543721,0.1402368932221714,0.147387833343762,Moderate_Risk
D:\Download1\Multi_Crop_Leaves_Disease\Multi_Crop_Leaves_Disease\Brinjal\Unhealthy_brinjal\Pottasium\early_stage_spider_mite.jpg,Potassium_Deficiency,60,54,19,18.74826712,62.49878458,6.417820493,70.23401597,27.443328277090263,1,7.0227758283696,19.398892142744344,427.49133042636936,8.568352691783055,3,5.1944866892726616,99.42325184651747,129.96462966860045,1,9.082351746830067,1,45.15901144503276,2.778748669210386,0.1933973162897838,0.2433654367139655,0.0980130871224033,0.1873698002403342,Moderate_Risk
D:\Download1\Multi_Crop_Leaves_Disease\Multi_Crop_Leaves_Disease\Brinjal\Unhealthy_brinjal\Pottasium\no(23).jpg,Potassium_Deficiency,118,31,34,27.54823036,62.88179198,6.123796057,181.4170812,13.508814256108518,1,11.133205665256488,19.49430607118484,408.1436896431313,7.900318350468376,2,11.986324682910077,18.598826821563087,146.35756501438993,2,22.823900390909053,3,17.753445252430023,4.132128235196412,0.1888089508254469,0.1821024141150078,0.1270084255358297,0.1730777327506774,Moderate_Risk
D:\Download1\Multi_Crop_Leaves_Disease\Multi_Crop_Leaves_Disease\Brinjal\Unhealthy_brinjal\Pottasium\pottasium2.jpg,Potassium_Deficiency,103,51,20,22.80213132,84.14668447,7.046607434,91.6389565,23.59786597594137,2,8.2678961751759,2.871317121556445,360.12789074603444,1.8288906005972985,1,6.684298590669576,31.242267525532974,165.65608019107017,2,3.853887383258292,2,10.576808559063576,2.9959695625912515,0.2971892578054474,0.24863258095887,0.1866152340696324,0.2243119947317406,Moderate_Risk
D:\Download1\Multi_Crop_Leaves_Disease\Multi_Crop_Leaves_Disease\Brinjal\Unhealthy_brinjal\Pottasium\pottasium3.jpg,Potassium_Deficiency,113,19,46,25.41864024,81.12122989,6.286387658,49.52320689,27.82512177638609,3,11.475216516480904,18.4941250256491,446.4255462848621,2.133570547520861,2,10.847954209252826,11.084107717682256,142.36409571467544,3,43.94957927534123,2,40.58998088573156,4.417890694735801,0.095049986151353,0.2488170831959682,0.0107543954245907,0.2034377102270907,Moderate_Risk
D:\Download1\Multi_Crop_Leaves_Disease\Multi_Crop_Leaves_Disease\Brinjal\Unhealthy_brinjal\Pottasium\pottasium_spider mite (10).jpg,Potassium_Deficiency,24,142,202,22.53779727,91.48135786,5.710819862,101.8474768,22.457282140177888,1,9.640734746097454,4.425803199160702,390.6865748319925,5.832870126857847,3,7.218131493967207,80.65324973090013,60.91262251652109,3,27.37464051611036,3,77.26682352728022,1.832747512667677,0.2276694425180183,0.2518450579399788,0.1018696366332767,0.2299291849293738,Moderate_Risk
D:\Download1\Multi_Crop_Leaves_Disease\Multi_Crop_Leaves_Disease\Brinjal\Unhealthy_brinjal\Pottasium\pottasium_spider mite (6).jpg,Potassium_Deficiency,114,40,23,25.53676123,81.13668716,6.753978061,95.4262599,19.53734149013836,3,8.211086305922594,9.614688279037209,354.1407482579642,3.732395355357436,5,18.66929705929652,29.6847401708668,187.63211963423333,1,0.8228097238958176,2,15.602045354034244,4.055317019746899,0.3406615696774503,0.2429330008423081,0.2047800157328925,0.227093049422024,Moderate_Risk
D:\Download1\Multi_Crop_Leaves_Disease\Multi_Crop_Leaves_Disease\Brinjal\Unhealthy_brinjal\Pottasium\pottasium_spider mite (9).jpg,Potassium_Deficiency,13,28,33,28.130115,95.64807631,5.686972967,151.0761899,14.66127783457232,3,11.823272625945926,19.09420673941376,361.8024913756128,8.031681659150008,4,13.56591281931902,69.65648569264833,67.56219982028082,3,47.78866496692866,1,57.92638043160563,3.295214526946238,0.0171458001389119,0.2167142538193813,-0.099822786944663,0.1670723714442358,Moderate_Risk
D:\Download1\Multi_Crop_Leaves_Disease\Multi_Crop_Leaves_Disease\Brinjal\Unhealthy_brinjal\Pottasium\spider_mite11.jpg,Potassium_Deficiency,16,7,8,22.79196751,90.60901895,6.420457311,116.5084074,24.5955387307174,1,9.580872817965432,5.330284110429218,363.9307984592116,4.527172622611916,2,18.36532659824169,37.41668013521304,136.83634986946586,3,15.21701936811713,3,10.862265201735378,1.1207582795350195,0.2378029825833369,0.2661363931867267,0.1253992620083461,0.2322630797830034,Moderate_Risk
D:\Download1\Multi_Crop_Leaves_Disease\Multi_Crop_Leaves_Disease\Brinjal\Unhealthy_brinjal\Pottasium\spider_mite2.jpg,Potassium_Deficiency,31,37,21,27.23924995,86.404241,6.713410626,37.31236904,24.38779630113764,1,5.365232708100329,7.539806865431437,410.4670240035616,3.9413545681230846,5,8.624616941496363,21.98784782998433,160.4323649637663,1,2.190211023804012,2,86.96029693351545,3.0737056419770705,0.2999908218418688,0.2600072790984676,0.1969379833748096,0.2264746608813793,Moderate_Risk
D:\Download1\Multi_Crop_Leaves_Disease\Multi_Crop_Leaves_Disease\Brinjal\Unhealthy_brinjal\Pottasium\spider_mite41.jpg,Potassium_Deficiency,100,56,40,26.38905406,83.31240346,7.433313409,176.1516409,11.006101701812238,2,9.17961839567448,2.296052054917568,427.3508020333488,4.504569519073457,3,8.305587074015538,56.60715839324294,83.12536483820415,3,23.717992316796288,3,2.115146923636136,1.819994263453362,0.2449503170655981,0.2374728808700787,0.1028266327682163,0.2239510727181713,Moderate_Risk
D:\Download1\Multi_Crop_Leaves_Disease\Multi_Crop_Leaves_Disease\Castor\Healthy_castor\castor_he1.png,Healthy,7,28,35,30.02086169,46.78393776,4.66910839,96.63721027,11.55177333359918,1,9.679904877439435,15.596502100812696,368.8228913451877,9.576864099342774,4,16.147271561864763,6.7471469456108935,154.80948645235458,3,21.27736766887064,3,87.2346352307003,2.229721270632325,0.2802488492880624,0.2586593377261879,0.1150609730584037,0.2397907824102081,Healthy
D:\Download1\Multi_Crop_Leaves_Disease\Multi_Crop_Leaves_Disease\Castor\Healthy_castor\castor_hea3.png,Healthy,27,57,24,27.33534897,43.35795962,6.09186275,142.3303677,11.836692557738576,1,8.876881648355596,9.850233002657417,361.7105540134821,8.276828900517847,5,15.236328991418173,70.15409225544983,52.31099106975566,1,16.97113869873069,3,8.27716646724056,2.147404514546297,0.2633293767453621,0.1506667560915206,0.1698849363328183,0.1366967575116895,Healthy
D:\Download1\Multi_Crop_Leaves_Disease\Multi_Crop_Leaves_Disease\Castor\Healthy_castor\download (8).jpg,Healthy,99,12,52,28.69708334,94.30759855,6.002927293,22.21807088,24.19127296156037,3,7.951066458267496,8.524233400098124,359.3369194705196,3.282177951726664,3,5.117686057188358,9.620473115710826,147.22444635798695,2,49.61712706314814,3,30.97323830389641,1.3471739254093211,0.1774924631679791,0.208722154121505,0.0895066590102822,0.1681969598024925,Healthy
D:\Download1\Multi_Crop_Leaves_Disease\Multi_Crop_Leaves_Disease\Castor\Healthy_castor\download (9).jpg,Healthy,73,58,21,19.97215954,57.68272924,6.596060648,60.65171481,27.03065827167512,2,6.344720978162365,16.29883251302163,409.4140461799825,5.081608308320408,3,7.358802371161817,52.054374876759866,121.56979071519592,1,11.182231203060228,2,67.65339695294185,3.565479847440921,0.1247902368954538,0.173935149966424,0.040673401352505,0.1473221170160742,Healthy
D:\Download1\Multi_Crop_Leaves_Disease\Multi_Crop_Leaves_Disease\Castor\Healthy_castor\IMG-20260325-WA0042.jpg,Healthy,82,26,47,28.50416396,93.46806467,6.565312653,24.20007242,15.657421669721185,1,11.676280822703465,2.377220350584097,366.5140054861114,8.399343299512463,4,5.072500815542467,25.59491076272401,185.8120390273185,1,14.429855160047268,2,46.01182656696574,2.9974512535123834,0.1888089508254469,0.1821024141150078,0.1270084255358297,0.1730777327506774,Healthy
D:\Download1\Multi_Crop_Leaves_Disease\Multi_Crop_Leaves_Disease\Castor\Healthy_castor\IMG_8845.jpg,Healthy,7,23,35,19.75088482,88.71691157,7.054313823,102.5538035,18.843079670742284,1,11.092604125141976,6.947505305185954,396.9251895746729,8.942793901246446,5,9.662298263096144,88.90534364943925,123.44943016901335,1,43.71507878770812,3,75.40749005777026,3.0558927471892328,0.2822329655462026,0.245481484018449,0.1908338404292954,0.2087397729690293,Healthy
D:\Download1\Multi_Crop_Leaves_Disease\Multi_Crop_Leaves_Disease\Castor\Healthy_castor\IMG_8858.jpg,Healthy,7,16,9,18.87957654,92.04304496,7.813916603,114.6659511,13.866481527972097,2,10.802391219180112,14.028277080832376,372.56224301660006,7.684275746046994,5,10.525476626469793,38.99639196828688,170.58868315984253,2,24.20564883987074,3,58.09406660342895,2.584127200433268,0.0716836083397783,0.194227348162265,0.0047602307989865,0.1524215589081096,Healthy
D:\Download1\Multi_Crop_Leaves_Disease\Multi_Crop_Leaves_Disease\Castor\Healthy_castor\papa_caster.jpeg,Healthy,25,143,198,22.81212536,91.51861705,6.027314401,107.855225,14.077575939367344,3,6.5681385624156485,7.836216597319532,391.0671375866932,1.6916636269243086,6,9.10851640616632,67.62454758726645,169.86674221726693,1,22.13056015887715,3,44.01389950896366,1.4740639459763911,0.2862356098449636,0.2459593606942146,0.1457284312031339,0.2320967449386751,Healthy
D:\Download1\Multi_Crop_Leaves_Disease\Multi_Crop_Leaves_Disease\Castor\Healthy_castor\PHOTO By CARO.jpg,Healthy,117,56,15,25.99237426,77.0543546,7.368258226,89.1188212,10.904882585409904,1,6.611569616474132,12.188095014964828,405.7825221380586,8.764136830392598,3,12.279267875031955,86.53946101505369,161.77995862720428,2,10.903805385839672,2,7.615969274712652,2.2728908168651176,0.2117347907194374,0.161021680290316,0.1180226604043384,0.1414566435911778,Healthy
D:\Download1\Multi_Crop_Leaves_Disease\Multi_Crop_Leaves_Disease\Castor\Healthy_castor\Ricinus Communis (1).jpg,Healthy,95,27,55,28.47212559,91.21322065,6.160414414,20.88620369,14.00298223280621,1,5.046102745823626,6.30203864310036,356.0818357392836,4.987546025694768,6,15.10068947163066,45.72398640406542,92.89077549599833,3,33.901855825751824,1,20.86706021172852,1.5127578880135737,0.1881799811803496,0.2177736994238945,0.1020953444519946,0.1784505531640862,Healthy
D:\Download1\Multi_Crop_Leaves_Disease\Multi_Crop_Leaves_Disease\Castor\Healthy_castor\TOP 5 castor oil benefits.jpg,Healthy,28,122,197,19.89363946,82.73366439,5.856575335,69.66256816,21.913312119485408,2,6.598409695714603,13.960380820535976,446.62675043442425,7.506281103953085,6,5.008420799267784,40.0785001460237,139.84672168339898,3,22.08136439551593,3,32.87276082058441,2.474821535006752,0.2354893529628829,0.1572933472543721,0.1402368932221714,0.147387833343762,Healthy
"D:\Download1\Multi_Crop_Leaves_Disease\Multi_Crop_Leaves_Disease\Castor\Healthy_castor\_If I wasn_t singing, I_d probably be, probably an accountant__  ~Janet Jackson.jpg",Healthy,3,72,24,36.51268371,57.92887167,6.03160778,122.6539694,12.300796996218914,1,5.072280482284679,2.659512966080706,413.1667094807197,5.483977498461362,3,13.235678121410562,97.17837194002,120.16398859301589,1,48.71899841386766,3,0.4118913242861399,2.1496913420145503,0.2264241136066709,0.2424117896575513,0.0851711418077959,0.2293237878923609,Healthy
D:\Download1\Multi_Crop_Leaves_Disease\Multi_Crop_Leaves_Disease\Castor\Unhealthy_castor\Alternia Leaf Blight\alternaria leaf (3).jpg,Alternaria_Blight,5,13,37,22.34375696,89.7870345,5.648243649,103.3183074,11.442336684911844,1,7.360179707114042,10.427818577162292,353.53652362048416,4.927833957471779,5,9.25855920440238,99.94570244673972,159.78335427298515,2,15.502997018505091,3,81.73559359754438,4.724939119339368,0.1247902368954538,0.173935149966424,0.040673401352505,0.1473221170160742,High_Risk
D:\Download1\Multi_Crop_Leaves_Disease\Multi_Crop_Leaves_Disease\Castor\Unhealthy_castor\Alternia Leaf Blight\alternaria leaf (5).jpg,Alternaria_Blight,82,78,46,25.05802193,84.97323747,5.738678895,110.4408803,25.3385999411068,1,11.71661708047704,2.2904373355138308,442.9742594775492,7.9696037959651,6,17.697653333120083,66.45150425361285,125.26639085731208,2,4.65409925376663,3,38.85078133130989,1.1616141766776955,0.1303953115767055,0.2649999128963884,0.0425355213793325,0.2144187671602639,High_Risk
D:\Download1\Multi_Crop_Leaves_Disease\Multi_Crop_Leaves_Disease\Castor\Unhealthy_castor\Alternia Leaf Blight\alternaria leaf (6).jpg,Alternaria_Blight,34,10,14,34.05296914,92.05811721,6.725600855,116.8020848,17.506104900338258,3,9.114820452651497,8.45336227560044,358.2793320388245,8.035496694272082,3,17.141056005643904,46.767643466717104,170.98431012417248,2,22.35500151470561,3,80.9470779703431,1.2580828402296014,0.2025014512434804,0.2747500306875793,0.055762394331197,0.2365481627891832,High_Risk
D:\Download1\Multi_Crop_Leaves_Disease\Multi_Crop_Leaves_Disease\Castor\Unhealthy_castor\Alternia Leaf Blight\alternaria leaf spot1.jpg,Alternaria_Blight,39,64,53,23.0124018,91.07355541,6.598860305,208.3357976,28.859922890212687,1,9.247626207408471,16.40353425714151,394.44898774360695,5.6302071582870825,1,18.82540871985608,62.06961459548421,175.53791354036383,3,32.71855246345728,1,60.53873964236536,1.566720672407286,0.2610819486810454,0.2375827031219733,0.1396509778648565,0.2217332921801829,High_Risk
D:\Download1\Multi_Crop_Leaves_Disease\Multi_Crop_Leaves_Disease\Castor\Unhealthy_castor\Alternia Leaf Blight\alternaria leaf spot22.jpg,Alternaria_Blight,22,67,78,17.16606398,14.42457525,6.204090835,72.32667516,12.749978307351926,2,5.253313913059135,8.10095786697239,435.3218480028378,7.738915752519131,4,13.63673071192061,78.92375477593997,174.6626620899322,2,37.322627004007934,3,45.04181595380484,2.7486067592081973,0.2432456946606368,0.2520350311446376,0.1245494482936554,0.2282231069922261,High_Risk
D:\Download1\Multi_Crop_Leaves_Disease\Multi_Crop_Leaves_Disease\Castor\Unhealthy_castor\Alternia Leaf Blight\alternaria leaf spot24.jpg,Alternaria_Blight,3,9,45,23.89162561,89.61850203,6.535244251,104.617522,19.872746998326967,1,9.61421688801782,11.418204127586389,419.2781059556932,3.332157965515905,3,9.155164483401924,29.47993716060585,176.2155671139116,1,28.69233807347351,1,58.0879042749414,2.747644997708924,0.1896986295113412,0.2627679911307793,0.0912000755218301,0.2169741923817529,High_Risk
D:\Download1\Multi_Crop_Leaves_Disease\Multi_Crop_Leaves_Disease\Castor\Unhealthy_castor\Alternia Leaf Blight\alternaria leaf spot25.jpg,Alternaria_Blight,20,129,201,23.41044706,91.69913296,5.587905967,116.0777931,24.791169815355325,2,6.308866921643073,11.533330444463571,399.65657603669626,7.811191525128098,3,15.831761013185616,95.53222858557848,59.18255794147022,1,32.814371371326914,3,66.96640907922003,3.5565165151724907,0.3368702723031191,0.247178841951299,0.2096562292954268,0.2251554366562076,High_Risk
D:\Download1\Multi_Crop_Leaves_Disease\Multi_Crop_Leaves_Disease\Castor\Unhealthy_castor\Alternia Leaf Blight\alternaria leaf spot4.jpg,Alternaria_Blight,40,79,17,21.12695586,63.18738532,6.403683619,38.71834464,18.49230232182243,1,10.00278861587699,13.56269634844844,423.734602857772,7.387340726592608,4,13.09506767519924,76.77591920593886,164.9275724718721,2,26.712135205444334,1,35.32776859431765,2.947503898953036,0.1547054064158144,0.276694549880376,0.055888561344636,0.2284224039063615,High_Risk
D:\Download1\Multi_Crop_Leaves_Disease\Multi_Crop_Leaves_Disease\Castor\Unhealthy_castor\Alternia Leaf Blight\alternaria leaf spot5.jpg,Alternaria_Blight,37,49,25,29.9145443,85.85384444,6.415459592,41.39081525,19.16214327775684,1,10.73964675235138,14.960746236835682,416.9776633168782,9.346502114619849,3,10.3701312040501,51.666657553156114,120.18236790224748,2,33.89136361203388,1,25.843721635757653,3.8113346263089785,0.315553342061823,0.2475809719930307,0.1408641818327258,0.2239677736293182,High_Risk
D:\Download1\Multi_Crop_Leaves_Disease\Multi_Crop_Leaves_Disease\Castor\Unhealthy_castor\Alternia Leaf Blight\Alternaria_(1).jpg,Alternaria_Blight,0,137,195,22.4359017,80.18612085,6.329499832,65.3973168,10.18596245452054,3,6.374898764779577,8.234247249946765,361.4719190971964,4.17996434585633,3,5.736138588625649,12.141341159915864,81.17487461980579,1,49.2775838078464,2,70.49484985269643,2.3781468933416363,0.0787603805506426,0.1381401711065125,0.048074318863292,0.1204795931937266,High_Risk
D:\Download1\Multi_Crop_Leaves_Disease\Multi_Crop_Leaves_Disease\Castor\Unhealthy_castor\Alternia Leaf Blight\Alternaria_(2).jpg,Alternaria_Blight,120,87,52,28.0764455,76.05522115,5.905494703,118.9923573,18.36933270131416,1,10.090547545606888,11.78645798521096,449.88834668983736,9.441879465338175,1,12.896648792314544,19.245261551592428,98.77029643768734,2,10.247071453295604,2,42.48301492655317,1.5227509843265343,0.2606588854472506,0.1473993862857039,0.1697164839827572,0.1445798220555312,High_Risk
D:\Download1\Multi_Crop_Leaves_Disease\Multi_Crop_Leaves_Disease\Castor\Unhealthy_castor\Alternia Leaf Blight\Alternaria_.jpg,Alternaria_Blight,111,79,53,28.31193338,75.77363772,6.165001278,119.695765,12.565318535077452,3,9.114565337533463,18.21709815672202,401.88530786264056,3.5428000871505034,5,10.9809515539667,36.841457540188905,190.8154419389171,2,5.77573688980903,1,59.34889982136383,2.847714632133924,0.2358949181794206,0.2370842163367019,0.087568812691916,0.2143335830488853,High_Risk
D:\Download1\Multi_Crop_Leaves_Disease\Multi_Crop_Leaves_Disease\Castor\Unhealthy_castor\Alternia Leaf Blight\castor_unh.jpeg,Alternaria_Blight,25,70,16,19.63474332,18.90705639,5.759237003,106.3598183,24.96345299589259,2,6.231957785769042,19.75539730061336,352.227210564526,8.216576162766309,5,8.925164988687051,61.75227883321031,196.43177752092893,2,43.89646255403537,2,97.72894797864237,2.6654565724375163,0.2836385915322745,0.2342608634816543,0.1265983849350097,0.2228744401321093,High_Risk
D:\Download1\Multi_Crop_Leaves_Disease\Multi_Crop_Leaves_Disease\Castor\Unhealthy_castor\Alternia Leaf Blight\cast_un.jpeg,Alternaria_Blight,90,52,25,25.97482359,69.36385721,6.822586546,103.2234212,21.98964006860073,1,10.342484070593438,16.583664875326335,442.5406299173002,4.599840117844138,2,7.911198715414407,50.71018392194593,117.7791919535364,3,42.68537362266174,3,89.51313080277625,2.874749671453941,0.2582947244368569,0.2495048951141917,0.1380386846995684,0.2306598483761681,High_Risk
D:\Download1\Multi_Crop_Leaves_Disease\Multi_Crop_Leaves_Disease\Castor\Unhealthy_castor\Alternia Leaf Blight\IMG-20260324-WA0050.jpg,Alternaria_Blight,34,59,23,28.56212158,83.24855855,6.935804256,56.48265193,23.4678268698822,1,10.874354105994058,4.259003457389081,401.9774933621847,2.75805852779861,1,18.887037508553423,95.82161749524474,166.60087881602348,1,25.69269867132838,2,99.9392715862464,4.598664157540444,0.3450320747145614,0.2332864709581808,0.2033250395947737,0.2218247467402564,High_Risk
D:\Download1\Multi_Crop_Leaves_Disease\Multi_Crop_Leaves_Disease\Castor\Unhealthy_castor\Alternia Leaf Blight\IMG-20260325-WA0043.jpg,Alternaria_Blight,25,48,21,28.438097,83.48991368,6.267684328,52.55469976,18.612922244354976,2,10.030710261274812,11.36428209901161,406.8325454466031,4.205619608621003,1,11.273380826937686,53.50598470610687,113.34548329158793,1,11.700079038499617,1,80.96126386478558,2.5448077798919084,0.1896986295113412,0.2627679911307793,0.0912000755218301,0.2169741923817529,High_Risk
D:\Download1\Multi_Crop_Leaves_Disease\Multi_Crop_Leaves_Disease\Castor\Unhealthy_castor\Alternia Leaf Blight\WhatsApp Image 2026-03-31 at 11.05.09 AM (1).jpeg,Alternaria_Blight,9,29,34,29.38471637,45.88744691,5.72742254,100.8124659,13.32250068553737,3,10.103222279475569,3.76417346751299,376.32439864922185,7.763583681282601,5,18.617006975803307,24.950538210796022,167.65971112990937,3,47.372567878371285,3,70.11381187351641,3.855181652623689,0.2962242091222865,0.2408966826950365,0.1573499591961334,0.2271900570011316,High_Risk
D:\Download1\Multi_Crop_Leaves_Disease\Multi_Crop_Leaves_Disease\Castor\Unhealthy_castor\Bacterial Leaf Blight\Bacterial blight1.jpg,Bacterial_Disease,10,5,42,20.24104904,91.08706822,6.887005997,109.2537734,22.169247906066875,3,8.149083032265233,3.815287447205351,434.81812933671006,7.191391591935223,2,18.33025305821705,59.5555455410242,137.22047165016235,1,44.43138353018881,3,28.534513479081813,2.5808837098755864,0.2802488492880624,0.2586593377261879,0.1150609730584037,0.2397907824102081,High_Risk
D:\Download1\Multi_Crop_Leaves_Disease\Multi_Crop_Leaves_Disease\Castor\Unhealthy_castor\Bacterial Leaf Blight\bcatrial leaf blight13.png,Bacterial_Disease,40,45,20,29.37687468,57.69622912,6.878498176,38.34303462,26.6498226819409,2,8.716148169141324,3.0422280078014,382.0353649013901,8.642639870580592,3,9.847961214232347,52.11400095137779,180.8317370429708,2,35.538894391052054,1,52.15619989734045,1.9822284053132555,0.0609933615357023,0.2670108481498826,-0.031795968545849,0.1819224416740979,High_Risk
D:\Download1\Multi_Crop_Leaves_Disease\Multi_Crop_Leaves_Disease\Castor\Unhealthy_castor\Bacterial Leaf Blight\bcatrial leaf blight132.png,Bacterial_Disease,22,8,33,28.43572863,95.8840407,5.665785202,203.9283708,29.45772492848779,2,5.597789328109737,5.501089929048042,379.3502566085638,8.492168647316173,1,9.294338660707552,74.8422898426792,67.75173160506834,1,0.650495067016188,3,95.74661550951494,2.8964688658012023,0.241891911423136,0.2529161088300949,0.1102360972575072,0.2303027437988696,High_Risk
D:\Download1\Multi_Crop_Leaves_Disease\Multi_Crop_Leaves_Disease\Castor\Unhealthy_castor\Bacterial Leaf Blight\bcatrial leaf blight134.png,Bacterial_Disease,7,20,12,16.53460397,94.76759975,6.475275337,110.0447896,28.583340186150693,2,9.864223862655276,1.734824222199054,355.3336258630668,4.61309432041703,2,12.636172350267554,85.08895259939267,169.56510545966745,3,35.08375395186483,2,1.04188272944995,4.035454753770956,0.1748292157307427,0.2180924153472521,0.0621720804300831,0.1939771046683829,High_Risk
D:\Download1\Multi_Crop_Leaves_Disease\Multi_Crop_Leaves_Disease\Castor\Unhealthy_castor\Cercospera Leaf Spot\cercospera Leaf spot11.jpg,Cercospera Leaf Spot,70,68,45,33.83508569,92.85470152,6.991626158,203.4044028,28.51272102702705,2,9.54255101337206,9.224507775402422,434.0869495846282,5.254636730080238,2,17.59844998412885,32.77240037238561,154.32569950263985,3,21.54590010236976,2,58.583438221532006,2.187542885444324,0.2783548785805821,0.2336903425027017,0.1582969971528675,0.2241844096923986,High_Risk
D:\Download1\Multi_Crop_Leaves_Disease\Multi_Crop_Leaves_Disease\Castor\Unhealthy_castor\Cercospera Leaf Spot\cercospera Leaf spot5.jpg,Cercospera Leaf Spot,9,8,40,22.48720144,89.9224883,6.553509673,111.6631582,11.74268614956109,3,5.265638783236493,5.687718549226686,364.69659923546897,9.773097176584038,4,18.96030604185022,61.06804863785102,187.56723975298007,3,40.33473055869141,2,38.26410271219438,1.639145330735337,0.2798559329483415,0.2404500481752604,0.1727346032296613,0.2279523065289345,High_Risk
D:\Download1\Multi_Crop_Leaves_Disease\Multi_Crop_Leaves_Disease\Castor\Unhealthy_castor\Cercospera Leaf Spot\cercospera Leaf spot6.jpg,Cercospera Leaf Spot,26,50,19,27.3179125,51.66921088,6.005242945,32.55919573,19.01807657283236,1,7.933340132247877,18.42835587199551,422.6072932484013,9.26126035445728,1,13.44969647878644,52.39873541599045,70.07485656858276,3,33.94955012853916,3,66.3630567879059,2.0856150709311345,0.0262155449077294,0.1919721506224202,-0.018864395536896,0.1568379110146954,High_Risk
D:\Download1\Multi_Crop_Leaves_Disease\Multi_Crop_Leaves_Disease\Castor\Unhealthy_castor\Cercospera Leaf Spot\cercospera Leaf spot7.jpg,Cercospera Leaf Spot,6,144,198,21.11478672,90.31528693,5.559363609,104.5086618,24.857790589963248,1,10.543174492945898,6.646143277085765,397.5003899609742,4.692630550808789,6,19.931017152656267,65.23134862893664,59.82756219742466,3,11.520506194214148,3,86.06387188638928,3.91880479900406,0.2117347907194374,0.161021680290316,0.1180226604043384,0.1414566435911778,High_Risk
D:\Download1\Multi_Crop_Leaves_Disease\Multi_Crop_Leaves_Disease\Castor\Unhealthy_castor\Cercospera Leaf Spot\cercospera Leaf spot8.jpg,Cercospera Leaf Spot,95,55,42,26.79533926,82.1480873,5.950660556,193.3473987,23.978828255346407,3,11.40265470663751,14.23982332784258,440.2770546568698,2.8606047983092937,6,19.940179865130624,18.592823085504907,148.6785351076055,1,29.808356985813404,3,87.44669457509315,4.937106996587655,0.0594643148665171,0.1895202072675048,-0.0356885945748043,0.1659279141245568,High_Risk
D:\Download1\Multi_Crop_Leaves_Disease\Multi_Crop_Leaves_Disease\Castor\Unhealthy_castor\Cercospera Leaf Spot\Cercospora Phytophthora_.jpg,Cercospera Leaf Spot,22,60,24,18.78226261,20.24768314,5.630664753,104.2570723,13.799752224936125,2,8.61189739966737,0.8378713950750472,413.45329994220447,6.063635782609917,6,18.817036846960388,56.97130643330688,148.88355226995742,1,31.785218060311955,1,1.4820518232845248,2.5423063669422707,0.0211711152297491,0.2124610276390996,-0.0426414365362648,0.1678590873781146,High_Risk
D:\Download1\Multi_Crop_Leaves_Disease\Multi_Crop_Leaves_Disease\Castor\Unhealthy_castor\Cercospera Leaf Spot\Cercospora_(4).jpg,Cercospera Leaf Spot,10,78,18,18.54141834,62.70637578,6.296976913,44.07819743,11.619596564199044,2,6.901399450119246,1.2319557546458235,427.2043867618712,7.343510048139393,5,17.357632210629852,35.99340273357855,92.2156358266072,2,13.91828346241214,1,14.064688357293075,1.3959887328666332,0.0843195498765195,0.2366691737931782,-0.0243944324422046,0.1755565268516987,High_Risk
D:\Download1\Multi_Crop_Leaves_Disease\Multi_Crop_Leaves_Disease\Castor\Unhealthy_castor\Cercospera Leaf Spot\Cercospora_(5).jpg,Cercospera Leaf Spot,31,13,33,27.63834933,95.48763389,5.85971872,205.5463111,12.574152069211795,2,10.7480932106707,7.610724490453656,422.4297040073561,8.401641427601552,5,5.5423792205635785,21.559675242408115,80.29805841517742,3,25.1294555536208,3,49.655719050317735,2.339315172874972,0.2372677007228192,0.1643595737240934,0.1135598278957504,0.1594514320760194,High_Risk
D:\Download1\Multi_Crop_Leaves_Disease\Multi_Crop_Leaves_Disease\Castor\Unhealthy_castor\Cercospera Leaf Spot\Cercospora_(6).jpg,Cercospera Leaf Spot,108,60,17,22.75805656,76.75768356,6.558902588,97.76600619,27.198144361077667,2,9.352468944495424,3.474253862975638,408.6695069597138,1.4167656776265622,4,7.39685945679343,67.16843519724114,128.67267650647986,2,17.095188460778875,3,22.64489584716195,1.7986080328796237,0.2312050898314885,0.2329325333473289,0.1251034894366806,0.2073777625023294,High_Risk
D:\Download1\Multi_Crop_Leaves_Disease\Multi_Crop_Leaves_Disease\Castor\Unhealthy_castor\Peast_disease\pest_disease11.jpg,Pest_Damage,56,58,49,37.13165026,94.60761797,6.69215564,172.4788062,21.47270928827209,3,5.2166001960276125,14.25633099653329,439.94582557217785,9.936981461252437,1,8.781959167896172,85.18943562238923,120.40306872208537,3,5.459624815826652,1,17.40881027102068,2.805362862489642,0.2340409858677553,0.1741344784010496,0.1788212923506627,0.159145236099502,Moderate_Risk
D:\Download1\Multi_Crop_Leaves_Disease\Multi_Crop_Leaves_Disease\Castor\Unhealthy_castor\Peast_disease\pest_disesase14.png,Pest_Damage,89,85,55,26.6719835,76.48541655,6.275384607,91.73358569,23.961921889132327,2,9.489963537005456,6.471867507081958,434.6634446272299,7.132663443718712,5,14.230284349836808,14.554253532748984,169.99995393891058,3,3.0680263490406534,3,1.1244899065431468,1.8627753862482053,0.2633293767453621,0.1506667560915206,0.1698849363328183,0.1366967575116895,Moderate_Risk
D:\Download1\Multi_Crop_Leaves_Disease\Multi_Crop_Leaves_Disease\Castor\Unhealthy_castor\Peast_disease\pest_disesase15.png,Pest_Damage,40,120,197,23.80593812,92.48879468,5.889480679,119.6335548,14.299331698195829,3,8.044799744625099,18.76804693578339,353.2111378568333,5.695483977278562,6,8.449351067734415,95.83670165151942,119.64704260314237,2,49.352523407384105,1,7.621344726971746,2.443336663502381,0.2430625370639732,0.2545635177212461,0.1246337347128341,0.231146488739679,Moderate_Risk
D:\Download1\Multi_Crop_Leaves_Disease\Multi_Crop_Leaves_Disease\Castor\Unhealthy_castor\Pottassium\IMG_4939.jpg,Potassium_Deficiency,30,20,38,22.59890174,93.16343942,7.058222596,110.0932899,28.200468303177807,2,7.949219313735513,4.478250958611425,360.5996920027907,7.962657276686905,4,10.119523525457872,36.81586793492953,90.98925686543431,2,17.192061472415315,3,37.97070711999056,2.3206819533459075,0.0853276461400136,0.2239265326313127,0.0159940017616863,0.1838662648923174,Moderate_Risk
D:\Download1\Multi_Crop_Leaves_Disease\Multi_Crop_Leaves_Disease\Castor\Unhealthy_castor\Pottassium\IMG_4959.jpg,Potassium_Deficiency,30,79,22,18.28766124,69.48515056,6.254216611,48.60449438,16.20968329584451,2,8.436000761536494,12.340733181986396,361.27339326022417,9.090789724056382,3,11.872016789150674,19.57497777052133,118.1412619908518,2,8.084026512388931,2,79.71969105200336,1.9455433789884853,0.2730136608807161,0.1637667555702561,0.1342792353045481,0.1509888344817751,Moderate_Risk
D:\Download1\Multi_Crop_Leaves_Disease\Multi_Crop_Leaves_Disease\Castor\Unhealthy_castor\Pottassium\WhatsApp Image 2026-03-31 at 11.04.52 AM.jpeg,Potassium_Deficiency,24,80,19,29.67892453,69.0854554,6.808041722,65.66436565,27.821200046958005,1,10.81188343557905,19.591857181532543,388.7133963215799,2.5841719012644924,6,6.510280534957897,59.20285623028199,64.29046029603937,3,9.183066681075214,1,63.81996924079986,3.250484355243185,0.271857662818706,0.2579144089682887,0.1170754087122319,0.2403265062939086,Moderate_Risk
D:\Download1\Multi_Crop_Leaves_Disease\Multi_Crop_Leaves_Disease\Castor\Unhealthy_castor\Wilt\wilt12.png,Wilt,107,51,22,24.86560781,78.22080815,5.983075895,79.56866268,20.29456309019759,3,7.672901302405044,19.64294876319872,403.0252003615748,5.50922576933047,6,14.96591701276284,24.919602686303865,94.53131341632512,2,31.291900239037496,1,14.897813856217043,2.794146792100462,0.1780428442033461,0.2384425106578979,0.0672394132036362,0.2055380728336911,High_Risk
D:\Download1\Multi_Crop_Leaves_Disease\Multi_Crop_Leaves_Disease\Castor\Unhealthy_castor\Wilt\wilt13.png,Wilt,95,75,50,28.08166093,75.26429821,5.623615687,118.2761894,16.534598306057312,1,9.463407442063788,5.4011667664317,435.9291904710045,2.399819997925447,2,17.95836540713945,60.92001050806009,123.60563924023644,3,13.675491050790225,3,34.1684314009776,3.8345997594243855,0.2358949181794206,0.2370842163367019,0.087568812691916,0.2143335830488853,High_Risk
D:\Download1\Multi_Crop_Leaves_Disease\Multi_Crop_Leaves_Disease\Castor\Unhealthy_castor\Wilt\wilt15.png,Wilt,82,77,46,28.9470467,82.1888998,5.901100841,95.83016448,15.141719267175484,2,8.403345806940486,14.53839243752452,387.63327926352514,6.605467721607468,6,12.972721837493198,46.54558529644929,192.4755319175036,2,31.90734794186067,3,83.60219831303561,3.510788251320101,0.2690557490062853,0.2493070609255795,0.1135139444676804,0.2340620431950353,High_Risk
D:\Download1\Multi_Crop_Leaves_Disease\Multi_Crop_Leaves_Disease\Castor\Unhealthy_castor\Wilt\wilt16.png,Wilt,4,36,22,27.60887393,86.13316408,7.012740397,43.80041104,16.45921434868169,1,6.2076552045069615,0.925312450755622,407.31598174320334,8.891255748517732,6,7.476394966668346,59.30618127352312,183.3286736782044,1,16.388658966697694,2,12.966578148841034,3.077457453669723,0.2460002779840601,0.2589211134909003,0.1396865914549624,0.2323048772942461,High_Risk
D:\Download1\Multi_Crop_Leaves_Disease\Multi_Crop_Leaves_Disease\Castor\Unhealthy_castor\Wilt\wilt2.jpg,Wilt,27,43,23,31.70447482,56.85420099,5.875333778,44.94317432,27.806659233164098,1,6.806429734997205,12.728098015724791,417.4658934608411,2.230219092953507,6,16.878948078837034,83.00983292599187,64.04657307232945,1,48.44172253704666,3,14.033001317224658,3.017817883113476,0.1885150979295672,0.1807468629298206,0.1272944738931642,0.1728083247877492,High_Risk
D:\Download1\Multi_Crop_Leaves_Disease\Multi_Crop_Leaves_Disease\Castor\Unhealthy_castor\Wilt\wilt3.jpg,Wilt,40,16,35,34.16438906,54.16482251,4.954739564,98.33351125,15.520950459783,2,9.684546547948212,4.076746117295156,412.3004424652216,7.87537917555961,6,16.313046278511273,16.380641315099275,188.34717771095097,1,18.586115288438563,2,71.08536366851826,4.587714776398959,0.2494944491031584,0.2472753539679069,0.0887038256173828,0.2331922771358601,High_Risk
D:\Download1\Multi_Crop_Leaves_Disease\Multi_Crop_Leaves_Disease\Castor\Unhealthy_castor\Wilt\wilt7.jpg,Wilt,9,77,17,21.65845777,63.58337146,6.280725549,38.07659414,14.924898117590468,1,6.712965179303653,15.559355250182248,350.623168984658,8.830728960574737,2,18.932097039352666,40.35355917750029,135.40246335772966,1,34.72027668961286,2,5.626124369170904,4.790774302077372,0.1774924631679791,0.208722154121505,0.0895066590102822,0.1681969598024925,High_Risk
D:\Download1\Multi_Crop_Leaves_Disease\Multi_Crop_Leaves_Disease\Cumin\Healthy_Cumin\Cumin seed production (2024-25)-SDAU-Jagudan (GUJ) (10).jpg,Healthy,113,85,45,27.94972463,76.63713353,6.037430836,109.0921631,26.97579354986821,3,11.754585700765285,8.563171198028305,355.354567254719,8.583765283529544,4,19.97037131235514,32.859956069984065,132.5031800088976,2,15.61699181865593,3,94.6260442009146,2.9685500696425047,0.3009015997760803,0.2495582271901875,0.1321721853589529,0.2408648298882668,Healthy
D:\Download1\Multi_Crop_Leaves_Disease\Multi_Crop_Leaves_Disease\Cumin\Healthy_Cumin\Cumin seed production (2024-25)-SDAU-Jagudan (GUJ) (3).jpg,Healthy,56,50,52,33.08706051,92.25197542,6.770384816,88.1300769,20.75032364103968,3,10.036085975127882,12.680488209745754,431.42833870235,2.521669263174357,2,11.448820808894716,60.81698725418547,70.42554517173872,2,46.86041868326887,1,94.12762043342872,4.6137593476509,0.2549774906890572,0.2528321174806279,0.1026093290502521,0.2335308674249872,Healthy
D:\Download1\Multi_Crop_Leaves_Disease\Multi_Crop_Leaves_Disease\Cumin\Healthy_Cumin\Cumin seed production (2024-25)-SDAU-Jagudan (GUJ) (4).jpeg,Healthy,12,20,39,19.86173586,86.19740917,6.026999326,111.0217929,19.679920824644235,2,6.3233267358718965,16.442019652120322,405.1330777653061,6.858904794367301,3,10.278835704867513,92.28329676089052,161.2377189490994,3,12.681232810623776,3,31.95788225627343,2.4113815120326536,0.158136197341111,0.1997381301868876,0.1012995724983129,0.1726779890613985,Healthy
D:\Download1\Multi_Crop_Leaves_Disease\Multi_Crop_Leaves_Disease\Cumin\Healthy_Cumin\Cumin seed production (2024-25)-SDAU-Jagudan (GUJ) (7).jpg,Healthy,3,58,21,25.36140526,46.82652785,9.160691747,55.60523179,16.426411491519072,1,8.094934602230964,10.607060194366191,410.7766900630419,5.506651969878731,3,12.073077050973264,86.77419076748542,120.10039387658452,3,26.43983204921637,2,36.55805684308399,2.72320638814582,0.224360041499199,0.2661713489458572,0.0952616811061475,0.2421252033465766,Healthy
D:\Download1\Multi_Crop_Leaves_Disease\Multi_Crop_Leaves_Disease\Cumin\Healthy_Cumin\Cumin Seed Production field viewField.JPG,Healthy,0,12,7,20.18432263,90.65458473,6.969249676,116.8130969,26.909881697175123,3,10.559544927778472,14.572726228000326,398.78482592988223,4.4651282492677975,5,16.02713438900652,22.68732429880928,96.9527603057806,1,23.46979064359252,2,74.24751874738308,2.033096744375815,0.2704736251939677,0.2493630118727416,0.1316149149195679,0.2329566673373792,Healthy
D:\Download1\Multi_Crop_Leaves_Disease\Multi_Crop_Leaves_Disease\Cumin\Healthy_Cumin\Cumin Seed Production GC4 and 5 (3).JPG,Healthy,31,79,25,23.18864385,22.3104551,5.902033406,63.38208822,10.971919704895674,2,5.285055627683736,11.373709564668504,435.43268551919294,7.072003085363502,6,11.554714840801967,6.779701711148323,147.2642965500864,3,47.74448602994492,2,17.00948274452522,4.360350780667897,0.1497547589442677,0.1983323678015881,0.0761178608769238,0.1702180293258532,Healthy
D:\Download1\Multi_Crop_Leaves_Disease\Multi_Crop_Leaves_Disease\Cumin\Healthy_Cumin\cumin_7.png,Healthy,102,28,54,25.15623099,80.27525115,6.862157042,55.49541453,27.38774484090488,3,11.276675440303718,17.339316236520553,438.7868955281861,2.084818748022684,2,15.68029500501044,72.42898304601184,154.60800348787296,3,34.12604122373445,2,37.200254639651256,4.885916153854552,0.3392465239593991,0.2275202987527341,0.2015317896544669,0.2170903853757409,Healthy
D:\Download1\Multi_Crop_Leaves_Disease\Multi_Crop_Leaves_Disease\Cumin\Healthy_Cumin\cumin_he6.jpeg,Healthy,26,56,22,23.05276444,60.424786,7.011121216,52.60285259,23.13943859421852,3,11.118981359251332,3.254042724435857,423.95901923397565,3.5616146697169304,3,18.173097313156013,96.9323932789592,147.45909433889156,1,29.138211158644765,1,39.28076862122148,4.620146393687778,0.2692181481785973,0.2346541694954766,0.152500690699076,0.214006589276527,Healthy
D:\Download1\Multi_Crop_Leaves_Disease\Multi_Crop_Leaves_Disease\Cumin\Healthy_Cumin\GC 5.JPG,Healthy,82,13,52,27.11535046,94.86907886,6.442810053,26.51924782,12.471833841614878,2,8.822223113474395,16.01375504998059,426.2179151056364,6.281998363559654,1,6.520176680415888,22.707522638224287,103.12848262273968,3,12.90665156736392,2,93.130495011934,2.7054272005527893,0.0609933615357023,0.2670108481498826,-0.031795968545849,0.1819224416740979,Healthy
D:\Download1\Multi_Crop_Leaves_Disease\Multi_Crop_Leaves_Disease\Cumin\Healthy_Cumin\GC-4 Plant copy (2).jpg,Healthy,29,34,26,33.88004781,54.39416048,6.273953676,89.29147581,13.912195781612864,1,11.645756294396625,4.297113802966452,425.223361667504,8.772105460548104,4,16.38686156151737,28.65755244537877,113.78180183756136,3,17.76189656722772,2,6.940524022604977,2.6724517434338284,0.2306078647188103,0.2426777673133649,0.1171359323569603,0.2190488735434985,Healthy
D:\Download1\Multi_Crop_Leaves_Disease\Multi_Crop_Leaves_Disease\Cumin\Healthy_Cumin\Healthy cumin.JPG,Healthy,103,72,51,26.12643374,81.81365007,6.099478745,104.4812858,17.411591381515123,1,8.370201790706803,1.4533845395745917,425.4770705078466,6.620878441116255,2,9.750358665345214,30.038942423895097,50.47950098293671,3,1.2198301621376029,2,98.30492670992926,1.1492373572882335,0.2336637208899354,0.2588044966161348,0.107313985034398,0.2397968207136967,Healthy
D:\Download1\Multi_Crop_Leaves_Disease\Multi_Crop_Leaves_Disease\Cumin\Healthy_Cumin\IMG_8827.jpg,Healthy,90,46,42,23.97898217,81.45061596,7.50283396,250.0832336,15.404600446017936,2,8.554866438403772,3.5335211917178566,387.838957847824,3.312374645893745,2,6.024622352933802,65.42929939559889,162.39579093341422,1,36.39975138070278,2,79.21176901091427,4.956311495518364,0.3262757630901458,0.2467496545237943,0.2275766159605105,0.2260798946571846,Healthy
D:\Download1\Multi_Crop_Leaves_Disease\Multi_Crop_Leaves_Disease\Cumin\Healthy_Cumin\IMG_8828.jpg,Healthy,29,25,14,30.49183837,90.4582865,7.781988584,113.3302105,15.540157561344648,1,11.38975876585445,2.6953499542897297,363.7281182779157,5.2822752983622,4,15.758517471143774,83.86533690705689,176.2610977771576,3,2.9100869578331245,3,94.02367370079484,4.8340036312968975,0.314763509687343,0.2410967282340456,0.2062071162599847,0.1902052232851994,Healthy
D:\Download1\Multi_Crop_Leaves_Disease\Multi_Crop_Leaves_Disease\Cumin\Unhealthy_Cumin\Alternatia Blight\4.0.jpg,Alternaria_Blight,91,50,40,20.82477109,84.1341879,6.462391607,230.2242223,12.50657530419173,2,10.671771298160095,4.410430124774289,396.471249525371,6.972058538748989,5,11.432461995579867,45.20504156684125,136.02909931446464,2,2.854875355888659,2,52.18373864732552,1.1669671425606056,0.1501879768939351,0.1880062967533963,0.0411624714371798,0.1630920143884414,High_Risk
D:\Download1\Multi_Crop_Leaves_Disease\Multi_Crop_Leaves_Disease\Cumin\Unhealthy_Cumin\Alternatia Blight\Alternaria Blight of cumin.jpeg,Alternaria_Blight,3,68,16,18.31910448,34.69776639,4.964887857,107.4721605,10.839354431342027,2,11.422137829218888,13.888238606828724,397.6246814044396,1.961767823821801,3,5.378781001946435,71.78760706149521,82.24074584436177,2,42.44243973977503,3,18.50400233818218,4.851682854767699,0.2682147107187177,0.2390683046637486,0.1020274918850525,0.2362159499391597,High_Risk
D:\Download1\Multi_Crop_Leaves_Disease\Multi_Crop_Leaves_Disease\Cumin\Unhealthy_Cumin\Alternatia Blight\alternatie2.jpg,Alternaria_Blight,19,53,22,27.8640132,80.4513142,6.852884643,42.83053902,19.957376005563702,2,9.633042533123344,6.55950191062761,425.0386265093776,1.7263230114163943,3,8.362095885260166,16.392675947257363,164.09135101732903,1,6.759563076506714,3,14.883474121746351,3.310672610506021,0.2335763198084511,0.2522154900368587,0.1556568271103493,0.217776237846572,High_Risk
D:\Download1\Multi_Crop_Leaves_Disease\Multi_Crop_Leaves_Disease\Cumin\Unhealthy_Cumin\Alternatia Blight\alternitia_blight12.png,Alternaria_Blight,18,66,22,25.87990287,67.55109024,6.347379185,47.89645224,20.91114093424476,2,7.744262254749348,16.732080641813322,359.25528858152137,9.605752222904432,2,11.911153453403193,95.40023529375566,120.62724331766952,1,39.21285245968853,2,78.1171023446337,4.252812624022077,0.3492290058126367,0.2335340248631689,0.2038051225413373,0.2273267375812586,High_Risk
D:\Download1\Multi_Crop_Leaves_Disease\Multi_Crop_Leaves_Disease\Cumin\Unhealthy_Cumin\Alternatia Blight\alternitia_blight13.png,Alternaria_Blight,15,9,11,11.54785707,94.14861001,7.907956251,108.8289171,17.11827360971662,1,11.971045780920512,6.847881058209369,404.43869739904096,1.129856704252913,6,10.281415302889291,78.48717442795412,107.88225859661672,2,16.503529694818848,2,70.68077128376137,3.842921815268941,0.2585691650308123,0.2421276134553817,0.1275398666094243,0.2201743041611157,High_Risk
D:\Download1\Multi_Crop_Leaves_Disease\Multi_Crop_Leaves_Disease\Cumin\Unhealthy_Cumin\Alternatia Blight\cumin_alternitia.png,Alternaria_Blight,3,9,35,26.91641934,99.84671638,6.318552973,225.6323656,16.93443790337816,2,10.888459274360963,9.809974863905165,368.7938768970136,2.226792540221928,5,17.694079774630737,80.45711705179862,86.26157186087448,3,18.827792340580235,2,29.765104493625586,3.9225139607847455,0.2335763198084511,0.2522154900368587,0.1556568271103493,0.217776237846572,High_Risk
D:\Download1\Multi_Crop_Leaves_Disease\Multi_Crop_Leaves_Disease\Cumin\Unhealthy_Cumin\Alternatia Blight\IMG_8864.JPG,Alternaria_Blight,30,17,31,31.20478173,54.49960506,6.804437106,94.62954663,18.59303977657086,1,9.908640214566317,18.19988965173189,353.1559946853126,5.333513437293568,3,6.615898559690987,81.87523500271139,115.42511319876527,2,20.44369038769103,1,83.69461211291572,4.32765545321964,0.2802488492880624,0.2586593377261879,0.1150609730584037,0.2397907824102081,High_Risk
D:\Download1\Multi_Crop_Leaves_Disease\Multi_Crop_Leaves_Disease\Cumin\Unhealthy_Cumin\insect_infection\insect12.png,Pest_Damage,16,143,204,23.71475278,91.53331177,5.631333387,121.8961665,27.2985938720396,2,9.430529081424169,1.6642757523000928,422.4427235699408,2.83791485985693,4,13.969935388821282,16.629013552660744,98.52467306064544,2,34.99512828000616,1,75.11843265111946,2.260569847133328,0.229544050912481,0.2405137897899892,0.1440477038058586,0.2058136743823639,Moderate_Risk
D:\Download1\Multi_Crop_Leaves_Disease\Multi_Crop_Leaves_Disease\Cumin\Unhealthy_Cumin\insect_infection\insect14.png,Pest_Damage,24,6,32,28.11321494,90.01734526,6.387067562,172.4813641,14.004584887409244,3,11.313738989522694,16.5794148210242,406.1676368069324,2.3300450196021534,6,18.43364203090208,61.758970986025616,184.9570551423476,1,11.377722982991934,3,86.8781127123308,1.0975100570808571,0.2963066657866235,0.2415583300002743,0.185033926444594,0.2226061559692754,Moderate_Risk
D:\Download1\Multi_Crop_Leaves_Disease\Multi_Crop_Leaves_Disease\Cumin\Unhealthy_Cumin\Powdery_Mildew\cimin_powdery.jpg,Powdery_Mildew,32,66,17,34.9466155,65.26774011,7.162357641,70.1415139,22.106012685551185,3,8.208097998451727,5.439752819005874,387.0913481904231,8.055024166004337,6,11.03150677420312,67.17379583940122,73.37568349208142,3,40.71251087468033,3,18.11935145051259,2.3992154977540703,0.1780428442033461,0.2384425106578979,0.0672394132036362,0.2055380728336911,High_Risk
D:\Download1\Multi_Crop_Leaves_Disease\Multi_Crop_Leaves_Disease\Cumin\Unhealthy_Cumin\Powdery_Mildew\powdety_mildew16.png,Powdery_Mildew,31,6,26,29.12859129,91.30924833,5.741367375,157.2388553,27.681269146344203,1,5.374747741644067,14.716859870449351,393.7850278283644,6.06728532238868,4,11.361140170733789,55.20479783507155,66.86053887350167,3,44.135838513048455,2,29.49503294394119,2.4923597381904417,0.2783548785805821,0.2336903425027017,0.1582969971528675,0.2241844096923986,High_Risk
D:\Download1\Multi_Crop_Leaves_Disease\Multi_Crop_Leaves_Disease\Cumin\Unhealthy_Cumin\Powdery_Mildew\powdety_mildew18.png,Powdery_Mildew,50,58,23,27.81326852,62.50460464,7.596802025,69.75555541,25.602886753243176,1,8.610037248469956,17.03407316788102,425.0895161388173,5.822046061428948,2,15.131312056873576,84.30791684304533,89.94207353374462,1,39.22212709465782,1,18.10060314090937,3.644557505548892,0.2387087677833997,0.1725599560076585,0.1825309892650998,0.1589317109189142,High_Risk
D:\Download1\Multi_Crop_Leaves_Disease\Multi_Crop_Leaves_Disease\Cumin\Unhealthy_Cumin\Powdery_Mildew\Screenshot 2026-03-20 103601.png,Powdery_Mildew,13,74,25,24.12192608,61.09533545,6.461618577,44.23629285,26.962441006957377,1,10.712694067392874,14.066382631068109,361.3229095724389,3.7407758494007712,2,5.051375583343425,72.97108931382394,53.2330702961511,1,5.039669238199762,1,59.49387987746904,1.880089209091727,0.0262155449077294,0.1919721506224202,-0.018864395536896,0.1568379110146954,High_Risk
D:\Download1\Multi_Crop_Leaves_Disease\Multi_Crop_Leaves_Disease\Cumin\Unhealthy_Cumin\Wilt\7.0.jpg,Wilt,89,25,54,24.69368934,85.56967628,6.353107393,48.99390828,22.332135681504607,2,5.078649659286884,11.724172184659526,360.18439569556733,1.8876527078043368,3,14.092267306969012,73.2126689844116,63.11008006764848,1,17.752561594949224,3,90.20202131627772,2.453828107857343,0.1194579363886923,0.2270891232081161,-0.0471363110572283,0.1615135672187046,High_Risk
D:\Download1\Multi_Crop_Leaves_Disease\Multi_Crop_Leaves_Disease\Cumin\Unhealthy_Cumin\Wilt\cumin_wilt3.png,Wilt,27,65,18,20.10993761,23.22323766,5.59503163,73.36386477,17.946714843631362,2,11.57518065998592,13.58353809171186,351.4397463546144,2.3410663943182817,6,11.130512570962232,86.33861906258188,121.69200601433182,2,36.2031883908621,2,76.36693963708645,3.408384399884358,0.2626992740947884,0.2037128109319035,0.1542547396258583,0.1888655791596425,High_Risk
D:\Download1\Multi_Crop_Leaves_Disease\Multi_Crop_Leaves_Disease\Cumin\Unhealthy_Cumin\Wilt\IMG_8813.jpg,Wilt,91,75,55,27.48612983,76.11239849,6.212369363,109.2768851,29.175327495168705,2,8.582610836664788,9.045567356060776,388.0306849434908,6.712049293063654,4,13.870994410820844,97.4733316243736,108.27932768196312,1,44.70250201361512,2,91.9974931468128,1.103839794752655,0.2626992740947884,0.2037128109319035,0.1542547396258583,0.1888655791596425,High_Risk
D:\Download1\Multi_Crop_Leaves_Disease\Multi_Crop_Leaves_Disease\Cumin\Unhealthy_Cumin\Wilt\IMG_8826.jpg,Wilt,26,18,30,32.06097197,51.08494181,6.336234624,96.59816497,12.396979879056625,3,11.572200260236826,2.017425182023278,440.4510293030868,4.614830027656963,6,10.840625068097474,79.26453051363697,130.3430383523095,2,37.66371595569794,2,22.52152398937344,2.068097232452359,0.1328361738850855,0.191398789771291,0.031284515295905,0.1575182606612566,High_Risk
D:\Download1\Multi_Crop_Leaves_Disease\Multi_Crop_Leaves_Disease\Cumin\Unhealthy_Cumin\Wilt\IMG_8866.jpg,Wilt,41,78,21,25.19857725,60.37332688,6.581313137,70.88787207,21.523216255559326,2,9.2803712536085,6.976037703455125,356.6483819254244,9.33059421892278,4,12.19956712937601,54.21980040702646,94.75979929375828,3,34.21305422496039,2,65.79232810285924,3.2645393629008788,0.1896986295113412,0.2627679911307793,0.0912000755218301,0.2169741923817529,High_Risk
D:\Download1\Multi_Crop_Leaves_Disease\Multi_Crop_Leaves_Disease\Cumin\Unhealthy_Cumin\Wilt\wilt2.png,Wilt,119,5,55,29.68846716,94.30111601,6.168757984,26.83924845,16.062880963574187,3,10.516192328761576,7.923933040671249,416.77274994527374,7.3726710345678415,4,6.326215721268702,33.17820170878281,77.87450358965383,3,26.91756505523716,2,83.0439742163446,2.1862823701170457,0.2755969741872947,0.2399890389012656,0.1469595464474191,0.2262117701791685,High_Risk
D:\Download1\Multi_Crop_Leaves_Disease\Multi_Crop_Leaves_Disease\Guava\Healthy_Guava\Guava leaves.jpg,Healthy,33,61,24,20.04611791,48.93905624,4.567446499,122.4564203,27.798513633552275,3,8.392958698758978,17.853521968635,379.1836424720473,2.892880014908596,1,10.909462399410742,82.96361104411935,93.9828192879358,3,2.334894659604736,2,4.0827511909582,3.3577250720615424,0.158136197341111,0.1997381301868876,0.1012995724983129,0.1726779890613985,Healthy
D:\Download1\Multi_Crop_Leaves_Disease\Multi_Crop_Leaves_Disease\Guava\Healthy_Guava\IMG-20260324-WA0032.jpg,Healthy,83,29,52,25.76402693,87.5931128,6.704688865,46.05122728,17.722522156618602,1,7.62611267881841,15.082652897015976,419.3680018395526,4.166017930877185,4,5.1687481476634805,3.5145788671858247,185.04592558926532,3,15.1288871740911,3,86.27092572521985,1.613740632798009,0.2739914727553982,0.2281002962763569,0.1579339609079376,0.2037544412801399,Healthy
D:\Download1\Multi_Crop_Leaves_Disease\Multi_Crop_Leaves_Disease\Guava\Healthy_Guava\IMG-20260324-WA0036.jpg,Healthy,11,6,25,28.69164799,96.65248672,6.081568052,178.9635457,19.062385610598604,2,10.754512309632853,19.970441163239528,366.3388136020389,3.487197732746554,3,9.331495819922347,25.657587157150463,75.259615568046,3,1.7014440614145587,2,84.59806825974326,1.1690589366443565,0.2417466386153199,0.2499797695316607,0.0907289917289768,0.2320499714768009,Healthy
D:\Download1\Multi_Crop_Leaves_Disease\Multi_Crop_Leaves_Disease\Guava\Healthy_Guava\IMG_20260228_090238.jpg,Healthy,93,53,38,26.92995077,81.91411159,7.069172227,290.6793783,28.25910002250434,1,6.378760462518726,18.90867635000677,352.4409810980666,7.699751399011879,2,16.213774194747153,83.04973571425558,69.7809545775652,1,20.2378475395106,1,57.558778592883385,2.296473029385508,0.2706677808193118,0.2431986158843512,0.1185061790352746,0.2315650932846777,Healthy
D:\Download1\Multi_Crop_Leaves_Disease\Multi_Crop_Leaves_Disease\Guava\Healthy_Guava\IMG_20260228_090358(1).jpg,Healthy,60,43,44,21.01944696,82.95221726,7.416245107,298.4018471,19.47400022303122,3,10.173810986216726,5.6144207297556825,381.3204769233853,6.184190584365346,2,13.158529897373638,45.73350743512405,142.7926757284559,2,3.2353428707002307,2,21.14630519115552,2.208341569439201,0.1734604818559174,0.2561292909081141,0.1269561198731732,0.2091489759723276,Healthy
D:\Download1\Multi_Crop_Leaves_Disease\Multi_Crop_Leaves_Disease\Guava\Healthy_Guava\IMG_4848(1).jpg,Healthy,2,120,203,23.12652652,94.71203306,5.893492999,108.6211833,11.652755460649235,3,11.203647226623977,6.583361973028772,437.9165663897639,7.59498587380866,4,11.925854446244674,71.98012289738294,157.67568209107765,2,11.060487862539702,2,78.85873960152453,3.268800161401563,0.3271736790311613,0.2444634525432452,0.1459429598751901,0.2388039085769651,Healthy
D:\Download1\Multi_Crop_Leaves_Disease\Multi_Crop_Leaves_Disease\Guava\Healthy_Guava\IMG_4848.jpg,Healthy,4,61,21,24.84063998,60.09116626,6.75020529,48.77790371,22.399836623372344,3,9.916116978825904,7.087892294011757,389.6656329840644,3.375452176327615,1,13.762275594990523,26.53748760983085,118.82675084403276,1,16.802287876322925,3,18.229750827767788,2.230370003989106,0.2380330500471622,0.251096895966468,0.0766092419764407,0.2338118412627398,Healthy
"D:\Download1\Multi_Crop_Leaves_Disease\Multi_Crop_Leaves_Disease\Guava\Healthy_Guava\Natural Dried Guava Leaves, Herbal Tea Ingredient - Etsy (1).jpg",Healthy,116,23,25,23.4123707,52.26994674,6.869720196,139.3670753,26.868761849494668,3,6.741904344963057,8.41635863687356,373.9811437698543,3.794683176281192,6,13.390083100988004,0.74848518583156,118.79743314609638,3,34.373895240317914,3,67.43339040151072,2.373373513775124,0.1676629069574048,0.2131145573261431,0.0566184255085184,0.173740981263448,Healthy
D:\Download1\Multi_Crop_Leaves_Disease\Multi_Crop_Leaves_Disease\Guava\Healthy_Guava\WhatsApp Image 2026-03-31 at 11.17.19 AM (1).jpeg,Healthy,81,41,38,22.67846116,83.72874389,7.524080076,200.9133156,25.61909630611916,1,7.693171089062004,9.809661026988328,417.594528247409,5.675302324647516,4,18.79716620642527,20.122956874708365,198.32016072814443,3,38.47677764247125,3,91.77639502384388,2.5104863034093494,0.3191698996701315,0.2262528184812811,0.1352674817310186,0.2318159983447971,Healthy
D:\Download1\Multi_Crop_Leaves_Disease\Multi_Crop_Leaves_Disease\Guava\Healthy_Guava\WhatsApp Image 2026-03-31 at 11.17.35 AM.jpeg,Healthy,31,26,9,11.69894639,93.25638873,7.566165721,103.2005992,15.937523119314164,3,5.678524831557894,16.37610434128878,387.1922370686192,5.417500347773751,4,11.642705479373998,71.43570882742895,193.8331498056675,1,9.229531219906828,1,12.432670447790084,1.6675712023085776,0.1479586284731871,0.2148233027064254,0.0517759701818843,0.1869644481674448,Healthy
D:\Download1\Multi_Crop_Leaves_Disease\Multi_Crop_Leaves_Disease\Guava\Unhealthy_Guava\algal_leaf_spot\algal12.png,algal_leaf_spot,32,120,204,10.38004759,83.44518113,6.138958698,67.3917379,11.099956508299684,3,7.9911382124626655,2.287884836566678,409.07160095456607,4.460667301565087,5,12.01506864361536,70.85331880982056,71.06269247215529,1,38.31314220670094,2,70.52943983971296,4.631603877553342,0.0262155449077294,0.1919721506224202,-0.018864395536896,0.1568379110146954,High_Risk
D:\Download1\Multi_Crop_Leaves_Disease\Multi_Crop_Leaves_Disease\Guava\Unhealthy_Guava\algal_leaf_spot\algal14.png,algal_leaf_spot,2,140,197,22.69780133,92.82223419,5.53456749,105.0508234,16.89041734173178,1,11.225156416831354,7.848277738217613,423.6263955972688,1.0957187442151055,6,14.87571565127692,61.8059845084544,111.23811524036503,1,7.591295401685294,2,71.35195702789136,4.975473976243485,0.3103284885015546,0.1441044260838778,0.215599760525922,0.1228028926553605,High_Risk
D:\Download1\Multi_Crop_Leaves_Disease\Multi_Crop_Leaves_Disease\Guava\Unhealthy_Guava\algal_leaf_spot\algal19.png,algal_leaf_spot,110,7,45,26.63838589,84.69546874,6.189213927,48.32428609,18.3977846729176,1,10.670729021099335,7.670149151051384,425.7781429456622,2.4144018897646973,3,11.810210300985457,30.467506113101816,142.976686436046,2,14.7338583591417,1,45.36693481832528,4.38054750103431,0.2836385915322745,0.2342608634816543,0.1265983849350097,0.2228744401321093,High_Risk
D:\Download1\Multi_Crop_Leaves_Disease\Multi_Crop_Leaves_Disease\Guava\Unhealthy_Guava\algal_leaf_spot\algal_spot1.jpg,algal_leaf_spot,3,60,19,25.74679443,40.7192594,4.820788186,100.7791633,22.86168392964897,2,8.234082262241294,9.89160977209436,382.7144182317677,7.981198589257493,2,5.949172376027609,54.14434451312184,139.15722806348896,3,36.29989532340239,2,71.78533469383129,4.075655368623673,0.2704736251939677,0.2493630118727416,0.1316149149195679,0.2329566673373792,High_Risk
D:\Download1\Multi_Crop_Leaves_Disease\Multi_Crop_Leaves_Disease\Guava\Unhealthy_Guava\algal_leaf_spot\rust12.png,algal_leaf_spot,92,81,52,27.39341554,81.4654833,6.438137279,94.31102057,19.94864011567039,1,8.497703567129708,6.65699537058927,381.46199320459,1.74046581694294,1,8.17947994116069,73.39638903916502,120.3627224781592,2,27.729916219222627,3,96.1511046545412,4.450381961402927,0.2417466386153199,0.2499797695316607,0.0907289917289768,0.2320499714768009,High_Risk
D:\Download1\Multi_Crop_Leaves_Disease\Multi_Crop_Leaves_Disease\Guava\Unhealthy_Guava\anthrecnose\anthrecnose1 (1).jpg,Anthracnose,34,34,35,27.27433181,47.16808054,6.422710539,95.257992,20.95036774058351,2,9.5993931578653,19.36173328136402,387.58164653246746,4.299912494997331,6,9.140673308295046,95.25066434331676,177.47223893405862,2,26.468298338451618,1,84.10268479462717,2.019432164539923,0.2353515183612222,0.1738256971600038,0.1800627644596147,0.1587579343829829,High_Risk
D:\Download1\Multi_Crop_Leaves_Disease\Multi_Crop_Leaves_Disease\Guava\Unhealthy_Guava\anthrecnose\anthrecnose11 (1).jpg,Anthracnose,9,49,16,30.88482722,41.36561835,7.661537348,55.053805,24.93190490364716,1,11.023257661847213,5.506013210643623,401.77160438701816,1.7119211169722952,5,7.0026889049812135,50.62880046296776,136.72146349939436,1,0.6054499468604202,3,10.401699466046676,1.723522842272159,0.2096976073339627,0.2570473995306225,0.1037403623939293,0.231218375757031,High_Risk
D:\Download1\Multi_Crop_Leaves_Disease\Multi_Crop_Leaves_Disease\Guava\Unhealthy_Guava\anthrecnose\Guava anth.jpg,Anthracnose,12,71,19,24.91079638,60.71367427,7.142611056,42.19740397,23.36781729024092,1,10.167946684827523,17.433949753435222,359.81608835945536,3.19349397168311,3,10.987763765003198,88.56496673304649,132.09347303471415,1,12.621257373056732,3,63.93357518343476,4.197837154451969,0.1224027948746228,0.1807391846185329,0.1058905565544218,0.1495139545635362,High_Risk
D:\Download1\Multi_Crop_Leaves_Disease\Multi_Crop_Leaves_Disease\Guava\Unhealthy_Guava\anthrecnose\no(11).jpg,Anthracnose,9,69,20,19.30607278,23.96362799,5.591560999,129.3449326,12.531124637144435,2,8.334571782263083,2.54302796395921,404.3312315270977,6.595306769687665,2,5.899801342925024,0.9705246730235316,147.12779155679016,3,1.016687733033772,2,40.70191178109409,4.292105924382222,0.2797334149340327,0.2474070144215017,0.1358257043264674,0.2227036774694979,High_Risk
D:\Download1\Multi_Crop_Leaves_Disease\Multi_Crop_Leaves_Disease\Guava\Unhealthy_Guava\Fungal infection\no(1).jpg,Fungal infection,56,67,78,17.57445618,16.71826572,8.255450758,77.81891424,21.05992581809401,2,9.25351685429045,3.1646692989827807,423.9537522666036,4.359266400005853,2,10.437174184557133,39.973371102215474,84.70099219371035,2,22.934935262785388,2,20.173265540442088,3.177390512037714,0.1194579363886923,0.2270891232081161,-0.0471363110572283,0.1615135672187046,High_Risk
D:\Download1\Multi_Crop_Leaves_Disease\Multi_Crop_Leaves_Disease\Guava\Unhealthy_Guava\Fungal infection\no(16).jpg,Fungal infection,30,25,31,26.31270635,98.62048026,5.804965067,208.1181381,19.72179833331019,2,9.846962210939342,19.066191226276864,436.8449979193406,4.996545250108882,2,13.74331165195205,70.09632455090939,101.56258993777912,1,21.618255043146977,2,5.544445858018965,3.954573666446093,0.2971892578054474,0.24863258095887,0.1866152340696324,0.2243119947317406,High_Risk
D:\Download1\Multi_Crop_Leaves_Disease\Multi_Crop_Leaves_Disease\Guava\Unhealthy_Guava\Fungal infection\no(17).jpg,Fungal infection,127,37,18,24.87663664,76.30050373,7.041065585,91.9223468,21.42811371676072,1,5.457210684558276,12.985560919701124,394.9594380003614,6.647956323883029,5,16.26583970526756,74.74421807387068,150.15861990749454,2,6.771608780020999,1,13.487324004847846,4.106624320742881,0.224360041499199,0.2661713489458572,0.0952616811061475,0.2421252033465766,High_Risk
D:\Download1\Multi_Crop_Leaves_Disease\Multi_Crop_Leaves_Disease\Guava\Unhealthy_Guava\Fungal infection\no(21).jpg,Fungal infection,42,79,23,27.71678273,63.29103387,6.781841984,68.56507978,22.86476639253589,1,7.823688077135046,10.042828630982964,400.4204948323379,7.178226476036309,6,9.110924137466132,84.85260998467434,87.89464619059336,2,30.85724309238017,3,75.28169110914124,3.340848900190254,0.1885767502785817,0.1819479701930119,0.1267917885907425,0.1730957228839017,High_Risk
D:\Download1\Multi_Crop_Leaves_Disease\Multi_Crop_Leaves_Disease\Guava\Unhealthy_Guava\Fungal infection\no11.jpg,Fungal infection,111,87,48,26.3985515,81.36028902,5.571401169,98.16752001,13.1171819705369,2,11.66973852884568,9.358851369750337,359.7621466453938,4.073651432951074,1,14.675004970702997,33.32442009921718,58.29583581205883,1,26.377474033021205,1,64.45809371881758,2.276637738972317,0.2798559329483415,0.2404500481752604,0.1727346032296613,0.2279523065289345,High_Risk
D:\Download1\Multi_Crop_Leaves_Disease\Multi_Crop_Leaves_Disease\Guava\Unhealthy_Guava\Fungal infection\no114.jpg,Fungal infection,22,80,20,23.00884744,18.86880997,5.669560726,100.118612,28.899088824927887,2,11.154081719571296,14.46081753888895,393.2739561830392,6.081203706903107,1,12.926192563211444,12.043661665399709,129.19948973563672,3,47.939695487588814,3,47.4563482959665,1.2825986904022488,0.224360041499199,0.2661713489458572,0.0952616811061475,0.2421252033465766,High_Risk
D:\Download1\Multi_Crop_Leaves_Disease\Multi_Crop_Leaves_Disease\Guava\Unhealthy_Guava\Fungal infection\no115.jpg,Fungal infection,116,38,34,23.29250318,50.04557009,6.020947179,183.468585,28.4397675573041,1,8.12970400936235,4.974811975921371,374.2861496672049,5.416485126000258,5,18.19092567659569,24.31642879356446,78.32780393541171,2,1.7378188762561364,2,87.93801307518771,1.9886621355781835,0.2330809849463707,0.2638559957925448,0.0605912922500093,0.2414275863479965,High_Risk
D:\Download1\Multi_Crop_Leaves_Disease\Multi_Crop_Leaves_Disease\Guava\Unhealthy_Guava\Fungal infection\no116.jpg,Fungal infection,60,68,83,19.12065218,18.43475844,6.620900869,85.52950164,21.162223655975843,2,10.407197816131974,6.778676684972607,427.2144432403287,4.967753295665488,5,12.368024962474005,54.18300583042846,114.0648347834285,1,23.72703730082816,2,1.933926945659592,1.8985416627632656,0.2797334149340327,0.2474070144215017,0.1358257043264674,0.2227036774694979,High_Risk
D:\Download1\Multi_Crop_Leaves_Disease\Multi_Crop_Leaves_Disease\Guava\Unhealthy_Guava\Fungal infection\test4.jpg,Fungal infection,13,28,33,28.130115,95.64807631,5.686972967,151.0761899,14.66127783457232,3,11.823272625945926,19.09420673941376,361.8024913756128,8.031681659150008,4,13.56591281931902,69.65648569264833,67.56219982028082,3,47.78866496692866,1,57.92638043160563,3.295214526946238,0.2797334149340327,0.2474070144215017,0.1358257043264674,0.2227036774694979,High_Risk
D:\Download1\Multi_Crop_Leaves_Disease\Multi_Crop_Leaves_Disease\Guava\Unhealthy_Guava\Magnesium\magnes12.png,Magnesium_Deficiency,12,58,23,21.74600081,63.39503184,6.765091462,50.43306085,24.89054517424656,1,5.69655648384773,4.059310743829371,449.1241454890359,6.118478342895687,4,8.441222802212597,44.583280550703776,190.56710446391864,2,28.258862798617685,2,61.3173822263886,4.680997266645102,0.2931171152886547,0.2523505440355612,0.12562319377757,0.2390653959006623,Moderate_Risk
D:\Download1\Multi_Crop_Leaves_Disease\Multi_Crop_Leaves_Disease\Guava\Unhealthy_Guava\Magnesium\magnesium1.jpg,Magnesium_Deficiency,99,19,33,27.5364547,55.51673151,6.273741983,130.6377143,24.574820971757987,1,10.255972786240116,1.1263787771041511,359.0953660818536,8.77023963686544,3,11.079961320804662,32.63584569365378,189.86700450443,3,19.01309225560744,1,85.12113162671386,3.483038619705111,0.239460481227054,0.2246682792796889,0.1001259205690407,0.1885507986366688,Moderate_Risk
D:\Download1\Multi_Crop_Leaves_Disease\Multi_Crop_Leaves_Disease\Guava\Unhealthy_Guava\Magnesium\no(14).jpg,Magnesium_Deficiency,20,72,15,36.00415838,56.01334416,7.313517308,134.8596466,22.7039820593924,3,10.274899268364786,16.330875299203804,433.6716738575575,1.8557467592590504,2,7.703686401967665,6.418773604403083,82.76020645587563,1,9.879507351223287,1,92.15642855353462,4.943149790517502,0.2822329655462026,0.245481484018449,0.1908338404292954,0.2087397729690293,Moderate_Risk
D:\Download1\Multi_Crop_Leaves_Disease\Multi_Crop_Leaves_Disease\Guava\Unhealthy_Guava\Magnesium\no115.jpg,Magnesium_Deficiency,37,23,12,31.52675982,90.50621806,6.395258356,113.1169398,25.43151559963759,1,8.984180250929612,16.16180591833384,354.88273356929244,8.40843928213271,2,14.125397025429086,89.85704123536237,65.0409171983259,3,48.55123189669431,3,54.3016431211033,2.506593669963315,0.0443018902928554,0.1871085733193785,-0.0311996700547237,0.1564030020199493,Moderate_Risk
D:\Download1\Multi_Crop_Leaves_Disease\Multi_Crop_Leaves_Disease\Guava\Unhealthy_Guava\Nitrogen\nitrofen_def.jpg,Nitrogen_Deficiency,22,16,27,29.1797902,90.27214288,6.006784979,188.9252083,21.96322763179176,2,8.547045891536722,13.787657583125714,407.7857176357071,7.653834022489334,1,18.40302388533132,51.50388237755143,170.5637601461586,3,15.543429870501813,1,55.98452929497086,2.8395605114251925,0.1885767502785817,0.1819479701930119,0.1267917885907425,0.1730957228839017,Moderate_Risk
D:\Download1\Multi_Crop_Leaves_Disease\Multi_Crop_Leaves_Disease\Guava\Unhealthy_Guava\Nitrogen\no(19).jpg,Nitrogen_Deficiency,33,31,34,31.32995611,50.22287593,5.421265283,89.78216168,27.565137396918484,2,8.30278609110212,9.275386768695682,361.1337793298358,2.540245652344579,3,19.950884386582302,11.422324882026846,120.4462779683401,2,25.848419874035176,2,19.892768163969865,1.426228460647605,0.3486207684987119,0.2314163444161996,0.1549002816852896,0.2331899988853355,Moderate_Risk
D:\Download1\Multi_Crop_Leaves_Disease\Multi_Crop_Leaves_Disease\Guava\Unhealthy_Guava\Nitrogen\no(22).jpg,Nitrogen_Deficiency,136,36,20,23.09595631,84.86275707,6.925412377,71.29581071,25.180208907319944,2,7.699290418161665,7.197522686034141,404.1230358724431,7.778894115907043,4,12.070334008191304,29.3301447773372,107.03346401279396,2,15.307644584172683,2,6.137302526801392,2.2860047366533163,0.3325162156401922,0.2438143442032926,0.1986120384299744,0.2295495292154637,Moderate_Risk
D:\Download1\Multi_Crop_Leaves_Disease\Multi_Crop_Leaves_Disease\Guava\Unhealthy_Guava\Nitrogen\no(6)1.jpg,Nitrogen_Deficiency,84,40,42,26.2830571,73.35763537,6.704273839,186.6898282,29.71032072499192,2,8.922195595344332,10.893424175552031,428.5129675237852,3.427352404866317,2,6.593802686203436,46.835185865894815,70.41464777902965,1,17.195741346948136,1,8.877128923948586,3.722566482574365,0.3259217123732905,0.2305220530920034,0.1815518611614839,0.2255395128747177,Moderate_Risk
D:\Download1\Multi_Crop_Leaves_Disease\Multi_Crop_Leaves_Disease\Guava\Unhealthy_Guava\Nitrogen\no.jpg,Nitrogen_Deficiency,25,59,19,29.06631494,83.6869203,6.626629798,43.95183726,14.239136974517791,1,8.79932911515087,0.3331277200397187,418.6148778863097,6.95444629128521,1,6.013455775344818,58.65137527891166,155.6591529376839,1,16.3777903965291,2,72.42722090829294,2.096714133819357,0.3061137510905336,0.1685961825927958,0.1529219168684692,0.1458063033805567,Moderate_Risk
D:\Download1\Multi_Crop_Leaves_Disease\Multi_Crop_Leaves_Disease\Guava\Unhealthy_Guava\Nitrogen\no12.jpg,Nitrogen_Deficiency,95,30,52,29.48069921,90.33698678,6.640470863,26.0365768,10.18326718307308,1,5.583184597681395,17.183991135339195,386.3280291932479,3.728589974641876,4,9.230047008175958,95.73033372942628,178.72965586230927,3,6.771111386270478,3,34.90753729071474,1.072191539279827,0.239460481227054,0.2246682792796889,0.1001259205690407,0.1885507986366688,Moderate_Risk
D:\Download1\Multi_Crop_Leaves_Disease\Multi_Crop_Leaves_Disease\Guava\Unhealthy_Guava\Nitrogen\no13.jpg,Nitrogen_Deficiency,5,62,23,27.9348279,66.45457122,4.722222454,145.3728801,20.869700420788323,1,11.27873115329217,11.28928954068938,413.7417849851939,1.6066560905842264,4,9.84355084929923,76.06371706901697,72.79471468140349,3,16.019638661857034,1,29.79462994817596,1.2732306639202835,0.2626992740947884,0.2037128109319035,0.1542547396258583,0.1888655791596425,Moderate_Risk
D:\Download1\Multi_Crop_Leaves_Disease\Multi_Crop_Leaves_Disease\Guava\Unhealthy_Guava\phosphorus\no(10).jpg,Phosphorus_Deficiency,13,75,20,30.55992394,35.29006485,6.979540061,178.8998611,11.99450787833964,2,9.72952489364852,10.08290175539778,378.2325483923352,4.519431539600638,2,13.24111529061029,76.03519712258641,104.24454508478487,3,46.41671992721479,1,31.291135751010167,2.0864030250017445,0.0409677799958357,0.1819086387048688,-0.033709415627995,0.1502057124382393,Moderate_Risk
D:\Download1\Multi_Crop_Leaves_Disease\Multi_Crop_Leaves_Disease\Guava\Unhealthy_Guava\phosphorus\no(13).jpg,Phosphorus_Deficiency,60,58,37,26.13871511,79.1188943,6.067302109,171.4892533,26.41942634413939,3,11.361445878468135,15.662910187543815,435.75884997288887,9.404974771471563,1,10.270208953810023,93.59315801966028,199.34446417920003,1,12.108435535070022,1,64.09621659221952,2.932772605210914,0.2458360165738611,0.2583816460757159,0.1331471351454263,0.2364737576218877,Moderate_Risk
D:\Download1\Multi_Crop_Leaves_Disease\Multi_Crop_Leaves_Disease\Guava\Unhealthy_Guava\phosphorus\no(21).jpg,Phosphorus_Deficiency,2,129,201,22.78234161,94.36803516,5.682343744,122.1449949,18.113655543784688,3,6.865101788809612,1.0446668077159238,378.9333206442151,4.467042679252787,3,12.949364810746566,64.69117238501696,80.76446303613021,1,2.19651743292249,1,16.344431172361663,4.855056584467276,0.2408681720142856,0.2439769244527121,0.1370431233801596,0.2094020755892864,Moderate_Risk
D:\Download1\Multi_Crop_Leaves_Disease\Multi_Crop_Leaves_Disease\Guava\Unhealthy_Guava\phosphorus\no(5).jpg,Phosphorus_Deficiency,17,64,16,30.97758716,32.24914235,7.161797643,180.716828,25.40139350951928,2,9.84026577450224,11.0558953227463,421.3787840402241,4.467365023408394,4,7.775680962849811,22.122644926632905,62.69417794902066,1,38.97688611275558,1,37.44007681099788,4.429394728511054,0.3294352234607689,0.2400163840159289,0.180367134677727,0.2079749048874892,Moderate_Risk
D:\Download1\Multi_Crop_Leaves_Disease\Multi_Crop_Leaves_Disease\Guava\Unhealthy_Guava\pottasium\no(15).jpg,Potassium_Deficiency,28,65,23,28.38686534,61.88871127,7.405176138,74.24459122,22.94600596496226,1,7.378597506846579,18.590630674987302,384.3919174963336,8.825775089728321,4,19.474085239815928,39.80771504628736,50.20999036684216,2,18.73129367804544,1,62.23478576736365,1.2005054953406191,0.2885332292790626,0.2484378369759524,0.1863656659059002,0.2256882150249277,Moderate_Risk
D:\Download1\Multi_Crop_Leaves_Disease\Multi_Crop_Leaves_Disease\Guava\Unhealthy_Guava\pottasium\pottassium5.jpg,Potassium_Deficiency,113,15,29,27.09617155,63.55324262,6.779230041,190.2440566,26.8667605830191,1,10.33057406192339,14.829222126888844,423.3618374428057,6.6541564946165135,2,12.108328252368707,91.98233865959496,60.64298108777543,1,1.5118172905314031,2,96.0694370885398,3.858408927614959,0.1430175762516661,0.1800497282773631,0.0334165232615572,0.1572763763367763,Moderate_Risk
D:\Download1\Multi_Crop_Leaves_Disease\Multi_Crop_Leaves_Disease\Guava\Unhealthy_Guava\Rust_fungal\rust12.png,Rust_fungal,91,7,52,25.07803672,83.46230461,6.405054243,56.39962921,12.398640117408124,1,10.868039920191867,17.316863646839987,419.6800277593165,6.613028074714131,4,6.798963137732608,86.24981188262514,188.82342966762656,1,6.203623365148419,1,80.63467938126219,3.832518319734594,0.2730136608807161,0.1637667555702561,0.1342792353045481,0.1509888344817751,High_Risk
D:\Download1\Multi_Crop_Leaves_Disease\Multi_Crop_Leaves_Disease\Guava\Unhealthy_Guava\Rust_fungal\rust14.png,Rust_fungal,36,44,21,25.12528913,51.33189406,4.516154055,38.48678973,14.113912935636186,2,11.688404534076582,0.8382972158191615,432.3707533391421,9.152760416666991,2,6.36204527369882,94.55457597577266,134.54231677349554,3,1.7830325527044888,3,71.2902252473865,1.6608205131010876,0.2836385915322745,0.2342608634816543,0.1265983849350097,0.2228744401321093,High_Risk
D:\Download1\Multi_Crop_Leaves_Disease\Multi_Crop_Leaves_Disease\Guava\Unhealthy_Guava\Rust_fungal\rust3.jpg,Rust_fungal,82,23,49,26.81383586,87.21986949,6.873283991,51.70497792,13.800710213243498,3,6.476821898514528,11.274558870972111,404.01856522110864,4.874897410088316,5,11.939953025453915,6.142642961606592,72.2049318713776,3,46.0158749531781,1,10.508562689161383,2.2289030560828893,0.1104100944424889,0.263582507026794,0.008987166405131,0.2147934770450874,High_Risk
D:\Download1\Multi_Crop_Leaves_Disease\Multi_Crop_Leaves_Disease\Papaya\Healthy_papaya\download (1).jpg,Healthy,69,46,41,23.64124821,80.28597873,5.012139669,263.1103304,18.880685233418696,2,10.831767020718932,15.844308334520589,428.4283883385776,8.275411802198768,6,7.040859781572888,66.47197175806218,161.1511192985543,2,11.679116871575934,1,43.387930202188144,3.100221279464048,0.2449503170655981,0.2374728808700787,0.1028266327682163,0.2239510727181713,Healthy
D:\Download1\Multi_Crop_Leaves_Disease\Multi_Crop_Leaves_Disease\Papaya\Healthy_papaya\download (3).jpg,Healthy,94,5,55,28.5854649,91.89216849,6.085682344,26.88372572,27.222030667553973,1,6.331846341198947,12.84419977532843,441.65408157463065,6.209082053990619,6,11.99446675948649,60.352928621981135,190.863552769897,2,32.83311093761836,2,56.997686397369954,3.238840467391426,0.1098579175989218,0.1938677018558514,0.0264283273523151,0.1640345053857025,Healthy
D:\Download1\Multi_Crop_Leaves_Disease\Multi_Crop_Leaves_Disease\Papaya\Healthy_papaya\download.jpg,Healthy,36,67,77,18.36952567,19.56381041,7.152811172,79.26357665,17.398324281444683,3,8.922137133747439,5.893234491062076,358.1794686531044,1.791547617798237,4,6.416859995791264,91.48492904898316,50.23297973155482,2,34.14144683496081,2,90.47890613120232,4.345380240659991,0.2696265869102576,0.2471832387901456,0.1529573854065015,0.2068291141128475,Healthy
D:\Download1\Multi_Crop_Leaves_Disease\Multi_Crop_Leaves_Disease\Papaya\Healthy_papaya\Healthy papaya.jpg,Healthy,113,41,20,25.0017188,80.53965818,7.256877571,96.32600992,16.55843681624998,2,8.579862214019014,16.405636456180986,395.5142655898112,7.794219005255698,5,5.819710634487638,31.63598794615073,178.67179927151457,1,10.835636642198264,3,36.0268631433922,4.556578168541916,0.3294352234607689,0.2400163840159289,0.180367134677727,0.2079749048874892,Healthy
D:\Download1\Multi_Crop_Leaves_Disease\Multi_Crop_Leaves_Disease\Papaya\Healthy_papaya\IMG-20260324-WA0035.jpg,Healthy,88,21,27,24.43011925,66.02411187,7.231166546,181.6368274,26.454242212497533,1,8.068528842901864,11.58470558286256,419.9904782249104,8.129205417413557,2,7.470654004508477,54.98857936836136,66.89124515598157,3,19.263454889800546,2,67.34876070877073,3.218585099934662,0.1885767502785817,0.1819479701930119,0.1267917885907425,0.1730957228839017,Healthy
D:\Download1\Multi_Crop_Leaves_Disease\Multi_Crop_Leaves_Disease\Papaya\Healthy_papaya\IMG-20260324-WA0044.jpg,Healthy,27,56,20,19.25975367,20.51346956,5.542690119,94.9533526,21.357883024408736,1,10.562753713053196,13.063349479867332,438.0898894077818,9.114575768465874,6,5.630244658003872,4.357310345089138,101.67694295009824,3,26.490806597263955,3,93.1934393698682,3.168137457139605,0.2746427329900849,0.2273588960513272,0.1264506191986833,0.2178794722800705,Healthy
D:\Download1\Multi_Crop_Leaves_Disease\Multi_Crop_Leaves_Disease\Papaya\Healthy_papaya\IMG_4851(1).jpg,Healthy,57,57,51,39.01793345,91.48815629,6.99223441,105.8841531,21.400903958536936,1,7.844285145399443,15.35247668810769,421.8725514997335,2.2279379242233213,4,18.170863322480024,24.70869650119084,184.73272952225392,1,35.70284525558453,2,59.05815825970737,2.198677305316353,0.2312050898314885,0.2329325333473289,0.1251034894366806,0.2073777625023294,Healthy
D:\Download1\Multi_Crop_Leaves_Disease\Multi_Crop_Leaves_Disease\Papaya\Healthy_papaya\IMG_4871.jpg,Healthy,18,12,35,26.13958446,96.38580769,6.338720873,131.3387935,29.57022162944702,3,8.093444382471684,19.242312233300066,397.6369543558951,8.0764411364167,5,19.70732659938346,55.07184725605968,177.2173099167901,3,5.571976682300289,1,93.42226807802852,3.5274405228635906,0.2783548785805821,0.2336903425027017,0.1582969971528675,0.2241844096923986,Healthy
D:\Download1\Multi_Crop_Leaves_Disease\Multi_Crop_Leaves_Disease\Papaya\Healthy_papaya\Papaya leaf (1).jpg,Healthy,72,40,38,20.41447029,82.20802629,7.592490617,245.1511304,14.592365270038036,3,10.994239280777904,1.789767905513986,393.2001556575748,3.9017389217755056,6,5.407176816711667,8.700531740345085,53.445356185109375,3,18.26143682277273,3,20.926994270124133,3.256415373141469,0.1736640641575071,0.169856684872427,0.0421607975103885,0.1571915703035355,Healthy
"D:\Download1\Multi_Crop_Leaves_Disease\Multi_Crop_Leaves_Disease\Papaya\Healthy_papaya\PAPAYA Leaf Powder 1lb (454g) ORGANIC Dried Bulk Herb, Carica Papaya L Folia _Available qty from 2oz-4lbs_.jpg",Healthy,111,87,48,26.3985515,81.36028902,5.571401169,98.16752001,13.1171819705369,2,11.66973852884568,9.358851369750337,359.7621466453938,4.073651432951074,1,14.675004970702997,33.32442009921718,58.29583581205883,1,26.377474033021205,1,64.45809371881758,2.276637738972317,0.2305391693870946,0.2634813252975512,0.1192872328038457,0.2342047376460404,Healthy
D:\Download1\Multi_Crop_Leaves_Disease\Multi_Crop_Leaves_Disease\Papaya\Healthy_papaya\Papaya leaf.jpg,Healthy,10,56,16,28.17432665,81.04554836,6.828187499,36.35720652,16.400390779250376,2,7.976017540364233,13.042821709949656,441.19486725614286,9.592362938734423,5,15.847544662418429,55.31077916779801,104.174370102864,2,36.22287462048497,3,10.199504255258184,4.447998306232603,0.1700672275850901,0.2472078447567685,0.0214765413346806,0.2158262153267885,Healthy
D:\Download1\Multi_Crop_Leaves_Disease\Multi_Crop_Leaves_Disease\Papaya\Healthy_papaya\Papaya.jpg,Healthy,28,48,15,25.16125354,55.25435777,9.254089438,40.89732789,13.525332836338746,1,7.442243451515088,8.21897640721923,355.2423371190844,1.0103587987767262,6,9.234221762442726,27.90604752816453,159.27389151368942,1,13.669812043066331,2,78.18973453295385,3.1617821912077426,0.2682147107187177,0.2390683046637486,0.1020274918850525,0.2362159499391597,Healthy
D:\Download1\Multi_Crop_Leaves_Disease\Multi_Crop_Leaves_Disease\Papaya\Healthy_papaya\papaya_leaf112.jpg,Healthy,24,14,33,29.38072512,93.27565685,6.366219551,218.5241851,24.56715739284488,2,9.14462692927476,7.402525453783504,354.3879530164388,4.803794856713791,1,13.77835849835835,33.54431568469738,144.7176546223448,2,39.37225494483591,3,9.292087124966342,4.320542789736342,0.0491342517970188,0.1642324558509376,-0.0101583425000225,0.1430541457295534,Healthy
D:\Download1\Multi_Crop_Leaves_Disease\Multi_Crop_Leaves_Disease\Papaya\Healthy_papaya\WhatsApp Image 2026-03-31 at 10.55.25 AM (1).jpeg,Healthy,101,92,45,28.22776705,80.6430384,5.758054257,98.00403016,23.41065976745307,2,7.941116070376768,14.759443307494266,405.3345338723524,4.495260445117842,6,6.619226210823543,84.5213502137492,137.68668492743717,2,12.271642594236582,1,71.0343959275815,3.13309647162218,0.1328361738850855,0.191398789771291,0.031284515295905,0.1575182606612566,Healthy
D:\Download1\Multi_Crop_Leaves_Disease\Multi_Crop_Leaves_Disease\Papaya\Unhealthy_papaya\Anthracnose _ Cercospora\antherconose2.jpg,Anthracnose,23,59,19,21.98560799,24.87304788,5.852046999,129.5650601,29.11433231879194,3,11.431351510873498,2.717596056797844,396.0508468881941,7.240201948003007,4,17.28044392319866,23.51005810995619,146.87665706891502,1,47.58673581047472,1,84.6166227041781,2.1117362819285264,0.1224027948746228,0.1807391846185329,0.1058905565544218,0.1495139545635362,High_Risk
D:\Download1\Multi_Crop_Leaves_Disease\Multi_Crop_Leaves_Disease\Papaya\Unhealthy_papaya\Anthracnose _ Cercospora\cercospora.jpg,Anthracnose,27,10,33,27.81132822,97.48410555,6.465906333,154.0621221,14.741278343993498,3,9.328639984893313,1.1935742562762996,446.7417610640879,7.491005407145096,6,11.820608315775583,47.98496554990229,188.716862852116,1,47.607017618485855,2,42.27702823438512,1.6881469038288903,0.3319789693354326,0.2336752225745427,0.1713991903615851,0.2227833380445688,High_Risk
D:\Download1\Multi_Crop_Leaves_Disease\Multi_Crop_Leaves_Disease\Papaya\Unhealthy_papaya\Bacterial Leaf Spot\no1.jpg,Bacterial_Disease,25,76,24,15.33042636,24.91506728,5.56503533,135.3315583,24.83407740527442,1,5.968727018086067,14.397991486433137,403.14446353786127,3.203941446526437,5,7.906735945985541,37.93090275554432,58.227375897868285,3,46.49031613814027,3,6.607224692221047,3.0595804666286126,0.2410820942981961,0.2584242088061317,0.0854876801628593,0.2382301328301563,High_Risk
D:\Download1\Multi_Crop_Leaves_Disease\Multi_Crop_Leaves_Disease\Papaya\Unhealthy_papaya\Bacterial Leaf Spot\papaya_un.jpeg,Bacterial_Disease,36,56,20,25.4123765,49.66474269,7.437078236,31.87416982,19.393259064605587,3,8.765863699907554,14.727728728378931,384.04013458836425,9.770668477688606,2,17.684822873699073,66.09380200029064,55.34380260488707,1,6.79093563889327,2,0.7280946602128302,1.2605293273887348,0.2306078647188103,0.2426777673133649,0.1171359323569603,0.2190488735434985,High_Risk
D:\Download1\Multi_Crop_Leaves_Disease\Multi_Crop_Leaves_Disease\Papaya\Unhealthy_papaya\blackspot\blackspot13.png,blackspot,5,15,38,18.26233221,88.16779129,5.709380472,108.0756727,28.76925310088035,1,8.863933726865742,6.841955039179679,390.3269297590373,8.552554423415442,6,11.923768395299891,95.70099383744692,94.0555619916651,2,20.60353807311775,3,58.77072467084334,2.113860098063629,0.2695122189441389,0.2647627016174454,0.1346403921576422,0.2304679268484411,High_Risk
D:\Download1\Multi_Crop_Leaves_Disease\Multi_Crop_Leaves_Disease\Papaya\Unhealthy_papaya\blackspot\blackspot15.png,blackspot,113,41,20,25.0017188,80.53965818,7.256877571,96.32600992,16.55843681624998,2,8.579862214019014,16.405636456180986,395.5142655898112,7.794219005255698,5,5.819710634487638,31.63598794615073,178.67179927151457,1,10.835636642198264,3,36.0268631433922,4.556578168541916,0.2080787988542195,0.1930726324673818,0.1437336543388606,0.1638107137792359,High_Risk
D:\Download1\Multi_Crop_Leaves_Disease\Multi_Crop_Leaves_Disease\Papaya\Unhealthy_papaya\blackspot\blackspot16.png,blackspot,33,15,7,15.83388699,91.68293851,7.651225301,109.7571416,27.152322635424103,1,7.892048333285752,3.4335021092044093,369.1409143601832,7.584044295156777,6,12.354686535187463,56.64746342450406,114.59086392109124,3,19.36225405435304,3,82.12315051263278,1.2358251523368189,0.2964907953867713,0.2368123150748913,0.1094602855069457,0.2319985564055466,High_Risk
D:\Download1\Multi_Crop_Leaves_Disease\Multi_Crop_Leaves_Disease\Papaya\Unhealthy_papaya\Leaf_curl_viral_diseases\Leaf curl of papaya13.jpg,Leaf_Curl,6,36,22,24.21610338,59.79236306,8.869532817,42.24783476,24.409597837236525,1,7.8509425494344125,1.590128333107852,368.04832867634144,6.2501029305235605,5,7.148719312243441,72.28773596599592,63.019140869967686,2,49.82560446808189,3,95.79393039327874,2.7431530677730804,0.1509165754910009,0.1723905031643897,0.0318214685301151,0.1514718093963294,High_Risk
D:\Download1\Multi_Crop_Leaves_Disease\Multi_Crop_Leaves_Disease\Papaya\Unhealthy_papaya\Leaf_curl_viral_diseases\Papaya leaf curl virus .jpg,Leaf_Curl,108,35,25,23.98143338,61.10935084,6.971963169,161.5279095,14.446748288731564,2,10.900613027177164,8.408809474239122,422.9443590813135,7.350693924000186,1,14.645313457675018,47.81901453062412,108.46449825704296,3,36.82901631495788,1,48.345058584849895,3.2750798765187428,0.3009015997760803,0.2495582271901875,0.1321721853589529,0.2408648298882668,High_Risk
D:\Download1\Multi_Crop_Leaves_Disease\Multi_Crop_Leaves_Disease\Papaya\Unhealthy_papaya\magnesiuam\img1.jpg,Magnesium_Deficiency,70,44,19,23.31689124,73.4541537,5.852607099,94.29712821,18.35536638092298,3,9.938918604408634,10.706750345132791,394.4056601902954,3.2437906076985428,4,13.103252635674144,31.93416461738077,143.0151720293891,3,16.213898432091277,2,66.24277217211676,1.1993949698890676,0.1885767502785817,0.1819479701930119,0.1267917885907425,0.1730957228839017,Moderate_Risk
D:\Download1\Multi_Crop_Leaves_Disease\Multi_Crop_Leaves_Disease\Papaya\Unhealthy_papaya\magnesiuam\magnesium (2).jpeg,Magnesium_Deficiency,80,26,55,24.53442564,88.989272,6.140099215,49.11618732,25.12719040421041,1,9.361535531115964,6.5253267734110665,398.51599018239193,1.9214001561947591,3,14.633184455423498,94.15471968944593,100.88329992197345,3,3.4643239345160337,2,52.15214520820989,2.6302694441372974,0.2472965767280733,0.2219410876093169,0.1523451725954112,0.1854102966039161,Moderate_Risk
D:\Download1\Multi_Crop_Leaves_Disease\Multi_Crop_Leaves_Disease\Papaya\Unhealthy_papaya\magnesiuam\nietro_magnes.jpeg,Magnesium_Deficiency,95,7,45,27.30008597,90.80015308,6.031665834,25.09484511,29.01729669854916,1,8.319959880895988,1.2552485190838405,377.7760050319055,9.217875178450036,3,17.15816893906969,54.75705951202513,133.2209310875953,3,25.121042425294288,1,79.46693076110472,2.836914173657686,0.3319789693354326,0.2336752225745427,0.1713991903615851,0.2227833380445688,Moderate_Risk
D:\Download1\Multi_Crop_Leaves_Disease\Multi_Crop_Leaves_Disease\Papaya\Unhealthy_papaya\magnesiuam\papaya_un.jpeg,Magnesium_Deficiency,39,70,52,26.26559543,90.79668055,6.65149129,59.49373381,20.285976168436644,1,5.609673138826256,5.010912993994965,393.7095905892368,4.65996897605013,1,15.703495896172328,73.95022853040551,82.84986088221976,1,2.1014026676201114,1,62.829604346663125,3.210794024330161,0.2336637208899354,0.2588044966161348,0.107313985034398,0.2397968207136967,Moderate_Risk
D:\Download1\Multi_Crop_Leaves_Disease\Multi_Crop_Leaves_Disease\Papaya\Unhealthy_papaya\Mosaic\mosaic1.jpg,Mosaic,36,76,75,18.38120357,16.63805158,8.736337905,70.52056697,20.394642863959994,1,10.543237515375498,2.6340826916566296,427.4450898454821,4.618156634145274,4,12.253886695549047,28.5928420175164,59.36474248096073,2,4.523720464597847,2,4.330072294778153,1.0527331983028447,0.1583248650057994,0.2622390521792176,0.0636647445047789,0.2337878815026823,High_Risk
D:\Download1\Multi_Crop_Leaves_Disease\Multi_Crop_Leaves_Disease\Papaya\Unhealthy_papaya\Mosaic\mosaic112.jpg,Mosaic,54,77,85,17.1418614,17.0662427,7.829211144,83.74606679,14.94566795676447,1,6.323744634948048,6.741236943789364,350.99621521094826,9.448286237607052,1,16.62088061236865,26.40204790793201,64.467382468398,1,41.23216857144729,2,73.9864136818539,4.242441075863542,0.2457429900572205,0.2567671385347508,0.1500086834832507,0.2320798510524112,High_Risk
D:\Download1\Multi_Crop_Leaves_Disease\Multi_Crop_Leaves_Disease\Papaya\Unhealthy_papaya\Mosaic\mosaic122.jpg,Mosaic,4,134,200,28.57828803,80.95628959,5.840256272,73.34232097,28.71880532328536,2,9.931031915769513,2.131959700114805,350.4774122433321,5.428885364568997,3,12.267307865618344,68.49194070366936,195.2599860635088,1,49.52861751346978,1,51.177923385594845,1.2812860235102677,0.1720918289714374,0.1901855429374129,0.087714490624889,0.1689706593974808,High_Risk
D:\Download1\Multi_Crop_Leaves_Disease\Multi_Crop_Leaves_Disease\Papaya\Unhealthy_papaya\Mosaic\mosaic6.png,Mosaic,75,54,36,26.29465461,84.56919326,7.023936392,257.4914906,12.692405256703813,1,10.107386654563172,16.370263035927152,378.88278792276606,5.711948512456132,5,14.354384400048602,30.005963650270363,177.6444672214584,1,4.970428090272394,3,79.4798521508006,4.561682533023239,0.271857662818706,0.2579144089682887,0.1170754087122319,0.2403265062939086,High_Risk
D:\Download1\Multi_Crop_Leaves_Disease\Multi_Crop_Leaves_Disease\Papaya\Unhealthy_papaya\Mosaic\spider_curl1.jpg,Mosaic,26,18,27,27.45907759,92.90736493,5.836075368,142.1430003,12.972852034216771,1,6.732214959570486,4.826529559088231,401.0203581127265,7.5892258338961724,1,16.2315139237791,21.25612381553299,116.83778477149886,1,20.62472711881984,3,9.221100678294937,3.922775754156191,0.2125678694290099,0.2793464098580453,0.0476808168818649,0.242436582702494,High_Risk
D:\Download1\Multi_Crop_Leaves_Disease\Multi_Crop_Leaves_Disease\Papaya\Unhealthy_papaya\Nitrogen\Nitro_Magnesi.jpeg,Nitrogen_Deficiency,16,18,26,28.43647052,91.81320717,5.568365926,145.5414413,26.40740953331289,3,11.297603687864656,15.56613650254012,353.12362330738256,9.389334451498408,1,13.821696720786909,44.87018346856762,175.23213079211382,3,38.76295223048526,3,30.1754582629694,2.775337736329966,0.3191698996701315,0.2262528184812811,0.1352674817310186,0.2318159983447971,Moderate_Risk
D:\Download1\Multi_Crop_Leaves_Disease\Multi_Crop_Leaves_Disease\Papaya\Unhealthy_papaya\Nitrogen\no(1).jpg,Nitrogen_Deficiency,40,63,18,30.41588462,67.66323804,6.74441168,63.02473185,17.61211365012349,3,7.091492010589074,1.6163234138594196,388.3248644682168,1.554756978652595,5,15.291371419512185,86.88072197332394,74.62377489951865,1,23.130979425338023,3,36.95263177708023,2.383615191607352,0.2147969487180266,0.2421553405379465,0.1283722322151212,0.2173374356962753,Moderate_Risk
D:\Download1\Multi_Crop_Leaves_Disease\Multi_Crop_Leaves_Disease\Papaya\Unhealthy_papaya\Nitrogen\test1.jpg,Nitrogen_Deficiency,59,62,83,18.57665902,19.22008229,8.104396058,72.94940441,29.24766608564906,2,5.3058959378719965,15.467749192548176,363.2005448225677,9.283973810705184,5,18.04756724331145,74.5183297311113,83.18937561577343,1,9.501954565086946,2,37.49928518284125,4.26523446281083,0.1755391967456433,0.2297807130733123,0.0769026872317468,0.1966602432870653,Moderate_Risk
D:\Download1\Multi_Crop_Leaves_Disease\Multi_Crop_Leaves_Disease\Papaya\Unhealthy_papaya\Pottasium\no6.jpg,Potassium_Deficiency,62,52,16,22.27526694,58.84015925,6.967057762,63.87020584,28.81810743413301,1,9.36311331410015,6.868265821161971,362.51840622472565,4.311333351785014,6,12.549366890834856,46.3821341471032,156.5443354532003,2,4.844258560297576,3,17.86729936411161,4.357799119499675,0.282525961070738,0.2352376342952635,0.1217911523325992,0.2264963251412972,Moderate_Risk
D:\Download1\Multi_Crop_Leaves_Disease\Multi_Crop_Leaves_Disease\Papaya\Unhealthy_papaya\Pottasium\pottasium4.jpg,Potassium_Deficiency,120,40,33,24.23850608,54.30329632,6.73410539,115.1564012,18.562032154156064,3,8.584143607039973,13.293567236355631,421.4198876499133,6.081613993988652,6,5.704819243892765,5.924323150352418,114.84027538489264,1,38.82775300909674,1,91.75900255129449,2.688181377691625,0.3084980971943827,0.2604660044915257,0.1780076627381013,0.2296548869587603,Moderate_Risk
D:\Download1\Multi_Crop_Leaves_Disease\Multi_Crop_Leaves_Disease\Papaya\Unhealthy_papaya\Pottasium\pottasium9.jpg,Potassium_Deficiency,16,14,30,29.70931288,96.30484325,6.37466756,209.8453993,11.05834190341838,1,8.871298508138285,7.694941951886594,374.9140671027305,4.198836310710563,2,16.627645914686546,36.91252423000154,87.43087634094319,2,46.13059373455805,3,66.07595319509304,2.045980501353539,0.077686179427063,0.1761553494283008,-0.0250783526965248,0.1616432107128303,Moderate_Risk
