N,P,K,temperature,humidity,ph,rainfall,label,soil_moisture,soil_type,sunlight_exposure,wind_speed,co2_concentration,organic_matter,irrigation_frequency,crop_density,pest_pressure,fertilizer_usage,growth_stage,urban_area_proximity,water_source_type,frost_risk,water_usage_efficiency,NDVI_Mean,NDVI_Std,NDRE_Mean,NDRE_Std
90,42,43,20.87974371,82.00274423,6.502985292,202.9355362,rice,29.44606392482905,2,8.67735526697563,10.109875244575116,435.611225664072,3.121394502259622,4,11.743910096203432,57.60730813596583,188.19495775411988,1,2.7196142681382094,3,95.6499853668432,1.1932932982959272,0.1885767502785817,0.1819479701930119,0.1267917885907425,0.1730957228839017
85,58,41,21.77046169,80.31964408,7.038096361,226.6555374,rice,12.851182636936995,3,5.754287955222303,12.048049798316915,401.45185974634256,2.142020928535281,4,16.797101236780506,74.73687900741903,70.96362942364794,1,4.714427327225068,2,77.26569365523096,1.7526716815799783,0.1888089508254469,0.1821024141150078,0.1270084255358297,0.1730777327506774
60,55,44,23.00445915,82.3207629,7.840207144,263.9642476,rice,29.363912891054824,2,9.875230096038331,9.05134891346406,357.4179627074981,1.4749737247687815,1,12.654394579097698,1.034478009144435,191.97607728111197,1,30.43173647520732,2,18.192167864978813,3.035541019903109,0.1885518323586149,0.1817725222351055,0.1267947792102411,0.1729794406317434
74,35,40,26.49109635,80.15836264,6.980400905,242.8640342,rice,26.20773239299878,3,8.023684684293785,7.963606057288741,363.6943055002588,8.393907171864402,1,10.864360184826303,24.09188793478396,55.76138848397649,3,10.861071276483274,3,82.81872017326596,1.2733406458545562,0.1882903351410832,0.1811742683725615,0.1268019275129848,0.1728570954582213
78,42,42,20.13017482,81.60487287,7.628472891,262.7173405,rice,28.236236135835615,2,8.12051188272924,19.264133422858432,410.35645777701023,5.202285434682235,3,13.852910054226465,38.811481435085696,185.25970154082896,2,47.19077674711596,3,25.466498927055326,2.578671084995216,0.1885150979295672,0.1807468629298206,0.1272944738931642,0.1728083247877492
69,37,42,23.05804872,83.37011772,7.073453503,251.0549998,rice,23.61311519614218,3,10.873767569219408,2.728812124554161,428.7284296936261,5.958483178119839,5,13.478474458070083,82.07341331570409,135.92906584189868,3,42.15873477813557,3,43.42633430045652,1.7536156668614868,0.2973245641592897,0.1379085582488776,0.209730293735097,0.1219559162239451
69,55,38,22.70883798,82.63941394,5.70080568,271.3248604,rice,15.333693105308976,2,8.726839860577611,4.715023586814744,398.3170075705707,7.389915833434773,1,13.487610448270203,48.81462557502119,121.1736596015814,1,1.592171825417832,3,50.01897066431516,3.171514124476316,0.3103284885015546,0.1441044260838778,0.215599760525922,0.1228028926553605
94,53,40,20.27774362,82.89408619,5.718627178,241.9741949,rice,20.835640482532128,3,10.719887142177978,6.627556793662457,379.8472815222341,1.2420726896565475,4,8.63078182173721,80.12783103951577,195.7361604567481,1,14.415279885864967,1,18.08996232939174,3.1795385786845385,0.3061137510905336,0.1685961825927958,0.1529219168684692,0.1458063033805567
89,54,38,24.51588066,83.5352163,6.685346424,230.4462359,rice,26.64065576840069,2,11.600185637716663,7.309391590701411,446.3333843786954,8.821774607066256,2,11.260104812933562,89.87019212181914,73.44697633488323,3,48.13877175140959,3,98.37740877207062,1.5309800787118886,0.3415415726563713,0.244512235959752,0.1709606309786425,0.2213734316873143
68,58,38,23.22397386,83.03322691,6.336253525,221.2091958,rice,24.368852917432807,3,6.413153902771772,15.395845984336622,377.3990151601595,4.24170639150573,1,11.88543252673378,26.5442576049046,72.79170148098056,1,45.647152908162894,2,63.33575198203821,4.586856058247635,0.3492290058126367,0.2335340248631689,0.2038051225413373,0.2273267375812586
91,53,40,26.52723513,81.41753846,5.386167788,264.6148697,rice,20.459145741082907,2,6.43288482293385,18.241282308646483,397.4717144170916,7.686282485746422,3,19.80376704152053,43.0149813897197,88.35389727182411,1,25.44276360101112,3,0.8030068386047917,1.4760491681677208,0.3165943010021355,0.2456241053443182,0.1712322946707265,0.228886270887809
90,46,42,23.97898217,81.45061596,7.50283396,250.0832336,rice,15.404600446017936,2,8.554866438403772,3.5335211917178566,387.838957847824,3.312374645893745,2,6.024622352933802,65.42929939559889,162.39579093341422,1,36.39975138070278,2,79.21176901091427,4.956311495518364,0.3486207684987119,0.2314163444161996,0.1549002816852896,0.2331899988853355
78,58,44,26.80079604,80.88684822,5.108681786,284.4364567,rice,15.69649075752503,1,5.962473079366161,7.89643882264818,359.04279531520604,6.142806338720238,6,7.755604910749735,44.776936686283655,196.08297109004903,3,7.030797616012851,3,26.72412345028374,1.5690463286676493,0.3023325399209414,0.2444755220740902,0.1368173942667024,0.2333491151251259
93,56,36,24.01497622,82.05687182,6.98435366,185.2773389,rice,18.102299560975805,3,10.509164776834664,4.249812524263021,439.9141828695301,3.208669383951548,2,7.552875738109826,80.6212931315953,83.06454514117044,1,40.4247179730376,2,12.45162810967173,1.0297367847931582,0.2731323500682599,0.2392941669106476,0.1217847154772177,0.2293273275541327
94,50,37,25.66585205,80.66385045,6.94801983,209.5869708,rice,19.742522826826036,2,7.613462956316367,3.9259507614610967,431.6839322952465,1.1538330760013102,4,13.520434354100503,91.7188882485618,78.3083947509769,2,10.157776806077878,2,30.71243535709793,4.410523115565436,0.282525961070738,0.2352376342952635,0.1217911523325992,0.2264963251412972
60,48,39,24.28209415,80.30025587,7.042299069,231.0863347,rice,23.34511451117176,1,10.168697865057386,13.214305576708757,386.14283047459605,8.705518065479506,3,14.312229905712677,13.358098388005168,117.26676065919187,3,43.476465497635566,1,50.39889549176869,1.3745635802528169,0.2836367148172173,0.234768326815795,0.1208677897297048,0.2272420402885306
85,38,41,21.58711777,82.7883708,6.249050656,276.6552459,rice,12.287843010348428,1,10.748001538790213,18.99798488965525,435.4804751841295,8.55056918740796,1,15.303243639522,31.42938168793934,182.0508467996191,3,14.486082459985944,2,38.68300438556499,1.1359236150294585,0.2903870760005039,0.2386778444802194,0.1238422362080034,0.2330357922076502
91,35,39,23.79391957,80.41817957,6.970859754,206.2611855,rice,20.505529046999705,2,8.914357978526676,5.605837157503199,362.0769125293712,5.083744266596145,5,6.886703068768259,14.483418321200748,74.4938501084522,3,35.14762403771211,3,77.8685812971585,1.085565894426281,0.2809395945641511,0.2458529506312597,0.1472844339094041,0.2328123237301221
77,38,36,21.8652524,80.1923008,5.953933276,224.5550169,rice,19.86297771132577,3,9.604758001573376,15.037544987768992,449.099982387764,3.287939301403511,6,8.66938933565357,50.16163399739286,75.75147164765943,2,4.852330346328937,1,83.16991783223679,2.290178559584014,0.151264483269515,0.2640458159641354,0.0445845470793637,0.2121549317645791
88,35,40,23.57943626,83.58760316,5.85393208,291.2986618,rice,25.75100657263861,1,5.156131899329995,11.966922691518535,387.84517226922674,8.826688210121965,6,13.41922724517027,21.42755696379507,87.37678676139276,2,24.83894964192667,2,49.834587199231606,1.3075942280167938,0.0853276461400136,0.2239265326313127,0.0159940017616863,0.1838662648923174
89,45,36,21.32504158,80.47476396,6.442475375,185.4974732,rice,17.850955791197684,1,11.30220543702904,2.5680289175683435,386.9120485709592,8.137254880064633,2,13.331189009949806,90.87507422306253,145.35805048578587,2,43.27565016907384,1,3.070325598982515,1.4701086515910866,0.0766061996929917,0.2023292184492215,0.0031377798630309,0.1617083262720572
76,40,43,25.15745531,83.11713476,5.070175667,231.3843163,rice,16.92544358289537,2,7.193711117792186,16.94274790637595,380.1545777290284,3.757578539131919,6,11.439381139697474,43.70821709513933,69.95604214677172,3,9.150663021420286,3,94.38189733419962,3.672312161909824,0.1740446321096135,0.2654496340665807,0.068135077164609,0.2222339198088719
67,59,41,21.94766735,80.97384195,6.012632591,213.3560921,rice,13.9285897742515,3,8.401741241240257,17.444358494246778,427.3210034453396,4.9411167167386605,1,5.261348665063728,37.08392899537516,177.95358783440952,3,23.13274544495867,3,15.47295955998289,2.4656465098439284,0.235829727679894,0.2637893871152011,0.1504675487620481,0.2294901950734217
83,41,43,21.0525355,82.67839517,6.254028451,233.1075816,rice,15.054079970805905,1,8.353858331438325,1.0286659731733572,422.1631803965448,5.1542050838430695,2,5.844103097052975,71.06154282829911,68.9503249773089,1,43.62347417344994,3,20.140472654441886,2.686871510725461,0.2580993838228191,0.2516989313557263,0.15807123776121,0.2288266246615137
98,47,37,23.48381344,81.33265073,7.375482851,224.0581164,rice,21.665501586766386,3,11.40035146640266,7.178125230806383,387.1073930580847,2.524754582480912,3,7.674413593102753,66.68658019500681,56.29101402022205,3,33.55821259097579,2,77.15182533785733,2.6293142066193536,0.2562801073529285,0.2502674580721617,0.1533131049714546,0.229847171889672
66,53,41,25.0756354,80.52389148,7.778915154,257.0038865,rice,13.741746858175928,2,8.232858165322387,1.2902067748532486,434.99224295037806,7.417834013024693,2,13.420275630579985,66.96630853056874,161.99888092080016,1,21.855042906713884,1,75.12350816058637,3.988721923678906,0.2457429900572205,0.2567671385347508,0.1500086834832507,0.2320798510524112
97,59,43,26.35927159,84.04403589,6.286500176,271.3586137,rice,25.52548813642485,1,5.029698818479235,12.957018280144002,354.2222341724808,2.3172103907133668,2,10.720871310411214,89.94165562227481,123.91618268614567,1,15.840594303675386,3,80.56353348649273,2.7810452572861557,0.2582947244368569,0.2495048951141917,0.1380386846995684,0.2306598483761681
97,50,41,24.52922681,80.54498576,7.070959995,260.2634026,rice,16.9004052999644,1,7.130601915609544,16.285840161183593,387.0109983219061,4.229277117008785,1,9.288550189993176,34.12657847522734,186.48685102113703,3,27.329056036699583,1,29.00824790733667,4.596199347451918,0.2458360165738611,0.2583816460757159,0.1331471351454263,0.2364737576218877
60,49,44,20.77576147,84.49774397,6.244841491,240.0810647,rice,14.07087343441151,1,8.20556958897901,18.85925311258835,382.4049654362147,6.409720868261506,4,15.92940372453539,42.57121963780162,54.46000266994612,2,27.513657535428003,3,24.079101189899237,1.169038310400524,0.2821980866268685,0.2617641536726705,0.1529881293695949,0.2360331456603751
84,51,35,22.30157427,80.64416466,6.043304899,197.9791215,rice,12.41872292580177,3,6.495707284772177,13.90703851581521,385.59068019596657,4.852641176937873,5,6.141819410846823,41.556331929529954,123.11369498702734,3,15.718680974054983,1,49.51670996926777,1.457174298152816,0.3256139668364906,0.2474031538868804,0.1784332869419825,0.2279058932561591
73,57,41,21.44653958,84.94375962,5.824709117,272.2017204,rice,24.03853195047953,2,7.395417364492115,15.97704743199468,409.13507585559415,2.374012772166458,4,14.308048809199102,45.57980344027099,143.3450708523203,1,33.469149566509856,1,72.29219081889899,3.667281714640228,0.2956871030162999,0.2539537247756065,0.184132261258384,0.2250037505716547
92,35,40,22.17931888,80.33127223,6.357389366,200.0882787,rice,11.78666410407552,2,7.827432567657639,19.205834810173457,449.7528366782212,1.161099444786298,3,10.644278367228107,32.18107344470167,112.78792329339365,1,30.478580663185745,3,87.23012611655435,3.8583490632502895,0.3245412901369631,0.2497235275215091,0.1919859076206636,0.2282732335092968
85,37,39,24.52783742,82.73685569,6.364134968,224.6757231,rice,18.58080280678941,1,10.681930603549745,3.936908658170577,440.5935604117024,4.719268902845018,6,15.78996607668547,5.000830207015228,73.55137622003463,1,22.972076616170384,2,11.030281219282845,1.2581960363365012,0.315553342061823,0.2475809719930307,0.1408641818327258,0.2239677736293182
98,53,38,20.26707606,81.63895217,5.01450727,270.4417274,rice,12.173006937040183,3,7.411662488078816,5.978189568747238,437.3522817666761,8.659881716344454,6,10.992251318755232,46.72542365743689,134.2455911192905,2,49.82165834015599,1,41.05329141913438,3.4668364446701974,0.2472965767280733,0.2219410876093169,0.1523451725954112,0.1854102966039161
88,54,44,25.7354293,83.88266234,6.149410611,233.1321372,rice,23.33402741040184,3,11.435795412825094,1.123597347821832,428.43707637137913,5.118385270098012,5,8.58871956139635,2.002447204415725,127.80651505647134,1,2.910249616931365,1,71.06733199806864,3.478428457663009,0.2893795479460609,0.1906915147484287,0.1288556813902201,0.1684951579369566
95,55,42,26.79533926,82.1480873,5.950660556,193.3473987,rice,23.978828255346407,3,11.40265470663751,14.23982332784258,440.2770546568698,2.8606047983092937,6,19.940179865130624,18.592823085504907,148.6785351076055,1,29.808356985813404,3,87.44669457509315,4.937106996587655,0.277307261343369,0.144664194428088,0.1717730013633613,0.1289819655214998
99,57,35,26.75754171,81.17734011,5.960370061,272.2999056,rice,20.463412227529027,1,6.288513600129082,15.68068087321974,414.95432438786736,9.040013385591829,6,6.191903207615072,2.7200192410222424,185.9919749922708,2,2.1033043307092605,1,97.66742866354488,3.86799401207321,0.2702202145769914,0.1493343137040025,0.1748427968565398,0.1442294902038189
95,39,36,23.86330467,83.15250801,5.561398642,285.2493645,rice,18.19548533667535,2,9.659394559081736,5.91500978313838,423.024884017376,2.3715055511692955,1,7.624250507782482,62.71503007028074,57.9637403385222,3,10.362238021056095,3,6.8526759252996,1.049513577841978,0.2606588854472506,0.1473993862857039,0.1697164839827572,0.1445798220555312
60,43,44,21.01944696,82.95221726,7.416245107,298.4018471,rice,19.47400022303122,3,10.173810986216726,5.6144207297556825,381.3204769233853,6.184190584365346,2,13.158529897373638,45.73350743512405,142.7926757284559,2,3.2353428707002307,2,21.146305191155516,2.208341569439201,0.2633293767453621,0.1506667560915206,0.1698849363328183,0.1366967575116895
63,44,41,24.17298839,83.7287574,5.583370042,257.0343554,rice,10.470323050276075,3,6.112574760750782,11.560939120014613,446.1576903753747,5.191292845811836,5,19.669808340988297,13.415560327065524,162.2816929151758,3,8.469410839964864,1,42.22708139720211,4.558693861518211,0.2573202959491324,0.2034875999976418,0.1432961729454744,0.18274748729768
62,42,36,22.78133816,82.06719137,6.430010215,248.7183228,rice,19.71000774484648,1,10.665139917708814,16.508163220734254,415.2461742627597,8.748923931901139,2,17.747714548222874,79.52545134432043,65.14449898572833,3,44.58429975024805,3,6.113864053934615,3.606250188625616,0.2408681720142856,0.2439769244527121,0.1370431233801596,0.2094020755892864
64,45,43,25.62980105,83.52842314,5.534878156,209.9001977,rice,17.241898182189612,2,10.912255011011943,5.994164681549803,428.6996405925293,2.601890339800027,3,14.830346646255126,82.17204057073666,161.6658188784206,3,29.801272180384583,1,47.308195054078,1.0867395612698545,0.2380330500471622,0.251096895966468,0.0766092419764407,0.2338118412627398
83,60,36,25.59704938,80.14509262,6.903985986,200.834898,rice,23.532235559361865,3,8.76691037407468,8.119286466905507,401.04588920009286,8.410945628340926,1,5.545100233843027,86.37193496156841,74.7326110897238,1,6.334056913628555,1,88.2559796343018,4.937216070656682,0.2103459744948902,0.267329311983839,0.0843173004133914,0.2387369569169353
82,40,40,23.83067496,84.81360127,6.271478838,298.5601175,rice,22.691620214136808,1,6.60503715579402,15.55397090533756,437.1088966025384,7.030883615149051,2,7.031841761325804,43.38731405276066,195.8162786796658,1,3.5154381351317934,3,36.92147305256569,4.652537295264811,0.2330809849463707,0.2638559957925448,0.0605912922500093,0.2414275863479965
85,52,45,26.31355498,82.36698992,7.224285503,265.5355937,rice,10.924939769484348,1,9.8176727910344,9.747403754434998,368.0356909411808,1.8143648596860775,6,14.080812219915186,90.09073038644414,181.7079578905352,1,22.93944674847825,3,15.53085869725066,2.825826540035038,0.2431500706247747,0.2604373356087065,0.0730191718906847,0.2382376646453108
91,35,38,24.8972823,80.52586088,6.13428721,183.6793207,rice,14.65936235062398,1,7.719460462143672,18.6770593044926,407.8865852923116,4.8469323795326815,6,8.775049596009735,98.9995425042727,130.2798842463123,2,21.9793870975708,2,10.359632793076036,3.257700872428641,0.241891911423136,0.2529161088300949,0.1102360972575072,0.2303027437988696
76,49,42,24.958779,84.47963372,5.206373153,196.9560008,rice,15.672750919557645,3,10.14681184399114,9.895260931811752,423.0962709665236,6.42222247707992,3,6.765426686979041,88.5524671721141,87.01920348090971,2,5.510014012877839,3,18.33425108498282,2.243055952362575,0.2336637208899354,0.2588044966161348,0.107313985034398,0.2397968207136967
74,39,38,23.24113501,84.59201843,7.782051313,233.0453455,rice,20.81748305905524,3,11.91334985819856,11.206828237810033,392.47297638412806,2.514791433556788,6,18.05209272255442,12.797245190699236,57.79366971753189,2,8.956987271527167,3,3.006486696932764,2.389991554637027,0.1583248650057994,0.2622390521792176,0.0636647445047789,0.2337878815026823
79,43,39,21.66628296,80.70960551,7.062779015,210.8142087,rice,16.434935959029833,1,8.620858210010176,7.996159945564127,373.4682793057467,4.293714527293529,4,5.724663012476134,51.50982369776087,151.98828590293806,3,39.88277176919184,3,95.62224628259068,2.7800309771194263,0.1943180053544262,0.2537562011949136,0.0838573413359265,0.2318885596445652
88,55,45,24.63544858,80.41363018,7.730367824,253.7202781,rice,14.83400005660129,3,7.029931524736568,14.434281252135346,420.6499543076612,1.7059432979616953,6,15.951517619057755,11.010510353792712,98.02721357338356,1,17.10798930512149,2,11.032124827970405,4.338717263699402,0.2494401440027579,0.2416987512452846,0.1103069437793367,0.2290102725873092
60,36,43,23.43121862,83.06310136,5.286203711,219.9048349,rice,24.8121987674652,1,7.1699310899608175,7.122173780010099,409.3179306793328,2.264515487202005,6,14.054509318880132,41.56000215352197,90.25123166275117,1,4.335156741635321,3,40.45347159293695,1.179476422724584,0.2335999928496786,0.2545037641668573,0.1048587621248318,0.2324677992866287
76,60,39,20.0454142,80.3477562,6.766240045,208.5810155,rice,10.907756040294556,2,9.518815468591033,4.538322562892398,446.2142258989603,9.711797807054229,2,12.277305467128617,98.53192199244982,126.16351024579018,3,6.659135697162805,1,41.29659021359268,3.3426584464698568,0.1236305743733896,0.2241608162675485,0.0416176328148616,0.1932673449461761
93,56,42,23.85724032,82.22572988,7.382762603,195.0948311,rice,29.146041129266138,1,8.706770211778142,8.006397242835632,364.4324680916244,7.237875249463322,3,9.943805879583564,25.96809287969377,130.24024403885724,1,31.22242222634088,2,62.38411170401456,3.893675454174683,0.1098579175989218,0.1938677018558514,0.0264283273523151,0.1640345053857025
65,60,43,21.97199397,81.89918197,5.658169482,227.3637009,rice,21.279364223543475,3,9.694557135285129,14.759346365481305,359.3430403515077,1.5614187930812968,3,15.134719809759044,70.62633951527407,101.3128211428695,1,10.19287102298922,3,49.9982438800276,4.331025133020088,0.1647878396996178,0.2470896998851705,0.0559796976397417,0.2064885365761578
95,52,36,26.22916897,83.83625819,5.543360238,286.5083725,rice,16.404267961783816,1,9.506083980727048,9.96361333023617,410.9776457780935,3.7475816088492815,4,13.665584559067932,14.43284131608662,124.08871632013896,2,21.74750792119669,3,36.90025767066773,1.732768742010205,0.1307040583805123,0.2622328044610446,0.0724181085754962,0.2105028924608214
75,38,39,23.44676801,84.79352417,6.215109715,283.9338466,rice,13.104904061824998,3,10.10608178157582,17.37441873678496,420.6999516017301,1.835565413096777,2,11.00629674217113,99.43025731792928,141.51172728195272,1,14.240641354573762,2,78.3372724368921,3.656482896888309,0.2317627912262587,0.2455029980428434,0.0894286574842015,0.231116456215453
74,54,38,25.65553461,83.47021081,7.120272972,217.3788583,rice,21.98743157620418,1,8.364997214765754,6.428312409954922,372.50119767131713,5.268051691122307,3,7.120670963023565,10.953229601268644,63.70842566808378,2,5.288644975579782,3,73.14725206396203,3.857388005841727,0.1805445610705801,0.2578113437437679,0.0666597648762926,0.2350631929029536
91,36,45,24.44345477,82.45432595,5.950647577,267.9761948,rice,23.16205187173825,3,11.579201458855032,0.7639098737618966,414.9572079183464,3.5629031070467945,6,6.26214276716537,51.31985891047406,58.534785406313375,1,6.707805125271133,1,83.25806597493758,3.996544549895163,0.224360041499199,0.2661713489458572,0.0952616811061475,0.2421252033465766
71,46,40,20.2801937,82.1235421,7.236705436,191.9535738,rice,14.510480330649036,3,10.075854149612365,19.270908923947665,419.8428193210746,7.460449893967257,2,11.346599804821285,70.21030642246134,131.47925278847293,2,10.731507879482011,2,10.484498111926776,4.986762807502485,0.272529697007993,0.2466382194387443,0.1213267829398904,0.233380450517768
99,55,35,21.7238313,80.2389895,6.501697816,277.9626192,rice,13.538539648190984,1,9.153951848687026,17.43376305411903,399.27840636225307,7.792042020666548,6,13.835956010995186,59.3651907576288,53.32331105162666,1,4.531077958351326,1,32.65593194168696,1.5620905056992695,0.2690557490062853,0.2493070609255795,0.1135139444676804,0.2340620431950353
72,40,38,20.41447029,82.20802629,7.592490617,245.1511304,rice,14.592365270038036,3,10.994239280777904,1.789767905513986,393.2001556575748,3.9017389217755056,6,5.407176816711667,8.700531740345085,53.445356185109375,3,18.26143682277273,3,20.926994270124133,3.256415373141469,0.2872131329132908,0.2407305538522148,0.1313549851263061,0.2367476368193507
83,58,45,25.75528612,83.51827127,5.875345751,245.6626799,rice,14.696973511495068,1,10.098612476063089,16.102923423795584,425.2990992370175,9.347480667753915,5,18.36459059319938,10.447536091915389,90.09117542879709,2,19.060004487984628,1,74.35069868011723,4.562012264508544,0.2739914727553982,0.2281002962763569,0.1579339609079376,0.2037544412801399
93,58,38,20.61521424,83.77345559,6.932400225,279.5451717,rice,19.56912273836052,3,8.962662837776401,17.59924760989761,430.7068862283997,5.780798200037314,4,14.367410418916537,1.2100892407415187,67.82375808154919,3,7.734178463661928,2,30.76431714255285,1.1678093088284922,0.2730136608807161,0.1637667555702561,0.1342792353045481,0.1509888344817751
70,36,42,21.84106875,80.72886384,6.946209881,202.3838319,rice,13.825855174688847,2,9.139950658853223,13.327711148386475,366.15574674408026,3.644763752764966,1,14.745989316097557,28.636245175283012,59.54664820922447,2,49.18398007850983,3,77.93952677708141,1.8753376905284456,0.0556520095788021,0.1832691280205064,-0.0441023301748632,0.1711471586943298
76,47,42,20.08369642,83.29114712,5.739175027,263.6372176,rice,12.798551225078883,1,8.493220515439155,14.79314574382678,361.02091567323566,1.985335032598622,4,7.303002128148399,13.445380845596954,134.0076579778979,2,42.93040374466491,3,66.24336098308976,3.4540275931594837,0.1430175762516661,0.1800497282773631,0.0334165232615572,0.1572763763367763
99,41,36,24.45802087,82.74835604,6.738652179,182.5616319,rice,16.952351417059347,1,10.018050387435224,14.277774807927026,401.1430304659543,4.525618118415284,3,11.81226410781256,47.84099194412511,170.64946473485531,3,33.346448676639675,1,23.656292621719523,3.625787958916628,0.21718666513193,0.2008740443580465,0.1332677610005972,0.1833320104489287
99,54,37,21.14347496,80.33502926,5.594819626,198.6730942,rice,15.393957784044227,3,9.361882068000092,2.648310641948524,353.1164708535708,9.107231414495246,6,17.87947383561629,66.87910668138838,60.55799294468706,1,29.336491212143034,2,23.257368366471454,1.4600224768097785,0.2893129810849715,0.2357489622870991,0.1248299048696868,0.2308585237197645
86,59,35,25.78720567,82.11124033,6.946636369,243.5120414,rice,10.308661233612549,1,7.191549350538006,8.510774774915603,401.4504766264109,1.241607294139976,4,7.32202807288316,23.5212562553598,71.62588155356148,2,33.87827329021119,2,1.9116639478861,4.537207268683988,0.2432456946606368,0.2520350311446376,0.1245494482936554,0.2282231069922261
69,46,41,23.64124821,80.28597873,5.012139669,263.1103304,rice,18.880685233418696,2,10.831767020718932,15.844308334520589,428.4283883385776,8.275411802198768,6,7.040859781572888,66.47197175806218,161.1511192985543,2,11.679116871575934,1,43.387930202188144,3.100221279464048,0.2306078647188103,0.2426777673133649,0.1171359323569603,0.2190488735434985
91,56,37,23.43191632,80.56887849,6.363472208,269.5039162,rice,23.365152996616825,2,10.630830430978955,7.055707864747114,431.437947572399,4.595950250761159,4,13.757519351796471,32.29148179612109,139.16901748610525,1,40.37082457952749,3,58.590449975548765,2.538025948530431,0.2096976073339627,0.2570473995306225,0.1037403623939293,0.231218375757031
61,52,41,24.97669518,83.891805,6.880431223,204.8001847,rice,18.82594598228736,2,10.805946367333611,1.5682839911427404,426.82988928449737,2.775087902476876,5,15.476558419761076,41.72254045993387,188.18436225462816,2,6.203481960846608,3,75.91396560628976,4.2086307992241565,0.2038313609847058,0.2482305300817033,0.1001225594368822,0.2281015502391238
67,45,38,22.72791041,82.1706881,7.300410836,260.8875056,rice,26.46537120009733,3,9.143613979505744,14.5416924741046,392.14531137505486,9.76133822014606,2,7.14944570440716,31.222512485403364,92.15260517357126,2,4.194985620642871,2,75.06507363965994,2.9699200803837047,0.2587702011005153,0.2462995326646494,0.0950281639118361,0.2354249306057356
79,42,37,24.87300744,82.84022551,6.587918708,295.6094492,rice,28.479208747976088,1,9.982401859212954,16.820796568383592,352.6022202925,6.496361727723572,6,11.314347532403602,85.20503231387296,108.033406931707,2,29.125179044374285,2,52.85013703914488,3.748161739200655,0.2918146086924087,0.242052860736266,0.1127849244559271,0.2320598156942361
78,43,42,21.32376327,83.00320459,7.283736617,192.3197536,rice,26.958458153643253,3,11.513024035041528,13.171620444337286,405.7932062139446,8.959053347735628,6,5.511130495515904,15.560573364494925,127.8709880901036,3,49.68373215866776,2,44.23937121236209,4.465167105403804,0.1479586284731871,0.2148233027064254,0.0517759701818843,0.1869644481674448
75,54,36,26.29465461,84.56919326,7.023936392,257.4914906,rice,12.692405256703813,1,10.107386654563172,16.370263035927152,378.88278792276606,5.711948512456132,5,14.354384400048602,30.005963650270363,177.6444672214584,1,4.970428090272394,3,79.4798521508006,4.561682533023239,0.1328361738850855,0.191398789771291,0.031284515295905,0.1575182606612566
97,36,45,22.2286982,81.85872947,6.939083505,278.0791793,rice,21.74293462232248,2,8.555142534523862,12.921630582099963,387.7311859883452,3.054852950064713,2,15.385554829755966,22.17683939975881,110.18419685355283,1,27.3841084861136,3,3.7155727391854687,4.975013598385738,0.1734604818559174,0.2561292909081141,0.1269561198731732,0.2091489759723276
67,47,44,26.73072391,81.78596776,7.868474653,280.4044392,rice,11.75158593268405,2,7.738664534793937,8.817489638097593,416.6140621933331,7.950500850109946,6,11.479111183478434,47.62393832842167,104.4842425093012,1,6.983647225825362,1,62.49022737819724,3.767585951435315,0.2340995419702979,0.2547212249301063,0.1075364203460059,0.2319490523101122
73,35,38,24.88921174,81.97927117,5.005306977,185.9461429,rice,16.512010148068555,3,10.916537773149614,2.8412736706849477,391.0619312352157,2.625693130482998,3,7.382253533992833,81.30788103914537,98.5371975997906,3,34.22210086121554,2,48.72180390853752,4.367224224978273,0.206659179017266,0.2599201347777303,0.0959575286991554,0.2326937725300763
77,36,37,26.88444878,81.46033732,6.136131869,194.5766559,rice,29.615404320651862,3,6.984510379676158,2.261604010333411,442.4042944499589,1.171969895212413,5,16.56948169978149,85.82209094624453,162.12832940612995,2,36.65283920631073,3,34.56122926492523,1.552999309360061,0.1720901924854576,0.2559327747377634,0.0855089786596081,0.2275499707680825
81,41,38,22.67846116,83.72874389,7.524080076,200.9133156,rice,25.619096306119157,1,7.693171089062004,9.809661026988328,417.594528247409,5.675302324647516,4,18.79716620642527,20.122956874708365,198.32016072814443,3,38.47677764247125,3,91.77639502384388,2.5104863034093494,0.167598555409814,0.2574812831074608,0.0901212395236716,0.2299789599106285
68,57,43,26.08867875,80.37979919,5.706943251,182.9043504,rice,19.69262826236996,2,10.20137176731399,1.1079885820330926,424.7263248932942,4.292831893960805,2,17.068146137334224,62.13732416015099,82.9523141465906,1,27.78524893870808,1,65.2888596700758,3.808248085280934,0.2637546044295197,0.2480075367308772,0.1754485353333754,0.2285554776985267
72,45,35,25.42977518,82.94682591,5.758506323,195.3574542,rice,11.875026900296128,2,9.96686366052047,1.393476353571308,359.42617040101936,1.3295956163114628,2,7.40716422874189,74.64723652678093,135.7377885014937,3,36.01261617977819,1,33.10591165125892,3.181773323564408,0.2885332292790626,0.2484378369759524,0.1863656659059002,0.2256882150249277
61,53,43,26.40323239,81.05635517,6.349606327,223.3671883,rice,28.761611146685205,1,10.212025418448317,5.067830179901323,387.74246291258265,9.60990064731802,4,17.63028251830553,6.947564227419035,94.50164703380148,3,31.01741999333536,1,57.30462164897895,4.556014599317104,0.2961934478066261,0.2402187054251092,0.1891135216288548,0.2288819780925577
67,43,39,26.04371967,84.96907151,5.999969026,186.7536773,rice,16.7470551416293,1,11.322839349737604,3.009587967088847,365.87111715462606,2.3570732927293525,2,7.020516362405225,99.31161833505556,156.71569404413762,1,39.72124751888767,3,60.26723564198137,1.7535621686631453,0.300142030627409,0.2134170753593552,0.1981175452336322,0.1973752225844828
67,58,39,25.2827223,80.54372813,5.453592032,220.1156708,rice,12.612552024800824,1,8.168906404433727,16.111398131742526,361.3941933555856,1.400432280475421,3,8.36075029867662,5.256702169123928,192.22689965854005,2,31.935297187524963,1,75.56094196383658,4.843657322960674,0.2064143504139024,0.1902237157976213,0.1493057537514788,0.1641974387785951
66,60,38,22.08576562,83.47038318,6.372576327,231.7364957,rice,28.298454436135017,2,9.381699483527832,17.497149089540137,371.3671497925157,1.978030141671313,5,17.25455607177455,12.726035399916547,80.39865991915731,3,17.068090813193482,1,62.23285165297112,1.7260055689391591,0.077686179427063,0.1761553494283008,-0.0250783526965248,0.1616432107128303
82,43,38,23.28617173,81.43321641,5.105588355,242.3170629,rice,27.219011180701177,1,5.569152367667043,17.033311807471673,405.5040918139793,6.070042779991108,5,16.185987168945253,92.529345725829,194.8462494962094,2,32.031400995774945,1,63.603897970666736,4.69763303207872,0.0102728537228851,0.1825046780140489,-0.0879103983174209,0.1731205742475658
84,50,44,25.48591986,81.40633547,5.935344406,182.6549356,rice,17.8886838179578,2,8.449936908327008,10.593161540395338,388.47047426130456,3.940238365811812,1,5.183824357892965,79.06296965868911,197.88295846111785,1,30.201742560194123,3,79.19770372686067,3.741958327988631,0.1649147999197402,0.1712233769522657,0.0073862524550418,0.1549899526629197
81,53,42,23.67575393,81.03569343,5.17782304,233.7034975,rice,25.94992794053368,2,11.85680927654324,6.485574932046092,415.9530824293208,3.2707015974798037,3,10.026937780528783,4.281976211538052,102.7245311499158,1,39.15509050264488,3,64.53883907891502,4.349212315669888,0.2228420720237106,0.1860162670663663,0.1353412628267272,0.1560960921993875
91,50,40,20.82477109,84.1341879,6.462391607,230.2242223,rice,12.50657530419173,2,10.671771298160095,4.410430124774289,396.471249525371,6.972058538748989,5,11.432461995579867,45.20504156684125,136.02909931446464,2,2.854875355888659,2,52.18373864732552,1.1669671425606056,0.2626992740947884,0.2037128109319035,0.1542547396258583,0.1888655791596425
93,53,38,26.92995077,81.91411159,7.069172227,290.6793783,rice,28.25910002250434,1,6.378760462518726,18.908676350006772,352.4409810980666,7.699751399011879,2,16.213774194747153,83.04973571425558,69.7809545775652,1,20.2378475395106,1,57.558778592883385,2.296473029385508,0.2894886701328429,0.2431291313916151,0.1463205738810066,0.2325224368601071
90,44,38,23.83509503,83.88387074,7.473134377,241.2013513,rice,13.91157577786971,1,6.990586093261763,18.1621749859216,380.0805206318279,6.6768228384878165,4,17.141311350605257,3.976145351830307,186.9294298835475,2,24.12238200946591,1,98.19485078778192,2.5650189438392497,0.3009015997760803,0.2495582271901875,0.1321721853589529,0.2408648298882668
81,45,35,26.52872817,80.12267476,6.158376967,218.9163567,rice,10.664596611430836,3,10.30512371925064,1.9802437947808715,383.25166153387386,5.786553038348169,2,12.463467033144376,21.71469305735925,165.79366141632315,1,12.37146533845328,2,12.092905072536308,2.5105887784097,0.2483062752602524,0.234782082792887,0.1540834656457747,0.2187157123593571
78,40,38,26.46428311,83.85642678,7.549873681,248.2256491,rice,17.122876153973998,2,8.443883260881767,3.3772935322157904,399.3725140164827,2.710678978084017,4,14.8599732487736,89.47333635932176,163.60040788315183,3,41.68499536239421,1,1.9891436792416228,2.206593657295648,0.2509472681217918,0.2465034252081344,0.145036873362065,0.2294440305192494
60,51,36,22.69657794,82.81088865,6.028321558,256.9964761,rice,16.194472911082855,1,6.42389127289027,9.298748203306834,354.79099601781576,4.388515720640965,3,7.985093996001121,33.91551511398264,184.354922400092,3,19.049281995863986,2,31.95272039870628,2.710607987097604,0.2783548785805821,0.2336903425027017,0.1582969971528675,0.2241844096923986
88,46,42,22.68319059,83.46358271,6.604993475,194.2651719,rice,23.81684773602596,1,5.122433172035966,13.975935842613731,357.582393683782,4.551065766778282,1,7.284444179427627,88.79185465173238,118.59008039681912,3,29.93185195556929,2,48.16128032944297,2.4927184961230173,0.2755969741872947,0.2399890389012656,0.1469595464474191,0.2262117701791685
93,47,37,21.53346343,82.14004101,6.500343222,295.9248796,rice,27.740009084178773,2,5.42947414856075,7.130239308961157,449.1218921098511,9.14554523917223,5,7.411669392147853,69.62919254848961,125.66994046168377,3,6.845270438197776,2,90.86432426533774,3.7703017173233935,0.2962242091222865,0.2408966826950365,0.1573499591961334,0.2271900570011316
60,55,45,21.40865769,83.3293191,5.935745417,287.5766935,rice,11.523065573544692,3,6.462053281841766,18.371658193412344,392.9445046447296,1.2835124229095598,1,10.642500799949506,69.65347817072832,130.37475284044007,3,7.711555753164584,1,8.729263909014783,1.4643518692610047,0.2088278431302827,0.2721049099514991,0.0903689676484796,0.229466606340237
78,35,44,26.54348085,84.67353597,7.072655622,183.6222657,rice,14.7774823617743,1,6.99683917257488,14.834502651212183,388.5297715339604,2.054593533311688,3,15.945053506781145,5.211421652847859,172.4208991438148,1,24.699916131253584,2,19.9188175750872,2.7611641386973265,0.1748292157307427,0.2180924153472521,0.0621720804300831,0.1939771046683829
65,37,40,23.35905428,83.59512273,5.333322606,188.413665,rice,28.968310478447773,1,10.339150689269,11.0566832088382,421.0235609131879,9.393009250160304,4,5.484538541649057,29.137157431355643,81.77991296914234,1,13.155469273392306,2,55.35620492885723,4.282289822503507,0.1501879768939351,0.1880062967533963,0.0411624714371798,0.1630920143884414
71,54,16,22.61359953,63.69070564,5.749914421,87.75953857,maize,28.15611423752392,1,10.4576601616066,14.635145836663543,418.1292073546417,8.563344115067382,1,17.403104220998536,91.2104516914188,162.70904483875375,2,15.252876265844725,2,61.72390606857003,3.795894645249465,0.1780428442033461,0.2384425106578979,0.0672394132036362,0.2055380728336911
61,44,17,26.10018422,71.57476937,6.931756558,102.2662445,maize,20.077735685013888,1,10.289859638018283,12.841988225487285,365.4848925326893,8.453087186021335,1,14.256065491378326,15.849372917478943,60.31843581473337,1,31.10022803850989,2,6.801556749727022,3.009500931401725,0.1893397739684429,0.2828145051996082,0.0931326925484701,0.2331033742098366
80,43,16,23.55882094,71.59351368,6.657964753,66.71995467,maize,15.374348473394676,2,6.339511862572754,0.0957347460947244,418.97470876214027,1.0828255895455383,5,9.989453729079614,52.25777314483076,90.038070568537,2,29.017744501451453,3,77.9288728634444,4.85950927979083,0.2494944491031584,0.2472753539679069,0.0887038256173828,0.2331922771358601
73,58,21,19.97215954,57.68272924,6.596060648,60.65171481,maize,27.03065827167512,2,6.344720978162365,16.29883251302163,409.4140461799825,5.081608308320408,3,7.358802371161817,52.054374876759866,121.56979071519592,1,11.182231203060228,2,67.65339695294185,3.565479847440921,0.2264241136066709,0.2424117896575513,0.0851711418077959,0.2293237878923609
61,38,20,18.47891261,62.69503871,5.970458434,65.43835393,maize,26.64690297120908,3,6.945164306014915,17.66803320023015,422.2249570742907,2.367882777802868,2,8.262650457055916,55.32698827597444,135.4694481586128,1,34.88815235496136,2,44.148870019065626,1.411349381547519,0.2269619255507169,0.2518344658525333,0.0903663977465767,0.233559006547645
68,41,16,21.77689322,57.80840636,6.158830619,102.0861694,maize,16.916115717602835,3,9.282074793155324,5.5415496813857,427.29145013841145,7.96086524570133,3,10.351651775804458,63.23212380945598,156.83349954557946,1,10.084132267556612,1,64.89237361237468,3.855729270734928,0.2447768144506669,0.2481279098017598,0.1101090478398456,0.2340463749985691
93,41,17,25.6217169,66.50415474,6.047906679,105.4654703,maize,23.187377578327315,2,10.018629748924496,19.115083906627884,361.9329794791084,9.169777905327692,5,12.177475707156416,49.22027462850708,70.01148158526053,3,1.319744225232916,2,2.800504151089656,4.977450806470273,0.2681071271830937,0.2498300159000555,0.1257797620439329,0.2371310480228829
89,60,19,25.19192419,66.6902901,5.913664501,78.06639649,maize,23.96198764939306,3,7.974367761373823,12.406600507956444,375.0466957498826,6.035312524317499,4,13.496860600121634,62.613064678750376,69.1423489369196,3,1.8606160719431108,1,47.86273638760582,3.6201363654359566,0.2460002779840601,0.2589211134909003,0.1396865914549624,0.2323048772942461
76,44,17,20.41683147,62.5542482,5.855442401,65.27798457,maize,25.43969221505493,1,8.128670502444741,11.342437973246067,365.6036279502623,8.104929796744013,3,5.778014622307045,73.55118791501147,127.23637324936809,2,48.569130915607374,2,13.021129364594408,2.9723159844104035,0.2685112165100777,0.2447979077340674,0.1139299393278288,0.2283839914325679
67,60,25,24.92162194,66.78627406,5.750254943,109.2162279,maize,18.810809946739603,1,7.355747703474254,4.952370142135402,410.56049975561785,3.287584989466832,2,12.550304099257463,73.15099475398165,97.43424879026092,1,13.16491571416553,3,62.70727287874255,1.3781879213463348,0.2325064268163318,0.2171733643169799,0.127802912068507,0.1915385795494711
70,44,19,23.31689124,73.4541537,5.852607099,94.29712821,maize,18.35536638092298,3,9.938918604408634,10.706750345132791,394.4056601902954,3.2437906076985428,4,13.103252635674144,31.93416461738077,143.0151720293891,3,16.213898432091277,2,66.24277217211676,1.1993949698890676,0.2080787988542195,0.1930726324673818,0.1437336543388606,0.1638107137792359
90,49,21,24.84016732,68.3584573,6.472523287,74.05474936,maize,15.475575411009304,3,11.285436917010385,13.773911528099836,366.49567072399606,1.03443993947727,5,8.319287108668323,45.22873452598076,130.07543366050697,1,31.587129294230746,1,31.914456082520186,1.210945364128046,0.1247902368954538,0.173935149966424,0.040673401352505,0.1473221170160742
62,52,16,22.27526694,58.84015925,6.967057762,63.87020584,maize,28.81810743413301,1,9.36311331410015,6.868265821161971,362.51840622472565,4.311333351785014,6,12.549366890834856,46.3821341471032,156.5443354532003,2,4.844258560297576,3,17.86729936411161,4.357799119499675,0.2354893529628829,0.1572933472543721,0.1402368932221714,0.147387833343762
92,44,16,18.87751445,65.76816093,6.082973754,94.76189431,maize,16.51598934276396,3,9.541492150387434,5.342120631199774,411.5608582911162,3.69998278888429,2,8.480648425783688,4.178685433798812,64.90979248812386,2,5.237154050854781,3,67.76069582065286,3.571591728432276,0.2372677007228192,0.1643595737240934,0.1135598278957504,0.1594514320760194
66,54,21,25.19008683,60.2001687,5.919045532,72.12375573,maize,20.220159164922585,2,7.423576255500406,19.145718543100244,351.65914469014217,1.6325832025301086,2,14.146164946984475,70.05089554978348,163.91622978418593,3,5.792494299249879,1,52.42581981447745,4.794256796005639,0.1272559634331013,0.192772114013766,0.068918337130555,0.1515497038052816
63,58,22,18.25405352,55.28220433,6.204747653,63.72358154,maize,29.564409215525536,2,11.192985136397244,6.478686875887258,357.8076384307208,1.17251688037859,5,8.076160620007826,88.470864632309,83.2757211170948,1,10.756825058653646,1,14.994566171085175,3.839186640820356,0.1881799811803496,0.2177736994238945,0.1020953444519946,0.1784505531640862
70,47,17,24.6129118,70.4162444,6.600827017,104.1626147,maize,20.02109254320799,1,10.772228518270596,12.045762640050942,392.7139043478131,6.401624076069764,5,10.867535362615891,12.799899994777451,111.69765438364496,2,31.736820786813357,2,64.72764247946668,1.4137416188734484,0.2549774906890572,0.2528321174806279,0.1026093290502521,0.2335308674249872
61,41,17,25.1420613,65.26185135,6.021902237,76.68456006,maize,29.564065781027196,1,9.571397394060488,12.421020602544797,395.6082094108026,4.875638659867684,5,13.672334019978845,34.756039188882816,102.32510768412166,1,29.04560353566869,2,4.41334308885687,4.254663478706797,0.2305391693870946,0.2634813252975512,0.1192872328038457,0.2342047376460404
66,53,19,23.09348056,60.1159381,6.033550195,65.49730729,maize,17.777308012949078,3,8.139861891424822,15.694184583565391,394.98459197401326,6.419780586046405,5,17.545024846230945,25.57019968665985,166.57231522635095,3,33.10010699498457,2,57.63680063022102,2.4721631055805333,0.3059136883892304,0.248130481359388,0.1608305351660706,0.2340054518168561
74,55,19,18.05033737,62.89366992,6.28886807,84.23613484,maize,28.361883052679257,3,7.681525712895155,18.632775176054334,380.7963324132751,2.640846091740541,4,13.71699861924386,86.71488486432531,55.12069480853036,3,16.071264008579654,1,49.73906723092462,2.04522576754565,0.2862356098449636,0.2459593606942146,0.1457284312031339,0.2320967449386751
77,57,21,24.9321581,73.80435276,6.550563823,79.74078719,maize,25.08406622790464,1,10.397123987862376,15.484854483085044,386.8619027811957,6.717954629661662,5,9.15477207376625,94.91474203223623,169.53659841875515,2,4.953312485140815,1,73.17456535822878,4.491385538631137,0.2732179438138949,0.2483949634943881,0.1346063305226855,0.2313399403736322
99,50,15,18.14710054,71.09445342,5.573286437,88.07753741,maize,16.483831774064306,1,9.379188921868618,16.88292084900617,371.8112027959144,6.918472121701261,4,7.470003928218493,26.76354361960353,86.61070677800393,1,37.86246984239875,2,42.23117351554303,4.159630333864085,0.2704736251939677,0.2493630118727416,0.1316149149195679,0.2329566673373792
74,56,22,18.28362235,66.65952796,6.829199275,80.97573281,maize,10.557327891943224,3,10.83192583282395,17.988080048208047,364.679340186274,5.316890644844102,6,5.201145336322493,83.78298076978213,58.47081771157484,1,10.753839484866251,3,46.47527079661836,4.466445884409916,0.2824402931464675,0.2453419073742973,0.1294679759880817,0.2329868779945205
83,45,21,18.83344471,58.75082029,5.716222912,79.7532896,maize,20.709097635329297,1,9.891744119864368,0.0028699831011058,435.28434448948826,9.290833683244204,4,18.19873965724357,57.89451147131556,178.5840260359625,2,0.775878150027759,2,49.554728913830026,2.532466667747218,0.2751745599595044,0.2497856173925187,0.1304078537035997,0.233031176480799
100,48,16,25.71895816,67.22190688,5.54990242,74.51490791,maize,21.22619485890013,1,11.947405276289771,13.947580594371525,431.98059043394665,2.3667708969986765,1,13.41172579969479,40.98109660839617,179.69058134877503,2,44.03384055147534,3,82.44241544906274,1.492170729707151,0.2643356522087341,0.2417619147700754,0.1764428165510036,0.223120929850777
79,51,16,25.33797709,68.49835977,6.586244581,96.46380213,maize,26.550300867005102,1,11.9112554720343,12.725374709602653,417.6657456963728,8.410889148419427,2,9.752331183752151,72.02096613988199,128.99762556641122,3,37.18264427443312,1,72.44831092389418,2.498723847592176,0.2971892578054474,0.24863258095887,0.1866152340696324,0.2243119947317406
94,39,18,23.89114571,57.48775781,5.893093135,102.8301942,maize,19.783968908523512,3,10.335042866881452,14.65783855206299,414.8819147289122,3.3402567324689043,3,18.600387231393107,13.059975510986089,116.7154630883587,3,13.657851892941968,3,61.85552093917713,4.238195092373365,0.2125678694290099,0.2793464098580453,0.0476808168818649,0.242436582702494
75,49,15,21.53574127,71.50905983,5.918263801,102.4852929,maize,13.366998531307289,2,5.212174170651337,0.4351669681668157,393.0346068562641,4.107909745784703,6,15.237957415469394,9.183958155483774,109.0361329204643,1,3.224739326113818,3,9.174379745815454,2.468851284186345,0.1547054064158144,0.276694549880376,0.055888561344636,0.2284224039063615
78,48,22,23.08974909,63.10459626,5.588650585,70.43473609,maize,11.766911669745031,3,10.02693325768997,1.131060427028412,374.7561366651767,7.131052626309331,1,12.617373927469494,43.373526023124576,79.36313101485527,2,0.0510002765686468,1,84.8327609721675,4.434976689320607,0.160852732014372,0.2111317286405189,0.0662280043266891,0.1744212931386752
87,54,20,25.61707368,63.4711755,6.576418207,108.8303762,maize,20.70903958586095,1,11.925229223232812,0.7877098121617987,402.94879540520617,1.4514109657922438,2,10.481830006234032,62.5663983211316,194.46537178757612,2,27.61743818470897,2,52.211015030209495,3.333349557907917,0.095049986151353,0.2488170831959682,0.0107543954245907,0.2034377102270907
87,35,25,21.44526922,63.1621551,6.178056304,65.88951188,maize,12.024365136909855,2,7.025473918542891,9.636454275820574,437.6674881049109,9.09043841303276,1,5.136479448650119,1.4722843513942374,138.7770689068788,2,8.463016371367049,3,76.41745343467062,3.8996705146629873,0.1454227494311894,0.2791234531723869,0.027560993805829,0.2291233030580269
63,43,19,18.51816776,55.53128131,6.641906353,90.988051,maize,10.825667707107044,2,11.593728814565369,15.7705200275212,360.1340384618379,8.290345462926442,1,8.441099099484457,32.116045569709584,68.20600730927012,1,34.45421746666232,1,97.22599820831896,1.7256139508085837,0.2876018418944818,0.2473485324784598,0.163467925882521,0.2279243048507979
84,57,25,22.53510514,67.99257471,6.489040367,64.40866039,maize,10.31015108426444,3,5.321100794191025,12.331107898263792,393.3839594354544,7.908178584669154,2,12.315468996415266,68.69956434618702,62.52098834181867,2,42.75667705665569,1,20.84317515988414,1.9699483934582276,0.2817669606647497,0.2435102097429992,0.1733668121978991,0.228551734536775
64,35,23,23.02038334,61.89472002,5.680361038,63.03843397,maize,25.994938800495667,2,7.929225231230511,6.930290324954798,391.6898360979191,5.892073429989431,6,5.4727001471613175,72.31552202033662,98.300501869008,2,18.163902811084125,1,88.01318654695997,1.4725103509437498,0.2790406971763748,0.2540273270785183,0.1793634519074465,0.2272297890977019
60,46,22,24.89364635,65.61418761,6.625404348,87.9298085,maize,16.11860233000442,2,9.35492288249931,5.655700625847202,390.82424230746005,9.110038220829544,3,7.909937165868556,15.725754102822108,138.24007836765517,1,28.89583402726419,2,46.75688870362095,2.3080612227485044,0.3368702723031191,0.247178841951299,0.2096562292954268,0.2251554366562076
98,44,21,25.77175115,74.089114,6.524478032,107.4931917,maize,16.18147559658525,2,7.139734066592972,15.377594807872253,380.3692118643177,7.406696247023722,2,8.957046138169506,97.0858262796244,148.0560576055633,1,42.66952219581532,1,76.81332346451318,1.9610536963990357,0.3538895799000042,0.2427065187446233,0.1498499206072622,0.2364734568357472
75,56,18,19.39851734,62.35750641,5.696205468,60.95197486,maize,15.5097196119876,3,5.693955811265353,11.440690741372029,403.2726882501837,9.441555378948523,4,13.591520198316868,38.8699702273552,181.35636770905035,1,49.07879005776542,1,97.46042299404664,1.3899369084084277,0.2463117728991833,0.2598577218723472,0.077194008685668,0.2339880189348139
86,55,21,21.54156232,59.64024162,6.803931519,109.7515385,maize,25.40648231124742,2,5.421761267587175,13.953796326708794,422.9332074015874,7.539780823844976,1,14.528664099794987,33.132219921217384,177.3899730581817,3,40.20983673008141,3,48.45018632155897,2.5564549267760683,0.2114361075731495,0.243372028093187,0.1109853627840722,0.1949551749194897
98,35,18,23.79746068,74.82913698,6.252797548,91.76337172,maize,22.6919053080773,1,7.98570892490657,5.310167614140995,431.1193253745016,6.160676196620697,1,19.932663074827303,53.36238643447064,175.05313499022634,1,9.796705667526378,1,1.292525891338303,4.450859980605886,0.173143359435536,0.2129469926099184,0.1117669853197192,0.1690017332031815
76,57,18,18.9802729,74.52600826,6.092725883,94.26249353,maize,28.784592006394572,3,10.550047413011114,10.823207722509274,449.69869557543313,1.5458254697100964,5,12.708877059990156,37.19198005428698,161.27349181695152,1,31.39389387190536,1,32.851751957607924,1.0800769088964608,0.0661852402749651,0.1822034083535635,0.0101991396644785,0.147237096574956
99,56,17,24.10859207,73.13112261,6.234330356,71.07562236,maize,14.69504496019837,3,8.677477727721634,12.647115269211902,428.6027601702945,9.33354619218928,3,7.805512640876092,76.31931037232788,79.44767278280503,2,27.40076666098465,1,93.1186238383711,4.454077982323488,0.1913865343947062,0.1507339961826773,0.0860364541871526,0.1390868736260499
60,44,23,24.7947077,70.04556743,5.722579819,76.72860067,maize,17.626428704420114,2,10.166162207907812,6.967887724695856,366.41285411311605,8.579635315418768,4,7.04495444822971,0.5614210194318514,132.20877116174552,3,30.613258217909824,3,10.72321818421571,3.4127390044597345,0.1685546876480365,0.1655391649895669,0.0309696309495351,0.1472350515955142
74,48,17,21.63162756,60.27766379,6.430616465,69.21803098,maize,25.58405607247876,3,8.843296433572885,3.353474748424652,424.67630974491885,3.747302982036841,2,9.30491297798995,0.0381033382592321,166.04727940670887,3,49.238614344595824,3,42.82098612293197,2.7049325457675977,0.0443018902928554,0.1871085733193785,-0.0311996700547237,0.1564030020199493
89,60,17,25.37548751,57.21025565,5.983952675,101.7004306,maize,24.3952801312897,1,5.585151224634395,12.193613817481111,397.44774475788194,1.1333539918115116,3,7.48417760834058,20.801617420111285,132.88521727386944,1,38.34958003502755,2,39.830284969298,4.356934287952017,0.1774924631679791,0.208722154121505,0.0895066590102822,0.1681969598024925
69,51,23,22.21738222,72.85462807,6.80163854,106.6213157,maize,22.423386416477808,1,11.840331199765425,7.247076081947183,420.9445594706832,1.4025280830112834,1,12.516766964632325,57.08770912648716,173.4000279177962,3,17.01691588992606,2,1.8351307727198172,2.7722565624488817,0.3294352234607689,0.2400163840159289,0.180367134677727,0.2079749048874892
96,46,22,20.58314011,69.00128641,6.499936446,66.29390357,maize,14.48966526248931,1,10.19123093058968,6.263832316038447,437.9304508700769,3.178371540879528,1,6.179459216687517,27.91645471998552,69.14680302954363,1,43.288909777026646,2,30.937605912470023,1.165076098841824,0.3264500663045614,0.2310191756905625,0.1442676251510492,0.2325704246706492
61,60,15,24.87502824,68.74248334,6.265564338,91.26056654,maize,21.26041449846777,3,7.077418010925226,18.38791521505286,444.7979525227851,4.640238746835432,2,14.25565105036076,8.67008251978656,107.43116395731514,3,37.54157773631281,3,46.6022956628057,2.424669745784972,0.2802488492880624,0.2586593377261879,0.1150609730584037,0.2397907824102081
74,58,18,20.03728219,56.35606753,6.727303282,109.024141,maize,25.00861027953608,1,8.508133170032366,11.605523824306518,417.0069817058546,4.610375789148433,1,14.898992302488637,79.4704144449591,115.02329779434896,1,19.15039368622492,1,60.18168394840999,2.621815978355224,0.2965555332514688,0.2385864811485526,0.1475167677072713,0.2258643973188226
74,43,23,25.95263264,61.89082199,6.325235159,99.57981207,maize,27.45962737569484,1,7.886227116144518,10.125153639385562,393.7830108957594,9.254137836951292,5,18.84619636055549,55.00597878693748,105.38261729102705,2,23.449073423157067,2,87.90359432778183,2.939576457583108,0.2931171152886547,0.2523505440355612,0.12562319377757,0.2390653959006623
63,43,17,19.28889933,65.47050802,6.807487794,71.3195307,maize,28.43589067014948,2,5.280586264089705,11.568013529157705,411.31808573902697,1.662285212306121,1,10.161683027589696,99.899746444624,60.8791805192695,3,0.415997807100954,2,37.65267991942805,2.1206651641150205,0.2510437944074032,0.2396628380683336,0.1009937459209953,0.2252502164866279
99,36,20,20.57981887,65.34583901,6.671085817,78.34604471,maize,25.405561379933715,1,9.201812197219205,17.266212873463843,352.76457613836914,4.567640039742477,6,15.44392517727786,35.86732171213733,64.62263325490517,3,7.016145355521291,3,25.793879587513317,2.08504325443238,0.2964907953867713,0.2368123150748913,0.1094602855069457,0.2319985564055466
77,36,23,24.71417533,56.73426469,6.648725327,88.45361858,maize,28.443769919769352,2,10.106009914388904,18.907173706193174,354.6669244953803,1.957987265238022,2,10.690410886054764,62.755731142764446,128.23188523274808,2,12.888195788450934,2,8.233446456835347,4.422928323306293,0.2963066657866235,0.2415583300002743,0.185033926444594,0.2226061559692754
87,60,23,20.27317074,63.91281869,6.439071996,62.50351892,maize,17.177087805545685,3,5.817462300480618,8.715019816474074,430.7242209915556,5.375129377106358,5,17.843443008937925,99.8719349760149,149.42298760922466,2,9.70094513455853,3,76.39186277298457,1.8219530335234864,0.1303953115767055,0.2649999128963884,0.0425355213793325,0.2144187671602639
60,38,17,18.41932981,64.23580251,6.474476516,76.41312437,maize,20.860039409441107,2,9.47085517222036,13.718946933245252,385.2710083445663,3.246225075939655,5,16.156766220071802,52.33152627394014,53.06463216807005,3,8.562627921297716,1,46.64749572651732,1.8470540287088064,0.0988172372302153,0.2463542999561128,0.0254100396297218,0.1857333922565455
94,54,17,23.39128187,61.74427165,5.871647806,107.3198135,maize,20.17302945406609,1,5.311372444842171,2.148343142310252,387.5190857000952,3.814075766569502,5,15.9843322606809,11.17464953993984,148.77804162927305,1,45.40735517488133,1,37.40208752815976,2.3117452723016947,0.0447658965772075,0.2601192833712283,-0.0376678591457771,0.1837902059435234
95,38,22,19.84939404,61.24500053,5.730617109,100.7689246,maize,27.24057149159221,1,10.281803884113703,17.994566879219242,422.457909913992,4.428488420270796,3,16.042398139731425,18.97444431762033,95.12348051277266,1,21.44507400630273,2,10.091052507469955,1.0804518903373794,0.0410048140548447,0.2545379972079402,-0.0406000712071607,0.1824827633596159
84,44,21,21.869274,61.91044947,5.850439831,107.2681929,maize,25.75189006255298,1,5.097418919103131,14.517392342677564,429.385195418356,7.232329331053059,5,17.830242001772373,20.01839654357567,151.19603335103704,2,6.918201163979182,1,49.486356806029406,3.1335152328474685,0.2684385621491004,0.1453727636755912,0.1411981911734598,0.1410657746090677
77,58,19,22.8056033,56.50768935,5.791649933,101.5952794,maize,14.633805874356844,3,9.954512637879551,3.1753905233687707,421.1541811026011,1.2135070499086016,6,11.779800803995949,11.566829253446908,170.47018716051412,1,47.95011897171934,1,64.45366800148746,3.8524893551723816,0.0787603805506426,0.1381401711065125,0.048074318863292,0.1204795931937266
66,44,20,19.0781471,69.02298571,6.740000688,80.72515943,maize,18.41980355150965,2,10.19609968097122,14.580834811815995,395.0214147076055,4.5176373435578885,1,18.440338456991757,40.460341506329065,118.15717889321736,2,20.946101728117597,3,65.24624992163848,3.850412236324358,0.1396366333591318,0.1637365703630804,0.0392401055444455,0.1502274995813632
63,35,16,22.02720976,65.35549924,6.272417541,83.73280082,maize,11.813093986606347,2,6.036377526282939,10.235403137206866,412.9796765255336,4.2463672030004735,3,6.752577796524776,74.16172432657592,97.04732635043786,3,42.74847621343011,3,78.44525777731768,2.935125027092456,0.1509165754910009,0.1723905031643897,0.0318214685301151,0.1514718093963294
79,45,20,23.80546189,59.24537979,5.715208817,89.9622014,maize,20.040852237917964,3,9.79578208333223,3.486653634704993,361.7889226115452,1.946336142127029,3,12.647647546034134,10.364412091450523,129.4272078394163,2,24.95214587934916,3,49.070343250123415,3.832164311714721,0.2117347907194374,0.161021680290316,0.1180226604043384,0.1414566435911778
72,60,25,18.52510753,69.0276233,5.773454729,88.10234397,maize,18.104902150279425,1,8.233334952892696,3.1383006712790062,436.45429971958566,8.915273023719175,6,12.35777406031272,14.65827099700151,111.92986900866882,1,3.287193052337367,2,79.35478134213156,1.045298115698056,0.1736640641575071,0.169856684872427,0.0421607975103885,0.1571915703035355
67,51,24,23.50297882,61.32026065,5.584171461,64.77791424,maize,29.26467351986148,3,11.723327994690862,1.3117254962609337,370.4720044173768,8.769848378830542,3,17.65818882510448,50.94086544519703,185.46798667770727,2,7.825643121583337,3,17.055777258179205,1.7681207817849396,0.1676629069574048,0.2131145573261431,0.0566184255085184,0.173740981263448
86,36,24,26.54986394,72.89187265,5.787268394,73.33636055,maize,19.331725558633,1,8.041045784160316,19.151375942437493,390.8523909704385,9.406392646116164,3,14.080907791274898,18.22983797970228,156.80611532643263,2,25.588450972813497,1,80.4747861467936,1.8969972900536152,0.239460481227054,0.2246682792796889,0.1001259205690407,0.1885507986366688
76,48,18,19.29563411,69.63481219,5.77597783,83.21030571,maize,16.30111470104408,2,10.958720364359795,17.95663201732216,363.0267580498317,2.0069585760048225,3,6.353349425990796,78.09352144477624,179.1024591202059,3,47.26280770116056,3,48.36953463874125,1.5303967710357689,0.2696265869102576,0.2471832387901456,0.1529573854065015,0.2068291141128475
75,53,18,20.68899915,59.4375337,6.864793607,103.651438,maize,15.481196021626536,3,7.958415540105081,3.34396082120066,421.30261683249614,3.909939612493895,3,15.249649775290164,98.6789299589765,96.76359102397306,1,5.056436652040841,1,67.94038247613823,2.389896602465805,0.2538976069865777,0.2610781432101438,0.1023112658464505,0.2372740849510228
81,45,23,19.32666088,68.034493,6.192360003,84.22969177,maize,26.570913509730723,3,5.187140972272441,6.686084000418142,377.58557225776354,8.673550763440826,5,6.289926997973194,83.34257056734201,74.37916665193858,3,48.97569636312716,1,60.998213770414736,1.9544220112424564,0.2542221785336879,0.2612676417100988,0.1044442691694678,0.2385753112491586
73,45,21,24.60532218,73.58868502,6.636803223,96.59195302,maize,15.55441258248264,2,7.663928217899676,14.59940131025338,448.06664727103794,2.1835081036811514,3,7.028913355459454,81.54280710856095,156.22444744804625,1,17.633760302655915,3,18.153460725171733,3.5421068690387645,0.3024424763089131,0.2542221320643074,0.1657846658710879,0.2344292926091582
71,35,24,22.27373646,59.52193158,5.826426917,67.96704792,maize,15.74570393886939,3,8.523533077749091,15.552504119160194,369.1809942625622,2.8698357838089,1,11.492621903101632,16.639564220213366,50.5137904119127,1,0.7452125730909365,2,7.521921937457732,1.1035824553247244,0.2610819486810454,0.2375827031219733,0.1396509778648565,0.2217332921801829
96,54,22,25.70196694,61.33450447,6.960358276,83.20711308,maize,17.363971184414066,1,8.128524498155933,6.881733231566569,386.26761176327057,9.324581466058012,6,17.796992944319314,24.098825633487607,56.75320571605474,2,41.79832878736197,3,81.82954559295081,4.427178621334322,0.2430625370639732,0.2545635177212461,0.1246337347128341,0.231146488739679
99,39,18,19.20129357,68.30578978,6.11275104,87.85092352,maize,16.247215558153485,1,8.592736669086673,19.14323710780399,426.6477759505081,7.53403387068593,4,8.19155341180029,39.94142728060136,80.9585165361021,3,34.24992127187122,3,21.849380643025608,2.6918938402807577,0.2141129034440985,0.2396873329667701,0.1004537600988383,0.2204657345662688
62,48,20,21.70181447,60.47470519,6.708446922,95.71388473,maize,18.8732305939474,2,6.74855112668991,17.675737752571116,403.7226708414982,9.308117935977796,4,5.694703592205469,70.61923112928065,86.32779065484485,1,43.39631070634125,1,49.3664607137875,1.3242316175244104,0.2276694425180183,0.2518450579399788,0.1018696366332767,0.2299291849293738
86,37,16,20.51716779,59.21235483,5.561510732,67.61013737,maize,24.77973159794391,2,11.122159845105015,14.859952978688687,366.9931264906183,8.784357098673777,1,12.021268024084389,47.36218569514181,125.67340631304896,2,45.26653983050325,1,7.374460104874214,1.192419163819559,0.2797334149340327,0.2474070144215017,0.1358257043264674,0.2227036774694979
94,50,19,23.30355338,73.62548442,5.873242491,97.59081274,maize,15.79416857957826,3,6.683881117699223,3.954434061064725,435.5682059726941,8.371270672689072,4,19.810718774191947,62.30045966805792,83.55117940975367,2,0.3228383223785158,2,95.28385816711362,2.244192422886826,0.1384576523070153,0.2550529830074309,0.0526329690450422,0.2090233461679804
76,39,24,24.2547451,55.64709899,6.995843776,64.23845455,maize,15.119546282543409,2,8.456038632738139,4.804740482390574,424.6786165885767,4.043798906552058,4,11.7169467609228,51.11855813356543,72.83044951894448,3,41.52588147021503,2,55.53001222798426,2.039435540550364,0.1320160113048539,0.2172510438507035,0.0611801739314082,0.1816800809854713
77,52,17,24.86374934,65.7420046,5.714799723,75.82270467,maize,11.787229925774788,3,5.89279330798145,12.592767775125523,448.923313693228,3.1897094180513594,6,10.358573006493405,10.030387975043595,118.75556175231566,2,46.38342263149758,2,39.942503331754274,4.068601268951715,0.179842586031255,0.2542868796830589,0.0767317170602655,0.2144997639518997
74,39,23,22.6265115,65.77472881,6.78073637,88.17251033,maize,27.32199653303682,3,11.193790191540508,7.629118354377753,352.904880652595,7.310568444434592,1,11.181807936951836,57.01158612337706,72.75606820523552,2,22.76717165305709,2,8.06113152367054,2.567881446027299,0.2706677808193118,0.2431986158843512,0.1185061790352746,0.2315650932846777
81,49,20,18.04185513,60.61494304,5.513697923,104.2321615,maize,13.140268766996403,2,10.196607975259784,3.4832115534787733,397.4356174963996,3.278206564057909,2,5.414770671610774,44.74638447315101,88.40605515252025,2,46.19669037166359,2,38.31235820233824,1.1168902416254172,0.2780206357388302,0.2626632274064254,0.1292162634146313,0.2325004967748434
63,42,21,23.26237612,72.33125523,5.798423908,67.10225139,maize,17.31523561761122,1,7.849243177135962,4.095620810916083,365.4540671963635,1.9559260646112968,6,9.164329483559474,5.081291415735745,111.11511016724111,3,18.00706004626559,3,16.36278637811406,4.103625650038794,0.2350462586605806,0.2428981086735192,0.1243748048977572,0.2281194381818902
99,38,21,22.88330922,71.59722446,6.352471866,67.72777298,maize,25.152751993732775,2,8.371245021323062,14.481232333635486,415.7635745919353,4.22405638094979,5,14.381723879647334,96.47137923862668,183.8360159360633,1,28.07849199312776,3,3.130629430080556,4.09170459542183,0.271857662818706,0.2579144089682887,0.1170754087122319,0.2403265062939086
90,52,25,25.97482359,69.36385721,6.822586546,103.2234212,maize,21.989640068600732,1,10.342484070593438,16.583664875326335,442.5406299173002,4.599840117844138,2,7.911198715414407,50.71018392194593,117.7791919535364,3,42.68537362266174,3,89.51313080277625,2.874749671453941,0.3271736790311613,0.2444634525432452,0.1459429598751901,0.2388039085769651
68,40,19,26.14384005,66.20569924,6.655426355,107.2361366,maize,24.61074581078945,3,6.174129143559844,9.881363275835517,418.1281007802853,4.2311166570450895,4,5.461923401636004,45.54954262915827,132.00618789090888,3,7.326573299707261,2,4.535363379647251,3.0036833968613936,0.2632493108659636,0.2503273858021869,0.1329929707790764,0.2258298883404852
60,57,24,18.66116213,61.55327249,6.121294041,75.03247667,maize,23.856300168189968,1,7.266250392248363,3.060514275280659,406.4379210866088,7.947931521547467,2,5.850574917101877,43.67301931020937,153.60052412097752,2,21.19415053899066,3,11.761352922430223,4.855731659520144,0.2001664250384297,0.1970780015758903,0.1127802465825741,0.1659016165311067
71,52,18,25.10787449,55.97732754,5.790770203,78.16077693,maize,24.418857520447084,3,10.551891892896808,12.403388216696632,366.0808225771917,4.257854167941089,2,5.796895313422025,57.41985879079804,109.84339982647128,3,42.497834861926925,1,89.56139640297094,3.704657757419396,0.0491492487357046,0.1811684285935536,-0.0029244675899617,0.151944493087541
61,59,17,23.33844615,59.24580604,6.47444292,105.0083144,maize,22.223938666202645,2,9.928580901950046,14.578745903626064,387.5294136828265,7.015706358179632,5,16.94774083646296,4.494926318313763,191.48394745399847,3,10.23664028612304,3,68.86234029016124,2.717228890996,0.2814120575956633,0.152397766984854,0.3615022176307494,0.1279022936639081
88,38,15,25.08239719,65.92195844,6.455116637,62.49190812,maize,14.870988392069222,1,8.714014557173432,13.271228463631628,422.059478644224,3.5768913557038435,2,6.4368910550950975,94.98265612730184,132.18604929157254,2,0.9075737494833092,3,99.1862892798888,1.5964223622074538,0.0409677799958357,0.1819086387048688,-0.033709415627995,0.1502057124382393
65,60,22,25.36768364,72.52054555,6.606984086,107.9124111,maize,15.390627022479428,1,11.342605622109431,13.228410890052553,408.2629918504056,7.741397000539391,2,16.914679824672614,83.86720481900898,163.20158796758875,2,43.69142349568697,1,31.129592541073205,4.86315181451786,0.1933973162897838,0.2433654367139655,0.0980130871224033,0.1873698002403342
78,37,22,25.34217103,63.31801994,6.330554389,74.52082026,maize,25.52928577439126,2,8.27430762483107,16.000444339875692,449.11370290856553,4.996667305023241,6,13.233219736724235,31.699481285984543,184.61170512474547,1,49.47928111598519,3,33.96147441613348,2.8233235864546296,0.3410463720405699,0.230250159543514,0.1473552699228697,0.2315287262301106
78,58,15,25.00933355,67.816568,6.528631266,62.91359494,maize,21.418969534149536,2,7.381552115301711,14.920389000514367,382.7387502341104,9.32175524470922,5,8.082137765739834,2.4411191940279298,119.7061575911174,3,22.81370437253355,3,36.59740104019218,2.2958042811275843,0.3387237250640951,0.2395379315006084,0.1833302031987643,0.2306836281692489
92,60,23,18.66746724,71.516474,5.721667141,69.93293255,maize,29.79614445339352,1,9.157163231052252,8.015793974322424,370.5752005160799,7.763379453224758,6,19.39015242122025,56.43846684781507,113.78725148276588,1,26.338107092766077,1,68.43907762157919,1.401792744961284,0.3089701373329916,0.2449624670841136,0.1812037378173581,0.2234614513867075
79,59,17,20.37999665,63.73849998,6.644205485,108.5054416,maize,22.52220633019757,2,9.02671098190191,11.163760408298602,377.1710347331981,6.831260208833757,2,15.069717386741758,76.4686880037692,79.49257075458524,3,24.74026417240806,2,44.73949871069311,3.245678594622081,0.2798559329483415,0.2404500481752604,0.1727346032296613,0.2279523065289345
91,55,15,18.09300227,72.61024172,6.376651091,78.96159541,maize,22.16050304824517,2,9.293838829229468,1.4510100140192297,429.06159045266776,4.086805039836934,4,12.19923480815148,95.38151251706743,69.08408655433956,2,18.87466219807,1,67.90228913508464,3.0462904527202275,0.264145394927437,0.2438675656749681,0.1046819245543362,0.2328539300626018
76,51,18,26.16985907,71.96246617,6.247040422,79.84925393,maize,25.203148573763222,2,6.433505948475184,15.85709417488098,357.1869299069623,7.055220948922785,2,11.609298480327528,73.88308625300832,51.708005261829,2,25.516598302408084,1,10.017235240924972,4.376680365359048,0.2832314794726904,0.2445102501299242,0.1459846361600989,0.2295964313809946
87,48,25,18.65396672,61.37879671,6.656730008,93.62039175,maize,10.829340209454172,3,11.10019077910031,17.25430693483319,418.16223693941504,2.519905146189566,4,17.489674137213534,64.99441265306486,107.80064147950878,2,37.45337343765176,2,16.907763631837504,3.565962259806854,0.2025014512434804,0.2747500306875793,0.055762394331197,0.2365481627891832
71,60,22,26.07470121,59.37147589,6.2048017,85.75692395,maize,26.51320154509817,1,11.597738092839382,14.285398465332989,424.2189782376373,7.035000808853337,6,13.335002940254167,43.88541612350818,168.15983659460858,1,28.23930788314811,3,34.16548714568012,2.6256857111032224,0.0653912030156667,0.2342812306276182,-0.0044855716610556,0.1892532619299455
90,57,24,18.92851916,72.80086137,6.158860284,82.34162918,maize,14.204733068318305,1,7.511533173691788,2.905776711170591,357.474461591779,9.399769903758653,6,9.965544067494417,47.73270601351744,157.48038245153631,3,25.107784176170966,3,31.024511334985693,2.6750850648406,0.0689213517983947,0.2534853272940611,-0.0089910028801879,0.1763904234165237
67,35,22,23.30546753,63.24648023,6.385684214,108.7603001,maize,14.644122612068678,2,5.673489469340444,5.600581230132036,442.1524629505832,1.9791372467954105,4,8.06972771146671,32.76954018189521,87.94052548675873,1,6.1797061831319,3,40.395851596587086,1.1305515437416358,0.1104100944424889,0.263582507026794,0.008987166405131,0.2147934770450874
60,54,19,18.74826712,62.49878458,6.417820493,70.23401597,maize,27.443328277090263,1,7.0227758283696,19.398892142744344,427.49133042636936,8.568352691783055,3,5.1944866892726616,99.42325184651747,129.96462966860045,1,9.082351746830067,1,45.15901144503276,2.778748669210386,0.2378029825833369,0.2661363931867267,0.1253992620083461,0.2322630797830034
83,58,23,19.74213321,59.66263104,6.381201909,65.50861389,maize,23.877505842772575,3,8.630778875689666,18.8342416418148,357.11508072541375,5.080115727781574,2,14.17929793257815,27.71774119138405,191.1797472721646,2,8.449766810802368,1,91.71148311263607,3.641138981661048,0.2353081718379482,0.2609374967593129,0.1415543481135563,0.2228968284235307
83,57,19,25.73044432,70.74739256,6.877869005,98.73771338,maize,11.318500163338104,2,11.4356263702707,7.367576322865088,356.09461966300614,2.8785687512696008,6,6.310274384944956,99.38119141134656,155.84674722568252,1,21.19410047753736,1,25.961516341020385,4.1695748950379015,0.299187883891572,0.2352258097484433,0.1343724782109483,0.2267644777076518
40,72,77,17.02498456,16.98861173,7.485996067,88.55123143,chickpea,17.883769647178593,1,11.450264999979892,4.008740762379432,395.2805561659712,4.175852139267892,3,19.53813764810585,84.21808845378636,62.12247787492086,3,4.404796040752751,3,88.59923610206668,4.254476758311473,0.2999908218418688,0.2600072790984676,0.1969379833748096,0.2264746608813793
23,72,84,19.02061277,17.13159126,6.920251378,79.92698081,chickpea,27.05509317878045,3,11.878308835344855,2.815813462829515,416.79872503934456,3.5492663410517467,6,9.493220478777127,33.115625927157,59.70228819804632,3,38.376003590536605,3,10.03302386589996,3.307460131083072,0.3084980971943827,0.2604660044915257,0.1780076627381013,0.2296548869587603
39,58,85,17.88776475,15.40589717,5.996932037,68.54932919,chickpea,10.333280500159196,3,9.041096449529492,18.26306122279912,386.1343574840493,9.379368392579806,3,17.48414845121379,38.18364849343664,144.33491944585325,2,41.70058183062172,3,81.63991031531191,3.851439578709019,0.3406615696774503,0.2429330008423081,0.2047800157328925,0.227093049422024
22,72,85,18.86805647,15.65809214,6.391173589,88.51048983,chickpea,19.18716957882736,1,10.862606230986676,12.997827664757295,351.4241212028633,3.1866846001678084,3,14.22267944174544,95.48733256486145,168.05913500315523,2,15.50580755325482,2,21.00468699185747,2.2100386315009573,0.314763509687343,0.2410967282340456,0.2062071162599847,0.1902052232851994
36,67,77,18.36952567,19.56381041,7.152811172,79.26357665,chickpea,17.398324281444683,3,8.922137133747439,5.893234491062076,358.1794686531044,1.791547617798237,4,6.416859995791264,91.48492904898316,50.23297973155482,2,34.14144683496081,2,90.47890613120232,4.345380240659991,0.1664452421125406,0.1917470904952496,0.1241027836406016,0.1489032438284267
32,73,81,20.45078582,15.40312102,5.988992796,92.68373702,chickpea,17.39105459619854,3,7.319758147818643,12.36564398197296,409.7098920631005,9.925365521257197,4,19.202486716654903,64.85282445111888,83.42295509022486,2,26.06788480960312,1,18.1903230316688,2.242409107983492,0.0608393412825283,0.1880308636550547,-0.0084407003452388,0.1510990399403412
58,70,84,20.6543203,16.60820843,6.231049028,74.6631118,chickpea,11.86449934520388,1,8.081814024118177,14.878447975920649,370.4081608733405,4.925810774280869,5,19.776496152204476,44.93988022978135,97.3670638513376,3,44.804873553847926,2,38.356629199866575,2.0813051934295324,0.0491342517970188,0.1642324558509376,-0.0101583425000225,0.1430541457295534
59,70,84,17.3348681,18.74926979,7.550808267,82.61734721,chickpea,20.80520694710316,1,6.061224857756229,9.744177629074498,410.0611703463969,4.286936211416223,4,7.529905341424893,66.08846416181758,129.0487393455678,1,8.3351726033142,3,75.23177871738217,1.495584903540391,0.0716836083397783,0.194227348162265,0.0047602307989865,0.1524215589081096
42,62,75,18.17912258,18.90426935,7.010570541,81.84997529,chickpea,16.855989834990762,2,10.898630488599764,18.71792456306305,363.1426364063716,8.710450464452705,5,12.162733880735614,27.82289426330574,124.79094402149045,3,25.91914905221148,3,76.09638378851825,4.29157406907057,0.1944770898332912,0.2257474300506445,0.0880767181491534,0.1802276300396443
28,74,81,18.01272266,18.30968112,8.753795334,81.98568791,chickpea,28.194534550199293,1,11.020217163366166,0.7799968800970647,447.0634882386164,6.056725288855371,1,14.811510345687008,8.822399594300768,173.177902240913,2,43.72478954001057,2,53.22983104157473,2.4906675296205503,0.2898190403996616,0.2475911219778385,0.1351028904253062,0.2094639169739582
58,66,79,20.99373558,19.33470387,8.718192847,93.55280105,chickpea,16.377314990448518,3,7.635890092464875,9.437445560045468,425.5362394391332,7.386713056513713,1,11.378194844023954,69.61771392718562,65.75033912259543,3,15.15694891594162,3,81.55634329958858,1.8551940428244384,0.1984714014954837,0.2302290292689036,0.0914091109616906,0.1895541890781612
43,66,79,19.46233971,15.22538951,7.976607593,74.58565097,chickpea,18.649005552034158,3,8.678865601523844,7.768842035716236,392.423243434558,5.365131182907307,5,5.705618739932875,25.220063562570328,60.04976133364728,2,40.5491739950942,2,45.7308997454234,4.71097589643278,0.3116058498433412,0.2442374159652877,0.1431502344702052,0.2313707658222183
58,63,81,19.81344531,14.69765308,6.515499549,78.96514709,chickpea,16.226574044304257,2,7.22876068290824,7.443739948013577,410.8708708885899,9.552020013630946,5,6.047475623132928,88.80300646686628,62.91307477345761,3,39.73238481231317,2,37.463930604593074,2.1273331264862088,0.2783905430999636,0.2529842305066487,0.1147753508485719,0.2331810038788872
23,62,85,18.97424756,19.5161216,8.490127142,80.7108745,chickpea,25.460091273127905,3,8.790221039706333,0.8594327021561554,350.6622023844562,8.630685339710386,5,14.114808216871875,47.11808907845859,124.47594178376303,1,47.65292702206749,1,4.679212126598964,3.163857119532949,0.2832262587939204,0.2512812314367264,0.1359671552617357,0.2298675403049009
27,62,77,18.19737048,14.71070537,6.576415562,70.18185181,chickpea,16.66349434113963,3,11.798227277721589,16.23998215243586,447.03713568310536,3.520928706245108,6,9.98946651264458,74.21731936393104,186.9701868718644,2,26.09824113735863,2,63.82922923090456,3.304724950605886,0.2557328745175416,0.2640159299519048,0.1297730635455898,0.2362678608317673
28,72,84,18.72963144,19.18197264,6.481783043,71.58010169,chickpea,25.13860270697137,2,6.405853888337862,2.0205707301865927,391.685792721686,3.694539823204436,1,19.19229439042109,29.547742012218293,181.735222210214,1,18.598374367275373,1,1.2339438196844466,3.373610863005012,0.2894168993435805,0.2322952849386064,0.1629572359269513,0.2130998517782692
50,56,76,20.99502153,19.8601304,7.966605025,73.50734019,chickpea,18.08944050167041,3,5.381545148145534,6.614383741065224,417.6517752312346,7.204964914929031,2,15.415367684821728,1.6583647777020705,198.7702532837622,1,30.831104140378866,2,3.007494111957776,1.275783348432701,0.2417466386153199,0.2499797695316607,0.0907289917289768,0.2320499714768009
39,71,84,20.28155898,16.39535215,8.140825437,82.52339655,chickpea,17.54654752624201,2,10.421650684226345,19.693778168217243,398.7713767979736,8.300831404175232,6,10.466471737214553,66.88799366818279,119.37304155990785,3,5.598804003963193,1,49.23509262359846,1.0235188723538826,0.2560103776977602,0.2401027672046924,0.1232370839366175,0.231265954356447
25,78,76,17.48042641,15.7559405,7.228963452,66.96980581,chickpea,10.38199087623738,1,8.906908007224743,3.502025459572713,391.4503141600682,5.4842219398852965,1,5.84610629395161,73.59436066405578,195.96949710013843,1,32.76586513338042,3,55.02836477689708,1.2074488799675611,0.0947368136748416,0.2677078546656564,0.0443548053767245,0.2101332790847472
31,70,77,20.88818675,14.32313811,6.492546046,90.46228334,chickpea,26.23268612268895,1,6.773495330284018,2.425666745555564,360.0131126772707,8.593841230060736,6,19.87231327063354,94.37990031520002,133.98925020705144,3,24.05557575567457,3,3.0274411275390767,3.55293876431195,0.0609933615357023,0.2670108481498826,-0.031795968545849,0.1819224416740979
26,80,83,17.08498521,16.14565756,7.528599957,71.31007253,chickpea,21.29377485094609,1,11.451315272126989,9.412980646594814,449.1563024127249,5.542487017792919,6,17.465459830598448,91.76380435918468,148.4426525548937,2,25.57101842262253,3,48.01280467311895,4.158550148423668,0.1590887736584259,0.241401543191365,0.0991446923248886,0.2003031196322808
25,68,77,20.09340593,15.11279612,7.701446446,85.74904898,chickpea,21.98104519816333,1,8.018334118522745,10.399693722488198,361.5517261115133,4.94166353804454,3,15.437716441205566,80.56162600819718,80.62196063019674,3,19.915956391241277,2,33.31988911005192,4.561719392439644,0.2682147107187177,0.2390683046637486,0.1020274918850525,0.2362159499391597
31,78,76,17.57212145,14.99927489,8.519975748,89.31050665,chickpea,10.139559488060785,2,10.554765223975345,18.26301540589633,363.8349607590321,6.153485072967357,5,10.991956128483594,15.333488382127069,142.25218145025667,3,1.6576727114613332,3,18.863385517796804,1.2909300856064343,0.2634503304927241,0.2509421190101485,0.127249811774945,0.230534455122915
60,68,83,19.12065218,18.43475844,6.620900869,85.52950164,chickpea,21.162223655975843,2,10.407197816131974,6.778676684972607,427.2144432403287,4.967753295665488,5,12.368024962474005,54.18300583042846,114.0648347834285,1,23.72703730082816,2,1.933926945659592,1.8985416627632656,0.3325162156401922,0.2438143442032926,0.1986120384299744,0.2295495292154637
59,62,83,18.57665902,19.22008229,8.104396058,72.94940441,chickpea,29.24766608564906,2,5.3058959378719965,15.467749192548176,363.2005448225677,9.283973810705184,5,18.04756724331145,74.5183297311113,83.18937561577343,1,9.501954565086946,2,37.49928518284125,4.26523446281083,0.3440804061597403,0.2281597786484006,0.2045010326783086,0.2173975308412228
22,67,78,17.16606398,14.42457525,6.204090835,72.32667516,chickpea,12.749978307351926,2,5.253313913059135,8.10095786697239,435.3218480028378,7.738915752519131,4,13.63673071192061,78.92375477593997,174.6626620899322,2,37.322627004007934,3,45.04181595380484,2.7486067592081973,0.3450320747145614,0.2332864709581808,0.2033250395947737,0.2218247467402564
36,65,80,18.2872007,16.67921616,6.051091339,74.87445574,chickpea,19.94660520390211,1,11.59541877685876,17.22929785325301,416.1453279400823,1.5847319028873834,5,19.860237805264497,41.021404124268976,73.87188460178672,1,12.33402567788746,1,60.3362807784382,1.9280267901203716,0.3159543342442221,0.2448971475198212,0.21842126100375,0.2269726565970364
59,60,84,19.03025305,18.66725565,7.690962338,94.70992037,chickpea,28.161800463685136,1,5.35860840343292,11.400663377093297,438.4098402351785,1.2909767978774576,1,13.401840125739604,62.45447661167408,68.57463046394965,1,48.66431634249764,1,74.93251760419156,1.550002163350534,0.188578516031987,0.2458282715541939,0.0512998221291121,0.1991149764075516
54,77,85,17.1418614,17.0662427,7.829211144,83.74606679,chickpea,14.94566795676447,1,6.323744634948048,6.741236943789364,350.99621521094826,9.448286237607052,1,16.62088061236865,26.402047907932012,64.467382468398,1,41.23216857144729,2,73.9864136818539,4.242441075863542,0.0495070425231881,0.1976372496814825,-0.0376271156063185,0.1547027575768042
43,68,81,17.47809436,17.93253975,6.761599706,78.92060234,chickpea,29.54751947015624,1,10.923211331694134,3.7618393865345463,405.731292510344,9.97077940130214,2,14.158485156909476,30.606500410386214,169.62259056532866,3,38.19704692810651,2,99.51482648398851,1.107302768652128,0.0465480147004527,0.1732751593447344,0.0313649930069231,0.1478412106168322
28,76,82,20.56601874,14.25803981,6.654425315,83.75937135,chickpea,25.714360682572632,1,10.15340488219801,6.063440970586131,381.3442113540241,2.3394109563618617,5,7.560792781918695,1.0479509166304355,93.7207325793955,3,31.94132213631145,1,0.0549113208661022,4.100617267436344,0.0019490522359646,0.1897723449101753,-0.065063426712582,0.1509606675054114
42,79,85,17.22385224,15.82069268,6.129533877,76.57580954,chickpea,18.75329668639308,3,6.570016163496534,6.712612112472782,367.359147468591,2.8232673945691253,1,18.263335641553503,46.804244810117545,152.1965332537667,1,45.03297141381157,3,64.5887153801255,3.4038757953687373,0.1606484751344999,0.1857977664238906,0.092463139707324,0.1493657628511958
32,60,83,19.69141713,19.44225438,8.829273328,91.76071648,chickpea,19.77662735497598,2,10.750109900367274,4.695382677631397,389.42411117733184,5.054603037725947,5,15.443946159831247,32.47549497326977,124.81861532958484,1,30.408181559796088,2,53.25354332039801,1.1421687978299002,0.2822329655462026,0.245481484018449,0.1908338404292954,0.2087397729690293
22,78,76,17.84851658,19.09172907,8.621662982,76.32470713,chickpea,25.01219432511382,2,10.001646028101856,11.70782119875091,379.8787571834583,4.137592729944506,6,5.138515867656392,28.750413183602387,150.64694806976306,2,19.35536419441675,3,68.83013440351641,4.543012802391944,0.3462129200299929,0.2295269813135617,0.2277892818179806,0.2203590797020855
31,79,75,18.8202251,16.1074793,8.204862075,89.73119396,chickpea,23.165716293534224,2,7.453287233131013,8.154860995882178,401.0335580904291,7.705392048729591,5,11.862147575474378,39.9701076187208,84.67342716065369,2,18.84922611334869,3,67.16875836034355,2.978148693555786,0.2695122189441389,0.2647627016174454,0.1346403921576422,0.2304679268484411
28,58,81,17.47500984,16.54314829,6.18042747,93.35034262,chickpea,12.154437978074892,1,6.789587059964622,16.672068071226292,396.1329714869652,4.5995278560711546,3,15.010946080969951,53.56735875923256,64.51951608323938,3,49.7797569179059,2,64.45630231612026,3.41867786828623,0.3541961519299905,0.2242827254676467,0.2029977269366428,0.2175530067916621
57,58,77,18.72649425,17.58406365,7.978996755,81.20176515,chickpea,11.480270533958736,2,8.983284085491416,6.388832413443726,436.5363175124824,1.3076643952658884,5,12.527163233589338,63.31728718171596,101.3488154533488,2,34.82675934639328,3,89.18276045752143,1.0702891185252104,0.3392465239593991,0.2275202987527341,0.2015317896544669,0.2170903853757409
49,55,78,18.65580107,16.17772668,7.863113671,81.70769297,chickpea,27.452257018012133,3,8.888531866010904,14.39143305071456,418.85534874282257,5.062467373820615,5,8.694667989288202,57.74020376998982,115.37056598476032,1,6.4189904008074175,1,33.508788569727535,3.85525694354338,0.3262757630901458,0.2467496545237943,0.2275766159605105,0.2260798946571846
46,76,77,18.2356751,19.68538502,6.967843048,83.74879344,chickpea,13.26077622047605,2,8.617777166746158,3.83402629385754,402.0965807659653,9.022721388055322,3,18.517849301719927,52.28593901846396,199.66489031281287,1,9.8764648740296,2,84.68987868234443,1.4904177729925872,0.3191698996701315,0.2262528184812811,0.1352674817310186,0.2318159983447971
54,61,77,18.81198127,15.21618225,6.206582193,77.5429424,chickpea,24.21622413859022,2,6.709050051320754,17.374977039241777,414.3662135720034,5.12771682691161,1,17.202816202051224,57.26210228964287,156.58038863375015,2,32.81091640804333,3,77.2448468258024,1.8303128510112563,0.2485617124730027,0.2590325506816395,0.0939180050786174,0.2274439236497007
38,60,76,18.65054116,17.80852431,8.868741443,77.92798682,chickpea,29.99492905819812,1,11.580893894371329,8.083998947591962,381.4319783584996,3.970762390066988,6,17.31392837257514,19.28984363934344,189.1240521096317,2,19.855658392753533,2,34.910097682929894,3.951398292021683,0.1389053744354498,0.1739706927886039,0.042972522587691,0.1654618085519455
59,55,79,20.36720401,16.89574311,8.766128654,82.2545577,chickpea,27.082363240405464,3,9.78106760211675,10.683573288033912,412.4025684073879,4.068531778380055,6,19.781030483746207,94.17638438111074,142.9774075782269,3,11.978986265868796,2,83.35936421613933,4.662246593692281,0.1194579363886923,0.2270891232081161,-0.0471363110572283,0.1615135672187046
36,76,75,18.38120357,16.63805158,8.736337905,70.52056697,chickpea,20.394642863959994,1,10.543237515375498,2.6340826916566296,427.4450898454821,4.618156634145274,4,12.253886695549047,28.5928420175164,59.36474248096073,2,4.523720464597847,2,4.330072294778153,1.0527331983028447,0.064214524021812,0.2431909590771235,0.0452580329812334,0.1908368234253522
57,68,81,17.17012591,17.30457712,8.081095263,72.78624223,chickpea,22.790242154768656,3,7.622832633130679,13.277217812653122,370.41757936505854,8.342449188934314,1,5.9478421724018,40.11809546844381,71.38914955068967,1,34.272257114039775,2,47.47925301140592,4.555196851556014,0.2017832488285371,0.2586770767016541,0.0695360567702387,0.221735108383091
35,66,81,19.37101121,15.77458129,6.138243973,85.24819851,chickpea,18.080024986404176,3,11.88527562971152,3.2854104016273955,432.5100928196487,7.338427891294119,5,9.945728890602242,23.07550038345002,194.7114229527087,3,36.803754601197554,3,98.951339317668,2.656517606693801,0.2769936504451726,0.2454101356805164,0.138376135714276,0.2252859126631648
35,64,78,17.92845928,14.27327988,7.496645259,85.37378769,chickpea,22.78968891335932,3,8.819669834648794,12.09481971203267,386.6132603612104,6.9422815465434295,6,18.49712625938062,85.52825243705855,139.34980036646454,1,6.893873320551536,2,2.0558238807251272,3.3481021864237444,0.2585691650308123,0.2421276134553817,0.1275398666094243,0.2201743041611157
52,60,79,19.45339934,18.23490739,8.380185271,75.6317566,chickpea,14.998251504511178,3,5.104412430937042,10.161872166177153,360.4512676755268,4.937593045300533,1,8.021766292066356,87.1750003899084,54.331370934796176,2,39.49411297448684,2,93.85456717991644,1.616745132642412,0.2859045636145876,0.2411248677935974,0.1610134472505438,0.2133056951871573
27,76,83,19.12829388,14.92241479,6.289614016,89.61857826,chickpea,21.541871460057635,3,9.293249155490695,14.585715958846176,384.2576645305164,5.067315382080652,5,19.16398949622991,56.0094689089333,89.09424079466251,2,32.06278950828626,2,30.338527964256837,4.430763756113667,0.2527043201932297,0.222143637931747,0.1249253378884564,0.2116138183979167
57,60,84,19.1034283,17.26184541,6.586777189,75.49101167,chickpea,26.772502737496232,2,10.74922772371636,19.822042342362703,408.3103542305387,4.7958284134777225,1,11.52580421177343,6.868434212639296,96.524692677145,1,12.114823267848374,1,63.088957441034566,4.574147963115351,0.3319789693354326,0.2336752225745427,0.1713991903615851,0.2227833380445688
52,68,78,17.48504075,16.96070581,6.89655198,86.05078037,chickpea,24.623966249910847,2,8.109775352355642,9.509722211659684,424.1117933015513,7.346606373702374,3,6.1778462020034,0.9029841632646972,109.26400411388622,3,40.950019979554895,3,35.022759272092884,2.6365560044084133,0.2335763198084511,0.2522154900368587,0.1556568271103493,0.217776237846572
43,79,79,19.40751744,18.98030507,7.806747656,80.25064637,chickpea,26.38601641316534,3,6.450882076451939,1.1549250180758164,442.7906871686305,7.273742513464672,6,17.188720352450822,30.8412734270816,86.06635344157867,2,17.987291880327476,1,85.10389333549568,3.881837874316045,0.2707999407821486,0.2306889187584377,0.3443549846638247,0.1679874634385027
44,74,85,20.18649426,19.63719995,7.150681303,78.26039559,chickpea,19.62846268566769,1,11.976878669190004,17.700936230060265,414.3377381232037,7.636493633259607,5,8.572042500914904,22.691659831675693,73.09052931264073,2,24.663364657435803,2,4.442606007810479,2.940631717391456,0.1224027948746228,0.1807391846185329,0.1058905565544218,0.1495139545635362
24,55,78,17.30287885,15.15405941,6.64919573,75.57790384,chickpea,18.531786438595475,1,6.809877242010023,4.945121310852776,430.11625966861294,6.108061461286077,2,8.156431144484284,48.72939718403902,189.5251187999463,1,34.726262939185936,1,4.51277406671724,1.7132365773489244,0.0262155449077294,0.1919721506224202,-0.018864395536896,0.1568379110146954
29,77,75,17.50361137,15.48083156,7.778591618,72.9446671,chickpea,21.73801419770495,1,6.0010352531995945,13.047696607894215,396.7579187759338,9.068331969319036,3,16.136981326205238,73.04698140420949,150.56251841857284,1,15.717363309940907,1,94.3862133483835,1.233230609621645,0.1258312962693759,0.204009051408237,-0.0005041590191805,0.1720191944070367
20,60,78,18.17234999,14.70085967,6.358740355,90.7760707,chickpea,22.03614471986157,3,11.560346563847704,8.216987459771072,395.71468852391325,5.0304498265967466,6,8.09064454173304,59.805365613884966,197.4292169939028,1,18.879050223833687,3,62.230132218132674,4.9076588257096505,0.0171458001389119,0.2167142538193813,-0.099822786944663,0.1670723714442358
56,67,78,17.57445618,16.71826572,8.255450758,77.81891424,chickpea,21.05992581809401,2,9.25351685429045,3.1646692989827807,423.9537522666036,4.359266400005853,2,10.437174184557133,39.973371102215474,84.70099219371035,2,22.934935262785388,2,20.173265540442088,3.177390512037714,0.0594643148665171,0.1895202072675048,-0.0356885945748043,0.1659279141245568
37,66,85,20.93175255,18.91295403,6.456148474,78.06910795,chickpea,24.822017865932946,2,6.279108826428956,13.937731639229218,402.3813582419315,4.40382497948817,1,6.998926575830079,44.61665719266937,80.68377651171865,2,14.80201568672489,3,72.36117605525541,2.2865142751285603,0.1720918289714374,0.1901855429374129,0.087714490624889,0.1689706593974808
49,71,76,19.71098332,17.63879418,6.613072145,85.57925437,chickpea,29.943211443255056,1,5.552101442312158,15.357823322293209,404.2258598551211,3.590525303563381,3,6.247451740513538,19.667948104339292,59.70007420660832,2,29.683939677412525,1,86.22439988452804,2.9245945426638635,0.229544050912481,0.2405137897899892,0.1440477038058586,0.2058136743823639
59,69,80,19.07937684,17.86754927,8.165359297,69.40619137,chickpea,29.0241727125213,1,9.49797946975448,5.169953302944244,387.4626467983097,1.2967160895827083,6,14.53689580252676,75.79448728289555,119.74433700694674,1,38.53400849279675,2,72.59603353048021,2.9765829537138937,0.2449503170655981,0.2374728808700787,0.1028266327682163,0.2239510727181713
20,79,77,18.54988627,16.02542689,7.64867466,76.32565249,chickpea,11.667579744366584,3,8.362777405376711,13.021733879508693,399.64971030590135,7.2086334904446545,5,12.056074007669194,24.32184327179201,123.37947873472778,3,17.14592330665935,2,39.243362091305066,3.381918499902772,0.2746427329900849,0.2273588960513272,0.1264506191986833,0.2178794722800705
24,56,85,18.19903647,17.41333199,6.545888558,80.6405403,chickpea,21.80007413783345,2,9.975782300155924,6.182987465415881,400.3889374474538,3.657955697277772,4,17.908771661114983,77.86972155525973,54.30901306223228,1,31.181639561501207,3,45.34785000785653,3.710750822479384,0.3074891051102645,0.2397546784971338,0.1660608241123589,0.2191039356040942
51,72,75,18.88852533,14.99451145,7.104224797,80.1113384,chickpea,18.067476026225933,1,9.11380447290488,16.189198537386485,388.0564188988351,5.797137148817807,5,19.032606613544026,37.86435988844825,175.87754398196898,1,15.524798271401712,3,95.35553531909812,4.73147263985435,0.3069765376510726,0.2268549974670556,0.166885246673478,0.2138988733736606
57,73,85,18.49311205,14.72115044,7.358099622,91.94595352,chickpea,24.037268835277036,3,7.385095763010439,15.690749108817098,353.548727718767,1.0715680112887729,5,15.045096317237084,33.676846936167216,117.32934165021186,3,44.44932814010678,2,39.925280914533005,2.56867121154816,0.2657973769285071,0.2323409336614176,0.1356319277734597,0.2139202087074921
22,64,82,19.48974337,17.17260319,6.4740245,87.51312796,chickpea,14.23907603538938,2,7.166337739065072,9.035475584384248,364.1550525156102,8.82953222632951,1,9.284375156753711,31.635749428267868,190.95066355422324,3,16.85821321468648,3,72.85928563426684,1.9816934582464287,0.2358949181794206,0.2370842163367019,0.087568812691916,0.2143335830488853
52,73,79,17.25769499,18.74943955,7.840339389,94.00287214,chickpea,11.8285937485254,3,10.377411334696063,4.345740564364067,439.90367424049504,2.696790800705676,6,15.06656969886832,56.10461154252149,93.50844436839998,1,24.028511899407256,2,17.89926919969985,4.935058237322844,0.2287641505636737,0.2468274117063623,0.0891191881167733,0.2285542250185999
29,75,75,19.62416326,18.71483156,7.064790365,88.4585692,chickpea,15.897071974750856,3,10.692051704546593,2.5148352147937936,444.8943044003912,2.1716721951593843,4,13.800550372816897,1.381714488530561,98.16274814973391,3,32.50785587732725,1,79.35040092523936,1.536636292259733,0.2495869419930302,0.2446485358677871,0.0999219837801456,0.2293467521350265
44,59,78,20.67526473,19.85388984,7.599033472,84.78344008,chickpea,19.947621318367467,1,5.06580304569626,12.103503343547745,444.81532222968514,8.745087331215563,5,6.385149119274406,44.32343257649044,162.31865569220687,2,3.716450900550805,2,12.423317014506342,4.244842165443473,0.2489956433917029,0.238795804168451,0.0722113933560209,0.232945111968667
41,69,82,20.02381489,16.63294455,6.715587232,68.97806542,chickpea,28.250741125292,2,6.918300610057977,7.1339305723449975,371.7952683514761,9.644479873220307,2,11.276553952503424,39.82218398020191,143.98815300871024,2,35.64737313376752,1,23.94888080249505,3.30853536441194,0.1700672275850901,0.2472078447567685,0.0214765413346806,0.2158262153267885
52,56,85,20.1187446,14.44228303,6.81712422,88.68168643,chickpea,11.656547185356438,2,10.4822757686118,15.711767524414558,364.3128827047885,3.923412629894676,5,14.953278737396838,79.01579291080839,197.01967181900736,2,45.74301912923368,3,48.79919369825747,4.46227898298532,0.0884077040464537,0.1835930236859138,0.0402936814558673,0.1639772128986324
34,76,80,20.65691793,15.84572566,7.985417393,65.23811143,chickpea,29.97996598336817,3,5.4670364657330985,14.213162516176608,394.8182140165517,1.1038859824349625,3,16.95776187219184,62.38827838095349,126.45468590001254,3,43.39608271486477,1,94.73458253173692,1.375606727669584,-0.1584452286848346,0.1725793484284205,-0.3024683695484409,0.1361562597649335
42,74,83,19.2582557,14.2804191,7.545258424,65.78042032,chickpea,27.393446589245823,1,9.602328608798254,12.273020487978396,415.5909006385842,2.396883578424021,3,7.188379502947527,71.19900806439094,53.93529112035176,3,37.32316481398094,1,56.84241005350885,1.3948924059825334,0.1156567940639901,0.2056236129515778,0.0556674268444078,0.1825078192829755
34,71,79,17.927806,15.85622899,7.728998197,74.63872762,chickpea,26.478581969419828,2,8.966390791268909,5.328551803833593,392.708684942077,6.682422762463133,5,9.211589209886675,47.37313922383727,116.55764357221682,3,23.826744858387872,3,29.534592474233257,4.895861790931178,0.3259217123732905,0.2305220530920034,0.1815518611614839,0.2255395128747177
27,73,79,19.16288268,15.83500655,7.354973451,82.69766829,chickpea,26.67850111240156,3,8.181205351753285,19.147162490050597,353.8579363574177,7.07900220686989,4,11.416063437046578,51.2371668641043,160.1714048413134,2,32.62732094034127,2,61.1928752093302,3.2962393628241973,0.2410820942981961,0.2584242088061317,0.0854876801628593,0.2382301328301563
30,70,79,20.26942271,19.96978871,7.313122235,69.64449182,chickpea,19.73852998653529,1,10.81564759099324,0.0381072666744453,378.4954209806302,8.556879435010451,2,19.380378214359432,43.66419712766961,82.32626339444275,2,22.19490124653591,2,88.28464864146562,3.166157637840389,0.2147969487180266,0.2421553405379465,0.1283722322151212,0.2173374356962753
57,57,75,17.09104223,18.25142068,7.785039076,87.27444866,chickpea,28.38369942515904,3,10.277683329522995,14.727418553203044,389.14465669767526,5.528464580441527,5,12.911504026779465,29.07413498105963,171.68021322194417,2,37.3084693850182,2,15.831080804176043,3.0490942624768955,0.2981932297169608,0.2362680659813726,0.1607028671438028,0.2208686406514513
27,79,82,17.06579293,17.54024066,6.307004923,70.87150577,chickpea,13.357899296620008,1,6.742360603458354,10.577598122345044,400.5607295755464,6.218240962356194,4,7.798792878871041,68.90982568302124,111.93346662648948,3,20.32570088026412,1,9.496897998917964,3.362340482221517,0.30438518807532,0.2399490637597239,0.1821680496279558,0.2231439016061685
32,71,85,20.62767492,14.44008871,6.403982316,92.06630306,chickpea,26.94225128596082,2,5.60519369766758,19.356695033037187,441.32254461885776,4.011070489191036,2,14.578949129705627,28.675876886304152,63.16795283211216,2,28.45687245436266,3,97.54006089629036,2.1973555173970656,0.1896986295113412,0.2627679911307793,0.0912000755218301,0.2169741923817529
31,76,82,20.8248451,17.85057083,7.599279991,79.20509212,chickpea,12.77954673106138,3,9.99751534602387,4.7095459202198775,421.8805448358208,3.9352307160006337,4,12.575815285817333,61.59077512151969,135.55733176017026,1,46.83756868820706,1,53.07589838369149,4.160453588353617,0.2692181481785973,0.2346541694954766,0.152500690699076,0.214006589276527
33,75,84,19.46210401,18.72831993,7.217018459,68.81405149,chickpea,27.096972090022707,2,11.139780759827516,4.29079893966585,372.89853208340304,4.729604373858946,2,19.62274272132709,67.0398326585035,161.1763131651524,3,47.10939508790569,3,95.0298103848115,2.7379722699329965,0.158136197341111,0.1997381301868876,0.1012995724983129,0.1726779890613985
47,80,77,17.18248372,16.42891834,7.561108006,72.85017344,chickpea,28.901180479380105,3,6.194122276807066,7.28659022012176,407.5843319159114,1.734952506599186,5,9.867624322237404,44.71999901031345,72.60430392587723,2,19.914144095388707,2,71.01680187825711,3.2574921904080605,0.0843195498765195,0.2366691737931782,-0.0243944324422046,0.1755565268516987
54,62,80,17.48911699,16.39055394,7.489545074,79.45758333,chickpea,13.320788058022774,3,8.28679838193019,17.709909465858225,365.2646258124796,4.593647019650798,5,13.142181692018005,96.80566279680208,174.13136626885782,1,12.41189669791684,3,44.19784943857603,3.5850183919945056,0.0211711152297491,0.2124610276390996,-0.0426414365362648,0.1678590873781146
47,79,78,17.48395377,14.76014523,6.609696734,65.11365631,chickpea,27.295604427348373,2,9.313509896804556,5.512746680377834,441.1628244809847,4.040683196425894,5,19.0899986927827,21.188772063302576,136.6628479939916,2,49.25603412813157,3,69.32193499628833,1.4752834240243191,0.1757592261878848,0.175535687040372,0.1123170401014153,0.1620454657315171
35,57,83,19.48316794,17.44534641,7.476800943,80.4986291,chickpea,12.970284474954587,1,7.748139292188885,9.13463713950448,436.44334394010855,7.870700526982329,6,19.383521302963025,81.95542228250365,50.954417880407,3,21.239167833863743,3,16.360922408510092,1.6731246778214448,0.2836385915322745,0.2342608634816543,0.1265983849350097,0.2228744401321093
53,73,77,19.71359733,18.09665739,7.325451279,73.64476535,chickpea,28.483221209014367,3,10.16746638856756,18.910283740944735,383.3155350051756,5.746119021266241,3,8.756709673821002,21.63677942644424,78.15760186642788,3,28.895495531649168,1,65.18168545370106,2.7846347274877954,0.3911039454712699,0.2187199361260266,0.1984446706395731,0.232121548545276
45,61,78,19.48649305,16.06240074,6.489389282,81.5284269,chickpea,22.84477059004342,3,8.671086425745088,15.886427846506027,421.3965292522829,2.216153032529057,5,18.066052688847243,24.98202532059447,72.44552108567827,3,19.88342270384856,3,9.489527802817188,2.3725706962308117,0.2282754767845496,0.2385723510742532,0.0994754127110431,0.2182391190234186
37,78,79,19.95264829,14.82633099,7.786366322,88.6810311,chickpea,14.90137643538507,1,8.870745425614995,16.311546794430157,353.41805003064263,2.17605794976177,2,13.7367972884811,64.77856576813026,127.87082240192696,3,13.662100147944123,2,27.0784436372454,4.539683666397325,0.2406021588420057,0.2328317529636904,0.1193663330965081,0.2056884453002807
30,75,81,19.41789736,16.80472243,6.408437886,68.4951189,chickpea,11.284287837910371,2,6.692229384622463,15.073056700417588,416.2721851459184,7.725692891917048,3,6.7737566418159485,14.865382099531022,117.70349254221928,1,18.472479201934902,2,75.26848304306128,4.295481286566759,0.1888418804667686,0.2572575270156905,0.1245103511170593,0.2171319714960165
37,55,82,19.45591848,18.02235902,8.423873703,78.44910564,chickpea,16.865705857598286,2,5.453685934157896,14.22018801676639,366.7393557548683,1.7952618037915802,5,10.331295895379824,85.77149912167982,55.61326172153046,3,13.148044024296697,2,82.91241152596598,3.024963024012242,0.2312050898314885,0.2329325333473289,0.1251034894366806,0.2073777625023294
53,65,76,20.19137759,16.41998269,8.719960893,77.33795356,chickpea,13.24948353816419,2,6.27764189651712,16.129956469425334,449.2043745512914,5.148700455292939,5,8.814358560087827,88.8643409824953,108.9088756920103,3,18.8893402706219,3,34.64980437045393,3.224344772235824,0.1543886316108725,0.1691032886225796,0.0882189739370302,0.1494257136908455
22,60,85,18.8392908,14.74071856,7.811997977,94.78189594,chickpea,11.531019543181118,2,8.719907736566812,10.95381276885077,385.68783350805097,9.357082804345456,6,15.466187795103233,55.69802681900854,169.08993056819628,1,4.12780122100111,3,45.01060714218049,1.931199254758173,0.1497547589442677,0.1983323678015881,0.0761178608769238,0.1702180293258532
60,61,78,20.71219282,19.83643308,6.317153205,94.03659867,chickpea,11.107673771458952,3,11.329621805341104,13.37876285161759,377.5738891198305,7.662949766429506,3,16.09784138955446,85.66741800375823,95.44522793873357,2,19.848735896650695,1,51.76465908784424,2.9986718985926384,0.2091245438941901,0.2317074977945132,0.1046515221991583,0.2073091402177131
42,67,77,18.99424448,15.9362937,7.114405288,78.69707199,chickpea,15.17605479052179,1,6.507387069401224,12.092064585428178,372.1267453975246,1.0857357981999942,3,5.572470770081403,67.64023822917551,188.77076259945252,2,47.45741402286928,3,30.920927474762586,3.1895135713595177,0.147866223563233,0.2486246267224158,0.0365844387547848,0.2027069988796035
39,76,76,19.96837462,15.57324389,8.135900726,69.15759062,chickpea,22.35165870933058,2,6.705466281529003,6.854969554048944,379.6650930660781,9.950583145807352,1,6.083519936165048,78.48669415073385,168.93573909544585,3,35.96179276276575,2,95.71311968311385,2.411262909731253,0.1882210250999246,0.2365162712893856,0.0806401602464727,0.198462092551099
35,63,76,17.81564548,17.60756635,7.714153038,90.82097601,chickpea,22.86506219543244,2,8.562131836120892,12.37534192699465,445.5145991858032,7.242635841534607,5,19.386381920212447,41.908834460254354,132.28741642007822,1,8.148822504837966,1,44.14971996991248,2.165712295561095,0.1755391967456433,0.2297807130733123,0.0769026872317468,0.1966602432870653
30,65,82,20.71424384,15.27824066,7.103798069,76.77888672,chickpea,10.755513474047405,3,5.103020707188653,6.329701225232349,417.7462599925155,2.5486233514651806,3,11.994878715822388,93.448354402676,152.22147269372917,1,27.044044326745155,1,37.58653143248838,1.6682542867978989,0.2215173692271541,0.2493660454341426,0.1038821674189442,0.2107735326470975
57,56,78,17.34150229,18.75626255,8.861479668,67.9545435,chickpea,24.775945985932008,3,8.89286478561668,6.6709417640984,406.9590440688067,6.803641433200147,3,5.884098929968645,58.06263400753764,79.10303559723077,2,32.54091331001322,2,24.14803781686076,3.517111668376066,0.2188437778472488,0.2063325243038297,0.1300130933028308,0.177674427916176
48,65,78,17.43732714,14.33847406,7.861128148,73.0926704,chickpea,26.67336072523073,2,7.532076310431481,14.435938323228658,416.7643495959276,3.831783911975936,6,13.83142161773423,55.81753262004493,95.00626343603636,3,39.65051744082343,1,57.71875864823525,3.984300664540713,0.1493148808728167,0.1691264900793476,0.1103639954587415,0.1470033782123951
36,56,83,18.89780215,19.76182946,7.4526709,69.09512477,chickpea,13.838533161313348,2,11.090525679529073,9.135163915924757,385.377953103392,1.0370879489545075,5,7.109190760200254,15.466718504380594,87.8917147529627,2,23.040592225554747,1,97.91862091978544,4.887664829804454,0.0249617870025769,0.1844345723559574,-0.0171750458513315,0.1525501215101347
40,58,75,18.59190771,14.77959596,7.168096055,89.60982451,chickpea,16.847427570162445,3,8.95693572801621,13.813972834958118,386.4246741195086,9.736556900052769,2,16.236014291055145,38.96876783618588,170.19914880503742,2,33.17205453163092,2,47.78046586734811,3.0548790014330405,0.2340409858677553,0.1741344784010496,0.1788212923506627,0.159145236099502
49,69,82,18.31561493,15.36143547,7.26311855,81.78710463,chickpea,11.81700806960412,2,9.983741398127764,3.72551643090566,351.00278533495595,6.853570360196736,4,8.056156524932218,0.4223340353030624,97.46521532639952,2,37.93690685575367,1,40.623162030357584,2.9743256010311767,0.2342835513386173,0.1739832956119981,0.1789467805591843,0.1590579625738894
13,60,25,17.13692774,20.59541693,5.68597166,128.256862,kidneybeans,27.51246858186608,1,9.51763865893584,5.079438167852535,426.6788016098191,8.67648678749785,2,12.053498579678289,69.17307590236025,111.48571649144034,1,22.48715713675571,3,0.8898600636219167,3.643075846709896,0.2353515183612222,0.1738256971600038,0.1800627644596147,0.1587579343829829
25,70,16,19.63474332,18.90705639,5.759237003,106.3598183,kidneybeans,24.96345299589259,2,6.231957785769042,19.75539730061336,352.227210564526,8.216576162766309,5,8.925164988687051,61.75227883321031,196.43177752092893,2,43.89646255403537,2,97.72894797864237,2.6654565724375163,0.2387087677833997,0.1725599560076585,0.1825309892650998,0.1589317109189142
