image_path,label
D:\Download1\Multi_Crop_Leaves_Disease\Multi_Crop_Leaves_Disease\Brinjal\Healthy_brinjal\Brinjal flower.jpg,Healthy
D:\Download1\Multi_Crop_Leaves_Disease\Multi_Crop_Leaves_Disease\Brinjal\Healthy_brinjal\Brinjal Plant !!!.jpg,Healthy
D:\Download1\Multi_Crop_Leaves_Disease\Multi_Crop_Leaves_Disease\Brinjal\Healthy_brinjal\download (11).jpg,Healthy
D:\Download1\Multi_Crop_Leaves_Disease\Multi_Crop_Leaves_Disease\Brinjal\Healthy_brinjal\IMG-20260325-WA0004.jpg,Healthy
D:\Download1\Multi_Crop_Leaves_Disease\Multi_Crop_Leaves_Disease\Brinjal\Healthy_brinjal\IMG-20260325-WA0005.jpg,Healthy
D:\Download1\Multi_Crop_Leaves_Disease\Multi_Crop_Leaves_Disease\Brinjal\Healthy_brinjal\IMG-20260325-WA0006.jpg,Healthy
D:\Download1\Multi_Crop_Leaves_Disease\Multi_Crop_Leaves_Disease\Brinjal\Healthy_brinjal\IMG-20260325-WA0007.jpg,Healthy
D:\Download1\Multi_Crop_Leaves_Disease\Multi_Crop_Leaves_Disease\Brinjal\Healthy_brinjal\IMG-20260325-WA0008.jpg,Healthy
D:\Download1\Multi_Crop_Leaves_Disease\Multi_Crop_Leaves_Disease\Brinjal\Healthy_brinjal\IMG-20260325-WA0010.jpg,Healthy
D:\Download1\Multi_Crop_Leaves_Disease\Multi_Crop_Leaves_Disease\Brinjal\Healthy_brinjal\IMG-20260325-WA0011.jpg,Healthy
D:\Download1\Multi_Crop_Leaves_Disease\Multi_Crop_Leaves_Disease\Brinjal\Healthy_brinjal\IMG-20260325-WA0014.jpg,Healthy
D:\Download1\Multi_Crop_Leaves_Disease\Multi_Crop_Leaves_Disease\Brinjal\Healthy_brinjal\IMG-20260325-WA0016.jpg,Healthy
D:\Download1\Multi_Crop_Leaves_Disease\Multi_Crop_Leaves_Disease\Brinjal\Healthy_brinjal\IMG-20260325-WA0017.jpg,Healthy
D:\Download1\Multi_Crop_Leaves_Disease\Multi_Crop_Leaves_Disease\Brinjal\Healthy_brinjal\IMG-20260325-WA0020.jpg,Healthy
D:\Download1\Multi_Crop_Leaves_Disease\Multi_Crop_Leaves_Disease\Brinjal\Healthy_brinjal\IMG-20260325-WA0022.jpg,Healthy
D:\Download1\Multi_Crop_Leaves_Disease\Multi_Crop_Leaves_Disease\Brinjal\Healthy_brinjal\IMG-20260325-WA0026.jpg,Healthy
D:\Download1\Multi_Crop_Leaves_Disease\Multi_Crop_Leaves_Disease\Brinjal\Healthy_brinjal\IMG-20260325-WA0027.jpg,Healthy
D:\Download1\Multi_Crop_Leaves_Disease\Multi_Crop_Leaves_Disease\Brinjal\Healthy_brinjal\IMG-20260325-WA0028.jpg,Healthy
D:\Download1\Multi_Crop_Leaves_Disease\Multi_Crop_Leaves_Disease\Brinjal\Healthy_brinjal\IMG-20260325-WA0029.jpg,Healthy
D:\Download1\Multi_Crop_Leaves_Disease\Multi_Crop_Leaves_Disease\Brinjal\Healthy_brinjal\IMG-20260325-WA0030.jpg,Healthy
D:\Download1\Multi_Crop_Leaves_Disease\Multi_Crop_Leaves_Disease\Brinjal\Healthy_brinjal\IMG_20260222_183048.jpg,Healthy
D:\Download1\Multi_Crop_Leaves_Disease\Multi_Crop_Leaves_Disease\Brinjal\Healthy_brinjal\IMG_20260222_183359.jpg,Healthy
D:\Download1\Multi_Crop_Leaves_Disease\Multi_Crop_Leaves_Disease\Brinjal\Healthy_brinjal\IMG_20260222_183414.jpg,Healthy
D:\Download1\Multi_Crop_Leaves_Disease\Multi_Crop_Leaves_Disease\Brinjal\Healthy_brinjal\IMG_20260222_183447.jpg,Healthy
D:\Download1\Multi_Crop_Leaves_Disease\Multi_Crop_Leaves_Disease\Brinjal\Healthy_brinjal\IMG_20260222_183452.jpg,Healthy
D:\Download1\Multi_Crop_Leaves_Disease\Multi_Crop_Leaves_Disease\Brinjal\Healthy_brinjal\IMG_20260222_183505.jpg,Healthy
D:\Download1\Multi_Crop_Leaves_Disease\Multi_Crop_Leaves_Disease\Brinjal\Healthy_brinjal\IMG_20260222_183530.jpg,Healthy
D:\Download1\Multi_Crop_Leaves_Disease\Multi_Crop_Leaves_Disease\Brinjal\Healthy_brinjal\IMG_20260222_183549.jpg,Healthy
D:\Download1\Multi_Crop_Leaves_Disease\Multi_Crop_Leaves_Disease\Brinjal\Healthy_brinjal\IMG_20260222_183552.jpg,Healthy
D:\Download1\Multi_Crop_Leaves_Disease\Multi_Crop_Leaves_Disease\Brinjal\Healthy_brinjal\IMG_20260222_183605.jpg,Healthy
D:\Download1\Multi_Crop_Leaves_Disease\Multi_Crop_Leaves_Disease\Brinjal\Healthy_brinjal\IMG_20260222_183609.jpg,Healthy
D:\Download1\Multi_Crop_Leaves_Disease\Multi_Crop_Leaves_Disease\Brinjal\Healthy_brinjal\IMG_20260222_183617.jpg,Healthy
D:\Download1\Multi_Crop_Leaves_Disease\Multi_Crop_Leaves_Disease\Brinjal\Healthy_brinjal\IMG_20260222_183624.jpg,Healthy
D:\Download1\Multi_Crop_Leaves_Disease\Multi_Crop_Leaves_Disease\Brinjal\Healthy_brinjal\IMG_20260222_183650.jpg,Healthy
D:\Download1\Multi_Crop_Leaves_Disease\Multi_Crop_Leaves_Disease\Brinjal\Healthy_brinjal\IMG_20260222_183659.jpg,Healthy
D:\Download1\Multi_Crop_Leaves_Disease\Multi_Crop_Leaves_Disease\Brinjal\Healthy_brinjal\IMG_20260222_183713.jpg,Healthy
D:\Download1\Multi_Crop_Leaves_Disease\Multi_Crop_Leaves_Disease\Brinjal\Healthy_brinjal\IMG_20260222_183726.jpg,Healthy
D:\Download1\Multi_Crop_Leaves_Disease\Multi_Crop_Leaves_Disease\Brinjal\Healthy_brinjal\IMG_20260222_183743.jpg,Healthy
D:\Download1\Multi_Crop_Leaves_Disease\Multi_Crop_Leaves_Disease\Brinjal\Healthy_brinjal\IMG_20260222_183748.jpg,Healthy
D:\Download1\Multi_Crop_Leaves_Disease\Multi_Crop_Leaves_Disease\Brinjal\Healthy_brinjal\IMG_4874.jpg,Healthy
D:\Download1\Multi_Crop_Leaves_Disease\Multi_Crop_Leaves_Disease\Brinjal\Healthy_brinjal\IMG_4892.jpg,Healthy
D:\Download1\Multi_Crop_Leaves_Disease\Multi_Crop_Leaves_Disease\Brinjal\Healthy_brinjal\IMG_4893.jpg,Healthy
D:\Download1\Multi_Crop_Leaves_Disease\Multi_Crop_Leaves_Disease\Brinjal\Healthy_brinjal\IMG_8746.jpg,Healthy
D:\Download1\Multi_Crop_Leaves_Disease\Multi_Crop_Leaves_Disease\Brinjal\Healthy_brinjal\IMG_8747.jpg,Healthy
D:\Download1\Multi_Crop_Leaves_Disease\Multi_Crop_Leaves_Disease\Brinjal\Healthy_brinjal\IMG_8748.jpg,Healthy
D:\Download1\Multi_Crop_Leaves_Disease\Multi_Crop_Leaves_Disease\Brinjal\Healthy_brinjal\IMG_8749.jpg,Healthy
D:\Download1\Multi_Crop_Leaves_Disease\Multi_Crop_Leaves_Disease\Brinjal\Healthy_brinjal\IMG_8750.jpg,Healthy
D:\Download1\Multi_Crop_Leaves_Disease\Multi_Crop_Leaves_Disease\Brinjal\Healthy_brinjal\IMG_8751.jpg,Healthy
D:\Download1\Multi_Crop_Leaves_Disease\Multi_Crop_Leaves_Disease\Brinjal\Healthy_brinjal\IMG_8752.jpg,Healthy
D:\Download1\Multi_Crop_Leaves_Disease\Multi_Crop_Leaves_Disease\Brinjal\Healthy_brinjal\IMG_8887.jpg,Healthy
D:\Download1\Multi_Crop_Leaves_Disease\Multi_Crop_Leaves_Disease\Brinjal\Healthy_brinjal\IMG_8888.jpg,Healthy
D:\Download1\Multi_Crop_Leaves_Disease\Multi_Crop_Leaves_Disease\Brinjal\Healthy_brinjal\IMG_8889.jpg,Healthy
D:\Download1\Multi_Crop_Leaves_Disease\Multi_Crop_Leaves_Disease\Brinjal\Healthy_brinjal\IMG_8890.jpg,Healthy
D:\Download1\Multi_Crop_Leaves_Disease\Multi_Crop_Leaves_Disease\Brinjal\Healthy_brinjal\Little white eggplant has big leaves_.jpg,Healthy
D:\Download1\Multi_Crop_Leaves_Disease\Multi_Crop_Leaves_Disease\Brinjal\Healthy_brinjal\WhatsApp Image 2026-03-31 at 10.56.10 AM.jpeg,Healthy
D:\Download1\Multi_Crop_Leaves_Disease\Multi_Crop_Leaves_Disease\Brinjal\Healthy_brinjal\WhatsApp Image 2026-03-31 at 10.56.12 AM.jpeg,Healthy
D:\Download1\Multi_Crop_Leaves_Disease\Multi_Crop_Leaves_Disease\Brinjal\Healthy_brinjal\WhatsApp Image 2026-03-31 at 10.56.19 AM.jpeg,Healthy
D:\Download1\Multi_Crop_Leaves_Disease\Multi_Crop_Leaves_Disease\Brinjal\Healthy_brinjal\WhatsApp Image 2026-03-31 at 10.56.33 AM (1).jpeg,Healthy
D:\Download1\Multi_Crop_Leaves_Disease\Multi_Crop_Leaves_Disease\Brinjal\Unhealthy_brinjal\Cercospora\21175817939_f04ffb822c_o.jpg,Fungal_Disease
D:\Download1\Multi_Crop_Leaves_Disease\Multi_Crop_Leaves_Disease\Brinjal\Unhealthy_brinjal\Cercospora\21371018861_42fd0d4585_o.jpg,Fungal_Disease
D:\Download1\Multi_Crop_Leaves_Disease\Multi_Crop_Leaves_Disease\Brinjal\Unhealthy_brinjal\Cercospora\cercospora12.png,Fungal_Disease
D:\Download1\Multi_Crop_Leaves_Disease\Multi_Crop_Leaves_Disease\Brinjal\Unhealthy_brinjal\Cercospora\cercospora13.png,Fungal_Disease
D:\Download1\Multi_Crop_Leaves_Disease\Multi_Crop_Leaves_Disease\Brinjal\Unhealthy_brinjal\Cercospora\cercospora14.png,Fungal_Disease
D:\Download1\Multi_Crop_Leaves_Disease\Multi_Crop_Leaves_Disease\Brinjal\Unhealthy_brinjal\Cercospora\cercospora15.png,Fungal_Disease
D:\Download1\Multi_Crop_Leaves_Disease\Multi_Crop_Leaves_Disease\Brinjal\Unhealthy_brinjal\Cercospora\cercospora16.png,Fungal_Disease
D:\Download1\Multi_Crop_Leaves_Disease\Multi_Crop_Leaves_Disease\Brinjal\Unhealthy_brinjal\Cercospora\cercospora17.png,Fungal_Disease
D:\Download1\Multi_Crop_Leaves_Disease\Multi_Crop_Leaves_Disease\Brinjal\Unhealthy_brinjal\Cercospora\cercospora18.png,Fungal_Disease
D:\Download1\Multi_Crop_Leaves_Disease\Multi_Crop_Leaves_Disease\Brinjal\Unhealthy_brinjal\Cercospora\cercospora19.png,Fungal_Disease
D:\Download1\Multi_Crop_Leaves_Disease\Multi_Crop_Leaves_Disease\Brinjal\Unhealthy_brinjal\Cercospora\cercospora20.png,Fungal_Disease
D:\Download1\Multi_Crop_Leaves_Disease\Multi_Crop_Leaves_Disease\Brinjal\Unhealthy_brinjal\Cercospora\cercospora21.png,Fungal_Disease
D:\Download1\Multi_Crop_Leaves_Disease\Multi_Crop_Leaves_Disease\Brinjal\Unhealthy_brinjal\Cercospora\cercospora22.png,Fungal_Disease
D:\Download1\Multi_Crop_Leaves_Disease\Multi_Crop_Leaves_Disease\Brinjal\Unhealthy_brinjal\Cercospora\cercospora23.png,Fungal_Disease
D:\Download1\Multi_Crop_Leaves_Disease\Multi_Crop_Leaves_Disease\Brinjal\Unhealthy_brinjal\Cercospora\IMG_8793.jpg,Fungal_Disease
D:\Download1\Multi_Crop_Leaves_Disease\Multi_Crop_Leaves_Disease\Brinjal\Unhealthy_brinjal\Cercospora\no(17).jpg,Fungal_Disease
D:\Download1\Multi_Crop_Leaves_Disease\Multi_Crop_Leaves_Disease\Brinjal\Unhealthy_brinjal\Cercospora\no(19).jpg,Fungal_Disease
D:\Download1\Multi_Crop_Leaves_Disease\Multi_Crop_Leaves_Disease\Brinjal\Unhealthy_brinjal\Early_Leaf_spot\leaf spor.jpg,Fungal_Disease
D:\Download1\Multi_Crop_Leaves_Disease\Multi_Crop_Leaves_Disease\Brinjal\Unhealthy_brinjal\Early_Leaf_spot\no(1).jpg,Fungal_Disease
D:\Download1\Multi_Crop_Leaves_Disease\Multi_Crop_Leaves_Disease\Brinjal\Unhealthy_brinjal\Early_Leaf_spot\no(10).jpg,Fungal_Disease
D:\Download1\Multi_Crop_Leaves_Disease\Multi_Crop_Leaves_Disease\Brinjal\Unhealthy_brinjal\Early_Leaf_spot\no(12).jpg,Fungal_Disease
D:\Download1\Multi_Crop_Leaves_Disease\Multi_Crop_Leaves_Disease\Brinjal\Unhealthy_brinjal\Early_Leaf_spot\no(16).jpg,Fungal_Disease
D:\Download1\Multi_Crop_Leaves_Disease\Multi_Crop_Leaves_Disease\Brinjal\Unhealthy_brinjal\Early_Leaf_spot\no(17).jpg,Fungal_Disease
D:\Download1\Multi_Crop_Leaves_Disease\Multi_Crop_Leaves_Disease\Brinjal\Unhealthy_brinjal\Early_Leaf_spot\no(19).jpg,Fungal_Disease
D:\Download1\Multi_Crop_Leaves_Disease\Multi_Crop_Leaves_Disease\Brinjal\Unhealthy_brinjal\Early_Leaf_spot\no(2).jpg,Fungal_Disease
D:\Download1\Multi_Crop_Leaves_Disease\Multi_Crop_Leaves_Disease\Brinjal\Unhealthy_brinjal\Early_Leaf_spot\no(22).jpg,Fungal_Disease
D:\Download1\Multi_Crop_Leaves_Disease\Multi_Crop_Leaves_Disease\Brinjal\Unhealthy_brinjal\Early_Leaf_spot\no(3).jpg,Fungal_Disease
D:\Download1\Multi_Crop_Leaves_Disease\Multi_Crop_Leaves_Disease\Brinjal\Unhealthy_brinjal\Early_Leaf_spot\no(4).jpg,Fungal_Disease
D:\Download1\Multi_Crop_Leaves_Disease\Multi_Crop_Leaves_Disease\Brinjal\Unhealthy_brinjal\Early_Leaf_spot\no(5).jpg,Fungal_Disease
D:\Download1\Multi_Crop_Leaves_Disease\Multi_Crop_Leaves_Disease\Brinjal\Unhealthy_brinjal\Early_Leaf_spot\no(6).jpg,Fungal_Disease
D:\Download1\Multi_Crop_Leaves_Disease\Multi_Crop_Leaves_Disease\Brinjal\Unhealthy_brinjal\Early_Leaf_spot\no(7).jpg,Fungal_Disease
D:\Download1\Multi_Crop_Leaves_Disease\Multi_Crop_Leaves_Disease\Brinjal\Unhealthy_brinjal\Early_Leaf_spot\no(8).jpg,Fungal_Disease
D:\Download1\Multi_Crop_Leaves_Disease\Multi_Crop_Leaves_Disease\Brinjal\Unhealthy_brinjal\Early_Leaf_spot\no(9).jpg,Fungal_Disease
D:\Download1\Multi_Crop_Leaves_Disease\Multi_Crop_Leaves_Disease\Brinjal\Unhealthy_brinjal\Early_Leaf_spot\test12.jpg,Fungal_Disease
D:\Download1\Multi_Crop_Leaves_Disease\Multi_Crop_Leaves_Disease\Brinjal\Unhealthy_brinjal\Leaf_curl\leaf curl12.png,Bacterial_Viral_Disease
D:\Download1\Multi_Crop_Leaves_Disease\Multi_Crop_Leaves_Disease\Brinjal\Unhealthy_brinjal\Leaf_curl\leaf curl13.png,Bacterial_Viral_Disease
D:\Download1\Multi_Crop_Leaves_Disease\Multi_Crop_Leaves_Disease\Brinjal\Unhealthy_brinjal\Leaf_curl\leaf curl14.png,Bacterial_Viral_Disease
D:\Download1\Multi_Crop_Leaves_Disease\Multi_Crop_Leaves_Disease\Brinjal\Unhealthy_brinjal\Leaf_curl\leaf curl15.png,Bacterial_Viral_Disease
D:\Download1\Multi_Crop_Leaves_Disease\Multi_Crop_Leaves_Disease\Brinjal\Unhealthy_brinjal\Leaf_curl\leaf curl16.png,Bacterial_Viral_Disease
D:\Download1\Multi_Crop_Leaves_Disease\Multi_Crop_Leaves_Disease\Brinjal\Unhealthy_brinjal\Leaf_curl\leaf curl17.png,Bacterial_Viral_Disease
D:\Download1\Multi_Crop_Leaves_Disease\Multi_Crop_Leaves_Disease\Brinjal\Unhealthy_brinjal\Leaf_curl\leaf curl18.png,Bacterial_Viral_Disease
D:\Download1\Multi_Crop_Leaves_Disease\Multi_Crop_Leaves_Disease\Brinjal\Unhealthy_brinjal\Leaf_curl\leaf curl19.png,Bacterial_Viral_Disease
D:\Download1\Multi_Crop_Leaves_Disease\Multi_Crop_Leaves_Disease\Brinjal\Unhealthy_brinjal\Leaf_curl\leaf_curl.jpg,Bacterial_Viral_Disease
D:\Download1\Multi_Crop_Leaves_Disease\Multi_Crop_Leaves_Disease\Brinjal\Unhealthy_brinjal\Leaf_curl\leaf_curl1.jpg,Bacterial_Viral_Disease
D:\Download1\Multi_Crop_Leaves_Disease\Multi_Crop_Leaves_Disease\Brinjal\Unhealthy_brinjal\Leaf_curl\leaf_curl2.jpg,Bacterial_Viral_Disease
D:\Download1\Multi_Crop_Leaves_Disease\Multi_Crop_Leaves_Disease\Brinjal\Unhealthy_brinjal\Leaf_curl\test5.jpg,Bacterial_Viral_Disease
D:\Download1\Multi_Crop_Leaves_Disease\Multi_Crop_Leaves_Disease\Brinjal\Unhealthy_brinjal\Leaf_curl\test6.jpg,Bacterial_Viral_Disease
D:\Download1\Multi_Crop_Leaves_Disease\Multi_Crop_Leaves_Disease\Brinjal\Unhealthy_brinjal\Little_leaf\IMG_8905.jpg,Bacterial_Viral_Disease
D:\Download1\Multi_Crop_Leaves_Disease\Multi_Crop_Leaves_Disease\Brinjal\Unhealthy_brinjal\Little_leaf\little leaf.jpg,Bacterial_Viral_Disease
D:\Download1\Multi_Crop_Leaves_Disease\Multi_Crop_Leaves_Disease\Brinjal\Unhealthy_brinjal\Little_leaf\little leaf1.jpg,Bacterial_Viral_Disease
D:\Download1\Multi_Crop_Leaves_Disease\Multi_Crop_Leaves_Disease\Brinjal\Unhealthy_brinjal\Little_leaf\little leaf11.png,Bacterial_Viral_Disease
D:\Download1\Multi_Crop_Leaves_Disease\Multi_Crop_Leaves_Disease\Brinjal\Unhealthy_brinjal\Little_leaf\little leaf12.png,Bacterial_Viral_Disease
D:\Download1\Multi_Crop_Leaves_Disease\Multi_Crop_Leaves_Disease\Brinjal\Unhealthy_brinjal\Little_leaf\little leaf13.png,Bacterial_Viral_Disease
D:\Download1\Multi_Crop_Leaves_Disease\Multi_Crop_Leaves_Disease\Brinjal\Unhealthy_brinjal\Little_leaf\little leaf14.png,Bacterial_Viral_Disease
D:\Download1\Multi_Crop_Leaves_Disease\Multi_Crop_Leaves_Disease\Brinjal\Unhealthy_brinjal\Little_leaf\little leaf15.png,Bacterial_Viral_Disease
D:\Download1\Multi_Crop_Leaves_Disease\Multi_Crop_Leaves_Disease\Brinjal\Unhealthy_brinjal\Little_leaf\little leaf16.png,Bacterial_Viral_Disease
D:\Download1\Multi_Crop_Leaves_Disease\Multi_Crop_Leaves_Disease\Brinjal\Unhealthy_brinjal\Little_leaf\little leaf2.jpg,Bacterial_Viral_Disease
D:\Download1\Multi_Crop_Leaves_Disease\Multi_Crop_Leaves_Disease\Brinjal\Unhealthy_brinjal\Little_leaf\PHYP62_15931.jpg,Bacterial_Viral_Disease
D:\Download1\Multi_Crop_Leaves_Disease\Multi_Crop_Leaves_Disease\Brinjal\Unhealthy_brinjal\Little_leaf\PHYP62_15932.jpg,Bacterial_Viral_Disease
D:\Download1\Multi_Crop_Leaves_Disease\Multi_Crop_Leaves_Disease\Brinjal\Unhealthy_brinjal\Little_leaf\PHYP62_15933.jpg,Bacterial_Viral_Disease
D:\Download1\Multi_Crop_Leaves_Disease\Multi_Crop_Leaves_Disease\Brinjal\Unhealthy_brinjal\Little_leaf\PHYP62_8912.jpg,Bacterial_Viral_Disease
D:\Download1\Multi_Crop_Leaves_Disease\Multi_Crop_Leaves_Disease\Brinjal\Unhealthy_brinjal\Magnessium\magne12.png,Nutrient_Deficiency
D:\Download1\Multi_Crop_Leaves_Disease\Multi_Crop_Leaves_Disease\Brinjal\Unhealthy_brinjal\Magnessium\magne13.png,Nutrient_Deficiency
D:\Download1\Multi_Crop_Leaves_Disease\Multi_Crop_Leaves_Disease\Brinjal\Unhealthy_brinjal\Magnessium\magne14.png,Nutrient_Deficiency
D:\Download1\Multi_Crop_Leaves_Disease\Multi_Crop_Leaves_Disease\Brinjal\Unhealthy_brinjal\Magnessium\magne15.png,Nutrient_Deficiency
D:\Download1\Multi_Crop_Leaves_Disease\Multi_Crop_Leaves_Disease\Brinjal\Unhealthy_brinjal\Magnessium\magne16.png,Nutrient_Deficiency
D:\Download1\Multi_Crop_Leaves_Disease\Multi_Crop_Leaves_Disease\Brinjal\Unhealthy_brinjal\Magnessium\magne17.png,Nutrient_Deficiency
D:\Download1\Multi_Crop_Leaves_Disease\Multi_Crop_Leaves_Disease\Brinjal\Unhealthy_brinjal\Magnessium\magnessium1.jpg,Nutrient_Deficiency
D:\Download1\Multi_Crop_Leaves_Disease\Multi_Crop_Leaves_Disease\Brinjal\Unhealthy_brinjal\Magnessium\magnessium2.jpg,Nutrient_Deficiency
D:\Download1\Multi_Crop_Leaves_Disease\Multi_Crop_Leaves_Disease\Brinjal\Unhealthy_brinjal\Magnessium\magnessium3.jpg,Nutrient_Deficiency
D:\Download1\Multi_Crop_Leaves_Disease\Multi_Crop_Leaves_Disease\Brinjal\Unhealthy_brinjal\Magnessium\magnessium4.jpg,Nutrient_Deficiency
D:\Download1\Multi_Crop_Leaves_Disease\Multi_Crop_Leaves_Disease\Brinjal\Unhealthy_brinjal\Magnessium\magnessium5.jpg,Nutrient_Deficiency
D:\Download1\Multi_Crop_Leaves_Disease\Multi_Crop_Leaves_Disease\Brinjal\Unhealthy_brinjal\Magnessium\magnessium6.jpg,Nutrient_Deficiency
D:\Download1\Multi_Crop_Leaves_Disease\Multi_Crop_Leaves_Disease\Brinjal\Unhealthy_brinjal\Magnessium\magnessium7.jpg,Nutrient_Deficiency
D:\Download1\Multi_Crop_Leaves_Disease\Multi_Crop_Leaves_Disease\Brinjal\Unhealthy_brinjal\Magnessium\no(2).jpg,Nutrient_Deficiency
D:\Download1\Multi_Crop_Leaves_Disease\Multi_Crop_Leaves_Disease\Brinjal\Unhealthy_brinjal\Magnessium\no(20).jpg,Nutrient_Deficiency
D:\Download1\Multi_Crop_Leaves_Disease\Multi_Crop_Leaves_Disease\Brinjal\Unhealthy_brinjal\Mosaic\mosaic.jpg,Bacterial_Viral_Disease
D:\Download1\Multi_Crop_Leaves_Disease\Multi_Crop_Leaves_Disease\Brinjal\Unhealthy_brinjal\Mosaic\mosaic1.jpg,Bacterial_Viral_Disease
D:\Download1\Multi_Crop_Leaves_Disease\Multi_Crop_Leaves_Disease\Brinjal\Unhealthy_brinjal\Mosaic\mosaic11.jpg,Bacterial_Viral_Disease
D:\Download1\Multi_Crop_Leaves_Disease\Multi_Crop_Leaves_Disease\Brinjal\Unhealthy_brinjal\Mosaic\mosaic2.jpg,Bacterial_Viral_Disease
D:\Download1\Multi_Crop_Leaves_Disease\Multi_Crop_Leaves_Disease\Brinjal\Unhealthy_brinjal\Mosaic\no.jpg,Bacterial_Viral_Disease
D:\Download1\Multi_Crop_Leaves_Disease\Multi_Crop_Leaves_Disease\Brinjal\Unhealthy_brinjal\Mosaic\test1.jpg,Bacterial_Viral_Disease
D:\Download1\Multi_Crop_Leaves_Disease\Multi_Crop_Leaves_Disease\Brinjal\Unhealthy_brinjal\Mosaic\test11.jpg,Bacterial_Viral_Disease
D:\Download1\Multi_Crop_Leaves_Disease\Multi_Crop_Leaves_Disease\Brinjal\Unhealthy_brinjal\Mosaic\test15.jpg,Bacterial_Viral_Disease
D:\Download1\Multi_Crop_Leaves_Disease\Multi_Crop_Leaves_Disease\Brinjal\Unhealthy_brinjal\Nitrogen\Nitrogen1.jpg,Nutrient_Deficiency
D:\Download1\Multi_Crop_Leaves_Disease\Multi_Crop_Leaves_Disease\Brinjal\Unhealthy_brinjal\Nitrogen\Nitrogen2.jpg,Nutrient_Deficiency
D:\Download1\Multi_Crop_Leaves_Disease\Multi_Crop_Leaves_Disease\Brinjal\Unhealthy_brinjal\Nitrogen\Nitrogen3.jpg,Nutrient_Deficiency
D:\Download1\Multi_Crop_Leaves_Disease\Multi_Crop_Leaves_Disease\Brinjal\Unhealthy_brinjal\Nitrogen\Nitrogen4.jpg,Nutrient_Deficiency
D:\Download1\Multi_Crop_Leaves_Disease\Multi_Crop_Leaves_Disease\Brinjal\Unhealthy_brinjal\Nitrogen\Nitrogen5.jpg,Nutrient_Deficiency
D:\Download1\Multi_Crop_Leaves_Disease\Multi_Crop_Leaves_Disease\Brinjal\Unhealthy_brinjal\Nitrogen\Nitrogen6.jpg,Nutrient_Deficiency
D:\Download1\Multi_Crop_Leaves_Disease\Multi_Crop_Leaves_Disease\Brinjal\Unhealthy_brinjal\Nitrogen\Nitrogen7.jpg,Nutrient_Deficiency
D:\Download1\Multi_Crop_Leaves_Disease\Multi_Crop_Leaves_Disease\Brinjal\Unhealthy_brinjal\Nitrogen\Nitrogen8.jpg,Nutrient_Deficiency
D:\Download1\Multi_Crop_Leaves_Disease\Multi_Crop_Leaves_Disease\Brinjal\Unhealthy_brinjal\Nitrogen\no(13).jpg,Nutrient_Deficiency
D:\Download1\Multi_Crop_Leaves_Disease\Multi_Crop_Leaves_Disease\Brinjal\Unhealthy_brinjal\Nitrogen\no(16).jpg,Nutrient_Deficiency
D:\Download1\Multi_Crop_Leaves_Disease\Multi_Crop_Leaves_Disease\Brinjal\Unhealthy_brinjal\Nitrogen\no(2).jpg,Nutrient_Deficiency
D:\Download1\Multi_Crop_Leaves_Disease\Multi_Crop_Leaves_Disease\Brinjal\Unhealthy_brinjal\Nitrogen\no(20).jpg,Nutrient_Deficiency
D:\Download1\Multi_Crop_Leaves_Disease\Multi_Crop_Leaves_Disease\Brinjal\Unhealthy_brinjal\Nitrogen\no(6).jpg,Nutrient_Deficiency
D:\Download1\Multi_Crop_Leaves_Disease\Multi_Crop_Leaves_Disease\Brinjal\Unhealthy_brinjal\Nitrogen\no(7).jpg,Nutrient_Deficiency
D:\Download1\Multi_Crop_Leaves_Disease\Multi_Crop_Leaves_Disease\Brinjal\Unhealthy_brinjal\pest_damage\How To Grow Eggplant And Tricks To Get More Fruit.jpg,Pest_Damage
D:\Download1\Multi_Crop_Leaves_Disease\Multi_Crop_Leaves_Disease\Brinjal\Unhealthy_brinjal\pest_damage\no(1).jpeg,Pest_Damage
D:\Download1\Multi_Crop_Leaves_Disease\Multi_Crop_Leaves_Disease\Brinjal\Unhealthy_brinjal\pest_damage\no.jpg,Pest_Damage
D:\Download1\Multi_Crop_Leaves_Disease\Multi_Crop_Leaves_Disease\Brinjal\Unhealthy_brinjal\pest_damage\pest.jpg,Pest_Damage
D:\Download1\Multi_Crop_Leaves_Disease\Multi_Crop_Leaves_Disease\Brinjal\Unhealthy_brinjal\pest_damage\pest_damage1.jpg,Pest_Damage
D:\Download1\Multi_Crop_Leaves_Disease\Multi_Crop_Leaves_Disease\Brinjal\Unhealthy_brinjal\pest_damage\pest_damage11.jpg,Pest_Damage
D:\Download1\Multi_Crop_Leaves_Disease\Multi_Crop_Leaves_Disease\Brinjal\Unhealthy_brinjal\pest_damage\pest_damage111.jpg,Pest_Damage
D:\Download1\Multi_Crop_Leaves_Disease\Multi_Crop_Leaves_Disease\Brinjal\Unhealthy_brinjal\pest_damage\pest_damage112.jpg,Pest_Damage
D:\Download1\Multi_Crop_Leaves_Disease\Multi_Crop_Leaves_Disease\Brinjal\Unhealthy_brinjal\pest_damage\pest_damage2.jpg,Pest_Damage
D:\Download1\Multi_Crop_Leaves_Disease\Multi_Crop_Leaves_Disease\Brinjal\Unhealthy_brinjal\pest_damage\spider_mite14.jpg,Pest_Damage
D:\Download1\Multi_Crop_Leaves_Disease\Multi_Crop_Leaves_Disease\Brinjal\Unhealthy_brinjal\pest_damage\test13.jpg,Pest_Damage
D:\Download1\Multi_Crop_Leaves_Disease\Multi_Crop_Leaves_Disease\Brinjal\Unhealthy_brinjal\Pottasium\download (12).jpg,Nutrient_Deficiency
D:\Download1\Multi_Crop_Leaves_Disease\Multi_Crop_Leaves_Disease\Brinjal\Unhealthy_brinjal\Pottasium\early_stage_spider_mite.jpg,Nutrient_Deficiency
D:\Download1\Multi_Crop_Leaves_Disease\Multi_Crop_Leaves_Disease\Brinjal\Unhealthy_brinjal\Pottasium\How To Grow Eggplant And Tricks To Get More Fruit.jpg,Nutrient_Deficiency
D:\Download1\Multi_Crop_Leaves_Disease\Multi_Crop_Leaves_Disease\Brinjal\Unhealthy_brinjal\Pottasium\no(23).jpg,Nutrient_Deficiency
D:\Download1\Multi_Crop_Leaves_Disease\Multi_Crop_Leaves_Disease\Brinjal\Unhealthy_brinjal\Pottasium\no(3).jpg,Nutrient_Deficiency
D:\Download1\Multi_Crop_Leaves_Disease\Multi_Crop_Leaves_Disease\Brinjal\Unhealthy_brinjal\Pottasium\no(4).jpg,Nutrient_Deficiency
D:\Download1\Multi_Crop_Leaves_Disease\Multi_Crop_Leaves_Disease\Brinjal\Unhealthy_brinjal\Pottasium\no(5).jpg,Nutrient_Deficiency
D:\Download1\Multi_Crop_Leaves_Disease\Multi_Crop_Leaves_Disease\Brinjal\Unhealthy_brinjal\Pottasium\no.jpg,Nutrient_Deficiency
D:\Download1\Multi_Crop_Leaves_Disease\Multi_Crop_Leaves_Disease\Brinjal\Unhealthy_brinjal\Pottasium\pottasium1.jpg,Nutrient_Deficiency
D:\Download1\Multi_Crop_Leaves_Disease\Multi_Crop_Leaves_Disease\Brinjal\Unhealthy_brinjal\Pottasium\pottasium2.jpg,Nutrient_Deficiency
D:\Download1\Multi_Crop_Leaves_Disease\Multi_Crop_Leaves_Disease\Brinjal\Unhealthy_brinjal\Pottasium\pottasium3.jpg,Nutrient_Deficiency
D:\Download1\Multi_Crop_Leaves_Disease\Multi_Crop_Leaves_Disease\Brinjal\Unhealthy_brinjal\Pottasium\pottasium_spider mite (1).jpg,Nutrient_Deficiency
D:\Download1\Multi_Crop_Leaves_Disease\Multi_Crop_Leaves_Disease\Brinjal\Unhealthy_brinjal\Pottasium\pottasium_spider mite (10).jpg,Nutrient_Deficiency
D:\Download1\Multi_Crop_Leaves_Disease\Multi_Crop_Leaves_Disease\Brinjal\Unhealthy_brinjal\Pottasium\pottasium_spider mite (2).jpg,Nutrient_Deficiency
D:\Download1\Multi_Crop_Leaves_Disease\Multi_Crop_Leaves_Disease\Brinjal\Unhealthy_brinjal\Pottasium\pottasium_spider mite (3).jpg,Nutrient_Deficiency
D:\Download1\Multi_Crop_Leaves_Disease\Multi_Crop_Leaves_Disease\Brinjal\Unhealthy_brinjal\Pottasium\pottasium_spider mite (4).jpg,Nutrient_Deficiency
D:\Download1\Multi_Crop_Leaves_Disease\Multi_Crop_Leaves_Disease\Brinjal\Unhealthy_brinjal\Pottasium\pottasium_spider mite (5).jpg,Nutrient_Deficiency
D:\Download1\Multi_Crop_Leaves_Disease\Multi_Crop_Leaves_Disease\Brinjal\Unhealthy_brinjal\Pottasium\pottasium_spider mite (6).jpg,Nutrient_Deficiency
D:\Download1\Multi_Crop_Leaves_Disease\Multi_Crop_Leaves_Disease\Brinjal\Unhealthy_brinjal\Pottasium\pottasium_spider mite (7).jpg,Nutrient_Deficiency
D:\Download1\Multi_Crop_Leaves_Disease\Multi_Crop_Leaves_Disease\Brinjal\Unhealthy_brinjal\Pottasium\pottasium_spider mite (8).jpg,Nutrient_Deficiency
D:\Download1\Multi_Crop_Leaves_Disease\Multi_Crop_Leaves_Disease\Brinjal\Unhealthy_brinjal\Pottasium\pottasium_spider mite (9).jpg,Nutrient_Deficiency
D:\Download1\Multi_Crop_Leaves_Disease\Multi_Crop_Leaves_Disease\Brinjal\Unhealthy_brinjal\Pottasium\spider_mite (2).jpg,Nutrient_Deficiency
D:\Download1\Multi_Crop_Leaves_Disease\Multi_Crop_Leaves_Disease\Brinjal\Unhealthy_brinjal\Pottasium\spider_mite.jpg,Nutrient_Deficiency
D:\Download1\Multi_Crop_Leaves_Disease\Multi_Crop_Leaves_Disease\Brinjal\Unhealthy_brinjal\Pottasium\spider_mite1.jpg,Nutrient_Deficiency
D:\Download1\Multi_Crop_Leaves_Disease\Multi_Crop_Leaves_Disease\Brinjal\Unhealthy_brinjal\Pottasium\spider_mite11.jpg,Nutrient_Deficiency
D:\Download1\Multi_Crop_Leaves_Disease\Multi_Crop_Leaves_Disease\Brinjal\Unhealthy_brinjal\Pottasium\spider_mite13.jpg,Nutrient_Deficiency
D:\Download1\Multi_Crop_Leaves_Disease\Multi_Crop_Leaves_Disease\Brinjal\Unhealthy_brinjal\Pottasium\spider_mite14.jpg,Nutrient_Deficiency
D:\Download1\Multi_Crop_Leaves_Disease\Multi_Crop_Leaves_Disease\Brinjal\Unhealthy_brinjal\Pottasium\spider_mite15.jpg,Nutrient_Deficiency
D:\Download1\Multi_Crop_Leaves_Disease\Multi_Crop_Leaves_Disease\Brinjal\Unhealthy_brinjal\Pottasium\spider_mite2.jpg,Nutrient_Deficiency
D:\Download1\Multi_Crop_Leaves_Disease\Multi_Crop_Leaves_Disease\Brinjal\Unhealthy_brinjal\Pottasium\spider_mite3.jpg,Nutrient_Deficiency
D:\Download1\Multi_Crop_Leaves_Disease\Multi_Crop_Leaves_Disease\Brinjal\Unhealthy_brinjal\Pottasium\spider_mite31.jpg,Nutrient_Deficiency
D:\Download1\Multi_Crop_Leaves_Disease\Multi_Crop_Leaves_Disease\Brinjal\Unhealthy_brinjal\Pottasium\spider_mite41.jpg,Nutrient_Deficiency
D:\Download1\Multi_Crop_Leaves_Disease\Multi_Crop_Leaves_Disease\Brinjal\Unhealthy_brinjal\Pottasium\test16.jpg,Nutrient_Deficiency
D:\Download1\Multi_Crop_Leaves_Disease\Multi_Crop_Leaves_Disease\Castor\Healthy_castor\caster_he11.jpg,Healthy
D:\Download1\Multi_Crop_Leaves_Disease\Multi_Crop_Leaves_Disease\Castor\Healthy_castor\castor_he1.png,Healthy
D:\Download1\Multi_Crop_Leaves_Disease\Multi_Crop_Leaves_Disease\Castor\Healthy_castor\castor_hea.jpeg,Healthy
D:\Download1\Multi_Crop_Leaves_Disease\Multi_Crop_Leaves_Disease\Castor\Healthy_castor\castor_hea.jpg,Healthy
D:\Download1\Multi_Crop_Leaves_Disease\Multi_Crop_Leaves_Disease\Castor\Healthy_castor\castor_hea2.png,Healthy
D:\Download1\Multi_Crop_Leaves_Disease\Multi_Crop_Leaves_Disease\Castor\Healthy_castor\castor_hea3.png,Healthy
D:\Download1\Multi_Crop_Leaves_Disease\Multi_Crop_Leaves_Disease\Castor\Healthy_castor\castor_hea4.png,Healthy
D:\Download1\Multi_Crop_Leaves_Disease\Multi_Crop_Leaves_Disease\Castor\Healthy_castor\castor_hea5.png,Healthy
D:\Download1\Multi_Crop_Leaves_Disease\Multi_Crop_Leaves_Disease\Castor\Healthy_castor\castor_heal.png,Healthy
D:\Download1\Multi_Crop_Leaves_Disease\Multi_Crop_Leaves_Disease\Castor\Healthy_castor\download (4).jpg,Healthy
D:\Download1\Multi_Crop_Leaves_Disease\Multi_Crop_Leaves_Disease\Castor\Healthy_castor\download (5).jpg,Healthy
D:\Download1\Multi_Crop_Leaves_Disease\Multi_Crop_Leaves_Disease\Castor\Healthy_castor\download (6).jpg,Healthy
D:\Download1\Multi_Crop_Leaves_Disease\Multi_Crop_Leaves_Disease\Castor\Healthy_castor\download (7).jpg,Healthy
D:\Download1\Multi_Crop_Leaves_Disease\Multi_Crop_Leaves_Disease\Castor\Healthy_castor\download (8).jpg,Healthy
D:\Download1\Multi_Crop_Leaves_Disease\Multi_Crop_Leaves_Disease\Castor\Healthy_castor\download (9).jpg,Healthy
D:\Download1\Multi_Crop_Leaves_Disease\Multi_Crop_Leaves_Disease\Castor\Healthy_castor\IMG-20260325-WA0039.jpg,Healthy
D:\Download1\Multi_Crop_Leaves_Disease\Multi_Crop_Leaves_Disease\Castor\Healthy_castor\IMG-20260325-WA0042.jpg,Healthy
D:\Download1\Multi_Crop_Leaves_Disease\Multi_Crop_Leaves_Disease\Castor\Healthy_castor\IMG_4940.jpg,Healthy
D:\Download1\Multi_Crop_Leaves_Disease\Multi_Crop_Leaves_Disease\Castor\Healthy_castor\IMG_4942.jpg,Healthy
D:\Download1\Multi_Crop_Leaves_Disease\Multi_Crop_Leaves_Disease\Castor\Healthy_castor\IMG_4943.jpg,Healthy
D:\Download1\Multi_Crop_Leaves_Disease\Multi_Crop_Leaves_Disease\Castor\Healthy_castor\IMG_4944.jpg,Healthy
D:\Download1\Multi_Crop_Leaves_Disease\Multi_Crop_Leaves_Disease\Castor\Healthy_castor\IMG_8844.jpg,Healthy
D:\Download1\Multi_Crop_Leaves_Disease\Multi_Crop_Leaves_Disease\Castor\Healthy_castor\IMG_8845.jpg,Healthy
D:\Download1\Multi_Crop_Leaves_Disease\Multi_Crop_Leaves_Disease\Castor\Healthy_castor\IMG_8846.jpg,Healthy
D:\Download1\Multi_Crop_Leaves_Disease\Multi_Crop_Leaves_Disease\Castor\Healthy_castor\IMG_8847.jpg,Healthy
D:\Download1\Multi_Crop_Leaves_Disease\Multi_Crop_Leaves_Disease\Castor\Healthy_castor\IMG_8858.jpg,Healthy
D:\Download1\Multi_Crop_Leaves_Disease\Multi_Crop_Leaves_Disease\Castor\Healthy_castor\Mamona uma planta vistosa mas perigosa.jpg,Healthy
D:\Download1\Multi_Crop_Leaves_Disease\Multi_Crop_Leaves_Disease\Castor\Healthy_castor\My garden.jpg,Healthy
"D:\Download1\Multi_Crop_Leaves_Disease\Multi_Crop_Leaves_Disease\Castor\Healthy_castor\Organic Castor Leaves, Ricinus Plant, Large Leaf (8-15 inch).jpg",Healthy
D:\Download1\Multi_Crop_Leaves_Disease\Multi_Crop_Leaves_Disease\Castor\Healthy_castor\papa_caster.jpeg,Healthy
D:\Download1\Multi_Crop_Leaves_Disease\Multi_Crop_Leaves_Disease\Castor\Healthy_castor\PHOTO By CARO.jpg,Healthy
D:\Download1\Multi_Crop_Leaves_Disease\Multi_Crop_Leaves_Disease\Castor\Healthy_castor\Ricinus Communis (1).jpg,Healthy
D:\Download1\Multi_Crop_Leaves_Disease\Multi_Crop_Leaves_Disease\Castor\Healthy_castor\Ricinus Communis.jpg,Healthy
D:\Download1\Multi_Crop_Leaves_Disease\Multi_Crop_Leaves_Disease\Castor\Healthy_castor\TOP 5 castor oil benefits.jpg,Healthy
"D:\Download1\Multi_Crop_Leaves_Disease\Multi_Crop_Leaves_Disease\Castor\Healthy_castor\_If I wasn_t singing, I_d probably be, probably an accountant__  ~Janet Jackson.jpg",Healthy
D:\Download1\Multi_Crop_Leaves_Disease\Multi_Crop_Leaves_Disease\Castor\Unhealthy_castor\Alternia Leaf Blight\alternaria leaf (1).jpg,Fungal_Disease
D:\Download1\Multi_Crop_Leaves_Disease\Multi_Crop_Leaves_Disease\Castor\Unhealthy_castor\Alternia Leaf Blight\alternaria leaf (2).jpg,Fungal_Disease
D:\Download1\Multi_Crop_Leaves_Disease\Multi_Crop_Leaves_Disease\Castor\Unhealthy_castor\Alternia Leaf Blight\alternaria leaf (3).jpg,Fungal_Disease
D:\Download1\Multi_Crop_Leaves_Disease\Multi_Crop_Leaves_Disease\Castor\Unhealthy_castor\Alternia Leaf Blight\alternaria leaf (4).jpg,Fungal_Disease
D:\Download1\Multi_Crop_Leaves_Disease\Multi_Crop_Leaves_Disease\Castor\Unhealthy_castor\Alternia Leaf Blight\alternaria leaf (5).jpg,Fungal_Disease
D:\Download1\Multi_Crop_Leaves_Disease\Multi_Crop_Leaves_Disease\Castor\Unhealthy_castor\Alternia Leaf Blight\alternaria leaf (6).jpg,Fungal_Disease
D:\Download1\Multi_Crop_Leaves_Disease\Multi_Crop_Leaves_Disease\Castor\Unhealthy_castor\Alternia Leaf Blight\alternaria leaf (7).jpg,Fungal_Disease
D:\Download1\Multi_Crop_Leaves_Disease\Multi_Crop_Leaves_Disease\Castor\Unhealthy_castor\Alternia Leaf Blight\alternaria leaf (8).jpg,Fungal_Disease
D:\Download1\Multi_Crop_Leaves_Disease\Multi_Crop_Leaves_Disease\Castor\Unhealthy_castor\Alternia Leaf Blight\alternaria leaf spot1.jpg,Fungal_Disease
D:\Download1\Multi_Crop_Leaves_Disease\Multi_Crop_Leaves_Disease\Castor\Unhealthy_castor\Alternia Leaf Blight\alternaria leaf spot2.jpg,Fungal_Disease
D:\Download1\Multi_Crop_Leaves_Disease\Multi_Crop_Leaves_Disease\Castor\Unhealthy_castor\Alternia Leaf Blight\alternaria leaf spot22.jpg,Fungal_Disease
D:\Download1\Multi_Crop_Leaves_Disease\Multi_Crop_Leaves_Disease\Castor\Unhealthy_castor\Alternia Leaf Blight\alternaria leaf spot23.jpg,Fungal_Disease
D:\Download1\Multi_Crop_Leaves_Disease\Multi_Crop_Leaves_Disease\Castor\Unhealthy_castor\Alternia Leaf Blight\alternaria leaf spot24.jpg,Fungal_Disease
D:\Download1\Multi_Crop_Leaves_Disease\Multi_Crop_Leaves_Disease\Castor\Unhealthy_castor\Alternia Leaf Blight\alternaria leaf spot25.jpg,Fungal_Disease
D:\Download1\Multi_Crop_Leaves_Disease\Multi_Crop_Leaves_Disease\Castor\Unhealthy_castor\Alternia Leaf Blight\alternaria leaf spot3.jpg,Fungal_Disease
D:\Download1\Multi_Crop_Leaves_Disease\Multi_Crop_Leaves_Disease\Castor\Unhealthy_castor\Alternia Leaf Blight\alternaria leaf spot4.jpg,Fungal_Disease
D:\Download1\Multi_Crop_Leaves_Disease\Multi_Crop_Leaves_Disease\Castor\Unhealthy_castor\Alternia Leaf Blight\alternaria leaf spot5.jpg,Fungal_Disease
D:\Download1\Multi_Crop_Leaves_Disease\Multi_Crop_Leaves_Disease\Castor\Unhealthy_castor\Alternia Leaf Blight\alternaria leaf spot6.jpg,Fungal_Disease
D:\Download1\Multi_Crop_Leaves_Disease\Multi_Crop_Leaves_Disease\Castor\Unhealthy_castor\Alternia Leaf Blight\Alternaria.jpg,Fungal_Disease
D:\Download1\Multi_Crop_Leaves_Disease\Multi_Crop_Leaves_Disease\Castor\Unhealthy_castor\Alternia Leaf Blight\alternaria11.jpg,Fungal_Disease
D:\Download1\Multi_Crop_Leaves_Disease\Multi_Crop_Leaves_Disease\Castor\Unhealthy_castor\Alternia Leaf Blight\Alternaria_(1).jpg,Fungal_Disease
D:\Download1\Multi_Crop_Leaves_Disease\Multi_Crop_Leaves_Disease\Castor\Unhealthy_castor\Alternia Leaf Blight\Alternaria_(2).jpg,Fungal_Disease
D:\Download1\Multi_Crop_Leaves_Disease\Multi_Crop_Leaves_Disease\Castor\Unhealthy_castor\Alternia Leaf Blight\Alternaria_(3).jpg,Fungal_Disease
D:\Download1\Multi_Crop_Leaves_Disease\Multi_Crop_Leaves_Disease\Castor\Unhealthy_castor\Alternia Leaf Blight\Alternaria_(4).jpg,Fungal_Disease
D:\Download1\Multi_Crop_Leaves_Disease\Multi_Crop_Leaves_Disease\Castor\Unhealthy_castor\Alternia Leaf Blight\Alternaria_.jpg,Fungal_Disease
D:\Download1\Multi_Crop_Leaves_Disease\Multi_Crop_Leaves_Disease\Castor\Unhealthy_castor\Alternia Leaf Blight\castor_unh.jpeg,Fungal_Disease
D:\Download1\Multi_Crop_Leaves_Disease\Multi_Crop_Leaves_Disease\Castor\Unhealthy_castor\Alternia Leaf Blight\cast_un.jpeg,Fungal_Disease
D:\Download1\Multi_Crop_Leaves_Disease\Multi_Crop_Leaves_Disease\Castor\Unhealthy_castor\Alternia Leaf Blight\IMG-20260324-WA0050.jpg,Fungal_Disease
D:\Download1\Multi_Crop_Leaves_Disease\Multi_Crop_Leaves_Disease\Castor\Unhealthy_castor\Alternia Leaf Blight\IMG-20260325-WA0043.jpg,Fungal_Disease
D:\Download1\Multi_Crop_Leaves_Disease\Multi_Crop_Leaves_Disease\Castor\Unhealthy_castor\Alternia Leaf Blight\IMG_4968.jpg,Fungal_Disease
D:\Download1\Multi_Crop_Leaves_Disease\Multi_Crop_Leaves_Disease\Castor\Unhealthy_castor\Alternia Leaf Blight\WhatsApp Image 2026-03-31 at 11.05.09 AM (1).jpeg,Fungal_Disease
D:\Download1\Multi_Crop_Leaves_Disease\Multi_Crop_Leaves_Disease\Castor\Unhealthy_castor\Bacterial Leaf Blight\Bacterial 111.jpg,Bacterial_Viral_Disease
D:\Download1\Multi_Crop_Leaves_Disease\Multi_Crop_Leaves_Disease\Castor\Unhealthy_castor\Bacterial Leaf Blight\Bacterial blight1.jpg,Bacterial_Viral_Disease
D:\Download1\Multi_Crop_Leaves_Disease\Multi_Crop_Leaves_Disease\Castor\Unhealthy_castor\Bacterial Leaf Blight\Bacterial blight114.jpg,Bacterial_Viral_Disease
D:\Download1\Multi_Crop_Leaves_Disease\Multi_Crop_Leaves_Disease\Castor\Unhealthy_castor\Bacterial Leaf Blight\Bacterial blight12.jpg,Bacterial_Viral_Disease
D:\Download1\Multi_Crop_Leaves_Disease\Multi_Crop_Leaves_Disease\Castor\Unhealthy_castor\Bacterial Leaf Blight\Bacterial blight122.jpg,Bacterial_Viral_Disease
D:\Download1\Multi_Crop_Leaves_Disease\Multi_Crop_Leaves_Disease\Castor\Unhealthy_castor\Bacterial Leaf Blight\Bacterial blight15.jpg,Bacterial_Viral_Disease
D:\Download1\Multi_Crop_Leaves_Disease\Multi_Crop_Leaves_Disease\Castor\Unhealthy_castor\Bacterial Leaf Blight\Bacterial blight_.jpg,Bacterial_Viral_Disease
D:\Download1\Multi_Crop_Leaves_Disease\Multi_Crop_Leaves_Disease\Castor\Unhealthy_castor\Bacterial Leaf Blight\bcatrial leaf blight12.png,Bacterial_Viral_Disease
D:\Download1\Multi_Crop_Leaves_Disease\Multi_Crop_Leaves_Disease\Castor\Unhealthy_castor\Bacterial Leaf Blight\bcatrial leaf blight13.png,Bacterial_Viral_Disease
D:\Download1\Multi_Crop_Leaves_Disease\Multi_Crop_Leaves_Disease\Castor\Unhealthy_castor\Bacterial Leaf Blight\bcatrial leaf blight131.png,Bacterial_Viral_Disease
D:\Download1\Multi_Crop_Leaves_Disease\Multi_Crop_Leaves_Disease\Castor\Unhealthy_castor\Bacterial Leaf Blight\bcatrial leaf blight132.png,Bacterial_Viral_Disease
D:\Download1\Multi_Crop_Leaves_Disease\Multi_Crop_Leaves_Disease\Castor\Unhealthy_castor\Bacterial Leaf Blight\bcatrial leaf blight133.png,Bacterial_Viral_Disease
D:\Download1\Multi_Crop_Leaves_Disease\Multi_Crop_Leaves_Disease\Castor\Unhealthy_castor\Bacterial Leaf Blight\bcatrial leaf blight134.png,Bacterial_Viral_Disease
D:\Download1\Multi_Crop_Leaves_Disease\Multi_Crop_Leaves_Disease\Castor\Unhealthy_castor\Bacterial Leaf Blight\IMG_4965.jpg,Bacterial_Viral_Disease
D:\Download1\Multi_Crop_Leaves_Disease\Multi_Crop_Leaves_Disease\Castor\Unhealthy_castor\Bacterial Leaf Blight\IMG_4967.jpg,Bacterial_Viral_Disease
D:\Download1\Multi_Crop_Leaves_Disease\Multi_Crop_Leaves_Disease\Castor\Unhealthy_castor\Bacterial Leaf Blight\IMG_8851.jpg,Bacterial_Viral_Disease
D:\Download1\Multi_Crop_Leaves_Disease\Multi_Crop_Leaves_Disease\Castor\Unhealthy_castor\Cercospera Leaf Spot\cercospera Leaf spot.jpg,Fungal_Disease
D:\Download1\Multi_Crop_Leaves_Disease\Multi_Crop_Leaves_Disease\Castor\Unhealthy_castor\Cercospera Leaf Spot\cercospera Leaf spot1.jpg,Fungal_Disease
D:\Download1\Multi_Crop_Leaves_Disease\Multi_Crop_Leaves_Disease\Castor\Unhealthy_castor\Cercospera Leaf Spot\cercospera Leaf spot11.jpg,Fungal_Disease
D:\Download1\Multi_Crop_Leaves_Disease\Multi_Crop_Leaves_Disease\Castor\Unhealthy_castor\Cercospera Leaf Spot\cercospera Leaf spot2.jpg,Fungal_Disease
D:\Download1\Multi_Crop_Leaves_Disease\Multi_Crop_Leaves_Disease\Castor\Unhealthy_castor\Cercospera Leaf Spot\cercospera Leaf spot3.jpg,Fungal_Disease
D:\Download1\Multi_Crop_Leaves_Disease\Multi_Crop_Leaves_Disease\Castor\Unhealthy_castor\Cercospera Leaf Spot\cercospera Leaf spot4.jpg,Fungal_Disease
D:\Download1\Multi_Crop_Leaves_Disease\Multi_Crop_Leaves_Disease\Castor\Unhealthy_castor\Cercospera Leaf Spot\cercospera Leaf spot5.jpg,Fungal_Disease
D:\Download1\Multi_Crop_Leaves_Disease\Multi_Crop_Leaves_Disease\Castor\Unhealthy_castor\Cercospera Leaf Spot\cercospera Leaf spot6.jpg,Fungal_Disease
D:\Download1\Multi_Crop_Leaves_Disease\Multi_Crop_Leaves_Disease\Castor\Unhealthy_castor\Cercospera Leaf Spot\cercospera Leaf spot7.jpg,Fungal_Disease
D:\Download1\Multi_Crop_Leaves_Disease\Multi_Crop_Leaves_Disease\Castor\Unhealthy_castor\Cercospera Leaf Spot\cercospera Leaf spot8.jpg,Fungal_Disease
D:\Download1\Multi_Crop_Leaves_Disease\Multi_Crop_Leaves_Disease\Castor\Unhealthy_castor\Cercospera Leaf Spot\Cercospora alternaria_.jpg,Fungal_Disease
D:\Download1\Multi_Crop_Leaves_Disease\Multi_Crop_Leaves_Disease\Castor\Unhealthy_castor\Cercospera Leaf Spot\Cercospora Phytophthora_(1).jpg,Fungal_Disease
D:\Download1\Multi_Crop_Leaves_Disease\Multi_Crop_Leaves_Disease\Castor\Unhealthy_castor\Cercospera Leaf Spot\Cercospora Phytophthora_.jpg,Fungal_Disease
D:\Download1\Multi_Crop_Leaves_Disease\Multi_Crop_Leaves_Disease\Castor\Unhealthy_castor\Cercospera Leaf Spot\cercospora.jpg,Fungal_Disease
D:\Download1\Multi_Crop_Leaves_Disease\Multi_Crop_Leaves_Disease\Castor\Unhealthy_castor\Cercospera Leaf Spot\Cercospora_(1).jpg,Fungal_Disease
D:\Download1\Multi_Crop_Leaves_Disease\Multi_Crop_Leaves_Disease\Castor\Unhealthy_castor\Cercospera Leaf Spot\Cercospora_(2).jpg,Fungal_Disease
D:\Download1\Multi_Crop_Leaves_Disease\Multi_Crop_Leaves_Disease\Castor\Unhealthy_castor\Cercospera Leaf Spot\Cercospora_(3).jpg,Fungal_Disease
D:\Download1\Multi_Crop_Leaves_Disease\Multi_Crop_Leaves_Disease\Castor\Unhealthy_castor\Cercospera Leaf Spot\Cercospora_(4).jpg,Fungal_Disease
D:\Download1\Multi_Crop_Leaves_Disease\Multi_Crop_Leaves_Disease\Castor\Unhealthy_castor\Cercospera Leaf Spot\Cercospora_(5).jpg,Fungal_Disease
D:\Download1\Multi_Crop_Leaves_Disease\Multi_Crop_Leaves_Disease\Castor\Unhealthy_castor\Cercospera Leaf Spot\Cercospora_(6).jpg,Fungal_Disease
D:\Download1\Multi_Crop_Leaves_Disease\Multi_Crop_Leaves_Disease\Castor\Unhealthy_castor\Cercospera Leaf Spot\Cercospora_(7).jpg,Fungal_Disease
D:\Download1\Multi_Crop_Leaves_Disease\Multi_Crop_Leaves_Disease\Castor\Unhealthy_castor\Cercospera Leaf Spot\Cercospora_.jpg,Fungal_Disease
D:\Download1\Multi_Crop_Leaves_Disease\Multi_Crop_Leaves_Disease\Castor\Unhealthy_castor\Peast_disease\IMG-20260325-WA0039.jpg,Pest_Damage
D:\Download1\Multi_Crop_Leaves_Disease\Multi_Crop_Leaves_Disease\Castor\Unhealthy_castor\Peast_disease\IMG_8861.jpg,Pest_Damage
D:\Download1\Multi_Crop_Leaves_Disease\Multi_Crop_Leaves_Disease\Castor\Unhealthy_castor\Peast_disease\pest_disease1.jpg,Pest_Damage
D:\Download1\Multi_Crop_Leaves_Disease\Multi_Crop_Leaves_Disease\Castor\Unhealthy_castor\Peast_disease\pest_disease11.jpg,Pest_Damage
D:\Download1\Multi_Crop_Leaves_Disease\Multi_Crop_Leaves_Disease\Castor\Unhealthy_castor\Peast_disease\pest_disesase12.png,Pest_Damage
D:\Download1\Multi_Crop_Leaves_Disease\Multi_Crop_Leaves_Disease\Castor\Unhealthy_castor\Peast_disease\pest_disesase13.png,Pest_Damage
D:\Download1\Multi_Crop_Leaves_Disease\Multi_Crop_Leaves_Disease\Castor\Unhealthy_castor\Peast_disease\pest_disesase14.png,Pest_Damage
D:\Download1\Multi_Crop_Leaves_Disease\Multi_Crop_Leaves_Disease\Castor\Unhealthy_castor\Peast_disease\pest_disesase15.png,Pest_Damage
D:\Download1\Multi_Crop_Leaves_Disease\Multi_Crop_Leaves_Disease\Castor\Unhealthy_castor\Peast_disease\pest_disesase16.png,Pest_Damage
D:\Download1\Multi_Crop_Leaves_Disease\Multi_Crop_Leaves_Disease\Castor\Unhealthy_castor\Peast_disease\pest_disesase17.png,Pest_Damage
D:\Download1\Multi_Crop_Leaves_Disease\Multi_Crop_Leaves_Disease\Castor\Unhealthy_castor\Peast_disease\WhatsApp Image 2026-03-31 at 11.04.48 AM.jpeg,Pest_Damage
D:\Download1\Multi_Crop_Leaves_Disease\Multi_Crop_Leaves_Disease\Castor\Unhealthy_castor\Peast_disease\WhatsApp Image 2026-03-31 at 11.05.09 AM (2).jpeg,Pest_Damage
D:\Download1\Multi_Crop_Leaves_Disease\Multi_Crop_Leaves_Disease\Castor\Unhealthy_castor\Peast_disease\WhatsApp Image 2026-03-31 at 12.44.35 PM.jpeg,Pest_Damage
D:\Download1\Multi_Crop_Leaves_Disease\Multi_Crop_Leaves_Disease\Castor\Unhealthy_castor\Pottassium\IMG_4939.jpg,Nutrient_Deficiency
D:\Download1\Multi_Crop_Leaves_Disease\Multi_Crop_Leaves_Disease\Castor\Unhealthy_castor\Pottassium\IMG_4941.jpg,Nutrient_Deficiency
D:\Download1\Multi_Crop_Leaves_Disease\Multi_Crop_Leaves_Disease\Castor\Unhealthy_castor\Pottassium\IMG_4947.jpg,Nutrient_Deficiency
D:\Download1\Multi_Crop_Leaves_Disease\Multi_Crop_Leaves_Disease\Castor\Unhealthy_castor\Pottassium\IMG_4948.jpg,Nutrient_Deficiency
D:\Download1\Multi_Crop_Leaves_Disease\Multi_Crop_Leaves_Disease\Castor\Unhealthy_castor\Pottassium\IMG_4953.jpg,Nutrient_Deficiency
D:\Download1\Multi_Crop_Leaves_Disease\Multi_Crop_Leaves_Disease\Castor\Unhealthy_castor\Pottassium\IMG_4954.jpg,Nutrient_Deficiency
D:\Download1\Multi_Crop_Leaves_Disease\Multi_Crop_Leaves_Disease\Castor\Unhealthy_castor\Pottassium\IMG_4955.jpg,Nutrient_Deficiency
D:\Download1\Multi_Crop_Leaves_Disease\Multi_Crop_Leaves_Disease\Castor\Unhealthy_castor\Pottassium\IMG_4956.jpg,Nutrient_Deficiency
D:\Download1\Multi_Crop_Leaves_Disease\Multi_Crop_Leaves_Disease\Castor\Unhealthy_castor\Pottassium\IMG_4957.jpg,Nutrient_Deficiency
D:\Download1\Multi_Crop_Leaves_Disease\Multi_Crop_Leaves_Disease\Castor\Unhealthy_castor\Pottassium\IMG_4958.jpg,Nutrient_Deficiency
D:\Download1\Multi_Crop_Leaves_Disease\Multi_Crop_Leaves_Disease\Castor\Unhealthy_castor\Pottassium\IMG_4959.jpg,Nutrient_Deficiency
D:\Download1\Multi_Crop_Leaves_Disease\Multi_Crop_Leaves_Disease\Castor\Unhealthy_castor\Pottassium\IMG_4960.jpg,Nutrient_Deficiency
D:\Download1\Multi_Crop_Leaves_Disease\Multi_Crop_Leaves_Disease\Castor\Unhealthy_castor\Pottassium\IMG_4962.jpg,Nutrient_Deficiency
D:\Download1\Multi_Crop_Leaves_Disease\Multi_Crop_Leaves_Disease\Castor\Unhealthy_castor\Pottassium\IMG_4964.jpg,Nutrient_Deficiency
D:\Download1\Multi_Crop_Leaves_Disease\Multi_Crop_Leaves_Disease\Castor\Unhealthy_castor\Pottassium\pottasium1.jpg,Nutrient_Deficiency
D:\Download1\Multi_Crop_Leaves_Disease\Multi_Crop_Leaves_Disease\Castor\Unhealthy_castor\Pottassium\WhatsApp Image 2026-03-31 at 11.04.52 AM.jpeg,Nutrient_Deficiency
D:\Download1\Multi_Crop_Leaves_Disease\Multi_Crop_Leaves_Disease\Castor\Unhealthy_castor\Pottassium\WhatsApp Image 2026-03-31 at 11.04.55 AM.jpeg,Nutrient_Deficiency
D:\Download1\Multi_Crop_Leaves_Disease\Multi_Crop_Leaves_Disease\Castor\Unhealthy_castor\Wilt\wilt1.jpg,Bacterial_Viral_Disease
D:\Download1\Multi_Crop_Leaves_Disease\Multi_Crop_Leaves_Disease\Castor\Unhealthy_castor\Wilt\wilt10.jpg,Bacterial_Viral_Disease
D:\Download1\Multi_Crop_Leaves_Disease\Multi_Crop_Leaves_Disease\Castor\Unhealthy_castor\Wilt\wilt12.png,Bacterial_Viral_Disease
D:\Download1\Multi_Crop_Leaves_Disease\Multi_Crop_Leaves_Disease\Castor\Unhealthy_castor\Wilt\wilt13.png,Bacterial_Viral_Disease
D:\Download1\Multi_Crop_Leaves_Disease\Multi_Crop_Leaves_Disease\Castor\Unhealthy_castor\Wilt\wilt14.png,Bacterial_Viral_Disease
D:\Download1\Multi_Crop_Leaves_Disease\Multi_Crop_Leaves_Disease\Castor\Unhealthy_castor\Wilt\wilt15.png,Bacterial_Viral_Disease
D:\Download1\Multi_Crop_Leaves_Disease\Multi_Crop_Leaves_Disease\Castor\Unhealthy_castor\Wilt\wilt16.png,Bacterial_Viral_Disease
D:\Download1\Multi_Crop_Leaves_Disease\Multi_Crop_Leaves_Disease\Castor\Unhealthy_castor\Wilt\wilt2.jpg,Bacterial_Viral_Disease
D:\Download1\Multi_Crop_Leaves_Disease\Multi_Crop_Leaves_Disease\Castor\Unhealthy_castor\Wilt\wilt3.jpg,Bacterial_Viral_Disease
D:\Download1\Multi_Crop_Leaves_Disease\Multi_Crop_Leaves_Disease\Castor\Unhealthy_castor\Wilt\wilt4.jpg,Bacterial_Viral_Disease
D:\Download1\Multi_Crop_Leaves_Disease\Multi_Crop_Leaves_Disease\Castor\Unhealthy_castor\Wilt\wilt5.jpg,Bacterial_Viral_Disease
D:\Download1\Multi_Crop_Leaves_Disease\Multi_Crop_Leaves_Disease\Castor\Unhealthy_castor\Wilt\wilt6.jpg,Bacterial_Viral_Disease
D:\Download1\Multi_Crop_Leaves_Disease\Multi_Crop_Leaves_Disease\Castor\Unhealthy_castor\Wilt\wilt7.jpg,Bacterial_Viral_Disease
D:\Download1\Multi_Crop_Leaves_Disease\Multi_Crop_Leaves_Disease\Castor\Unhealthy_castor\Wilt\wilt8.jpg,Bacterial_Viral_Disease
D:\Download1\Multi_Crop_Leaves_Disease\Multi_Crop_Leaves_Disease\Castor\Unhealthy_castor\Wilt\wilt9.jpg,Bacterial_Viral_Disease
"D:\Download1\Multi_Crop_Leaves_Disease\Multi_Crop_Leaves_Disease\Cumin\Healthy_Cumin\Common, Cumin Seeds _ Cumin.jpg",Healthy
D:\Download1\Multi_Crop_Leaves_Disease\Multi_Crop_Leaves_Disease\Cumin\Healthy_Cumin\Cumin (Cuminum cyminum) organically grown flower seeds_  Floral Encounters_.jpg,Healthy
D:\Download1\Multi_Crop_Leaves_Disease\Multi_Crop_Leaves_Disease\Cumin\Healthy_Cumin\cumin crop.jpg,Healthy
D:\Download1\Multi_Crop_Leaves_Disease\Multi_Crop_Leaves_Disease\Cumin\Healthy_Cumin\Cumin Sed Production GC and GC 5 (1).JPG,Healthy
D:\Download1\Multi_Crop_Leaves_Disease\Multi_Crop_Leaves_Disease\Cumin\Healthy_Cumin\Cumin Sed Production GC and GC 5 (2).JPG,Healthy
D:\Download1\Multi_Crop_Leaves_Disease\Multi_Crop_Leaves_Disease\Cumin\Healthy_Cumin\Cumin seed production (2024-25)-SDAU-Jagudan (GUJ) (10).jpeg,Healthy
D:\Download1\Multi_Crop_Leaves_Disease\Multi_Crop_Leaves_Disease\Cumin\Healthy_Cumin\Cumin seed production (2024-25)-SDAU-Jagudan (GUJ) (10).jpg,Healthy
D:\Download1\Multi_Crop_Leaves_Disease\Multi_Crop_Leaves_Disease\Cumin\Healthy_Cumin\Cumin seed production (2024-25)-SDAU-Jagudan (GUJ) (2).png,Healthy
D:\Download1\Multi_Crop_Leaves_Disease\Multi_Crop_Leaves_Disease\Cumin\Healthy_Cumin\Cumin seed production (2024-25)-SDAU-Jagudan (GUJ) (3).jpeg,Healthy
D:\Download1\Multi_Crop_Leaves_Disease\Multi_Crop_Leaves_Disease\Cumin\Healthy_Cumin\Cumin seed production (2024-25)-SDAU-Jagudan (GUJ) (3).jpg,Healthy
D:\Download1\Multi_Crop_Leaves_Disease\Multi_Crop_Leaves_Disease\Cumin\Healthy_Cumin\Cumin seed production (2024-25)-SDAU-Jagudan (GUJ) (4).jpeg,Healthy
D:\Download1\Multi_Crop_Leaves_Disease\Multi_Crop_Leaves_Disease\Cumin\Healthy_Cumin\Cumin seed production (2024-25)-SDAU-Jagudan (GUJ) (4).jpg,Healthy
D:\Download1\Multi_Crop_Leaves_Disease\Multi_Crop_Leaves_Disease\Cumin\Healthy_Cumin\Cumin seed production (2024-25)-SDAU-Jagudan (GUJ) (7).jpeg,Healthy
D:\Download1\Multi_Crop_Leaves_Disease\Multi_Crop_Leaves_Disease\Cumin\Healthy_Cumin\Cumin seed production (2024-25)-SDAU-Jagudan (GUJ) (7).jpg,Healthy
D:\Download1\Multi_Crop_Leaves_Disease\Multi_Crop_Leaves_Disease\Cumin\Healthy_Cumin\Cumin Seed Production field viewField.JPG,Healthy
D:\Download1\Multi_Crop_Leaves_Disease\Multi_Crop_Leaves_Disease\Cumin\Healthy_Cumin\Cumin Seed Production GC4 and 5 (1).JPG,Healthy
D:\Download1\Multi_Crop_Leaves_Disease\Multi_Crop_Leaves_Disease\Cumin\Healthy_Cumin\Cumin Seed Production GC4 and 5 (2).JPG,Healthy
D:\Download1\Multi_Crop_Leaves_Disease\Multi_Crop_Leaves_Disease\Cumin\Healthy_Cumin\Cumin Seed Production GC4 and 5 (3).JPG,Healthy
D:\Download1\Multi_Crop_Leaves_Disease\Multi_Crop_Leaves_Disease\Cumin\Healthy_Cumin\CUMIN-4 field  High resolution.jpg,Healthy
D:\Download1\Multi_Crop_Leaves_Disease\Multi_Crop_Leaves_Disease\Cumin\Healthy_Cumin\cumin_1.jpg,Healthy
D:\Download1\Multi_Crop_Leaves_Disease\Multi_Crop_Leaves_Disease\Cumin\Healthy_Cumin\cumin_2.png,Healthy
D:\Download1\Multi_Crop_Leaves_Disease\Multi_Crop_Leaves_Disease\Cumin\Healthy_Cumin\cumin_3.png,Healthy
D:\Download1\Multi_Crop_Leaves_Disease\Multi_Crop_Leaves_Disease\Cumin\Healthy_Cumin\cumin_6.png,Healthy
D:\Download1\Multi_Crop_Leaves_Disease\Multi_Crop_Leaves_Disease\Cumin\Healthy_Cumin\cumin_7.png,Healthy
D:\Download1\Multi_Crop_Leaves_Disease\Multi_Crop_Leaves_Disease\Cumin\Healthy_Cumin\cumin_he1.jpeg,Healthy
D:\Download1\Multi_Crop_Leaves_Disease\Multi_Crop_Leaves_Disease\Cumin\Healthy_Cumin\cumin_he10.jpeg,Healthy
D:\Download1\Multi_Crop_Leaves_Disease\Multi_Crop_Leaves_Disease\Cumin\Healthy_Cumin\cumin_he3.jpeg,Healthy
D:\Download1\Multi_Crop_Leaves_Disease\Multi_Crop_Leaves_Disease\Cumin\Healthy_Cumin\cumin_he4.jpeg,Healthy
D:\Download1\Multi_Crop_Leaves_Disease\Multi_Crop_Leaves_Disease\Cumin\Healthy_Cumin\cumin_he6.jpeg,Healthy
D:\Download1\Multi_Crop_Leaves_Disease\Multi_Crop_Leaves_Disease\Cumin\Healthy_Cumin\cumin_he7.jpeg,Healthy
D:\Download1\Multi_Crop_Leaves_Disease\Multi_Crop_Leaves_Disease\Cumin\Healthy_Cumin\cumin_he8.jpeg,Healthy
D:\Download1\Multi_Crop_Leaves_Disease\Multi_Crop_Leaves_Disease\Cumin\Healthy_Cumin\cumin_he9.jpeg,Healthy
D:\Download1\Multi_Crop_Leaves_Disease\Multi_Crop_Leaves_Disease\Cumin\Healthy_Cumin\cumin_hea2.jpeg,Healthy
D:\Download1\Multi_Crop_Leaves_Disease\Multi_Crop_Leaves_Disease\Cumin\Healthy_Cumin\cumin_heal.jpg,Healthy
D:\Download1\Multi_Crop_Leaves_Disease\Multi_Crop_Leaves_Disease\Cumin\Healthy_Cumin\cumin_healthy11.jpg,Healthy
D:\Download1\Multi_Crop_Leaves_Disease\Multi_Crop_Leaves_Disease\Cumin\Healthy_Cumin\Field view of cumin seed production plot.JPG,Healthy
D:\Download1\Multi_Crop_Leaves_Disease\Multi_Crop_Leaves_Disease\Cumin\Healthy_Cumin\GC 5.JPG,Healthy
D:\Download1\Multi_Crop_Leaves_Disease\Multi_Crop_Leaves_Disease\Cumin\Healthy_Cumin\GC-4 Plant copy (2).jpg,Healthy
D:\Download1\Multi_Crop_Leaves_Disease\Multi_Crop_Leaves_Disease\Cumin\Healthy_Cumin\Healthy cumin.JPG,Healthy
D:\Download1\Multi_Crop_Leaves_Disease\Multi_Crop_Leaves_Disease\Cumin\Healthy_Cumin\IMG_8810.jpg,Healthy
D:\Download1\Multi_Crop_Leaves_Disease\Multi_Crop_Leaves_Disease\Cumin\Healthy_Cumin\IMG_8827.jpg,Healthy
D:\Download1\Multi_Crop_Leaves_Disease\Multi_Crop_Leaves_Disease\Cumin\Healthy_Cumin\IMG_8828.jpg,Healthy
D:\Download1\Multi_Crop_Leaves_Disease\Multi_Crop_Leaves_Disease\Cumin\Healthy_Cumin\IMG_8868.jpg,Healthy
D:\Download1\Multi_Crop_Leaves_Disease\Multi_Crop_Leaves_Disease\Cumin\Healthy_Cumin\not cumin--Its Ajwain plant.jpg,Healthy
D:\Download1\Multi_Crop_Leaves_Disease\Multi_Crop_Leaves_Disease\Cumin\Unhealthy_Cumin\Alternatia Blight\4.0.jpg,Fungal_Disease
D:\Download1\Multi_Crop_Leaves_Disease\Multi_Crop_Leaves_Disease\Cumin\Unhealthy_Cumin\Alternatia Blight\Alteria Blight and Thrips insect damage of cumin.JPG,Fungal_Disease
D:\Download1\Multi_Crop_Leaves_Disease\Multi_Crop_Leaves_Disease\Cumin\Unhealthy_Cumin\Alternatia Blight\Alternaria blight cumin.JPG,Fungal_Disease
D:\Download1\Multi_Crop_Leaves_Disease\Multi_Crop_Leaves_Disease\Cumin\Unhealthy_Cumin\Alternatia Blight\Alternaria Blight of cumin.jpeg,Fungal_Disease
D:\Download1\Multi_Crop_Leaves_Disease\Multi_Crop_Leaves_Disease\Cumin\Unhealthy_Cumin\Alternatia Blight\alternatie1.png,Fungal_Disease
D:\Download1\Multi_Crop_Leaves_Disease\Multi_Crop_Leaves_Disease\Cumin\Unhealthy_Cumin\Alternatia Blight\alternatie2.jpg,Fungal_Disease
D:\Download1\Multi_Crop_Leaves_Disease\Multi_Crop_Leaves_Disease\Cumin\Unhealthy_Cumin\Alternatia Blight\alternitia_blight12.png,Fungal_Disease
D:\Download1\Multi_Crop_Leaves_Disease\Multi_Crop_Leaves_Disease\Cumin\Unhealthy_Cumin\Alternatia Blight\alternitia_blight13.png,Fungal_Disease
D:\Download1\Multi_Crop_Leaves_Disease\Multi_Crop_Leaves_Disease\Cumin\Unhealthy_Cumin\Alternatia Blight\alternitia_blight14.png,Fungal_Disease
D:\Download1\Multi_Crop_Leaves_Disease\Multi_Crop_Leaves_Disease\Cumin\Unhealthy_Cumin\Alternatia Blight\alternitia_blight15.png,Fungal_Disease
D:\Download1\Multi_Crop_Leaves_Disease\Multi_Crop_Leaves_Disease\Cumin\Unhealthy_Cumin\Alternatia Blight\alternitia_blight16.png,Fungal_Disease
D:\Download1\Multi_Crop_Leaves_Disease\Multi_Crop_Leaves_Disease\Cumin\Unhealthy_Cumin\Alternatia Blight\cumin_alternatie_blight.png,Fungal_Disease
D:\Download1\Multi_Crop_Leaves_Disease\Multi_Crop_Leaves_Disease\Cumin\Unhealthy_Cumin\Alternatia Blight\cumin_alternitia.png,Fungal_Disease
D:\Download1\Multi_Crop_Leaves_Disease\Multi_Crop_Leaves_Disease\Cumin\Unhealthy_Cumin\Alternatia Blight\IMG_8864.JPG,Fungal_Disease
D:\Download1\Multi_Crop_Leaves_Disease\Multi_Crop_Leaves_Disease\Cumin\Unhealthy_Cumin\insect_infection\Black shooty Mood (1).jpg,Pest_Damage
D:\Download1\Multi_Crop_Leaves_Disease\Multi_Crop_Leaves_Disease\Cumin\Unhealthy_Cumin\insect_infection\Black sooty Mould (2).jpg,Pest_Damage
D:\Download1\Multi_Crop_Leaves_Disease\Multi_Crop_Leaves_Disease\Cumin\Unhealthy_Cumin\insect_infection\Black sooty Mould 3.jpg,Pest_Damage
D:\Download1\Multi_Crop_Leaves_Disease\Multi_Crop_Leaves_Disease\Cumin\Unhealthy_Cumin\insect_infection\cumin_un1.jpeg,Pest_Damage
D:\Download1\Multi_Crop_Leaves_Disease\Multi_Crop_Leaves_Disease\Cumin\Unhealthy_Cumin\insect_infection\IMG_8815.jpg,Pest_Damage
D:\Download1\Multi_Crop_Leaves_Disease\Multi_Crop_Leaves_Disease\Cumin\Unhealthy_Cumin\insect_infection\IMG_8819.jpg,Pest_Damage
D:\Download1\Multi_Crop_Leaves_Disease\Multi_Crop_Leaves_Disease\Cumin\Unhealthy_Cumin\insect_infection\insect12.png,Pest_Damage
D:\Download1\Multi_Crop_Leaves_Disease\Multi_Crop_Leaves_Disease\Cumin\Unhealthy_Cumin\insect_infection\insect13.png,Pest_Damage
D:\Download1\Multi_Crop_Leaves_Disease\Multi_Crop_Leaves_Disease\Cumin\Unhealthy_Cumin\insect_infection\insect14.png,Pest_Damage
D:\Download1\Multi_Crop_Leaves_Disease\Multi_Crop_Leaves_Disease\Cumin\Unhealthy_Cumin\insect_infection\insect15.png,Pest_Damage
D:\Download1\Multi_Crop_Leaves_Disease\Multi_Crop_Leaves_Disease\Cumin\Unhealthy_Cumin\insect_infection\insect16.png,Pest_Damage
D:\Download1\Multi_Crop_Leaves_Disease\Multi_Crop_Leaves_Disease\Cumin\Unhealthy_Cumin\insect_infection\insect17.png,Pest_Damage
D:\Download1\Multi_Crop_Leaves_Disease\Multi_Crop_Leaves_Disease\Cumin\Unhealthy_Cumin\Powdery_Mildew\8.0.jpg,Fungal_Disease
D:\Download1\Multi_Crop_Leaves_Disease\Multi_Crop_Leaves_Disease\Cumin\Unhealthy_Cumin\Powdery_Mildew\cimin_powdery.jpg,Fungal_Disease
D:\Download1\Multi_Crop_Leaves_Disease\Multi_Crop_Leaves_Disease\Cumin\Unhealthy_Cumin\Powdery_Mildew\cumin_powdery_mildew1.png,Fungal_Disease
D:\Download1\Multi_Crop_Leaves_Disease\Multi_Crop_Leaves_Disease\Cumin\Unhealthy_Cumin\Powdery_Mildew\cumin_powdery_mildew2.png,Fungal_Disease
D:\Download1\Multi_Crop_Leaves_Disease\Multi_Crop_Leaves_Disease\Cumin\Unhealthy_Cumin\Powdery_Mildew\powdery_mildew2.png,Fungal_Disease
D:\Download1\Multi_Crop_Leaves_Disease\Multi_Crop_Leaves_Disease\Cumin\Unhealthy_Cumin\Powdery_Mildew\powdety_mildew12.png,Fungal_Disease
D:\Download1\Multi_Crop_Leaves_Disease\Multi_Crop_Leaves_Disease\Cumin\Unhealthy_Cumin\Powdery_Mildew\powdety_mildew13.png,Fungal_Disease
D:\Download1\Multi_Crop_Leaves_Disease\Multi_Crop_Leaves_Disease\Cumin\Unhealthy_Cumin\Powdery_Mildew\powdety_mildew14.png,Fungal_Disease
D:\Download1\Multi_Crop_Leaves_Disease\Multi_Crop_Leaves_Disease\Cumin\Unhealthy_Cumin\Powdery_Mildew\powdety_mildew15.png,Fungal_Disease
D:\Download1\Multi_Crop_Leaves_Disease\Multi_Crop_Leaves_Disease\Cumin\Unhealthy_Cumin\Powdery_Mildew\powdety_mildew16.png,Fungal_Disease
D:\Download1\Multi_Crop_Leaves_Disease\Multi_Crop_Leaves_Disease\Cumin\Unhealthy_Cumin\Powdery_Mildew\powdety_mildew18.png,Fungal_Disease
D:\Download1\Multi_Crop_Leaves_Disease\Multi_Crop_Leaves_Disease\Cumin\Unhealthy_Cumin\Powdery_Mildew\Screenshot 2026-03-20 103601.png,Fungal_Disease
D:\Download1\Multi_Crop_Leaves_Disease\Multi_Crop_Leaves_Disease\Cumin\Unhealthy_Cumin\Wilt\7.0.jpg,Bacterial_Viral_Disease
D:\Download1\Multi_Crop_Leaves_Disease\Multi_Crop_Leaves_Disease\Cumin\Unhealthy_Cumin\Wilt\cumin_wilt.png,Bacterial_Viral_Disease
D:\Download1\Multi_Crop_Leaves_Disease\Multi_Crop_Leaves_Disease\Cumin\Unhealthy_Cumin\Wilt\cumin_wilt1.png,Bacterial_Viral_Disease
D:\Download1\Multi_Crop_Leaves_Disease\Multi_Crop_Leaves_Disease\Cumin\Unhealthy_Cumin\Wilt\cumin_wilt3.png,Bacterial_Viral_Disease
D:\Download1\Multi_Crop_Leaves_Disease\Multi_Crop_Leaves_Disease\Cumin\Unhealthy_Cumin\Wilt\IMG_8811.jpg,Bacterial_Viral_Disease
D:\Download1\Multi_Crop_Leaves_Disease\Multi_Crop_Leaves_Disease\Cumin\Unhealthy_Cumin\Wilt\IMG_8812.jpg,Bacterial_Viral_Disease
D:\Download1\Multi_Crop_Leaves_Disease\Multi_Crop_Leaves_Disease\Cumin\Unhealthy_Cumin\Wilt\IMG_8813.jpg,Bacterial_Viral_Disease
D:\Download1\Multi_Crop_Leaves_Disease\Multi_Crop_Leaves_Disease\Cumin\Unhealthy_Cumin\Wilt\IMG_8816.jpg,Bacterial_Viral_Disease
D:\Download1\Multi_Crop_Leaves_Disease\Multi_Crop_Leaves_Disease\Cumin\Unhealthy_Cumin\Wilt\IMG_8822.jpg,Bacterial_Viral_Disease
D:\Download1\Multi_Crop_Leaves_Disease\Multi_Crop_Leaves_Disease\Cumin\Unhealthy_Cumin\Wilt\IMG_8823.jpg,Bacterial_Viral_Disease
D:\Download1\Multi_Crop_Leaves_Disease\Multi_Crop_Leaves_Disease\Cumin\Unhealthy_Cumin\Wilt\IMG_8825.jpg,Bacterial_Viral_Disease
D:\Download1\Multi_Crop_Leaves_Disease\Multi_Crop_Leaves_Disease\Cumin\Unhealthy_Cumin\Wilt\IMG_8826.jpg,Bacterial_Viral_Disease
D:\Download1\Multi_Crop_Leaves_Disease\Multi_Crop_Leaves_Disease\Cumin\Unhealthy_Cumin\Wilt\IMG_8865.jpg,Bacterial_Viral_Disease
D:\Download1\Multi_Crop_Leaves_Disease\Multi_Crop_Leaves_Disease\Cumin\Unhealthy_Cumin\Wilt\IMG_8866.jpg,Bacterial_Viral_Disease
D:\Download1\Multi_Crop_Leaves_Disease\Multi_Crop_Leaves_Disease\Cumin\Unhealthy_Cumin\Wilt\IMG_8867.jpg,Bacterial_Viral_Disease
D:\Download1\Multi_Crop_Leaves_Disease\Multi_Crop_Leaves_Disease\Cumin\Unhealthy_Cumin\Wilt\IMG_8869.jpg,Bacterial_Viral_Disease
D:\Download1\Multi_Crop_Leaves_Disease\Multi_Crop_Leaves_Disease\Cumin\Unhealthy_Cumin\Wilt\IMG_8870.jpg,Bacterial_Viral_Disease
D:\Download1\Multi_Crop_Leaves_Disease\Multi_Crop_Leaves_Disease\Cumin\Unhealthy_Cumin\Wilt\IMG_8871.jpg,Bacterial_Viral_Disease
D:\Download1\Multi_Crop_Leaves_Disease\Multi_Crop_Leaves_Disease\Cumin\Unhealthy_Cumin\Wilt\wilt cumin.jpg,Bacterial_Viral_Disease
D:\Download1\Multi_Crop_Leaves_Disease\Multi_Crop_Leaves_Disease\Cumin\Unhealthy_Cumin\Wilt\wilt resistancy of GC 4.jpg,Bacterial_Viral_Disease
D:\Download1\Multi_Crop_Leaves_Disease\Multi_Crop_Leaves_Disease\Cumin\Unhealthy_Cumin\Wilt\wilt1.png,Bacterial_Viral_Disease
D:\Download1\Multi_Crop_Leaves_Disease\Multi_Crop_Leaves_Disease\Cumin\Unhealthy_Cumin\Wilt\wilt2.png,Bacterial_Viral_Disease
D:\Download1\Multi_Crop_Leaves_Disease\Multi_Crop_Leaves_Disease\Guava\Healthy_Guava\Discover the Amazing Benefits and Uses of Guava Leaves.jpg,Healthy
D:\Download1\Multi_Crop_Leaves_Disease\Multi_Crop_Leaves_Disease\Guava\Healthy_Guava\download (13).jpg,Healthy
D:\Download1\Multi_Crop_Leaves_Disease\Multi_Crop_Leaves_Disease\Guava\Healthy_Guava\download (14).jpg,Healthy
D:\Download1\Multi_Crop_Leaves_Disease\Multi_Crop_Leaves_Disease\Guava\Healthy_Guava\download (15).jpg,Healthy
D:\Download1\Multi_Crop_Leaves_Disease\Multi_Crop_Leaves_Disease\Guava\Healthy_Guava\F1_Guava_Healthy_1.jpg,Healthy
D:\Download1\Multi_Crop_Leaves_Disease\Multi_Crop_Leaves_Disease\Guava\Healthy_Guava\Guava - Wikipedia.jpg,Healthy
"D:\Download1\Multi_Crop_Leaves_Disease\Multi_Crop_Leaves_Disease\Guava\Healthy_Guava\Guava fruit plant,(Psidiumguajava) Small Guava plant in garden.jpg",Healthy
"D:\Download1\Multi_Crop_Leaves_Disease\Multi_Crop_Leaves_Disease\Guava\Healthy_Guava\Guava Leaves Uncovered_ Powerful Benefits, Uses,___.jpg",Healthy
D:\Download1\Multi_Crop_Leaves_Disease\Multi_Crop_Leaves_Disease\Guava\Healthy_Guava\Guava leaves.jpg,Healthy
D:\Download1\Multi_Crop_Leaves_Disease\Multi_Crop_Leaves_Disease\Guava\Healthy_Guava\guava_healthy.jpeg,Healthy
D:\Download1\Multi_Crop_Leaves_Disease\Multi_Crop_Leaves_Disease\Guava\Healthy_Guava\IMG-20260324-WA0028.jpg,Healthy
D:\Download1\Multi_Crop_Leaves_Disease\Multi_Crop_Leaves_Disease\Guava\Healthy_Guava\IMG-20260324-WA0029.jpg,Healthy
D:\Download1\Multi_Crop_Leaves_Disease\Multi_Crop_Leaves_Disease\Guava\Healthy_Guava\IMG-20260324-WA0032.jpg,Healthy
D:\Download1\Multi_Crop_Leaves_Disease\Multi_Crop_Leaves_Disease\Guava\Healthy_Guava\IMG-20260324-WA0034.jpg,Healthy
D:\Download1\Multi_Crop_Leaves_Disease\Multi_Crop_Leaves_Disease\Guava\Healthy_Guava\IMG-20260324-WA0036.jpg,Healthy
D:\Download1\Multi_Crop_Leaves_Disease\Multi_Crop_Leaves_Disease\Guava\Healthy_Guava\IMG-20260324-WA0037.jpg,Healthy
D:\Download1\Multi_Crop_Leaves_Disease\Multi_Crop_Leaves_Disease\Guava\Healthy_Guava\IMG_20260228_090238(1).jpg,Healthy
D:\Download1\Multi_Crop_Leaves_Disease\Multi_Crop_Leaves_Disease\Guava\Healthy_Guava\IMG_20260228_090238.jpg,Healthy
D:\Download1\Multi_Crop_Leaves_Disease\Multi_Crop_Leaves_Disease\Guava\Healthy_Guava\IMG_20260228_090256.jpg,Healthy
D:\Download1\Multi_Crop_Leaves_Disease\Multi_Crop_Leaves_Disease\Guava\Healthy_Guava\IMG_20260228_090326.jpg,Healthy
D:\Download1\Multi_Crop_Leaves_Disease\Multi_Crop_Leaves_Disease\Guava\Healthy_Guava\IMG_20260228_090358(1).jpg,Healthy
D:\Download1\Multi_Crop_Leaves_Disease\Multi_Crop_Leaves_Disease\Guava\Healthy_Guava\IMG_20260228_090358.jpg,Healthy
D:\Download1\Multi_Crop_Leaves_Disease\Multi_Crop_Leaves_Disease\Guava\Healthy_Guava\IMG_20260228_090408.jpg,Healthy
D:\Download1\Multi_Crop_Leaves_Disease\Multi_Crop_Leaves_Disease\Guava\Healthy_Guava\IMG_20260228_090427(1).jpg,Healthy
D:\Download1\Multi_Crop_Leaves_Disease\Multi_Crop_Leaves_Disease\Guava\Healthy_Guava\IMG_20260228_090427.jpg,Healthy
D:\Download1\Multi_Crop_Leaves_Disease\Multi_Crop_Leaves_Disease\Guava\Healthy_Guava\IMG_20260228_090435.jpg,Healthy
D:\Download1\Multi_Crop_Leaves_Disease\Multi_Crop_Leaves_Disease\Guava\Healthy_Guava\IMG_20260228_090510.jpg,Healthy
D:\Download1\Multi_Crop_Leaves_Disease\Multi_Crop_Leaves_Disease\Guava\Healthy_Guava\IMG_20260228_090727.jpg,Healthy
D:\Download1\Multi_Crop_Leaves_Disease\Multi_Crop_Leaves_Disease\Guava\Healthy_Guava\IMG_20260228_090859.jpg,Healthy
D:\Download1\Multi_Crop_Leaves_Disease\Multi_Crop_Leaves_Disease\Guava\Healthy_Guava\IMG_20260228_090919.jpg,Healthy
D:\Download1\Multi_Crop_Leaves_Disease\Multi_Crop_Leaves_Disease\Guava\Healthy_Guava\IMG_20260228_090931.jpg,Healthy
D:\Download1\Multi_Crop_Leaves_Disease\Multi_Crop_Leaves_Disease\Guava\Healthy_Guava\IMG_4845.jpg,Healthy
D:\Download1\Multi_Crop_Leaves_Disease\Multi_Crop_Leaves_Disease\Guava\Healthy_Guava\IMG_4846(1).jpg,Healthy
D:\Download1\Multi_Crop_Leaves_Disease\Multi_Crop_Leaves_Disease\Guava\Healthy_Guava\IMG_4846.jpg,Healthy
D:\Download1\Multi_Crop_Leaves_Disease\Multi_Crop_Leaves_Disease\Guava\Healthy_Guava\IMG_4847(1).jpg,Healthy
D:\Download1\Multi_Crop_Leaves_Disease\Multi_Crop_Leaves_Disease\Guava\Healthy_Guava\IMG_4847.jpg,Healthy
D:\Download1\Multi_Crop_Leaves_Disease\Multi_Crop_Leaves_Disease\Guava\Healthy_Guava\IMG_4848(1).jpg,Healthy
D:\Download1\Multi_Crop_Leaves_Disease\Multi_Crop_Leaves_Disease\Guava\Healthy_Guava\IMG_4848.jpg,Healthy
D:\Download1\Multi_Crop_Leaves_Disease\Multi_Crop_Leaves_Disease\Guava\Healthy_Guava\IMG_4849(1).jpg,Healthy
D:\Download1\Multi_Crop_Leaves_Disease\Multi_Crop_Leaves_Disease\Guava\Healthy_Guava\IMG_4849.jpg,Healthy
D:\Download1\Multi_Crop_Leaves_Disease\Multi_Crop_Leaves_Disease\Guava\Healthy_Guava\IMG_4850(1).jpg,Healthy
D:\Download1\Multi_Crop_Leaves_Disease\Multi_Crop_Leaves_Disease\Guava\Healthy_Guava\IMG_4850.jpg,Healthy
"D:\Download1\Multi_Crop_Leaves_Disease\Multi_Crop_Leaves_Disease\Guava\Healthy_Guava\Natural Dried Guava Leaves, Herbal Tea Ingredient - Etsy (1).jpg",Healthy
"D:\Download1\Multi_Crop_Leaves_Disease\Multi_Crop_Leaves_Disease\Guava\Healthy_Guava\Natural Dried Guava Leaves, Herbal Tea Ingredient - Etsy.jpg",Healthy
D:\Download1\Multi_Crop_Leaves_Disease\Multi_Crop_Leaves_Disease\Guava\Healthy_Guava\What Happens to The Body If You Eat Guava Leaves Every Day for a Month_.jpg,Healthy
D:\Download1\Multi_Crop_Leaves_Disease\Multi_Crop_Leaves_Disease\Guava\Healthy_Guava\WhatsApp Image 2026-03-31 at 11.17.18 AM (1).jpeg,Healthy
D:\Download1\Multi_Crop_Leaves_Disease\Multi_Crop_Leaves_Disease\Guava\Healthy_Guava\WhatsApp Image 2026-03-31 at 11.17.18 AM (2).jpeg,Healthy
D:\Download1\Multi_Crop_Leaves_Disease\Multi_Crop_Leaves_Disease\Guava\Healthy_Guava\WhatsApp Image 2026-03-31 at 11.17.19 AM (1).jpeg,Healthy
D:\Download1\Multi_Crop_Leaves_Disease\Multi_Crop_Leaves_Disease\Guava\Healthy_Guava\WhatsApp Image 2026-03-31 at 11.17.19 AM.jpeg,Healthy
D:\Download1\Multi_Crop_Leaves_Disease\Multi_Crop_Leaves_Disease\Guava\Healthy_Guava\WhatsApp Image 2026-03-31 at 11.17.22 AM.jpeg,Healthy
D:\Download1\Multi_Crop_Leaves_Disease\Multi_Crop_Leaves_Disease\Guava\Healthy_Guava\WhatsApp Image 2026-03-31 at 11.17.35 AM.jpeg,Healthy
D:\Download1\Multi_Crop_Leaves_Disease\Multi_Crop_Leaves_Disease\Guava\Unhealthy_Guava\algal_leaf_spot\algal12.png,Fungal_Disease
D:\Download1\Multi_Crop_Leaves_Disease\Multi_Crop_Leaves_Disease\Guava\Unhealthy_Guava\algal_leaf_spot\algal13.png,Fungal_Disease
D:\Download1\Multi_Crop_Leaves_Disease\Multi_Crop_Leaves_Disease\Guava\Unhealthy_Guava\algal_leaf_spot\algal14.png,Fungal_Disease
D:\Download1\Multi_Crop_Leaves_Disease\Multi_Crop_Leaves_Disease\Guava\Unhealthy_Guava\algal_leaf_spot\algal15.png,Fungal_Disease
D:\Download1\Multi_Crop_Leaves_Disease\Multi_Crop_Leaves_Disease\Guava\Unhealthy_Guava\algal_leaf_spot\algal16.png,Fungal_Disease
D:\Download1\Multi_Crop_Leaves_Disease\Multi_Crop_Leaves_Disease\Guava\Unhealthy_Guava\algal_leaf_spot\algal17.png,Fungal_Disease
D:\Download1\Multi_Crop_Leaves_Disease\Multi_Crop_Leaves_Disease\Guava\Unhealthy_Guava\algal_leaf_spot\algal18.png,Fungal_Disease
D:\Download1\Multi_Crop_Leaves_Disease\Multi_Crop_Leaves_Disease\Guava\Unhealthy_Guava\algal_leaf_spot\algal19.png,Fungal_Disease
D:\Download1\Multi_Crop_Leaves_Disease\Multi_Crop_Leaves_Disease\Guava\Unhealthy_Guava\algal_leaf_spot\algal_spot1.jpg,Fungal_Disease
D:\Download1\Multi_Crop_Leaves_Disease\Multi_Crop_Leaves_Disease\Guava\Unhealthy_Guava\algal_leaf_spot\algal_spot2.jpg,Fungal_Disease
D:\Download1\Multi_Crop_Leaves_Disease\Multi_Crop_Leaves_Disease\Guava\Unhealthy_Guava\algal_leaf_spot\algal_spot3.jpg,Fungal_Disease
D:\Download1\Multi_Crop_Leaves_Disease\Multi_Crop_Leaves_Disease\Guava\Unhealthy_Guava\algal_leaf_spot\algal_spot4.jpg,Fungal_Disease
D:\Download1\Multi_Crop_Leaves_Disease\Multi_Crop_Leaves_Disease\Guava\Unhealthy_Guava\algal_leaf_spot\algal_spot5.jpg,Fungal_Disease
D:\Download1\Multi_Crop_Leaves_Disease\Multi_Crop_Leaves_Disease\Guava\Unhealthy_Guava\algal_leaf_spot\algal_spot6.jpg,Fungal_Disease
D:\Download1\Multi_Crop_Leaves_Disease\Multi_Crop_Leaves_Disease\Guava\Unhealthy_Guava\algal_leaf_spot\algal_spot7.jpg,Fungal_Disease
D:\Download1\Multi_Crop_Leaves_Disease\Multi_Crop_Leaves_Disease\Guava\Unhealthy_Guava\algal_leaf_spot\rust12.png,Fungal_Disease
D:\Download1\Multi_Crop_Leaves_Disease\Multi_Crop_Leaves_Disease\Guava\Unhealthy_Guava\anthrecnose\anthrecnose1 (1).jpg,Fungal_Disease
D:\Download1\Multi_Crop_Leaves_Disease\Multi_Crop_Leaves_Disease\Guava\Unhealthy_Guava\anthrecnose\anthrecnose1 (2).jpg,Fungal_Disease
D:\Download1\Multi_Crop_Leaves_Disease\Multi_Crop_Leaves_Disease\Guava\Unhealthy_Guava\anthrecnose\anthrecnose1 3.jpg,Fungal_Disease
D:\Download1\Multi_Crop_Leaves_Disease\Multi_Crop_Leaves_Disease\Guava\Unhealthy_Guava\anthrecnose\anthrecnose11 (1).jpg,Fungal_Disease
D:\Download1\Multi_Crop_Leaves_Disease\Multi_Crop_Leaves_Disease\Guava\Unhealthy_Guava\anthrecnose\Guava anth.jpg,Fungal_Disease
D:\Download1\Multi_Crop_Leaves_Disease\Multi_Crop_Leaves_Disease\Guava\Unhealthy_Guava\anthrecnose\hand held leaf.jpg,Fungal_Disease
D:\Download1\Multi_Crop_Leaves_Disease\Multi_Crop_Leaves_Disease\Guava\Unhealthy_Guava\anthrecnose\hand held leaf1.jpg,Fungal_Disease
D:\Download1\Multi_Crop_Leaves_Disease\Multi_Crop_Leaves_Disease\Guava\Unhealthy_Guava\anthrecnose\hand held leaf2.jpg,Fungal_Disease
D:\Download1\Multi_Crop_Leaves_Disease\Multi_Crop_Leaves_Disease\Guava\Unhealthy_Guava\anthrecnose\hand held leaf3.jpg,Fungal_Disease
D:\Download1\Multi_Crop_Leaves_Disease\Multi_Crop_Leaves_Disease\Guava\Unhealthy_Guava\anthrecnose\hand held leaf4.jpg,Fungal_Disease
D:\Download1\Multi_Crop_Leaves_Disease\Multi_Crop_Leaves_Disease\Guava\Unhealthy_Guava\anthrecnose\hand held leaf5.jpg,Fungal_Disease
D:\Download1\Multi_Crop_Leaves_Disease\Multi_Crop_Leaves_Disease\Guava\Unhealthy_Guava\anthrecnose\hand held leaf6.jpg,Fungal_Disease
D:\Download1\Multi_Crop_Leaves_Disease\Multi_Crop_Leaves_Disease\Guava\Unhealthy_Guava\anthrecnose\IMG_8768.jpg,Fungal_Disease
D:\Download1\Multi_Crop_Leaves_Disease\Multi_Crop_Leaves_Disease\Guava\Unhealthy_Guava\anthrecnose\no(11).jpg,Fungal_Disease
D:\Download1\Multi_Crop_Leaves_Disease\Multi_Crop_Leaves_Disease\Guava\Unhealthy_Guava\anthrecnose\no(16).jpg,Fungal_Disease
D:\Download1\Multi_Crop_Leaves_Disease\Multi_Crop_Leaves_Disease\Guava\Unhealthy_Guava\Fungal infection\no(1).jpg,Fungal_Disease
D:\Download1\Multi_Crop_Leaves_Disease\Multi_Crop_Leaves_Disease\Guava\Unhealthy_Guava\Fungal infection\no(15).jpg,Fungal_Disease
D:\Download1\Multi_Crop_Leaves_Disease\Multi_Crop_Leaves_Disease\Guava\Unhealthy_Guava\Fungal infection\no(16).jpg,Fungal_Disease
D:\Download1\Multi_Crop_Leaves_Disease\Multi_Crop_Leaves_Disease\Guava\Unhealthy_Guava\Fungal infection\no(17).jpg,Fungal_Disease
D:\Download1\Multi_Crop_Leaves_Disease\Multi_Crop_Leaves_Disease\Guava\Unhealthy_Guava\Fungal infection\no(20).jpg,Fungal_Disease
D:\Download1\Multi_Crop_Leaves_Disease\Multi_Crop_Leaves_Disease\Guava\Unhealthy_Guava\Fungal infection\no(21).jpg,Fungal_Disease
D:\Download1\Multi_Crop_Leaves_Disease\Multi_Crop_Leaves_Disease\Guava\Unhealthy_Guava\Fungal infection\no(4)1.jpg,Fungal_Disease
D:\Download1\Multi_Crop_Leaves_Disease\Multi_Crop_Leaves_Disease\Guava\Unhealthy_Guava\Fungal infection\no11.jpg,Fungal_Disease
D:\Download1\Multi_Crop_Leaves_Disease\Multi_Crop_Leaves_Disease\Guava\Unhealthy_Guava\Fungal infection\no112.jpg,Fungal_Disease
D:\Download1\Multi_Crop_Leaves_Disease\Multi_Crop_Leaves_Disease\Guava\Unhealthy_Guava\Fungal infection\no113.jpg,Fungal_Disease
D:\Download1\Multi_Crop_Leaves_Disease\Multi_Crop_Leaves_Disease\Guava\Unhealthy_Guava\Fungal infection\no114.jpg,Fungal_Disease
D:\Download1\Multi_Crop_Leaves_Disease\Multi_Crop_Leaves_Disease\Guava\Unhealthy_Guava\Fungal infection\no115.jpg,Fungal_Disease
D:\Download1\Multi_Crop_Leaves_Disease\Multi_Crop_Leaves_Disease\Guava\Unhealthy_Guava\Fungal infection\no116.jpg,Fungal_Disease
D:\Download1\Multi_Crop_Leaves_Disease\Multi_Crop_Leaves_Disease\Guava\Unhealthy_Guava\Fungal infection\test2.jpg,Fungal_Disease
D:\Download1\Multi_Crop_Leaves_Disease\Multi_Crop_Leaves_Disease\Guava\Unhealthy_Guava\Fungal infection\test4.jpg,Fungal_Disease
D:\Download1\Multi_Crop_Leaves_Disease\Multi_Crop_Leaves_Disease\Guava\Unhealthy_Guava\Magnesium\magnes12.png,Nutrient_Deficiency
D:\Download1\Multi_Crop_Leaves_Disease\Multi_Crop_Leaves_Disease\Guava\Unhealthy_Guava\Magnesium\magnes13.png,Nutrient_Deficiency
D:\Download1\Multi_Crop_Leaves_Disease\Multi_Crop_Leaves_Disease\Guava\Unhealthy_Guava\Magnesium\magnes14.png,Nutrient_Deficiency
D:\Download1\Multi_Crop_Leaves_Disease\Multi_Crop_Leaves_Disease\Guava\Unhealthy_Guava\Magnesium\magnes15.png,Nutrient_Deficiency
D:\Download1\Multi_Crop_Leaves_Disease\Multi_Crop_Leaves_Disease\Guava\Unhealthy_Guava\Magnesium\magnes16.png,Nutrient_Deficiency
D:\Download1\Multi_Crop_Leaves_Disease\Multi_Crop_Leaves_Disease\Guava\Unhealthy_Guava\Magnesium\magnes17.png,Nutrient_Deficiency
D:\Download1\Multi_Crop_Leaves_Disease\Multi_Crop_Leaves_Disease\Guava\Unhealthy_Guava\Magnesium\magnesium1.jpg,Nutrient_Deficiency
D:\Download1\Multi_Crop_Leaves_Disease\Multi_Crop_Leaves_Disease\Guava\Unhealthy_Guava\Magnesium\magnesium2.jpg,Nutrient_Deficiency
D:\Download1\Multi_Crop_Leaves_Disease\Multi_Crop_Leaves_Disease\Guava\Unhealthy_Guava\Magnesium\magnesium3.jpg,Nutrient_Deficiency
D:\Download1\Multi_Crop_Leaves_Disease\Multi_Crop_Leaves_Disease\Guava\Unhealthy_Guava\Magnesium\magnesium4.jpg,Nutrient_Deficiency
D:\Download1\Multi_Crop_Leaves_Disease\Multi_Crop_Leaves_Disease\Guava\Unhealthy_Guava\Magnesium\no(10)1.jpg,Nutrient_Deficiency
D:\Download1\Multi_Crop_Leaves_Disease\Multi_Crop_Leaves_Disease\Guava\Unhealthy_Guava\Magnesium\no(14).jpg,Nutrient_Deficiency
D:\Download1\Multi_Crop_Leaves_Disease\Multi_Crop_Leaves_Disease\Guava\Unhealthy_Guava\Magnesium\no(5)1.jpg,Nutrient_Deficiency
D:\Download1\Multi_Crop_Leaves_Disease\Multi_Crop_Leaves_Disease\Guava\Unhealthy_Guava\Magnesium\no115.jpg,Nutrient_Deficiency
D:\Download1\Multi_Crop_Leaves_Disease\Multi_Crop_Leaves_Disease\Guava\Unhealthy_Guava\Nitrogen\nitrofen_def.jpg,Nutrient_Deficiency
D:\Download1\Multi_Crop_Leaves_Disease\Multi_Crop_Leaves_Disease\Guava\Unhealthy_Guava\Nitrogen\no(12).jpg,Nutrient_Deficiency
D:\Download1\Multi_Crop_Leaves_Disease\Multi_Crop_Leaves_Disease\Guava\Unhealthy_Guava\Nitrogen\no(13).jpg,Nutrient_Deficiency
D:\Download1\Multi_Crop_Leaves_Disease\Multi_Crop_Leaves_Disease\Guava\Unhealthy_Guava\Nitrogen\no(14).jpg,Nutrient_Deficiency
D:\Download1\Multi_Crop_Leaves_Disease\Multi_Crop_Leaves_Disease\Guava\Unhealthy_Guava\Nitrogen\no(19).jpg,Nutrient_Deficiency
D:\Download1\Multi_Crop_Leaves_Disease\Multi_Crop_Leaves_Disease\Guava\Unhealthy_Guava\Nitrogen\no(22).jpg,Nutrient_Deficiency
D:\Download1\Multi_Crop_Leaves_Disease\Multi_Crop_Leaves_Disease\Guava\Unhealthy_Guava\Nitrogen\no(6)1.jpg,Nutrient_Deficiency
D:\Download1\Multi_Crop_Leaves_Disease\Multi_Crop_Leaves_Disease\Guava\Unhealthy_Guava\Nitrogen\no(9)1.jpg,Nutrient_Deficiency
D:\Download1\Multi_Crop_Leaves_Disease\Multi_Crop_Leaves_Disease\Guava\Unhealthy_Guava\Nitrogen\no.jpg,Nutrient_Deficiency
D:\Download1\Multi_Crop_Leaves_Disease\Multi_Crop_Leaves_Disease\Guava\Unhealthy_Guava\Nitrogen\no118.jpg,Nutrient_Deficiency
D:\Download1\Multi_Crop_Leaves_Disease\Multi_Crop_Leaves_Disease\Guava\Unhealthy_Guava\Nitrogen\no12.jpg,Nutrient_Deficiency
D:\Download1\Multi_Crop_Leaves_Disease\Multi_Crop_Leaves_Disease\Guava\Unhealthy_Guava\Nitrogen\no13.jpg,Nutrient_Deficiency
D:\Download1\Multi_Crop_Leaves_Disease\Multi_Crop_Leaves_Disease\Guava\Unhealthy_Guava\phosphorus\no(1).jpg,Nutrient_Deficiency
D:\Download1\Multi_Crop_Leaves_Disease\Multi_Crop_Leaves_Disease\Guava\Unhealthy_Guava\phosphorus\no(10).jpg,Nutrient_Deficiency
D:\Download1\Multi_Crop_Leaves_Disease\Multi_Crop_Leaves_Disease\Guava\Unhealthy_Guava\phosphorus\no(11).jpg,Nutrient_Deficiency
D:\Download1\Multi_Crop_Leaves_Disease\Multi_Crop_Leaves_Disease\Guava\Unhealthy_Guava\phosphorus\no(13).jpg,Nutrient_Deficiency
D:\Download1\Multi_Crop_Leaves_Disease\Multi_Crop_Leaves_Disease\Guava\Unhealthy_Guava\phosphorus\no(2).jpg,Nutrient_Deficiency
D:\Download1\Multi_Crop_Leaves_Disease\Multi_Crop_Leaves_Disease\Guava\Unhealthy_Guava\phosphorus\no(21).jpg,Nutrient_Deficiency
D:\Download1\Multi_Crop_Leaves_Disease\Multi_Crop_Leaves_Disease\Guava\Unhealthy_Guava\phosphorus\no(3).jpg,Nutrient_Deficiency
D:\Download1\Multi_Crop_Leaves_Disease\Multi_Crop_Leaves_Disease\Guava\Unhealthy_Guava\phosphorus\no(4).jpg,Nutrient_Deficiency
D:\Download1\Multi_Crop_Leaves_Disease\Multi_Crop_Leaves_Disease\Guava\Unhealthy_Guava\phosphorus\no(5).jpg,Nutrient_Deficiency
D:\Download1\Multi_Crop_Leaves_Disease\Multi_Crop_Leaves_Disease\Guava\Unhealthy_Guava\phosphorus\no(6).jpg,Nutrient_Deficiency
D:\Download1\Multi_Crop_Leaves_Disease\Multi_Crop_Leaves_Disease\Guava\Unhealthy_Guava\phosphorus\no(7).jpg,Nutrient_Deficiency
D:\Download1\Multi_Crop_Leaves_Disease\Multi_Crop_Leaves_Disease\Guava\Unhealthy_Guava\phosphorus\no(8).jpg,Nutrient_Deficiency
D:\Download1\Multi_Crop_Leaves_Disease\Multi_Crop_Leaves_Disease\Guava\Unhealthy_Guava\phosphorus\no(9).jpg,Nutrient_Deficiency
D:\Download1\Multi_Crop_Leaves_Disease\Multi_Crop_Leaves_Disease\Guava\Unhealthy_Guava\phosphorus\no117.jpg,Nutrient_Deficiency
D:\Download1\Multi_Crop_Leaves_Disease\Multi_Crop_Leaves_Disease\Guava\Unhealthy_Guava\phosphorus\phosphoreus.jpg,Nutrient_Deficiency
D:\Download1\Multi_Crop_Leaves_Disease\Multi_Crop_Leaves_Disease\Guava\Unhealthy_Guava\pottasium\no(10).jpg,Nutrient_Deficiency
D:\Download1\Multi_Crop_Leaves_Disease\Multi_Crop_Leaves_Disease\Guava\Unhealthy_Guava\pottasium\no(15).jpg,Nutrient_Deficiency
D:\Download1\Multi_Crop_Leaves_Disease\Multi_Crop_Leaves_Disease\Guava\Unhealthy_Guava\pottasium\no(17).jpg,Nutrient_Deficiency
D:\Download1\Multi_Crop_Leaves_Disease\Multi_Crop_Leaves_Disease\Guava\Unhealthy_Guava\pottasium\no(18).jpg,Nutrient_Deficiency
D:\Download1\Multi_Crop_Leaves_Disease\Multi_Crop_Leaves_Disease\Guava\Unhealthy_Guava\pottasium\no(3).jpg,Nutrient_Deficiency
D:\Download1\Multi_Crop_Leaves_Disease\Multi_Crop_Leaves_Disease\Guava\Unhealthy_Guava\pottasium\no(5).jpg,Nutrient_Deficiency
D:\Download1\Multi_Crop_Leaves_Disease\Multi_Crop_Leaves_Disease\Guava\Unhealthy_Guava\pottasium\no(6).jpg,Nutrient_Deficiency
D:\Download1\Multi_Crop_Leaves_Disease\Multi_Crop_Leaves_Disease\Guava\Unhealthy_Guava\pottasium\no(7).jpg,Nutrient_Deficiency
D:\Download1\Multi_Crop_Leaves_Disease\Multi_Crop_Leaves_Disease\Guava\Unhealthy_Guava\pottasium\no(8).jpg,Nutrient_Deficiency
D:\Download1\Multi_Crop_Leaves_Disease\Multi_Crop_Leaves_Disease\Guava\Unhealthy_Guava\pottasium\no(9).jpg,Nutrient_Deficiency
D:\Download1\Multi_Crop_Leaves_Disease\Multi_Crop_Leaves_Disease\Guava\Unhealthy_Guava\pottasium\no.jpg,Nutrient_Deficiency
D:\Download1\Multi_Crop_Leaves_Disease\Multi_Crop_Leaves_Disease\Guava\Unhealthy_Guava\pottasium\pottassium5.jpg,Nutrient_Deficiency
D:\Download1\Multi_Crop_Leaves_Disease\Multi_Crop_Leaves_Disease\Guava\Unhealthy_Guava\pottasium\pottassium6.jpg,Nutrient_Deficiency
D:\Download1\Multi_Crop_Leaves_Disease\Multi_Crop_Leaves_Disease\Guava\Unhealthy_Guava\pottasium\pottassium7.jpg,Nutrient_Deficiency
D:\Download1\Multi_Crop_Leaves_Disease\Multi_Crop_Leaves_Disease\Guava\Unhealthy_Guava\pottasium\pottassium8.jpg,Nutrient_Deficiency
D:\Download1\Multi_Crop_Leaves_Disease\Multi_Crop_Leaves_Disease\Guava\Unhealthy_Guava\pottasium\test1.jpg,Nutrient_Deficiency
D:\Download1\Multi_Crop_Leaves_Disease\Multi_Crop_Leaves_Disease\Guava\Unhealthy_Guava\pottasium\WhatsApp Image 2026-03-31 at 11.17.31 AM.jpeg,Nutrient_Deficiency
D:\Download1\Multi_Crop_Leaves_Disease\Multi_Crop_Leaves_Disease\Guava\Unhealthy_Guava\Rust_fungal\rust1.jpg,Fungal_Disease
D:\Download1\Multi_Crop_Leaves_Disease\Multi_Crop_Leaves_Disease\Guava\Unhealthy_Guava\Rust_fungal\rust12.png,Fungal_Disease
D:\Download1\Multi_Crop_Leaves_Disease\Multi_Crop_Leaves_Disease\Guava\Unhealthy_Guava\Rust_fungal\rust13.png,Fungal_Disease
D:\Download1\Multi_Crop_Leaves_Disease\Multi_Crop_Leaves_Disease\Guava\Unhealthy_Guava\Rust_fungal\rust14.png,Fungal_Disease
D:\Download1\Multi_Crop_Leaves_Disease\Multi_Crop_Leaves_Disease\Guava\Unhealthy_Guava\Rust_fungal\rust15.png,Fungal_Disease
D:\Download1\Multi_Crop_Leaves_Disease\Multi_Crop_Leaves_Disease\Guava\Unhealthy_Guava\Rust_fungal\rust16.png,Fungal_Disease
D:\Download1\Multi_Crop_Leaves_Disease\Multi_Crop_Leaves_Disease\Guava\Unhealthy_Guava\Rust_fungal\rust17.png,Fungal_Disease
D:\Download1\Multi_Crop_Leaves_Disease\Multi_Crop_Leaves_Disease\Guava\Unhealthy_Guava\Rust_fungal\rust18.png,Fungal_Disease
D:\Download1\Multi_Crop_Leaves_Disease\Multi_Crop_Leaves_Disease\Guava\Unhealthy_Guava\Rust_fungal\rust20.png,Fungal_Disease
D:\Download1\Multi_Crop_Leaves_Disease\Multi_Crop_Leaves_Disease\Guava\Unhealthy_Guava\Rust_fungal\rust3.jpg,Fungal_Disease
D:\Download1\Multi_Crop_Leaves_Disease\Multi_Crop_Leaves_Disease\Guava\Unhealthy_Guava\Rust_fungal\test1.jpg,Fungal_Disease
D:\Download1\Multi_Crop_Leaves_Disease\Multi_Crop_Leaves_Disease\Papaya\Healthy_papaya\download (1).jpg,Healthy
D:\Download1\Multi_Crop_Leaves_Disease\Multi_Crop_Leaves_Disease\Papaya\Healthy_papaya\download (2).jpg,Healthy
D:\Download1\Multi_Crop_Leaves_Disease\Multi_Crop_Leaves_Disease\Papaya\Healthy_papaya\download (3).jpg,Healthy
D:\Download1\Multi_Crop_Leaves_Disease\Multi_Crop_Leaves_Disease\Papaya\Healthy_papaya\download.jpg,Healthy
D:\Download1\Multi_Crop_Leaves_Disease\Multi_Crop_Leaves_Disease\Papaya\Healthy_papaya\flora-file.jpg,Healthy
D:\Download1\Multi_Crop_Leaves_Disease\Multi_Crop_Leaves_Disease\Papaya\Healthy_papaya\green-papaya-leaves-525.jpg,Healthy
D:\Download1\Multi_Crop_Leaves_Disease\Multi_Crop_Leaves_Disease\Papaya\Healthy_papaya\Healthy papaya.jpg,Healthy
D:\Download1\Multi_Crop_Leaves_Disease\Multi_Crop_Leaves_Disease\Papaya\Healthy_papaya\IMG-20260324-WA0019.jpg,Healthy
D:\Download1\Multi_Crop_Leaves_Disease\Multi_Crop_Leaves_Disease\Papaya\Healthy_papaya\IMG-20260324-WA0023.jpg,Healthy
D:\Download1\Multi_Crop_Leaves_Disease\Multi_Crop_Leaves_Disease\Papaya\Healthy_papaya\IMG-20260324-WA0035.jpg,Healthy
D:\Download1\Multi_Crop_Leaves_Disease\Multi_Crop_Leaves_Disease\Papaya\Healthy_papaya\IMG-20260324-WA0038.jpg,Healthy
D:\Download1\Multi_Crop_Leaves_Disease\Multi_Crop_Leaves_Disease\Papaya\Healthy_papaya\IMG-20260324-WA0042.jpg,Healthy
D:\Download1\Multi_Crop_Leaves_Disease\Multi_Crop_Leaves_Disease\Papaya\Healthy_papaya\IMG-20260324-WA0043.jpg,Healthy
D:\Download1\Multi_Crop_Leaves_Disease\Multi_Crop_Leaves_Disease\Papaya\Healthy_papaya\IMG-20260324-WA0044.jpg,Healthy
D:\Download1\Multi_Crop_Leaves_Disease\Multi_Crop_Leaves_Disease\Papaya\Healthy_papaya\IMG_4851(1).jpg,Healthy
D:\Download1\Multi_Crop_Leaves_Disease\Multi_Crop_Leaves_Disease\Papaya\Healthy_papaya\IMG_4851.jpg,Healthy
D:\Download1\Multi_Crop_Leaves_Disease\Multi_Crop_Leaves_Disease\Papaya\Healthy_papaya\IMG_4871.jpg,Healthy
D:\Download1\Multi_Crop_Leaves_Disease\Multi_Crop_Leaves_Disease\Papaya\Healthy_papaya\IMG_4872.jpg,Healthy
D:\Download1\Multi_Crop_Leaves_Disease\Multi_Crop_Leaves_Disease\Papaya\Healthy_papaya\IMG_8740.jpg,Healthy
D:\Download1\Multi_Crop_Leaves_Disease\Multi_Crop_Leaves_Disease\Papaya\Healthy_papaya\IMG_8741.jpg,Healthy
D:\Download1\Multi_Crop_Leaves_Disease\Multi_Crop_Leaves_Disease\Papaya\Healthy_papaya\IMG_8873.jpg,Healthy
D:\Download1\Multi_Crop_Leaves_Disease\Multi_Crop_Leaves_Disease\Papaya\Healthy_papaya\Papaya leaf (1).jpg,Healthy
"D:\Download1\Multi_Crop_Leaves_Disease\Multi_Crop_Leaves_Disease\Papaya\Healthy_papaya\PAPAYA Leaf Powder 1lb (454g) ORGANIC Dried Bulk Herb, Carica Papaya L Folia _Available qty from 2oz-4lbs_.jpg",Healthy
"D:\Download1\Multi_Crop_Leaves_Disease\Multi_Crop_Leaves_Disease\Papaya\Healthy_papaya\Papaya Leaf stock image_ Image of lobed, green, organic - 93255095.jpg",Healthy
D:\Download1\Multi_Crop_Leaves_Disease\Multi_Crop_Leaves_Disease\Papaya\Healthy_papaya\Papaya leaf.jpg,Healthy
D:\Download1\Multi_Crop_Leaves_Disease\Multi_Crop_Leaves_Disease\Papaya\Healthy_papaya\Papaya leaves (1).jpg,Healthy
D:\Download1\Multi_Crop_Leaves_Disease\Multi_Crop_Leaves_Disease\Papaya\Healthy_papaya\Papaya Leaves.jpg,Healthy
D:\Download1\Multi_Crop_Leaves_Disease\Multi_Crop_Leaves_Disease\Papaya\Healthy_papaya\Papaya.jpg,Healthy
D:\Download1\Multi_Crop_Leaves_Disease\Multi_Crop_Leaves_Disease\Papaya\Healthy_papaya\papaya_he1.png,Healthy
D:\Download1\Multi_Crop_Leaves_Disease\Multi_Crop_Leaves_Disease\Papaya\Healthy_papaya\papaya_he2.png,Healthy
D:\Download1\Multi_Crop_Leaves_Disease\Multi_Crop_Leaves_Disease\Papaya\Healthy_papaya\papaya_healthy.jpeg,Healthy
D:\Download1\Multi_Crop_Leaves_Disease\Multi_Crop_Leaves_Disease\Papaya\Healthy_papaya\papaya_leaf112.jpg,Healthy
D:\Download1\Multi_Crop_Leaves_Disease\Multi_Crop_Leaves_Disease\Papaya\Healthy_papaya\Probably the most colourful Papaya Tree ever_.jpg,Healthy
D:\Download1\Multi_Crop_Leaves_Disease\Multi_Crop_Leaves_Disease\Papaya\Healthy_papaya\WhatsApp Image 2026-03-31 at 10.55.24 AM.jpeg,Healthy
D:\Download1\Multi_Crop_Leaves_Disease\Multi_Crop_Leaves_Disease\Papaya\Healthy_papaya\WhatsApp Image 2026-03-31 at 10.55.25 AM (1).jpeg,Healthy
D:\Download1\Multi_Crop_Leaves_Disease\Multi_Crop_Leaves_Disease\Papaya\Unhealthy_papaya\Anthracnose _ Cercospora\antherconose.jpg,Fungal_Disease
D:\Download1\Multi_Crop_Leaves_Disease\Multi_Crop_Leaves_Disease\Papaya\Unhealthy_papaya\Anthracnose _ Cercospora\antherconose1.jpg,Fungal_Disease
D:\Download1\Multi_Crop_Leaves_Disease\Multi_Crop_Leaves_Disease\Papaya\Unhealthy_papaya\Anthracnose _ Cercospora\antherconose2.jpg,Fungal_Disease
D:\Download1\Multi_Crop_Leaves_Disease\Multi_Crop_Leaves_Disease\Papaya\Unhealthy_papaya\Anthracnose _ Cercospora\athrecnose12.png,Fungal_Disease
D:\Download1\Multi_Crop_Leaves_Disease\Multi_Crop_Leaves_Disease\Papaya\Unhealthy_papaya\Anthracnose _ Cercospora\athrecnose13.png,Fungal_Disease
D:\Download1\Multi_Crop_Leaves_Disease\Multi_Crop_Leaves_Disease\Papaya\Unhealthy_papaya\Anthracnose _ Cercospora\athrecnose14.png,Fungal_Disease
D:\Download1\Multi_Crop_Leaves_Disease\Multi_Crop_Leaves_Disease\Papaya\Unhealthy_papaya\Anthracnose _ Cercospora\athrecnose15.png,Fungal_Disease
D:\Download1\Multi_Crop_Leaves_Disease\Multi_Crop_Leaves_Disease\Papaya\Unhealthy_papaya\Anthracnose _ Cercospora\cercospora.jpg,Fungal_Disease
D:\Download1\Multi_Crop_Leaves_Disease\Multi_Crop_Leaves_Disease\Papaya\Unhealthy_papaya\Anthracnose _ Cercospora\cercospora1.jpg,Fungal_Disease
D:\Download1\Multi_Crop_Leaves_Disease\Multi_Crop_Leaves_Disease\Papaya\Unhealthy_papaya\Anthracnose _ Cercospora\cercospora2.jpg,Fungal_Disease
D:\Download1\Multi_Crop_Leaves_Disease\Multi_Crop_Leaves_Disease\Papaya\Unhealthy_papaya\Anthracnose _ Cercospora\cercospora3.jpg,Fungal_Disease
D:\Download1\Multi_Crop_Leaves_Disease\Multi_Crop_Leaves_Disease\Papaya\Unhealthy_papaya\Anthracnose _ Cercospora\test2.jpg,Fungal_Disease
D:\Download1\Multi_Crop_Leaves_Disease\Multi_Crop_Leaves_Disease\Papaya\Unhealthy_papaya\Anthracnose _ Cercospora\test3.jpg,Fungal_Disease
D:\Download1\Multi_Crop_Leaves_Disease\Multi_Crop_Leaves_Disease\Papaya\Unhealthy_papaya\Anthracnose _ Cercospora\test4.jpg,Fungal_Disease
D:\Download1\Multi_Crop_Leaves_Disease\Multi_Crop_Leaves_Disease\Papaya\Unhealthy_papaya\Anthracnose _ Cercospora\test5.jpg,Fungal_Disease
D:\Download1\Multi_Crop_Leaves_Disease\Multi_Crop_Leaves_Disease\Papaya\Unhealthy_papaya\Bacterial Leaf Spot\bacterial leaf blight12.png,Bacterial_Viral_Disease
D:\Download1\Multi_Crop_Leaves_Disease\Multi_Crop_Leaves_Disease\Papaya\Unhealthy_papaya\Bacterial Leaf Spot\bacterial leaf blight13.png,Bacterial_Viral_Disease
D:\Download1\Multi_Crop_Leaves_Disease\Multi_Crop_Leaves_Disease\Papaya\Unhealthy_papaya\Bacterial Leaf Spot\leaf_spot3.jpg,Bacterial_Viral_Disease
D:\Download1\Multi_Crop_Leaves_Disease\Multi_Crop_Leaves_Disease\Papaya\Unhealthy_papaya\Bacterial Leaf Spot\no1.jpg,Bacterial_Viral_Disease
D:\Download1\Multi_Crop_Leaves_Disease\Multi_Crop_Leaves_Disease\Papaya\Unhealthy_papaya\Bacterial Leaf Spot\papaya_un.jpeg,Bacterial_Viral_Disease
D:\Download1\Multi_Crop_Leaves_Disease\Multi_Crop_Leaves_Disease\Papaya\Unhealthy_papaya\blackspot\Black spot of papaya leaf_11091985443_o.jpg,Fungal_Disease
"D:\Download1\Multi_Crop_Leaves_Disease\Multi_Crop_Leaves_Disease\Papaya\Unhealthy_papaya\blackspot\Black spot of papaya, caused by Asperisoporium caricae_14975626599_o.jpg",Fungal_Disease
D:\Download1\Multi_Crop_Leaves_Disease\Multi_Crop_Leaves_Disease\Papaya\Unhealthy_papaya\blackspot\blackspot1.jpg,Fungal_Disease
D:\Download1\Multi_Crop_Leaves_Disease\Multi_Crop_Leaves_Disease\Papaya\Unhealthy_papaya\blackspot\blackspot11.jpg,Fungal_Disease
D:\Download1\Multi_Crop_Leaves_Disease\Multi_Crop_Leaves_Disease\Papaya\Unhealthy_papaya\blackspot\blackspot12.png,Fungal_Disease
D:\Download1\Multi_Crop_Leaves_Disease\Multi_Crop_Leaves_Disease\Papaya\Unhealthy_papaya\blackspot\blackspot13.png,Fungal_Disease
D:\Download1\Multi_Crop_Leaves_Disease\Multi_Crop_Leaves_Disease\Papaya\Unhealthy_papaya\blackspot\blackspot14.png,Fungal_Disease
D:\Download1\Multi_Crop_Leaves_Disease\Multi_Crop_Leaves_Disease\Papaya\Unhealthy_papaya\blackspot\blackspot15.jpg,Fungal_Disease
D:\Download1\Multi_Crop_Leaves_Disease\Multi_Crop_Leaves_Disease\Papaya\Unhealthy_papaya\blackspot\blackspot15.png,Fungal_Disease
D:\Download1\Multi_Crop_Leaves_Disease\Multi_Crop_Leaves_Disease\Papaya\Unhealthy_papaya\blackspot\blackspot16.jpg,Fungal_Disease
D:\Download1\Multi_Crop_Leaves_Disease\Multi_Crop_Leaves_Disease\Papaya\Unhealthy_papaya\blackspot\blackspot16.png,Fungal_Disease
D:\Download1\Multi_Crop_Leaves_Disease\Multi_Crop_Leaves_Disease\Papaya\Unhealthy_papaya\blackspot\blackspot17.png,Fungal_Disease
D:\Download1\Multi_Crop_Leaves_Disease\Multi_Crop_Leaves_Disease\Papaya\Unhealthy_papaya\blackspot\brown_spot.jpg,Fungal_Disease
D:\Download1\Multi_Crop_Leaves_Disease\Multi_Crop_Leaves_Disease\Papaya\Unhealthy_papaya\Leaf_curl_viral_diseases\curl3.jpg,Bacterial_Viral_Disease
D:\Download1\Multi_Crop_Leaves_Disease\Multi_Crop_Leaves_Disease\Papaya\Unhealthy_papaya\Leaf_curl_viral_diseases\Leaf curl of papaya1.jpg,Bacterial_Viral_Disease
D:\Download1\Multi_Crop_Leaves_Disease\Multi_Crop_Leaves_Disease\Papaya\Unhealthy_papaya\Leaf_curl_viral_diseases\Leaf curl of papaya1122.jpg,Bacterial_Viral_Disease
D:\Download1\Multi_Crop_Leaves_Disease\Multi_Crop_Leaves_Disease\Papaya\Unhealthy_papaya\Leaf_curl_viral_diseases\Leaf curl of papaya1144.jpg,Bacterial_Viral_Disease
D:\Download1\Multi_Crop_Leaves_Disease\Multi_Crop_Leaves_Disease\Papaya\Unhealthy_papaya\Leaf_curl_viral_diseases\Leaf curl of papaya1155.jpg,Bacterial_Viral_Disease
D:\Download1\Multi_Crop_Leaves_Disease\Multi_Crop_Leaves_Disease\Papaya\Unhealthy_papaya\Leaf_curl_viral_diseases\Leaf curl of papaya12.jpg,Bacterial_Viral_Disease
D:\Download1\Multi_Crop_Leaves_Disease\Multi_Crop_Leaves_Disease\Papaya\Unhealthy_papaya\Leaf_curl_viral_diseases\Leaf curl of papaya121.jpg,Bacterial_Viral_Disease
D:\Download1\Multi_Crop_Leaves_Disease\Multi_Crop_Leaves_Disease\Papaya\Unhealthy_papaya\Leaf_curl_viral_diseases\Leaf curl of papaya13.jpg,Bacterial_Viral_Disease
D:\Download1\Multi_Crop_Leaves_Disease\Multi_Crop_Leaves_Disease\Papaya\Unhealthy_papaya\Leaf_curl_viral_diseases\leaf curl(1).jpg,Bacterial_Viral_Disease
D:\Download1\Multi_Crop_Leaves_Disease\Multi_Crop_Leaves_Disease\Papaya\Unhealthy_papaya\Leaf_curl_viral_diseases\leaf curl1.jpg,Bacterial_Viral_Disease
D:\Download1\Multi_Crop_Leaves_Disease\Multi_Crop_Leaves_Disease\Papaya\Unhealthy_papaya\Leaf_curl_viral_diseases\leafcurl1.jpg,Bacterial_Viral_Disease
D:\Download1\Multi_Crop_Leaves_Disease\Multi_Crop_Leaves_Disease\Papaya\Unhealthy_papaya\Leaf_curl_viral_diseases\leafcurl2.jpg,Bacterial_Viral_Disease
D:\Download1\Multi_Crop_Leaves_Disease\Multi_Crop_Leaves_Disease\Papaya\Unhealthy_papaya\Leaf_curl_viral_diseases\leafcurl3.jpg,Bacterial_Viral_Disease
D:\Download1\Multi_Crop_Leaves_Disease\Multi_Crop_Leaves_Disease\Papaya\Unhealthy_papaya\Leaf_curl_viral_diseases\Papaya leaf curl virus .jpg,Bacterial_Viral_Disease
D:\Download1\Multi_Crop_Leaves_Disease\Multi_Crop_Leaves_Disease\Papaya\Unhealthy_papaya\magnesiuam\9241639358_70ecb9eb80_c.jpg,Nutrient_Deficiency
D:\Download1\Multi_Crop_Leaves_Disease\Multi_Crop_Leaves_Disease\Papaya\Unhealthy_papaya\magnesiuam\How to Grow Papaya in Pots from Seeds - Complete Guide - Homestead Gardener.jpg,Nutrient_Deficiency
D:\Download1\Multi_Crop_Leaves_Disease\Multi_Crop_Leaves_Disease\Papaya\Unhealthy_papaya\magnesiuam\img1.jpg,Nutrient_Deficiency
D:\Download1\Multi_Crop_Leaves_Disease\Multi_Crop_Leaves_Disease\Papaya\Unhealthy_papaya\magnesiuam\img2.jpg,Nutrient_Deficiency
D:\Download1\Multi_Crop_Leaves_Disease\Multi_Crop_Leaves_Disease\Papaya\Unhealthy_papaya\magnesiuam\img3.jpg,Nutrient_Deficiency
D:\Download1\Multi_Crop_Leaves_Disease\Multi_Crop_Leaves_Disease\Papaya\Unhealthy_papaya\magnesiuam\mag3.jpg,Nutrient_Deficiency
D:\Download1\Multi_Crop_Leaves_Disease\Multi_Crop_Leaves_Disease\Papaya\Unhealthy_papaya\magnesiuam\mag4.jpg,Nutrient_Deficiency
D:\Download1\Multi_Crop_Leaves_Disease\Multi_Crop_Leaves_Disease\Papaya\Unhealthy_papaya\magnesiuam\magnesium (2).jpeg,Nutrient_Deficiency
D:\Download1\Multi_Crop_Leaves_Disease\Multi_Crop_Leaves_Disease\Papaya\Unhealthy_papaya\magnesiuam\magnesium.jpeg,Nutrient_Deficiency
D:\Download1\Multi_Crop_Leaves_Disease\Multi_Crop_Leaves_Disease\Papaya\Unhealthy_papaya\magnesiuam\magnesium1.jpg,Nutrient_Deficiency
D:\Download1\Multi_Crop_Leaves_Disease\Multi_Crop_Leaves_Disease\Papaya\Unhealthy_papaya\magnesiuam\magnesium3.jpg,Nutrient_Deficiency
D:\Download1\Multi_Crop_Leaves_Disease\Multi_Crop_Leaves_Disease\Papaya\Unhealthy_papaya\magnesiuam\magnesium4.jpg,Nutrient_Deficiency
D:\Download1\Multi_Crop_Leaves_Disease\Multi_Crop_Leaves_Disease\Papaya\Unhealthy_papaya\magnesiuam\magnesium_leaf_spot.jpg,Nutrient_Deficiency
D:\Download1\Multi_Crop_Leaves_Disease\Multi_Crop_Leaves_Disease\Papaya\Unhealthy_papaya\magnesiuam\nietro_magnes.jpeg,Nutrient_Deficiency
D:\Download1\Multi_Crop_Leaves_Disease\Multi_Crop_Leaves_Disease\Papaya\Unhealthy_papaya\magnesiuam\papaya_un.jpeg,Nutrient_Deficiency
D:\Download1\Multi_Crop_Leaves_Disease\Multi_Crop_Leaves_Disease\Papaya\Unhealthy_papaya\magnesiuam\t2.jpg,Nutrient_Deficiency
D:\Download1\Multi_Crop_Leaves_Disease\Multi_Crop_Leaves_Disease\Papaya\Unhealthy_papaya\magnesiuam\t3.jpg,Nutrient_Deficiency
D:\Download1\Multi_Crop_Leaves_Disease\Multi_Crop_Leaves_Disease\Papaya\Unhealthy_papaya\magnesiuam\test2.jpg,Nutrient_Deficiency
D:\Download1\Multi_Crop_Leaves_Disease\Multi_Crop_Leaves_Disease\Papaya\Unhealthy_papaya\magnesiuam\WhatsApp Image 2026-03-31 at 10.55.21 AM.jpeg,Nutrient_Deficiency
D:\Download1\Multi_Crop_Leaves_Disease\Multi_Crop_Leaves_Disease\Papaya\Unhealthy_papaya\Mosaic\leaf curl + spider mite disorder.jpg,Bacterial_Viral_Disease
D:\Download1\Multi_Crop_Leaves_Disease\Multi_Crop_Leaves_Disease\Papaya\Unhealthy_papaya\Mosaic\mosaic1.jpg,Bacterial_Viral_Disease
D:\Download1\Multi_Crop_Leaves_Disease\Multi_Crop_Leaves_Disease\Papaya\Unhealthy_papaya\Mosaic\mosaic11.jpg,Bacterial_Viral_Disease
D:\Download1\Multi_Crop_Leaves_Disease\Multi_Crop_Leaves_Disease\Papaya\Unhealthy_papaya\Mosaic\mosaic112.jpg,Bacterial_Viral_Disease
D:\Download1\Multi_Crop_Leaves_Disease\Multi_Crop_Leaves_Disease\Papaya\Unhealthy_papaya\Mosaic\mosaic114.jpg,Bacterial_Viral_Disease
D:\Download1\Multi_Crop_Leaves_Disease\Multi_Crop_Leaves_Disease\Papaya\Unhealthy_papaya\Mosaic\mosaic122.jpg,Bacterial_Viral_Disease
D:\Download1\Multi_Crop_Leaves_Disease\Multi_Crop_Leaves_Disease\Papaya\Unhealthy_papaya\Mosaic\mosaic3.jpg,Bacterial_Viral_Disease
D:\Download1\Multi_Crop_Leaves_Disease\Multi_Crop_Leaves_Disease\Papaya\Unhealthy_papaya\Mosaic\mosaic4.jpg,Bacterial_Viral_Disease
D:\Download1\Multi_Crop_Leaves_Disease\Multi_Crop_Leaves_Disease\Papaya\Unhealthy_papaya\Mosaic\mosaic5.png,Bacterial_Viral_Disease
D:\Download1\Multi_Crop_Leaves_Disease\Multi_Crop_Leaves_Disease\Papaya\Unhealthy_papaya\Mosaic\mosaic6.png,Bacterial_Viral_Disease
D:\Download1\Multi_Crop_Leaves_Disease\Multi_Crop_Leaves_Disease\Papaya\Unhealthy_papaya\Mosaic\papaya_mosaic.png,Bacterial_Viral_Disease
D:\Download1\Multi_Crop_Leaves_Disease\Multi_Crop_Leaves_Disease\Papaya\Unhealthy_papaya\Mosaic\spider_curl1.jpg,Bacterial_Viral_Disease
D:\Download1\Multi_Crop_Leaves_Disease\Multi_Crop_Leaves_Disease\Papaya\Unhealthy_papaya\Mosaic\spider_mite2.jpg,Bacterial_Viral_Disease
D:\Download1\Multi_Crop_Leaves_Disease\Multi_Crop_Leaves_Disease\Papaya\Unhealthy_papaya\Mosaic\test1.jpg,Bacterial_Viral_Disease
D:\Download1\Multi_Crop_Leaves_Disease\Multi_Crop_Leaves_Disease\Papaya\Unhealthy_papaya\Nitrogen\9238858383_d90dc339d2_w.jpg,Nutrient_Deficiency
D:\Download1\Multi_Crop_Leaves_Disease\Multi_Crop_Leaves_Disease\Papaya\Unhealthy_papaya\Nitrogen\early_nutient.jpg,Nutrient_Deficiency
D:\Download1\Multi_Crop_Leaves_Disease\Multi_Crop_Leaves_Disease\Papaya\Unhealthy_papaya\Nitrogen\minor_nitrogen.jpeg,Nutrient_Deficiency
D:\Download1\Multi_Crop_Leaves_Disease\Multi_Crop_Leaves_Disease\Papaya\Unhealthy_papaya\Nitrogen\nitrogen1.jpg,Nutrient_Deficiency
D:\Download1\Multi_Crop_Leaves_Disease\Multi_Crop_Leaves_Disease\Papaya\Unhealthy_papaya\Nitrogen\nitrogen2.jpg,Nutrient_Deficiency
D:\Download1\Multi_Crop_Leaves_Disease\Multi_Crop_Leaves_Disease\Papaya\Unhealthy_papaya\Nitrogen\nitrogen3.jpg,Nutrient_Deficiency
D:\Download1\Multi_Crop_Leaves_Disease\Multi_Crop_Leaves_Disease\Papaya\Unhealthy_papaya\Nitrogen\nitrogen4.jpg,Nutrient_Deficiency
D:\Download1\Multi_Crop_Leaves_Disease\Multi_Crop_Leaves_Disease\Papaya\Unhealthy_papaya\Nitrogen\nitrogen5.jpg,Nutrient_Deficiency
D:\Download1\Multi_Crop_Leaves_Disease\Multi_Crop_Leaves_Disease\Papaya\Unhealthy_papaya\Nitrogen\nitrogen6.jpg,Nutrient_Deficiency
D:\Download1\Multi_Crop_Leaves_Disease\Multi_Crop_Leaves_Disease\Papaya\Unhealthy_papaya\Nitrogen\nitrogen_leaf_spot (2).jpg,Nutrient_Deficiency
D:\Download1\Multi_Crop_Leaves_Disease\Multi_Crop_Leaves_Disease\Papaya\Unhealthy_papaya\Nitrogen\nitrogen_leaf_spot.jpg,Nutrient_Deficiency
D:\Download1\Multi_Crop_Leaves_Disease\Multi_Crop_Leaves_Disease\Papaya\Unhealthy_papaya\Nitrogen\Nitro_Magnesi.jpeg,Nutrient_Deficiency
D:\Download1\Multi_Crop_Leaves_Disease\Multi_Crop_Leaves_Disease\Papaya\Unhealthy_papaya\Nitrogen\no(1).jpg,Nutrient_Deficiency
D:\Download1\Multi_Crop_Leaves_Disease\Multi_Crop_Leaves_Disease\Papaya\Unhealthy_papaya\Nitrogen\test1.jpg,Nutrient_Deficiency
D:\Download1\Multi_Crop_Leaves_Disease\Multi_Crop_Leaves_Disease\Papaya\Unhealthy_papaya\Pottasium\IMG-20260324-WA0016.jpg,Nutrient_Deficiency
D:\Download1\Multi_Crop_Leaves_Disease\Multi_Crop_Leaves_Disease\Papaya\Unhealthy_papaya\Pottasium\no6.jpg,Nutrient_Deficiency
D:\Download1\Multi_Crop_Leaves_Disease\Multi_Crop_Leaves_Disease\Papaya\Unhealthy_papaya\Pottasium\pottasium1.jpg,Nutrient_Deficiency
D:\Download1\Multi_Crop_Leaves_Disease\Multi_Crop_Leaves_Disease\Papaya\Unhealthy_papaya\Pottasium\pottasium2.jpg,Nutrient_Deficiency
D:\Download1\Multi_Crop_Leaves_Disease\Multi_Crop_Leaves_Disease\Papaya\Unhealthy_papaya\Pottasium\pottasium3.jpg,Nutrient_Deficiency
D:\Download1\Multi_Crop_Leaves_Disease\Multi_Crop_Leaves_Disease\Papaya\Unhealthy_papaya\Pottasium\pottasium4.jpg,Nutrient_Deficiency
D:\Download1\Multi_Crop_Leaves_Disease\Multi_Crop_Leaves_Disease\Papaya\Unhealthy_papaya\Pottasium\pottasium5.jpg,Nutrient_Deficiency
D:\Download1\Multi_Crop_Leaves_Disease\Multi_Crop_Leaves_Disease\Papaya\Unhealthy_papaya\Pottasium\pottasium7.jpg,Nutrient_Deficiency
D:\Download1\Multi_Crop_Leaves_Disease\Multi_Crop_Leaves_Disease\Papaya\Unhealthy_papaya\Pottasium\pottasium8.jpg,Nutrient_Deficiency
D:\Download1\Multi_Crop_Leaves_Disease\Multi_Crop_Leaves_Disease\Papaya\Unhealthy_papaya\Pottasium\pottasium9.jpg,Nutrient_Deficiency
D:\Download1\Multi_Crop_Leaves_Disease\Multi_Crop_Leaves_Disease\Papaya\Unhealthy_papaya\Pottasium\pottassium6.jpg,Nutrient_Deficiency
D:\Download1\Multi_Crop_Leaves_Disease\Multi_Crop_Leaves_Disease\Papaya\Unhealthy_papaya\Pottasium\test5.jpg,Nutrient_Deficiency
D:\Download1\Multi_Crop_Leaves_Disease\Multi_Crop_Leaves_Disease\Papaya\Unhealthy_papaya\Pottasium\test6.jpg,Nutrient_Deficiency
