image_path,original_label,crop_health,crop
D:\Download1\archive (1)\Corn Disease detection\Healthy corn\20200610_063438.jpg,Healthy corn,Healthy,maize
D:\Download1\archive (1)\Corn Disease detection\Healthy corn\20200610_063444.jpg,Healthy corn,Healthy,maize
D:\Download1\archive (1)\Corn Disease detection\Healthy corn\20200610_063447.jpg,Healthy corn,Healthy,maize
D:\Download1\archive (1)\Corn Disease detection\Healthy corn\20200610_063449.jpg,Healthy corn,Healthy,maize
D:\Download1\archive (1)\Corn Disease detection\Healthy corn\20200610_063456.jpg,Healthy corn,Healthy,maize
D:\Download1\archive (1)\Corn Disease detection\Healthy corn\20200610_063507.jpg,Healthy corn,Healthy,maize
D:\Download1\archive (1)\Corn Disease detection\Healthy corn\20200610_063514.jpg,Healthy corn,Healthy,maize
D:\Download1\archive (1)\Corn Disease detection\Healthy corn\20200610_063522.jpg,Healthy corn,Healthy,maize
D:\Download1\archive (1)\Corn Disease detection\Healthy corn\20200610_063528.jpg,Healthy corn,Healthy,maize
D:\Download1\archive (1)\Corn Disease detection\Healthy corn\20200610_063534.jpg,Healthy corn,Healthy,maize
D:\Download1\archive (1)\Corn Disease detection\Healthy corn\20200610_063539.jpg,Healthy corn,Healthy,maize
D:\Download1\archive (1)\Corn Disease detection\Healthy corn\20200610_063541.jpg,Healthy corn,Healthy,maize
D:\Download1\archive (1)\Corn Disease detection\Healthy corn\20200610_063656.jpg,Healthy corn,Healthy,maize
D:\Download1\archive (1)\Corn Disease detection\Healthy corn\20200610_063709.jpg,Healthy corn,Healthy,maize
D:\Download1\archive (1)\Corn Disease detection\Healthy corn\20200610_063711.jpg,Healthy corn,Healthy,maize
D:\Download1\archive (1)\Corn Disease detection\Healthy corn\20200610_063713.jpg,Healthy corn,Healthy,maize
D:\Download1\archive (1)\Corn Disease detection\Healthy corn\20200610_063717.jpg,Healthy corn,Healthy,maize
D:\Download1\archive (1)\Corn Disease detection\Healthy corn\20200610_063721.jpg,Healthy corn,Healthy,maize
D:\Download1\archive (1)\Corn Disease detection\Healthy corn\20200610_063725.jpg,Healthy corn,Healthy,maize
D:\Download1\archive (1)\Corn Disease detection\Healthy corn\20200610_063729.jpg,Healthy corn,Healthy,maize
D:\Download1\archive (1)\Corn Disease detection\Healthy corn\20200610_063733.jpg,Healthy corn,Healthy,maize
D:\Download1\archive (1)\Corn Disease detection\Healthy corn\20200610_063737.jpg,Healthy corn,Healthy,maize
D:\Download1\archive (1)\Corn Disease detection\Healthy corn\20200610_063738.jpg,Healthy corn,Healthy,maize
D:\Download1\archive (1)\Corn Disease detection\Healthy corn\20200610_063752.jpg,Healthy corn,Healthy,maize
D:\Download1\archive (1)\Corn Disease detection\Healthy corn\20200610_063757.jpg,Healthy corn,Healthy,maize
D:\Download1\archive (1)\Corn Disease detection\Healthy corn\20200610_063802.jpg,Healthy corn,Healthy,maize
D:\Download1\archive (1)\Corn Disease detection\Healthy corn\20200610_063809.jpg,Healthy corn,Healthy,maize
D:\Download1\archive (1)\Corn Disease detection\Healthy corn\20200610_063813.jpg,Healthy corn,Healthy,maize
D:\Download1\archive (1)\Corn Disease detection\Healthy corn\20200610_063824.jpg,Healthy corn,Healthy,maize
D:\Download1\archive (1)\Corn Disease detection\Healthy corn\20200610_063828.jpg,Healthy corn,Healthy,maize
D:\Download1\archive (1)\Corn Disease detection\Healthy corn\20200610_063832.jpg,Healthy corn,Healthy,maize
D:\Download1\archive (1)\Corn Disease detection\Healthy corn\20200610_063834.jpg,Healthy corn,Healthy,maize
D:\Download1\archive (1)\Corn Disease detection\Healthy corn\20200610_063838.jpg,Healthy corn,Healthy,maize
D:\Download1\archive (1)\Corn Disease detection\Healthy corn\20200610_063844.jpg,Healthy corn,Healthy,maize
D:\Download1\archive (1)\Corn Disease detection\Healthy corn\20200610_063955.jpg,Healthy corn,Healthy,maize
D:\Download1\archive (1)\Corn Disease detection\Healthy corn\20200610_064001.jpg,Healthy corn,Healthy,maize
D:\Download1\archive (1)\Corn Disease detection\Healthy corn\20200610_064003.jpg,Healthy corn,Healthy,maize
D:\Download1\archive (1)\Corn Disease detection\Healthy corn\20200610_064009.jpg,Healthy corn,Healthy,maize
D:\Download1\archive (1)\Corn Disease detection\Healthy corn\20200610_064013.jpg,Healthy corn,Healthy,maize
D:\Download1\archive (1)\Corn Disease detection\Healthy corn\20200610_064018.jpg,Healthy corn,Healthy,maize
D:\Download1\archive (1)\Corn Disease detection\Healthy corn\20200610_064024.jpg,Healthy corn,Healthy,maize
D:\Download1\archive (1)\Corn Disease detection\Healthy corn\20200610_064029.jpg,Healthy corn,Healthy,maize
D:\Download1\archive (1)\Corn Disease detection\Healthy corn\20200610_064033.jpg,Healthy corn,Healthy,maize
D:\Download1\archive (1)\Corn Disease detection\Healthy corn\20200610_064038.jpg,Healthy corn,Healthy,maize
D:\Download1\archive (1)\Corn Disease detection\Healthy corn\20200610_064041.jpg,Healthy corn,Healthy,maize
D:\Download1\archive (1)\Corn Disease detection\Healthy corn\20200610_064044.jpg,Healthy corn,Healthy,maize
D:\Download1\archive (1)\Corn Disease detection\Healthy corn\20200610_064049.jpg,Healthy corn,Healthy,maize
D:\Download1\archive (1)\Corn Disease detection\Healthy corn\20200610_064059.jpg,Healthy corn,Healthy,maize
D:\Download1\archive (1)\Corn Disease detection\Healthy corn\20200610_064102.jpg,Healthy corn,Healthy,maize
D:\Download1\archive (1)\Corn Disease detection\Healthy corn\20200610_064106.jpg,Healthy corn,Healthy,maize
D:\Download1\archive (1)\Corn Disease detection\Healthy corn\20200610_064110.jpg,Healthy corn,Healthy,maize
D:\Download1\archive (1)\Corn Disease detection\Healthy corn\20200610_064116.jpg,Healthy corn,Healthy,maize
D:\Download1\archive (1)\Corn Disease detection\Healthy corn\20200610_064118.jpg,Healthy corn,Healthy,maize
D:\Download1\archive (1)\Corn Disease detection\Healthy corn\20200610_064123.jpg,Healthy corn,Healthy,maize
D:\Download1\archive (1)\Corn Disease detection\Healthy corn\20200610_064127.jpg,Healthy corn,Healthy,maize
D:\Download1\archive (1)\Corn Disease detection\Healthy corn\20200610_064131.jpg,Healthy corn,Healthy,maize
D:\Download1\archive (1)\Corn Disease detection\Healthy corn\20200610_064133.jpg,Healthy corn,Healthy,maize
D:\Download1\archive (1)\Corn Disease detection\Healthy corn\20200610_064138.jpg,Healthy corn,Healthy,maize
D:\Download1\archive (1)\Corn Disease detection\Healthy corn\20200610_064143.jpg,Healthy corn,Healthy,maize
D:\Download1\archive (1)\Corn Disease detection\Healthy corn\20200610_064147.jpg,Healthy corn,Healthy,maize
D:\Download1\archive (1)\Corn Disease detection\Healthy corn\20200610_064155.jpg,Healthy corn,Healthy,maize
D:\Download1\archive (1)\Corn Disease detection\Healthy corn\20200610_064159.jpg,Healthy corn,Healthy,maize
D:\Download1\archive (1)\Corn Disease detection\Healthy corn\20200610_064203.jpg,Healthy corn,Healthy,maize
D:\Download1\archive (1)\Corn Disease detection\Healthy corn\20200610_064206.jpg,Healthy corn,Healthy,maize
D:\Download1\archive (1)\Corn Disease detection\Healthy corn\20200610_064212.jpg,Healthy corn,Healthy,maize
D:\Download1\archive (1)\Corn Disease detection\Healthy corn\20200610_064214.jpg,Healthy corn,Healthy,maize
D:\Download1\archive (1)\Corn Disease detection\Healthy corn\20200610_064217.jpg,Healthy corn,Healthy,maize
D:\Download1\archive (1)\Corn Disease detection\Healthy corn\20200610_064221.jpg,Healthy corn,Healthy,maize
D:\Download1\archive (1)\Corn Disease detection\Healthy corn\20200610_064223.jpg,Healthy corn,Healthy,maize
D:\Download1\archive (1)\Corn Disease detection\Healthy corn\20200610_064228.jpg,Healthy corn,Healthy,maize
D:\Download1\archive (1)\Corn Disease detection\Healthy corn\20200610_064236.jpg,Healthy corn,Healthy,maize
D:\Download1\archive (1)\Corn Disease detection\Healthy corn\20200610_064240.jpg,Healthy corn,Healthy,maize
D:\Download1\archive (1)\Corn Disease detection\Healthy corn\20200610_064242.jpg,Healthy corn,Healthy,maize
D:\Download1\archive (1)\Corn Disease detection\Healthy corn\20200610_064244.jpg,Healthy corn,Healthy,maize
D:\Download1\archive (1)\Corn Disease detection\Healthy corn\20200610_064246.jpg,Healthy corn,Healthy,maize
D:\Download1\archive (1)\Corn Disease detection\Healthy corn\20200610_064249.jpg,Healthy corn,Healthy,maize
D:\Download1\archive (1)\Corn Disease detection\Healthy corn\20200610_064252.jpg,Healthy corn,Healthy,maize
D:\Download1\archive (1)\Corn Disease detection\Healthy corn\20200610_064255.jpg,Healthy corn,Healthy,maize
D:\Download1\archive (1)\Corn Disease detection\Healthy corn\20200610_064258.jpg,Healthy corn,Healthy,maize
D:\Download1\archive (1)\Corn Disease detection\Healthy corn\20200610_064303.jpg,Healthy corn,Healthy,maize
D:\Download1\archive (1)\Corn Disease detection\Healthy corn\20200610_064311.jpg,Healthy corn,Healthy,maize
D:\Download1\archive (1)\Corn Disease detection\Healthy corn\20200610_064314.jpg,Healthy corn,Healthy,maize
D:\Download1\archive (1)\Corn Disease detection\Healthy corn\20200610_064316.jpg,Healthy corn,Healthy,maize
D:\Download1\archive (1)\Corn Disease detection\Healthy corn\20200610_064322.jpg,Healthy corn,Healthy,maize
D:\Download1\archive (1)\Corn Disease detection\Healthy corn\20200610_064325.jpg,Healthy corn,Healthy,maize
D:\Download1\archive (1)\Corn Disease detection\Healthy corn\20200610_064331.jpg,Healthy corn,Healthy,maize
D:\Download1\archive (1)\Corn Disease detection\Healthy corn\20200610_064334.jpg,Healthy corn,Healthy,maize
D:\Download1\archive (1)\Corn Disease detection\Healthy corn\20200610_064336.jpg,Healthy corn,Healthy,maize
D:\Download1\archive (1)\Corn Disease detection\Healthy corn\20200610_064339.jpg,Healthy corn,Healthy,maize
D:\Download1\archive (1)\Corn Disease detection\Healthy corn\20200610_064343.jpg,Healthy corn,Healthy,maize
D:\Download1\archive (1)\Corn Disease detection\Healthy corn\20200610_064346.jpg,Healthy corn,Healthy,maize
D:\Download1\archive (1)\Corn Disease detection\Healthy corn\20200610_064351.jpg,Healthy corn,Healthy,maize
D:\Download1\archive (1)\Corn Disease detection\Healthy corn\20200610_064353.jpg,Healthy corn,Healthy,maize
D:\Download1\archive (1)\Corn Disease detection\Healthy corn\20200610_064358.jpg,Healthy corn,Healthy,maize
D:\Download1\archive (1)\Corn Disease detection\Healthy corn\20200610_064401.jpg,Healthy corn,Healthy,maize
D:\Download1\archive (1)\Corn Disease detection\Healthy corn\20200610_064405.jpg,Healthy corn,Healthy,maize
D:\Download1\archive (1)\Corn Disease detection\Healthy corn\20200610_064411.jpg,Healthy corn,Healthy,maize
D:\Download1\archive (1)\Corn Disease detection\Healthy corn\20200610_064415.jpg,Healthy corn,Healthy,maize
D:\Download1\archive (1)\Corn Disease detection\Healthy corn\20200610_064428.jpg,Healthy corn,Healthy,maize
D:\Download1\archive (1)\Corn Disease detection\Healthy corn\20200610_064435.jpg,Healthy corn,Healthy,maize
D:\Download1\archive (1)\Corn Disease detection\Healthy corn\20200610_064439.jpg,Healthy corn,Healthy,maize
D:\Download1\archive (1)\Corn Disease detection\Healthy corn\20200610_064443.jpg,Healthy corn,Healthy,maize
D:\Download1\archive (1)\Corn Disease detection\Healthy corn\20200610_064451.jpg,Healthy corn,Healthy,maize
D:\Download1\archive (1)\Corn Disease detection\Healthy corn\20200610_064456.jpg,Healthy corn,Healthy,maize
D:\Download1\archive (1)\Corn Disease detection\Healthy corn\20200610_064507.jpg,Healthy corn,Healthy,maize
D:\Download1\archive (1)\Corn Disease detection\Healthy corn\20200610_064511.jpg,Healthy corn,Healthy,maize
D:\Download1\archive (1)\Corn Disease detection\Healthy corn\20200610_064514.jpg,Healthy corn,Healthy,maize
D:\Download1\archive (1)\Corn Disease detection\Healthy corn\20200610_064517.jpg,Healthy corn,Healthy,maize
D:\Download1\archive (1)\Corn Disease detection\Healthy corn\20200610_064528.jpg,Healthy corn,Healthy,maize
D:\Download1\archive (1)\Corn Disease detection\Healthy corn\20200610_064533.jpg,Healthy corn,Healthy,maize
D:\Download1\archive (1)\Corn Disease detection\Healthy corn\20200610_064540.jpg,Healthy corn,Healthy,maize
D:\Download1\archive (1)\Corn Disease detection\Healthy corn\20200610_064543.jpg,Healthy corn,Healthy,maize
D:\Download1\archive (1)\Corn Disease detection\Healthy corn\20200610_064547.jpg,Healthy corn,Healthy,maize
D:\Download1\archive (1)\Corn Disease detection\Healthy corn\20200610_064554.jpg,Healthy corn,Healthy,maize
D:\Download1\archive (1)\Corn Disease detection\Healthy corn\20200610_064559.jpg,Healthy corn,Healthy,maize
D:\Download1\archive (1)\Corn Disease detection\Healthy corn\20200610_064610.jpg,Healthy corn,Healthy,maize
D:\Download1\archive (1)\Corn Disease detection\Healthy corn\20200610_064614.jpg,Healthy corn,Healthy,maize
D:\Download1\archive (1)\Corn Disease detection\Healthy corn\20200610_064617.jpg,Healthy corn,Healthy,maize
D:\Download1\archive (1)\Corn Disease detection\Healthy corn\20200610_064622.jpg,Healthy corn,Healthy,maize
D:\Download1\archive (1)\Corn Disease detection\Healthy corn\20200610_064626.jpg,Healthy corn,Healthy,maize
D:\Download1\archive (1)\Corn Disease detection\Healthy corn\20200610_064634.jpg,Healthy corn,Healthy,maize
D:\Download1\archive (1)\Corn Disease detection\Healthy corn\20200610_064638.jpg,Healthy corn,Healthy,maize
D:\Download1\archive (1)\Corn Disease detection\Healthy corn\20200610_064646.jpg,Healthy corn,Healthy,maize
D:\Download1\archive (1)\Corn Disease detection\Healthy corn\20200610_064653.jpg,Healthy corn,Healthy,maize
D:\Download1\archive (1)\Corn Disease detection\Healthy corn\20200610_064702.jpg,Healthy corn,Healthy,maize
D:\Download1\archive (1)\Corn Disease detection\Healthy corn\20200610_064705.jpg,Healthy corn,Healthy,maize
D:\Download1\archive (1)\Corn Disease detection\Healthy corn\20200610_064712.jpg,Healthy corn,Healthy,maize
D:\Download1\archive (1)\Corn Disease detection\Healthy corn\20200610_064714.jpg,Healthy corn,Healthy,maize
D:\Download1\archive (1)\Corn Disease detection\Healthy corn\20200610_064721.jpg,Healthy corn,Healthy,maize
D:\Download1\archive (1)\Corn Disease detection\Healthy corn\20200610_064728.jpg,Healthy corn,Healthy,maize
D:\Download1\archive (1)\Corn Disease detection\Healthy corn\20200610_064743.jpg,Healthy corn,Healthy,maize
D:\Download1\archive (1)\Corn Disease detection\Healthy corn\20200610_064745.jpg,Healthy corn,Healthy,maize
D:\Download1\archive (1)\Corn Disease detection\Healthy corn\20200610_064749.jpg,Healthy corn,Healthy,maize
D:\Download1\archive (1)\Corn Disease detection\Healthy corn\20200610_064803.jpg,Healthy corn,Healthy,maize
D:\Download1\archive (1)\Corn Disease detection\Healthy corn\20200610_064805.jpg,Healthy corn,Healthy,maize
D:\Download1\archive (1)\Corn Disease detection\Healthy corn\20200610_064813.jpg,Healthy corn,Healthy,maize
D:\Download1\archive (1)\Corn Disease detection\Healthy corn\20200610_064816.jpg,Healthy corn,Healthy,maize
D:\Download1\archive (1)\Corn Disease detection\Healthy corn\20200610_064820.jpg,Healthy corn,Healthy,maize
D:\Download1\archive (1)\Corn Disease detection\Healthy corn\20200610_064827.jpg,Healthy corn,Healthy,maize
D:\Download1\archive (1)\Corn Disease detection\Healthy corn\20200610_064829.jpg,Healthy corn,Healthy,maize
D:\Download1\archive (1)\Corn Disease detection\Healthy corn\20200610_064843.jpg,Healthy corn,Healthy,maize
D:\Download1\archive (1)\Corn Disease detection\Healthy corn\20200610_064852.jpg,Healthy corn,Healthy,maize
D:\Download1\archive (1)\Corn Disease detection\Healthy corn\20200610_064901.jpg,Healthy corn,Healthy,maize
D:\Download1\archive (1)\Corn Disease detection\Healthy corn\20200610_064915.jpg,Healthy corn,Healthy,maize
D:\Download1\archive (1)\Corn Disease detection\Healthy corn\20200610_064919.jpg,Healthy corn,Healthy,maize
D:\Download1\archive (1)\Corn Disease detection\Healthy corn\20200610_064926.jpg,Healthy corn,Healthy,maize
D:\Download1\archive (1)\Corn Disease detection\Healthy corn\20200610_064928.jpg,Healthy corn,Healthy,maize
D:\Download1\archive (1)\Corn Disease detection\Healthy corn\20200610_064932.jpg,Healthy corn,Healthy,maize
D:\Download1\archive (1)\Corn Disease detection\Healthy corn\20200610_064935.jpg,Healthy corn,Healthy,maize
D:\Download1\archive (1)\Corn Disease detection\Healthy corn\20200610_064940.jpg,Healthy corn,Healthy,maize
D:\Download1\archive (1)\Corn Disease detection\Healthy corn\20200610_064943.jpg,Healthy corn,Healthy,maize
D:\Download1\archive (1)\Corn Disease detection\Healthy corn\20200610_064948.jpg,Healthy corn,Healthy,maize
D:\Download1\archive (1)\Corn Disease detection\Healthy corn\20200610_064955.jpg,Healthy corn,Healthy,maize
D:\Download1\archive (1)\Corn Disease detection\Healthy corn\20200610_064957.jpg,Healthy corn,Healthy,maize
D:\Download1\archive (1)\Corn Disease detection\Healthy corn\20200610_065001.jpg,Healthy corn,Healthy,maize
D:\Download1\archive (1)\Corn Disease detection\Healthy corn\20200610_065004.jpg,Healthy corn,Healthy,maize
D:\Download1\archive (1)\Corn Disease detection\Healthy corn\20200610_065007.jpg,Healthy corn,Healthy,maize
D:\Download1\archive (1)\Corn Disease detection\Healthy corn\20200610_065011.jpg,Healthy corn,Healthy,maize
D:\Download1\archive (1)\Corn Disease detection\Healthy corn\20200610_065014.jpg,Healthy corn,Healthy,maize
D:\Download1\archive (1)\Corn Disease detection\Healthy corn\20200610_065020.jpg,Healthy corn,Healthy,maize
D:\Download1\archive (1)\Corn Disease detection\Healthy corn\20200610_065027.jpg,Healthy corn,Healthy,maize
D:\Download1\archive (1)\Corn Disease detection\Healthy corn\20200610_065035.jpg,Healthy corn,Healthy,maize
D:\Download1\archive (1)\Corn Disease detection\Healthy corn\20200610_065040.jpg,Healthy corn,Healthy,maize
D:\Download1\archive (1)\Corn Disease detection\Healthy corn\20200610_065045.jpg,Healthy corn,Healthy,maize
D:\Download1\archive (1)\Corn Disease detection\Healthy corn\20200610_065049.jpg,Healthy corn,Healthy,maize
D:\Download1\archive (1)\Corn Disease detection\Healthy corn\20200610_065055.jpg,Healthy corn,Healthy,maize
D:\Download1\archive (1)\Corn Disease detection\Healthy corn\20200610_065058.jpg,Healthy corn,Healthy,maize
D:\Download1\archive (1)\Corn Disease detection\Healthy corn\20200610_065101.jpg,Healthy corn,Healthy,maize
D:\Download1\archive (1)\Corn Disease detection\Healthy corn\20200610_065105.jpg,Healthy corn,Healthy,maize
D:\Download1\archive (1)\Corn Disease detection\Healthy corn\20200610_065109.jpg,Healthy corn,Healthy,maize
D:\Download1\archive (1)\Corn Disease detection\Healthy corn\20200610_065115.jpg,Healthy corn,Healthy,maize
D:\Download1\archive (1)\Corn Disease detection\Healthy corn\20200610_065119.jpg,Healthy corn,Healthy,maize
D:\Download1\archive (1)\Corn Disease detection\Healthy corn\20200610_065123.jpg,Healthy corn,Healthy,maize
D:\Download1\archive (1)\Corn Disease detection\Healthy corn\20200610_065131.jpg,Healthy corn,Healthy,maize
D:\Download1\archive (1)\Corn Disease detection\Healthy corn\20200610_065134.jpg,Healthy corn,Healthy,maize
D:\Download1\archive (1)\Corn Disease detection\Healthy corn\20200610_065138.jpg,Healthy corn,Healthy,maize
D:\Download1\archive (1)\Corn Disease detection\Healthy corn\20200610_065141.jpg,Healthy corn,Healthy,maize
D:\Download1\archive (1)\Corn Disease detection\Healthy corn\20200610_065148.jpg,Healthy corn,Healthy,maize
D:\Download1\archive (1)\Corn Disease detection\Healthy corn\20200610_065156.jpg,Healthy corn,Healthy,maize
D:\Download1\archive (1)\Corn Disease detection\Healthy corn\20200610_065159.jpg,Healthy corn,Healthy,maize
D:\Download1\archive (1)\Corn Disease detection\Healthy corn\20200610_065203.jpg,Healthy corn,Healthy,maize
D:\Download1\archive (1)\Corn Disease detection\Healthy corn\20200610_065206.jpg,Healthy corn,Healthy,maize
D:\Download1\archive (1)\Corn Disease detection\Healthy corn\20200610_065210.jpg,Healthy corn,Healthy,maize
D:\Download1\archive (1)\Corn Disease detection\Healthy corn\20200610_065217.jpg,Healthy corn,Healthy,maize
D:\Download1\archive (1)\Corn Disease detection\Healthy corn\20200610_065222.jpg,Healthy corn,Healthy,maize
D:\Download1\archive (1)\Corn Disease detection\Healthy corn\20200610_065227.jpg,Healthy corn,Healthy,maize
D:\Download1\archive (1)\Corn Disease detection\Healthy corn\20200610_065232.jpg,Healthy corn,Healthy,maize
D:\Download1\archive (1)\Corn Disease detection\Healthy corn\20200610_065235.jpg,Healthy corn,Healthy,maize
D:\Download1\archive (1)\Corn Disease detection\Healthy corn\20200610_065240.jpg,Healthy corn,Healthy,maize
D:\Download1\archive (1)\Corn Disease detection\Healthy corn\20200610_065244.jpg,Healthy corn,Healthy,maize
D:\Download1\archive (1)\Corn Disease detection\Healthy corn\20200610_065251.jpg,Healthy corn,Healthy,maize
D:\Download1\archive (1)\Corn Disease detection\Healthy corn\20200610_065255.jpg,Healthy corn,Healthy,maize
D:\Download1\archive (1)\Corn Disease detection\Healthy corn\20200610_065301.jpg,Healthy corn,Healthy,maize
D:\Download1\archive (1)\Corn Disease detection\Healthy corn\20200610_065305.jpg,Healthy corn,Healthy,maize
D:\Download1\archive (1)\Corn Disease detection\Healthy corn\20200610_065310.jpg,Healthy corn,Healthy,maize
D:\Download1\archive (1)\Corn Disease detection\Healthy corn\20200610_065318.jpg,Healthy corn,Healthy,maize
D:\Download1\archive (1)\Corn Disease detection\Healthy corn\20200610_065320.jpg,Healthy corn,Healthy,maize
D:\Download1\archive (1)\Corn Disease detection\Healthy corn\20200610_065329.jpg,Healthy corn,Healthy,maize
D:\Download1\archive (1)\Corn Disease detection\Healthy corn\20200610_065332.jpg,Healthy corn,Healthy,maize
D:\Download1\archive (1)\Corn Disease detection\Healthy corn\20200610_065338.jpg,Healthy corn,Healthy,maize
D:\Download1\archive (1)\Corn Disease detection\Healthy corn\20200610_065342.jpg,Healthy corn,Healthy,maize
D:\Download1\archive (1)\Corn Disease detection\Healthy corn\20200610_065343.jpg,Healthy corn,Healthy,maize
D:\Download1\archive (1)\Corn Disease detection\Healthy corn\20200610_065345.jpg,Healthy corn,Healthy,maize
D:\Download1\archive (1)\Corn Disease detection\Healthy corn\20200610_065348.jpg,Healthy corn,Healthy,maize
D:\Download1\archive (1)\Corn Disease detection\Healthy corn\20200610_065355.jpg,Healthy corn,Healthy,maize
D:\Download1\archive (1)\Corn Disease detection\Healthy corn\20200610_065357.jpg,Healthy corn,Healthy,maize
D:\Download1\archive (1)\Corn Disease detection\Healthy corn\20200610_065400.jpg,Healthy corn,Healthy,maize
D:\Download1\archive (1)\Corn Disease detection\Healthy corn\20200610_065405.jpg,Healthy corn,Healthy,maize
D:\Download1\archive (1)\Corn Disease detection\Healthy corn\20200610_065413.jpg,Healthy corn,Healthy,maize
D:\Download1\archive (1)\Corn Disease detection\Healthy corn\20200610_065416.jpg,Healthy corn,Healthy,maize
D:\Download1\archive (1)\Corn Disease detection\Healthy corn\20200610_065420.jpg,Healthy corn,Healthy,maize
D:\Download1\archive (1)\Corn Disease detection\Healthy corn\20200610_065423.jpg,Healthy corn,Healthy,maize
D:\Download1\archive (1)\Corn Disease detection\Healthy corn\20200610_065429.jpg,Healthy corn,Healthy,maize
D:\Download1\archive (1)\Corn Disease detection\Healthy corn\20200610_065432.jpg,Healthy corn,Healthy,maize
D:\Download1\archive (1)\Corn Disease detection\Healthy corn\20200610_065437.jpg,Healthy corn,Healthy,maize
D:\Download1\archive (1)\Corn Disease detection\Healthy corn\20200610_065441.jpg,Healthy corn,Healthy,maize
D:\Download1\archive (1)\Corn Disease detection\Healthy corn\20200610_065444.jpg,Healthy corn,Healthy,maize
D:\Download1\archive (1)\Corn Disease detection\Healthy corn\20200610_065450.jpg,Healthy corn,Healthy,maize
D:\Download1\archive (1)\Corn Disease detection\Healthy corn\20200610_065453.jpg,Healthy corn,Healthy,maize
D:\Download1\archive (1)\Corn Disease detection\Healthy corn\20200610_065456.jpg,Healthy corn,Healthy,maize
D:\Download1\archive (1)\Corn Disease detection\Healthy corn\20200610_065500.jpg,Healthy corn,Healthy,maize
D:\Download1\archive (1)\Corn Disease detection\Healthy corn\20200610_065505.jpg,Healthy corn,Healthy,maize
D:\Download1\archive (1)\Corn Disease detection\Healthy corn\20200610_065507.jpg,Healthy corn,Healthy,maize
D:\Download1\archive (1)\Corn Disease detection\Healthy corn\20200610_065514.jpg,Healthy corn,Healthy,maize
D:\Download1\archive (1)\Corn Disease detection\Healthy corn\20200610_065516.jpg,Healthy corn,Healthy,maize
D:\Download1\archive (1)\Corn Disease detection\Healthy corn\20200610_065519.jpg,Healthy corn,Healthy,maize
D:\Download1\archive (1)\Corn Disease detection\Healthy corn\20200610_065525.jpg,Healthy corn,Healthy,maize
D:\Download1\archive (1)\Corn Disease detection\Healthy corn\20200610_065544.jpg,Healthy corn,Healthy,maize
D:\Download1\archive (1)\Corn Disease detection\Healthy corn\20200610_065548.jpg,Healthy corn,Healthy,maize
D:\Download1\archive (1)\Corn Disease detection\Healthy corn\20200610_065552.jpg,Healthy corn,Healthy,maize
D:\Download1\archive (1)\Corn Disease detection\Healthy corn\20200610_065554.jpg,Healthy corn,Healthy,maize
D:\Download1\archive (1)\Corn Disease detection\Healthy corn\20200610_065559.jpg,Healthy corn,Healthy,maize
D:\Download1\archive (1)\Corn Disease detection\Healthy corn\20200610_065602.jpg,Healthy corn,Healthy,maize
D:\Download1\archive (1)\Corn Disease detection\Healthy corn\20200610_065605.jpg,Healthy corn,Healthy,maize
D:\Download1\archive (1)\Corn Disease detection\Healthy corn\20200612_103052.jpg,Healthy corn,Healthy,maize
D:\Download1\archive (1)\Corn Disease detection\Healthy corn\20200612_103105.jpg,Healthy corn,Healthy,maize
D:\Download1\archive (1)\Corn Disease detection\Healthy corn\20200612_103657.jpg,Healthy corn,Healthy,maize
D:\Download1\archive (1)\Corn Disease detection\Healthy corn\20200612_103705.jpg,Healthy corn,Healthy,maize
D:\Download1\archive (1)\Corn Disease detection\Healthy corn\20200612_103717.jpg,Healthy corn,Healthy,maize
D:\Download1\archive (1)\Corn Disease detection\Healthy corn\20200612_103720.jpg,Healthy corn,Healthy,maize
D:\Download1\archive (1)\Corn Disease detection\Healthy corn\20200612_103726.jpg,Healthy corn,Healthy,maize
D:\Download1\archive (1)\Corn Disease detection\Healthy corn\20200612_103735.jpg,Healthy corn,Healthy,maize
D:\Download1\archive (1)\Corn Disease detection\Healthy corn\20200612_103736.jpg,Healthy corn,Healthy,maize
D:\Download1\archive (1)\Corn Disease detection\Healthy corn\20200612_103739.jpg,Healthy corn,Healthy,maize
D:\Download1\archive (1)\Corn Disease detection\Healthy corn\20200612_103744.jpg,Healthy corn,Healthy,maize
D:\Download1\archive (1)\Corn Disease detection\Healthy corn\20200612_103746.jpg,Healthy corn,Healthy,maize
D:\Download1\archive (1)\Corn Disease detection\Healthy corn\20200612_103750.jpg,Healthy corn,Healthy,maize
D:\Download1\archive (1)\Corn Disease detection\Healthy corn\20200612_103751.jpg,Healthy corn,Healthy,maize
D:\Download1\archive (1)\Corn Disease detection\Healthy corn\20200612_103753.jpg,Healthy corn,Healthy,maize
D:\Download1\archive (1)\Corn Disease detection\Healthy corn\20200612_103755.jpg,Healthy corn,Healthy,maize
D:\Download1\archive (1)\Corn Disease detection\Healthy corn\20200612_103756.jpg,Healthy corn,Healthy,maize
D:\Download1\archive (1)\Corn Disease detection\Healthy corn\20200612_103757(0).jpg,Healthy corn,Healthy,maize
D:\Download1\archive (1)\Corn Disease detection\Healthy corn\20200612_103757.jpg,Healthy corn,Healthy,maize
D:\Download1\archive (1)\Corn Disease detection\Healthy corn\20200612_103802(0).jpg,Healthy corn,Healthy,maize
D:\Download1\archive (1)\Corn Disease detection\Healthy corn\20200612_103802.jpg,Healthy corn,Healthy,maize
D:\Download1\archive (1)\Corn Disease detection\Healthy corn\20200612_103806.jpg,Healthy corn,Healthy,maize
D:\Download1\archive (1)\Corn Disease detection\Healthy corn\20200612_103807.jpg,Healthy corn,Healthy,maize
D:\Download1\archive (1)\Corn Disease detection\Healthy corn\20200612_103808(0).jpg,Healthy corn,Healthy,maize
D:\Download1\archive (1)\Corn Disease detection\Healthy corn\20200612_103808.jpg,Healthy corn,Healthy,maize
D:\Download1\archive (1)\Corn Disease detection\Healthy corn\20200612_103809.jpg,Healthy corn,Healthy,maize
D:\Download1\archive (1)\Corn Disease detection\Healthy corn\20200612_103810.jpg,Healthy corn,Healthy,maize
D:\Download1\archive (1)\Corn Disease detection\Healthy corn\20200612_103811.jpg,Healthy corn,Healthy,maize
D:\Download1\archive (1)\Corn Disease detection\Healthy corn\20200612_103812.jpg,Healthy corn,Healthy,maize
D:\Download1\archive (1)\Corn Disease detection\Healthy corn\20200612_103816(0).jpg,Healthy corn,Healthy,maize
D:\Download1\archive (1)\Corn Disease detection\Healthy corn\20200612_103816.jpg,Healthy corn,Healthy,maize
D:\Download1\archive (1)\Corn Disease detection\Healthy corn\20200612_103819.jpg,Healthy corn,Healthy,maize
D:\Download1\archive (1)\Corn Disease detection\Healthy corn\20200612_103820.jpg,Healthy corn,Healthy,maize
D:\Download1\archive (1)\Corn Disease detection\Healthy corn\20200612_103822.jpg,Healthy corn,Healthy,maize
D:\Download1\archive (1)\Corn Disease detection\Healthy corn\20200612_103823.jpg,Healthy corn,Healthy,maize
D:\Download1\archive (1)\Corn Disease detection\Healthy corn\20200612_103824.jpg,Healthy corn,Healthy,maize
D:\Download1\archive (1)\Corn Disease detection\Healthy corn\20200612_103827.jpg,Healthy corn,Healthy,maize
D:\Download1\archive (1)\Corn Disease detection\Healthy corn\20200612_103830.jpg,Healthy corn,Healthy,maize
D:\Download1\archive (1)\Corn Disease detection\Healthy corn\20200612_103831.jpg,Healthy corn,Healthy,maize
D:\Download1\archive (1)\Corn Disease detection\Healthy corn\20200612_103832.jpg,Healthy corn,Healthy,maize
D:\Download1\archive (1)\Corn Disease detection\Healthy corn\20200612_103833.jpg,Healthy corn,Healthy,maize
D:\Download1\archive (1)\Corn Disease detection\Healthy corn\20200612_103835.jpg,Healthy corn,Healthy,maize
D:\Download1\archive (1)\Corn Disease detection\Healthy corn\20200612_103906.jpg,Healthy corn,Healthy,maize
D:\Download1\archive (1)\Corn Disease detection\Healthy corn\20200612_103907.jpg,Healthy corn,Healthy,maize
D:\Download1\archive (1)\Corn Disease detection\Healthy corn\20200612_103908.jpg,Healthy corn,Healthy,maize
D:\Download1\archive (1)\Corn Disease detection\Healthy corn\20200612_103911.jpg,Healthy corn,Healthy,maize
D:\Download1\archive (1)\Corn Disease detection\Healthy corn\20200612_103932.jpg,Healthy corn,Healthy,maize
D:\Download1\archive (1)\Corn Disease detection\Healthy corn\20200612_103936.jpg,Healthy corn,Healthy,maize
D:\Download1\archive (1)\Corn Disease detection\Healthy corn\20200612_103937.jpg,Healthy corn,Healthy,maize
D:\Download1\archive (1)\Corn Disease detection\Healthy corn\20200612_103938.jpg,Healthy corn,Healthy,maize
D:\Download1\archive (1)\Corn Disease detection\Healthy corn\20200612_103941.jpg,Healthy corn,Healthy,maize
D:\Download1\archive (1)\Corn Disease detection\Healthy corn\20200612_103942.jpg,Healthy corn,Healthy,maize
D:\Download1\archive (1)\Corn Disease detection\Healthy corn\20200612_103943.jpg,Healthy corn,Healthy,maize
D:\Download1\archive (1)\Corn Disease detection\Healthy corn\20200612_103952.jpg,Healthy corn,Healthy,maize
D:\Download1\archive (1)\Corn Disease detection\Healthy corn\20200612_103953.jpg,Healthy corn,Healthy,maize
D:\Download1\archive (1)\Corn Disease detection\Healthy corn\20200612_103954.jpg,Healthy corn,Healthy,maize
D:\Download1\archive (1)\Corn Disease detection\Healthy corn\20200612_104001.jpg,Healthy corn,Healthy,maize
D:\Download1\archive (1)\Corn Disease detection\Healthy corn\20200612_104003.jpg,Healthy corn,Healthy,maize
D:\Download1\archive (1)\Corn Disease detection\Healthy corn\20200612_104011.jpg,Healthy corn,Healthy,maize
D:\Download1\archive (1)\Corn Disease detection\Healthy corn\20200612_104012.jpg,Healthy corn,Healthy,maize
D:\Download1\archive (1)\Corn Disease detection\Healthy corn\20200612_104015.jpg,Healthy corn,Healthy,maize
D:\Download1\archive (1)\Corn Disease detection\Healthy corn\20200612_104016.jpg,Healthy corn,Healthy,maize
D:\Download1\archive (1)\Corn Disease detection\Healthy corn\20200612_104040.jpg,Healthy corn,Healthy,maize
D:\Download1\archive (1)\Corn Disease detection\Healthy corn\20200612_104042.jpg,Healthy corn,Healthy,maize
D:\Download1\archive (1)\Corn Disease detection\Healthy corn\20200612_104046.jpg,Healthy corn,Healthy,maize
D:\Download1\archive (1)\Corn Disease detection\Healthy corn\20200612_104047.jpg,Healthy corn,Healthy,maize
D:\Download1\archive (1)\Corn Disease detection\Healthy corn\20200612_104048.jpg,Healthy corn,Healthy,maize
D:\Download1\archive (1)\Corn Disease detection\Healthy corn\20200612_104049.jpg,Healthy corn,Healthy,maize
D:\Download1\archive (1)\Corn Disease detection\Healthy corn\20200612_104050.jpg,Healthy corn,Healthy,maize
D:\Download1\archive (1)\Corn Disease detection\Healthy corn\20200612_104057.jpg,Healthy corn,Healthy,maize
D:\Download1\archive (1)\Corn Disease detection\Healthy corn\20200612_104059.jpg,Healthy corn,Healthy,maize
D:\Download1\archive (1)\Corn Disease detection\Healthy corn\20200612_104102.jpg,Healthy corn,Healthy,maize
D:\Download1\archive (1)\Corn Disease detection\Healthy corn\20200612_104103.jpg,Healthy corn,Healthy,maize
D:\Download1\archive (1)\Corn Disease detection\Healthy corn\20200612_104105.jpg,Healthy corn,Healthy,maize
D:\Download1\archive (1)\Corn Disease detection\Healthy corn\20200612_104107.jpg,Healthy corn,Healthy,maize
D:\Download1\archive (1)\Corn Disease detection\Healthy corn\20200612_104108.jpg,Healthy corn,Healthy,maize
D:\Download1\archive (1)\Corn Disease detection\Healthy corn\20200612_104110.jpg,Healthy corn,Healthy,maize
D:\Download1\archive (1)\Corn Disease detection\Healthy corn\20200612_104112.jpg,Healthy corn,Healthy,maize
D:\Download1\archive (1)\Corn Disease detection\Healthy corn\20200612_104113.jpg,Healthy corn,Healthy,maize
D:\Download1\archive (1)\Corn Disease detection\Healthy corn\20200612_104116.jpg,Healthy corn,Healthy,maize
D:\Download1\archive (1)\Corn Disease detection\Healthy corn\20200612_104119.jpg,Healthy corn,Healthy,maize
D:\Download1\archive (1)\Corn Disease detection\Healthy corn\20200612_104120.jpg,Healthy corn,Healthy,maize
D:\Download1\archive (1)\Corn Disease detection\Healthy corn\20200612_104123.jpg,Healthy corn,Healthy,maize
D:\Download1\archive (1)\Corn Disease detection\Healthy corn\20200612_104125.jpg,Healthy corn,Healthy,maize
D:\Download1\archive (1)\Corn Disease detection\Healthy corn\20200612_104126.jpg,Healthy corn,Healthy,maize
D:\Download1\archive (1)\Corn Disease detection\Healthy corn\20200612_104128.jpg,Healthy corn,Healthy,maize
D:\Download1\archive (1)\Corn Disease detection\Healthy corn\20200612_104131.jpg,Healthy corn,Healthy,maize
D:\Download1\archive (1)\Corn Disease detection\Healthy corn\20200612_104133.jpg,Healthy corn,Healthy,maize
D:\Download1\archive (1)\Corn Disease detection\Healthy corn\20200612_104134.jpg,Healthy corn,Healthy,maize
D:\Download1\archive (1)\Corn Disease detection\Healthy corn\20200612_104135.jpg,Healthy corn,Healthy,maize
D:\Download1\archive (1)\Corn Disease detection\Healthy corn\20200612_104205.jpg,Healthy corn,Healthy,maize
D:\Download1\archive (1)\Corn Disease detection\Healthy corn\20200612_104207.jpg,Healthy corn,Healthy,maize
D:\Download1\archive (1)\Corn Disease detection\Healthy corn\20200612_104208.jpg,Healthy corn,Healthy,maize
D:\Download1\archive (1)\Corn Disease detection\Healthy corn\20200612_104213.jpg,Healthy corn,Healthy,maize
D:\Download1\archive (1)\Corn Disease detection\Healthy corn\20200612_104214.jpg,Healthy corn,Healthy,maize
D:\Download1\archive (1)\Corn Disease detection\Healthy corn\20200612_104216.jpg,Healthy corn,Healthy,maize
D:\Download1\archive (1)\Corn Disease detection\Healthy corn\20200612_104226.jpg,Healthy corn,Healthy,maize
D:\Download1\archive (1)\Corn Disease detection\Healthy corn\20200612_104233(0).jpg,Healthy corn,Healthy,maize
D:\Download1\archive (1)\Corn Disease detection\Healthy corn\20200612_104233.jpg,Healthy corn,Healthy,maize
D:\Download1\archive (1)\Corn Disease detection\Healthy corn\20200612_104234.jpg,Healthy corn,Healthy,maize
D:\Download1\archive (1)\Corn Disease detection\Healthy corn\20200612_104235.jpg,Healthy corn,Healthy,maize
D:\Download1\archive (1)\Corn Disease detection\Healthy corn\20200612_104237.jpg,Healthy corn,Healthy,maize
D:\Download1\archive (1)\Corn Disease detection\Healthy corn\20200612_104238.jpg,Healthy corn,Healthy,maize
D:\Download1\archive (1)\Corn Disease detection\Healthy corn\20200612_104240(0).jpg,Healthy corn,Healthy,maize
D:\Download1\archive (1)\Corn Disease detection\Healthy corn\20200612_104240.jpg,Healthy corn,Healthy,maize
D:\Download1\archive (1)\Corn Disease detection\Healthy corn\20200612_104241(0).jpg,Healthy corn,Healthy,maize
D:\Download1\archive (1)\Corn Disease detection\Healthy corn\20200612_104241.jpg,Healthy corn,Healthy,maize
D:\Download1\archive (1)\Corn Disease detection\Healthy corn\20200612_104242.jpg,Healthy corn,Healthy,maize
D:\Download1\archive (1)\Corn Disease detection\Healthy corn\20200612_104243(0).jpg,Healthy corn,Healthy,maize
D:\Download1\archive (1)\Corn Disease detection\Healthy corn\20200612_104243.jpg,Healthy corn,Healthy,maize
D:\Download1\archive (1)\Corn Disease detection\Healthy corn\20200612_104244.jpg,Healthy corn,Healthy,maize
D:\Download1\archive (1)\Corn Disease detection\Healthy corn\20200612_104245(0).jpg,Healthy corn,Healthy,maize
D:\Download1\archive (1)\Corn Disease detection\Healthy corn\20200612_104245.jpg,Healthy corn,Healthy,maize
D:\Download1\archive (1)\Corn Disease detection\Healthy corn\20200612_104246.jpg,Healthy corn,Healthy,maize
D:\Download1\archive (1)\Corn Disease detection\Healthy corn\20200612_104300.jpg,Healthy corn,Healthy,maize
D:\Download1\archive (1)\Corn Disease detection\Healthy corn\20200612_104314.jpg,Healthy corn,Healthy,maize
D:\Download1\archive (1)\Corn Disease detection\Healthy corn\20200612_104315.jpg,Healthy corn,Healthy,maize
D:\Download1\archive (1)\Corn Disease detection\Healthy corn\20200612_104316.jpg,Healthy corn,Healthy,maize
D:\Download1\archive (1)\Corn Disease detection\Healthy corn\20200612_104317.jpg,Healthy corn,Healthy,maize
D:\Download1\archive (1)\Corn Disease detection\Healthy corn\20200612_104319.jpg,Healthy corn,Healthy,maize
D:\Download1\archive (1)\Corn Disease detection\Healthy corn\20200612_104320.jpg,Healthy corn,Healthy,maize
D:\Download1\archive (1)\Corn Disease detection\Healthy corn\20200612_104322.jpg,Healthy corn,Healthy,maize
D:\Download1\archive (1)\Corn Disease detection\Healthy corn\20200612_104326(0).jpg,Healthy corn,Healthy,maize
D:\Download1\archive (1)\Corn Disease detection\Healthy corn\20200612_104326.jpg,Healthy corn,Healthy,maize
D:\Download1\archive (1)\Corn Disease detection\Healthy corn\20200612_104328(0).jpg,Healthy corn,Healthy,maize
D:\Download1\archive (1)\Corn Disease detection\Healthy corn\20200612_104328.jpg,Healthy corn,Healthy,maize
D:\Download1\archive (1)\Corn Disease detection\Healthy corn\20200612_104329(0).jpg,Healthy corn,Healthy,maize
D:\Download1\archive (1)\Corn Disease detection\Healthy corn\20200612_104329.jpg,Healthy corn,Healthy,maize
D:\Download1\archive (1)\Corn Disease detection\Healthy corn\20200612_104330.jpg,Healthy corn,Healthy,maize
D:\Download1\archive (1)\Corn Disease detection\Healthy corn\20200612_104331.jpg,Healthy corn,Healthy,maize
D:\Download1\archive (1)\Corn Disease detection\Healthy corn\20200612_104332.jpg,Healthy corn,Healthy,maize
D:\Download1\archive (1)\Corn Disease detection\Healthy corn\20200612_104333.jpg,Healthy corn,Healthy,maize
D:\Download1\archive (1)\Corn Disease detection\Healthy corn\20200612_104334.jpg,Healthy corn,Healthy,maize
D:\Download1\archive (1)\Corn Disease detection\Healthy corn\20200612_104336.jpg,Healthy corn,Healthy,maize
D:\Download1\archive (1)\Corn Disease detection\Healthy corn\20200612_104337(0).jpg,Healthy corn,Healthy,maize
D:\Download1\archive (1)\Corn Disease detection\Healthy corn\20200612_104337.jpg,Healthy corn,Healthy,maize
D:\Download1\archive (1)\Corn Disease detection\Healthy corn\20200612_104338.jpg,Healthy corn,Healthy,maize
D:\Download1\archive (1)\Corn Disease detection\Healthy corn\20200612_104339.jpg,Healthy corn,Healthy,maize
D:\Download1\archive (1)\Corn Disease detection\Healthy corn\20200612_104340(0).jpg,Healthy corn,Healthy,maize
D:\Download1\archive (1)\Corn Disease detection\Healthy corn\20200612_104340.jpg,Healthy corn,Healthy,maize
D:\Download1\archive (1)\Corn Disease detection\Healthy corn\20200612_104341.jpg,Healthy corn,Healthy,maize
D:\Download1\archive (1)\Corn Disease detection\Healthy corn\20200612_104342.jpg,Healthy corn,Healthy,maize
D:\Download1\archive (1)\Corn Disease detection\Healthy corn\20200612_104343.jpg,Healthy corn,Healthy,maize
D:\Download1\archive (1)\Corn Disease detection\Healthy corn\20200612_104346(0).jpg,Healthy corn,Healthy,maize
D:\Download1\archive (1)\Corn Disease detection\Healthy corn\20200612_104346.jpg,Healthy corn,Healthy,maize
D:\Download1\archive (1)\Corn Disease detection\Healthy corn\20200612_104347.jpg,Healthy corn,Healthy,maize
D:\Download1\archive (1)\Corn Disease detection\Healthy corn\20200612_104348.jpg,Healthy corn,Healthy,maize
D:\Download1\archive (1)\Corn Disease detection\Healthy corn\20200612_104350.jpg,Healthy corn,Healthy,maize
D:\Download1\archive (1)\Corn Disease detection\Healthy corn\20200612_104351.jpg,Healthy corn,Healthy,maize
D:\Download1\archive (1)\Corn Disease detection\Healthy corn\20200612_104400.jpg,Healthy corn,Healthy,maize
D:\Download1\archive (1)\Corn Disease detection\Healthy corn\20200612_104401.jpg,Healthy corn,Healthy,maize
D:\Download1\archive (1)\Corn Disease detection\Healthy corn\20200612_104402(0).jpg,Healthy corn,Healthy,maize
D:\Download1\archive (1)\Corn Disease detection\Healthy corn\20200612_104402.jpg,Healthy corn,Healthy,maize
D:\Download1\archive (1)\Corn Disease detection\Healthy corn\20200612_104403.jpg,Healthy corn,Healthy,maize
D:\Download1\archive (1)\Corn Disease detection\Healthy corn\20200612_104451.jpg,Healthy corn,Healthy,maize
D:\Download1\archive (1)\Corn Disease detection\Healthy corn\20200612_104456(0).jpg,Healthy corn,Healthy,maize
D:\Download1\archive (1)\Corn Disease detection\Healthy corn\20200612_104456.jpg,Healthy corn,Healthy,maize
D:\Download1\archive (1)\Corn Disease detection\Healthy corn\20200612_104457.jpg,Healthy corn,Healthy,maize
D:\Download1\archive (1)\Corn Disease detection\Healthy corn\20200612_104504.jpg,Healthy corn,Healthy,maize
D:\Download1\archive (1)\Corn Disease detection\Healthy corn\20200612_104505.jpg,Healthy corn,Healthy,maize
D:\Download1\archive (1)\Corn Disease detection\Healthy corn\20200612_104507.jpg,Healthy corn,Healthy,maize
D:\Download1\archive (1)\Corn Disease detection\Healthy corn\20200612_104508(0).jpg,Healthy corn,Healthy,maize
D:\Download1\archive (1)\Corn Disease detection\Healthy corn\20200612_104508.jpg,Healthy corn,Healthy,maize
D:\Download1\archive (1)\Corn Disease detection\Healthy corn\20200612_104509.jpg,Healthy corn,Healthy,maize
D:\Download1\archive (1)\Corn Disease detection\Healthy corn\20200612_104513(0).jpg,Healthy corn,Healthy,maize
D:\Download1\archive (1)\Corn Disease detection\Healthy corn\20200612_104513.jpg,Healthy corn,Healthy,maize
D:\Download1\archive (1)\Corn Disease detection\Healthy corn\20200612_104514(0).jpg,Healthy corn,Healthy,maize
D:\Download1\archive (1)\Corn Disease detection\Healthy corn\20200612_104514.jpg,Healthy corn,Healthy,maize
D:\Download1\archive (1)\Corn Disease detection\Healthy corn\20200612_104515.jpg,Healthy corn,Healthy,maize
D:\Download1\archive (1)\Corn Disease detection\Healthy corn\20200612_104516.jpg,Healthy corn,Healthy,maize
D:\Download1\archive (1)\Corn Disease detection\Healthy corn\20200612_104517(0).jpg,Healthy corn,Healthy,maize
D:\Download1\archive (1)\Corn Disease detection\Healthy corn\20200612_104518.jpg,Healthy corn,Healthy,maize
D:\Download1\archive (1)\Corn Disease detection\Healthy corn\20200612_104519.jpg,Healthy corn,Healthy,maize
D:\Download1\archive (1)\Corn Disease detection\Healthy corn\20200612_104520(0).jpg,Healthy corn,Healthy,maize
D:\Download1\archive (1)\Corn Disease detection\Healthy corn\20200612_104520.jpg,Healthy corn,Healthy,maize
D:\Download1\archive (1)\Corn Disease detection\Healthy corn\20200612_104521(0).jpg,Healthy corn,Healthy,maize
D:\Download1\archive (1)\Corn Disease detection\Healthy corn\20200612_104521.jpg,Healthy corn,Healthy,maize
D:\Download1\archive (1)\Corn Disease detection\Healthy corn\20200612_104522(0).jpg,Healthy corn,Healthy,maize
D:\Download1\archive (1)\Corn Disease detection\Healthy corn\20200612_104522.jpg,Healthy corn,Healthy,maize
D:\Download1\archive (1)\Corn Disease detection\Healthy corn\20200612_104523(0).jpg,Healthy corn,Healthy,maize
D:\Download1\archive (1)\Corn Disease detection\Healthy corn\20200612_104523.jpg,Healthy corn,Healthy,maize
D:\Download1\archive (1)\Corn Disease detection\Healthy corn\20200612_104524.jpg,Healthy corn,Healthy,maize
D:\Download1\archive (1)\Corn Disease detection\Healthy corn\20200612_104525(0).jpg,Healthy corn,Healthy,maize
D:\Download1\archive (1)\Corn Disease detection\Healthy corn\20200612_104525.jpg,Healthy corn,Healthy,maize
D:\Download1\archive (1)\Corn Disease detection\Healthy corn\20200612_104526(0).jpg,Healthy corn,Healthy,maize
D:\Download1\archive (1)\Corn Disease detection\Healthy corn\20200612_104526.jpg,Healthy corn,Healthy,maize
D:\Download1\archive (1)\Corn Disease detection\Healthy corn\20200612_104527.jpg,Healthy corn,Healthy,maize
D:\Download1\archive (1)\Corn Disease detection\Healthy corn\20200612_104528.jpg,Healthy corn,Healthy,maize
D:\Download1\archive (1)\Corn Disease detection\Healthy corn\20200612_104529(0).jpg,Healthy corn,Healthy,maize
D:\Download1\archive (1)\Corn Disease detection\Healthy corn\20200612_104529.jpg,Healthy corn,Healthy,maize
D:\Download1\archive (1)\Corn Disease detection\Healthy corn\20200612_104530(0).jpg,Healthy corn,Healthy,maize
D:\Download1\archive (1)\Corn Disease detection\Healthy corn\20200612_104530.jpg,Healthy corn,Healthy,maize
D:\Download1\archive (1)\Corn Disease detection\Healthy corn\20200612_104531(0).jpg,Healthy corn,Healthy,maize
D:\Download1\archive (1)\Corn Disease detection\Healthy corn\20200612_104531.jpg,Healthy corn,Healthy,maize
D:\Download1\archive (1)\Corn Disease detection\Healthy corn\20200612_104532(0).jpg,Healthy corn,Healthy,maize
D:\Download1\archive (1)\Corn Disease detection\Healthy corn\20200612_104532.jpg,Healthy corn,Healthy,maize
D:\Download1\archive (1)\Corn Disease detection\Healthy corn\20200612_104533.jpg,Healthy corn,Healthy,maize
D:\Download1\archive (1)\Corn Disease detection\Healthy corn\20200612_104534.jpg,Healthy corn,Healthy,maize
D:\Download1\archive (1)\Corn Disease detection\Healthy corn\20200612_104535(0).jpg,Healthy corn,Healthy,maize
D:\Download1\archive (1)\Corn Disease detection\Healthy corn\20200612_104535.jpg,Healthy corn,Healthy,maize
D:\Download1\archive (1)\Corn Disease detection\Healthy corn\20200612_104536.jpg,Healthy corn,Healthy,maize
D:\Download1\archive (1)\Corn Disease detection\Healthy corn\20200612_104539(0).jpg,Healthy corn,Healthy,maize
D:\Download1\archive (1)\Corn Disease detection\Healthy corn\20200612_104539.jpg,Healthy corn,Healthy,maize
D:\Download1\archive (1)\Corn Disease detection\Healthy corn\20200612_104540.jpg,Healthy corn,Healthy,maize
D:\Download1\archive (1)\Corn Disease detection\Healthy corn\20200612_104542(0).jpg,Healthy corn,Healthy,maize
D:\Download1\archive (1)\Corn Disease detection\Healthy corn\20200612_104542.jpg,Healthy corn,Healthy,maize
D:\Download1\archive (1)\Corn Disease detection\Healthy corn\20200612_104543.jpg,Healthy corn,Healthy,maize
D:\Download1\archive (1)\Corn Disease detection\Healthy corn\20200612_104544(0).jpg,Healthy corn,Healthy,maize
D:\Download1\archive (1)\Corn Disease detection\Healthy corn\20200612_104544.jpg,Healthy corn,Healthy,maize
D:\Download1\archive (1)\Corn Disease detection\Healthy corn\20200612_104545.jpg,Healthy corn,Healthy,maize
D:\Download1\archive (1)\Corn Disease detection\Healthy corn\20200612_104546(0).jpg,Healthy corn,Healthy,maize
D:\Download1\archive (1)\Corn Disease detection\Healthy corn\20200612_104546.jpg,Healthy corn,Healthy,maize
D:\Download1\archive (1)\Corn Disease detection\Healthy corn\20200612_104547.jpg,Healthy corn,Healthy,maize
D:\Download1\archive (1)\Corn Disease detection\Healthy corn\20200612_104548.jpg,Healthy corn,Healthy,maize
D:\Download1\archive (1)\Corn Disease detection\Healthy corn\20200612_104602.jpg,Healthy corn,Healthy,maize
D:\Download1\archive (1)\Corn Disease detection\Healthy corn\20200612_104603.jpg,Healthy corn,Healthy,maize
D:\Download1\archive (1)\Corn Disease detection\Healthy corn\20200612_104620.jpg,Healthy corn,Healthy,maize
D:\Download1\archive (1)\Corn Disease detection\Healthy corn\20200612_104621(0).jpg,Healthy corn,Healthy,maize
D:\Download1\archive (1)\Corn Disease detection\Healthy corn\20200612_104621.jpg,Healthy corn,Healthy,maize
D:\Download1\archive (1)\Corn Disease detection\Healthy corn\20200612_104622.jpg,Healthy corn,Healthy,maize
D:\Download1\archive (1)\Corn Disease detection\Healthy corn\20200612_104623.jpg,Healthy corn,Healthy,maize
D:\Download1\archive (1)\Corn Disease detection\Healthy corn\20200612_104624.jpg,Healthy corn,Healthy,maize
D:\Download1\archive (1)\Corn Disease detection\Healthy corn\20200612_104625.jpg,Healthy corn,Healthy,maize
D:\Download1\archive (1)\Corn Disease detection\Healthy corn\20200612_104626(0).jpg,Healthy corn,Healthy,maize
D:\Download1\archive (1)\Corn Disease detection\Healthy corn\20200612_104626.jpg,Healthy corn,Healthy,maize
D:\Download1\archive (1)\Corn Disease detection\Healthy corn\20200612_104627(0).jpg,Healthy corn,Healthy,maize
D:\Download1\archive (1)\Corn Disease detection\Healthy corn\20200612_104627.jpg,Healthy corn,Healthy,maize
D:\Download1\archive (1)\Corn Disease detection\Healthy corn\20200612_104628.jpg,Healthy corn,Healthy,maize
D:\Download1\archive (1)\Corn Disease detection\Healthy corn\20200612_104630.jpg,Healthy corn,Healthy,maize
D:\Download1\archive (1)\Corn Disease detection\Healthy corn\20200612_104631(0).jpg,Healthy corn,Healthy,maize
D:\Download1\archive (1)\Corn Disease detection\Healthy corn\20200612_104631.jpg,Healthy corn,Healthy,maize
D:\Download1\archive (1)\Corn Disease detection\Healthy corn\20200612_104632.jpg,Healthy corn,Healthy,maize
D:\Download1\archive (1)\Corn Disease detection\Healthy corn\20200612_104633(0).jpg,Healthy corn,Healthy,maize
D:\Download1\archive (1)\Corn Disease detection\Healthy corn\20200612_104633.jpg,Healthy corn,Healthy,maize
D:\Download1\archive (1)\Corn Disease detection\Healthy corn\20200612_104634.jpg,Healthy corn,Healthy,maize
D:\Download1\archive (1)\Corn Disease detection\Healthy corn\20200612_104635.jpg,Healthy corn,Healthy,maize
D:\Download1\archive (1)\Corn Disease detection\Healthy corn\20200612_104636(0).jpg,Healthy corn,Healthy,maize
D:\Download1\archive (1)\Corn Disease detection\Healthy corn\20200612_104636.jpg,Healthy corn,Healthy,maize
D:\Download1\archive (1)\Corn Disease detection\Healthy corn\20200612_104637(0).jpg,Healthy corn,Healthy,maize
D:\Download1\archive (1)\Corn Disease detection\Healthy corn\20200612_104637.jpg,Healthy corn,Healthy,maize
D:\Download1\archive (1)\Corn Disease detection\Healthy corn\20200612_104638(0).jpg,Healthy corn,Healthy,maize
D:\Download1\archive (1)\Corn Disease detection\Healthy corn\20200612_104638.jpg,Healthy corn,Healthy,maize
D:\Download1\archive (1)\Corn Disease detection\Healthy corn\20200612_104639.jpg,Healthy corn,Healthy,maize
D:\Download1\archive (1)\Corn Disease detection\Healthy corn\20200612_104642.jpg,Healthy corn,Healthy,maize
D:\Download1\archive (1)\Corn Disease detection\Healthy corn\20200612_104643.jpg,Healthy corn,Healthy,maize
D:\Download1\archive (1)\Corn Disease detection\Healthy corn\20200612_104644(0).jpg,Healthy corn,Healthy,maize
D:\Download1\archive (1)\Corn Disease detection\Healthy corn\20200612_104644.jpg,Healthy corn,Healthy,maize
D:\Download1\archive (1)\Corn Disease detection\Healthy corn\20200612_104645(0).jpg,Healthy corn,Healthy,maize
D:\Download1\archive (1)\Corn Disease detection\Healthy corn\20200612_104645.jpg,Healthy corn,Healthy,maize
D:\Download1\archive (1)\Corn Disease detection\Healthy corn\20200612_104646.jpg,Healthy corn,Healthy,maize
D:\Download1\archive (1)\Corn Disease detection\Healthy corn\20200612_104647(0).jpg,Healthy corn,Healthy,maize
D:\Download1\archive (1)\Corn Disease detection\Healthy corn\20200612_104647.jpg,Healthy corn,Healthy,maize
D:\Download1\archive (1)\Corn Disease detection\Healthy corn\20200612_104648(0).jpg,Healthy corn,Healthy,maize
D:\Download1\archive (1)\Corn Disease detection\Healthy corn\20200612_104648.jpg,Healthy corn,Healthy,maize
D:\Download1\archive (1)\Corn Disease detection\Healthy corn\20200612_104649.jpg,Healthy corn,Healthy,maize
D:\Download1\archive (1)\Corn Disease detection\Healthy corn\20200612_104650(0).jpg,Healthy corn,Healthy,maize
D:\Download1\archive (1)\Corn Disease detection\Healthy corn\20200612_104650.jpg,Healthy corn,Healthy,maize
D:\Download1\archive (1)\Corn Disease detection\Healthy corn\20200612_104651.jpg,Healthy corn,Healthy,maize
D:\Download1\archive (1)\Corn Disease detection\Healthy corn\20200612_104652(0).jpg,Healthy corn,Healthy,maize
D:\Download1\archive (1)\Corn Disease detection\Healthy corn\20200612_104652.jpg,Healthy corn,Healthy,maize
D:\Download1\archive (1)\Corn Disease detection\Healthy corn\20200612_104653.jpg,Healthy corn,Healthy,maize
D:\Download1\archive (1)\Corn Disease detection\Healthy corn\20200612_104654(0).jpg,Healthy corn,Healthy,maize
D:\Download1\archive (1)\Corn Disease detection\Healthy corn\20200612_104654.jpg,Healthy corn,Healthy,maize
D:\Download1\archive (1)\Corn Disease detection\Healthy corn\20200612_104655.jpg,Healthy corn,Healthy,maize
D:\Download1\archive (1)\Corn Disease detection\Healthy corn\20200612_104656.jpg,Healthy corn,Healthy,maize
D:\Download1\archive (1)\Corn Disease detection\Healthy corn\20200612_104702.jpg,Healthy corn,Healthy,maize
D:\Download1\archive (1)\Corn Disease detection\Healthy corn\20200612_104703(0).jpg,Healthy corn,Healthy,maize
D:\Download1\archive (1)\Corn Disease detection\Healthy corn\20200612_104703.jpg,Healthy corn,Healthy,maize
D:\Download1\archive (1)\Corn Disease detection\Healthy corn\20200612_104704.jpg,Healthy corn,Healthy,maize
D:\Download1\archive (1)\Corn Disease detection\Healthy corn\20200612_104705.jpg,Healthy corn,Healthy,maize
D:\Download1\archive (1)\Corn Disease detection\Healthy corn\20200612_104706.jpg,Healthy corn,Healthy,maize
D:\Download1\archive (1)\Corn Disease detection\Healthy corn\20200612_104707.jpg,Healthy corn,Healthy,maize
D:\Download1\archive (1)\Corn Disease detection\Healthy corn\20200612_104708(0).jpg,Healthy corn,Healthy,maize
D:\Download1\archive (1)\Corn Disease detection\Healthy corn\20200612_104708.jpg,Healthy corn,Healthy,maize
D:\Download1\archive (1)\Corn Disease detection\Healthy corn\20200612_104709.jpg,Healthy corn,Healthy,maize
D:\Download1\archive (1)\Corn Disease detection\Healthy corn\20200724_082201.jpg,Healthy corn,Healthy,maize
D:\Download1\archive (1)\Corn Disease detection\Healthy corn\20200724_082204.jpg,Healthy corn,Healthy,maize
D:\Download1\archive (1)\Corn Disease detection\Healthy corn\20200724_082214.jpg,Healthy corn,Healthy,maize
D:\Download1\archive (1)\Corn Disease detection\Healthy corn\20200724_082218.jpg,Healthy corn,Healthy,maize
D:\Download1\archive (1)\Corn Disease detection\Healthy corn\20200724_082221.jpg,Healthy corn,Healthy,maize
D:\Download1\archive (1)\Corn Disease detection\Healthy corn\20200724_082228.jpg,Healthy corn,Healthy,maize
D:\Download1\archive (1)\Corn Disease detection\Healthy corn\20200724_082235.jpg,Healthy corn,Healthy,maize
D:\Download1\archive (1)\Corn Disease detection\Healthy corn\20200724_082239.jpg,Healthy corn,Healthy,maize
D:\Download1\archive (1)\Corn Disease detection\Healthy corn\20200724_082244.jpg,Healthy corn,Healthy,maize
D:\Download1\archive (1)\Corn Disease detection\Healthy corn\20200724_082247.jpg,Healthy corn,Healthy,maize
D:\Download1\archive (1)\Corn Disease detection\Healthy corn\20200724_082252.jpg,Healthy corn,Healthy,maize
D:\Download1\archive (1)\Corn Disease detection\Healthy corn\20200724_082253.jpg,Healthy corn,Healthy,maize
D:\Download1\archive (1)\Corn Disease detection\Healthy corn\20200724_082257.jpg,Healthy corn,Healthy,maize
D:\Download1\archive (1)\Corn Disease detection\Healthy corn\20200724_082303.jpg,Healthy corn,Healthy,maize
D:\Download1\archive (1)\Corn Disease detection\Healthy corn\20200724_082306.jpg,Healthy corn,Healthy,maize
D:\Download1\archive (1)\Corn Disease detection\Healthy corn\20200724_082311.jpg,Healthy corn,Healthy,maize
D:\Download1\archive (1)\Corn Disease detection\Healthy corn\20200724_082313.jpg,Healthy corn,Healthy,maize
D:\Download1\archive (1)\Corn Disease detection\Healthy corn\20200724_082317.jpg,Healthy corn,Healthy,maize
D:\Download1\archive (1)\Corn Disease detection\Healthy corn\20200724_082319.jpg,Healthy corn,Healthy,maize
D:\Download1\archive (1)\Corn Disease detection\Healthy corn\20200724_082321.jpg,Healthy corn,Healthy,maize
D:\Download1\archive (1)\Corn Disease detection\Healthy corn\20200724_082324.jpg,Healthy corn,Healthy,maize
D:\Download1\archive (1)\Corn Disease detection\Healthy corn\20200724_082329.jpg,Healthy corn,Healthy,maize
D:\Download1\archive (1)\Corn Disease detection\Healthy corn\20200724_082331.jpg,Healthy corn,Healthy,maize
D:\Download1\archive (1)\Corn Disease detection\Healthy corn\20200724_082335.jpg,Healthy corn,Healthy,maize
D:\Download1\archive (1)\Corn Disease detection\Healthy corn\20200724_082337.jpg,Healthy corn,Healthy,maize
D:\Download1\archive (1)\Corn Disease detection\Healthy corn\20200724_082351.jpg,Healthy corn,Healthy,maize
D:\Download1\archive (1)\Corn Disease detection\Healthy corn\20200724_082356.jpg,Healthy corn,Healthy,maize
D:\Download1\archive (1)\Corn Disease detection\Healthy corn\20200724_082403.jpg,Healthy corn,Healthy,maize
D:\Download1\archive (1)\Corn Disease detection\Healthy corn\20200724_082407.jpg,Healthy corn,Healthy,maize
D:\Download1\archive (1)\Corn Disease detection\Healthy corn\20200724_082410.jpg,Healthy corn,Healthy,maize
D:\Download1\archive (1)\Corn Disease detection\Healthy corn\20200724_082417.jpg,Healthy corn,Healthy,maize
D:\Download1\archive (1)\Corn Disease detection\Healthy corn\20200724_082418.jpg,Healthy corn,Healthy,maize
D:\Download1\archive (1)\Corn Disease detection\Healthy corn\20200724_082426.jpg,Healthy corn,Healthy,maize
D:\Download1\archive (1)\Corn Disease detection\Healthy corn\20200724_082429.jpg,Healthy corn,Healthy,maize
D:\Download1\archive (1)\Corn Disease detection\Healthy corn\20200724_082434.jpg,Healthy corn,Healthy,maize
D:\Download1\archive (1)\Corn Disease detection\Healthy corn\20200724_082436.jpg,Healthy corn,Healthy,maize
D:\Download1\archive (1)\Corn Disease detection\Healthy corn\20200724_082438.jpg,Healthy corn,Healthy,maize
D:\Download1\archive (1)\Corn Disease detection\Healthy corn\20200724_082440.jpg,Healthy corn,Healthy,maize
D:\Download1\archive (1)\Corn Disease detection\Healthy corn\20200724_082443.jpg,Healthy corn,Healthy,maize
D:\Download1\archive (1)\Corn Disease detection\Healthy corn\20200724_082446.jpg,Healthy corn,Healthy,maize
D:\Download1\archive (1)\Corn Disease detection\Healthy corn\20200724_082450.jpg,Healthy corn,Healthy,maize
D:\Download1\archive (1)\Corn Disease detection\Healthy corn\20200724_082454.jpg,Healthy corn,Healthy,maize
D:\Download1\archive (1)\Corn Disease detection\Healthy corn\20200724_082458.jpg,Healthy corn,Healthy,maize
D:\Download1\archive (1)\Corn Disease detection\Healthy corn\20200724_082503.jpg,Healthy corn,Healthy,maize
D:\Download1\archive (1)\Corn Disease detection\Healthy corn\20200724_082510.jpg,Healthy corn,Healthy,maize
D:\Download1\archive (1)\Corn Disease detection\Healthy corn\20200724_082512.jpg,Healthy corn,Healthy,maize
D:\Download1\archive (1)\Corn Disease detection\Healthy corn\20200724_082517.jpg,Healthy corn,Healthy,maize
D:\Download1\archive (1)\Corn Disease detection\Healthy corn\20200724_082528.jpg,Healthy corn,Healthy,maize
D:\Download1\archive (1)\Corn Disease detection\Healthy corn\20200724_082530.jpg,Healthy corn,Healthy,maize
D:\Download1\archive (1)\Corn Disease detection\Healthy corn\20200724_082535.jpg,Healthy corn,Healthy,maize
D:\Download1\archive (1)\Corn Disease detection\Healthy corn\20200724_082542.jpg,Healthy corn,Healthy,maize
D:\Download1\archive (1)\Corn Disease detection\Healthy corn\20200724_082545.jpg,Healthy corn,Healthy,maize
D:\Download1\archive (1)\Corn Disease detection\Healthy corn\20200724_082550.jpg,Healthy corn,Healthy,maize
D:\Download1\archive (1)\Corn Disease detection\Healthy corn\20200724_082554.jpg,Healthy corn,Healthy,maize
D:\Download1\archive (1)\Corn Disease detection\Healthy corn\20200724_082601.jpg,Healthy corn,Healthy,maize
D:\Download1\archive (1)\Corn Disease detection\Healthy corn\20200724_082605.jpg,Healthy corn,Healthy,maize
D:\Download1\archive (1)\Corn Disease detection\Healthy corn\20200724_082612.jpg,Healthy corn,Healthy,maize
D:\Download1\archive (1)\Corn Disease detection\Healthy corn\20200724_082622.jpg,Healthy corn,Healthy,maize
D:\Download1\archive (1)\Corn Disease detection\Healthy corn\20200724_082626.jpg,Healthy corn,Healthy,maize
D:\Download1\archive (1)\Corn Disease detection\Healthy corn\20200724_082629.jpg,Healthy corn,Healthy,maize
D:\Download1\archive (1)\Corn Disease detection\Healthy corn\20200724_082632.jpg,Healthy corn,Healthy,maize
D:\Download1\archive (1)\Corn Disease detection\Healthy corn\20200724_082635.jpg,Healthy corn,Healthy,maize
D:\Download1\archive (1)\Corn Disease detection\Healthy corn\20200724_082640.jpg,Healthy corn,Healthy,maize
D:\Download1\archive (1)\Corn Disease detection\Healthy corn\20200724_082643.jpg,Healthy corn,Healthy,maize
D:\Download1\archive (1)\Corn Disease detection\Healthy corn\20200724_082652.jpg,Healthy corn,Healthy,maize
D:\Download1\archive (1)\Corn Disease detection\Healthy corn\20200724_082655.jpg,Healthy corn,Healthy,maize
D:\Download1\archive (1)\Corn Disease detection\Healthy corn\20200724_082659.jpg,Healthy corn,Healthy,maize
D:\Download1\archive (1)\Corn Disease detection\Healthy corn\20200724_082703.jpg,Healthy corn,Healthy,maize
D:\Download1\archive (1)\Corn Disease detection\Healthy corn\20200724_082707.jpg,Healthy corn,Healthy,maize
D:\Download1\archive (1)\Corn Disease detection\Healthy corn\20200724_082712.jpg,Healthy corn,Healthy,maize
D:\Download1\archive (1)\Corn Disease detection\Healthy corn\20200724_082722.jpg,Healthy corn,Healthy,maize
D:\Download1\archive (1)\Corn Disease detection\Healthy corn\20200724_082728.jpg,Healthy corn,Healthy,maize
D:\Download1\archive (1)\Corn Disease detection\Healthy corn\20200724_082731.jpg,Healthy corn,Healthy,maize
D:\Download1\archive (1)\Corn Disease detection\Healthy corn\20200724_082736.jpg,Healthy corn,Healthy,maize
D:\Download1\archive (1)\Corn Disease detection\Healthy corn\20200724_082750.jpg,Healthy corn,Healthy,maize
D:\Download1\archive (1)\Corn Disease detection\Healthy corn\20200724_082754.jpg,Healthy corn,Healthy,maize
D:\Download1\archive (1)\Corn Disease detection\Healthy corn\20200724_082755.jpg,Healthy corn,Healthy,maize
D:\Download1\archive (1)\Corn Disease detection\Healthy corn\20200724_082801.jpg,Healthy corn,Healthy,maize
D:\Download1\archive (1)\Corn Disease detection\Healthy corn\20200724_082803.jpg,Healthy corn,Healthy,maize
D:\Download1\archive (1)\Corn Disease detection\Healthy corn\20200724_082811.jpg,Healthy corn,Healthy,maize
D:\Download1\archive (1)\Corn Disease detection\Healthy corn\20200724_082813.jpg,Healthy corn,Healthy,maize
D:\Download1\archive (1)\Corn Disease detection\Healthy corn\20200724_082819.jpg,Healthy corn,Healthy,maize
D:\Download1\archive (1)\Corn Disease detection\Healthy corn\20200727_084132.jpg,Healthy corn,Healthy,maize
D:\Download1\archive (1)\Corn Disease detection\Healthy corn\20200727_084134.jpg,Healthy corn,Healthy,maize
D:\Download1\archive (1)\Corn Disease detection\Healthy corn\20200727_084139.jpg,Healthy corn,Healthy,maize
D:\Download1\archive (1)\Corn Disease detection\Healthy corn\20200727_084146.jpg,Healthy corn,Healthy,maize
D:\Download1\archive (1)\Corn Disease detection\Healthy corn\20200727_084157.jpg,Healthy corn,Healthy,maize
D:\Download1\archive (1)\Corn Disease detection\Healthy corn\20200727_084158.jpg,Healthy corn,Healthy,maize
D:\Download1\archive (1)\Corn Disease detection\Healthy corn\20200727_084211.jpg,Healthy corn,Healthy,maize
D:\Download1\archive (1)\Corn Disease detection\Healthy corn\20200727_084213.jpg,Healthy corn,Healthy,maize
D:\Download1\archive (1)\Corn Disease detection\Healthy corn\20200727_084218.jpg,Healthy corn,Healthy,maize
D:\Download1\archive (1)\Corn Disease detection\Healthy corn\20200727_084226.jpg,Healthy corn,Healthy,maize
D:\Download1\archive (1)\Corn Disease detection\Healthy corn\20200727_084229.jpg,Healthy corn,Healthy,maize
D:\Download1\archive (1)\Corn Disease detection\Healthy corn\20200727_084233(0).jpg,Healthy corn,Healthy,maize
D:\Download1\archive (1)\Corn Disease detection\Healthy corn\20200727_084233.jpg,Healthy corn,Healthy,maize
D:\Download1\archive (1)\Corn Disease detection\Healthy corn\20200727_084236.jpg,Healthy corn,Healthy,maize
D:\Download1\archive (1)\Corn Disease detection\Healthy corn\20200727_084238.jpg,Healthy corn,Healthy,maize
D:\Download1\archive (1)\Corn Disease detection\Healthy corn\20200727_084248.jpg,Healthy corn,Healthy,maize
D:\Download1\archive (1)\Corn Disease detection\Healthy corn\20200727_084249.jpg,Healthy corn,Healthy,maize
D:\Download1\archive (1)\Corn Disease detection\Healthy corn\20200727_084253.jpg,Healthy corn,Healthy,maize
D:\Download1\archive (1)\Corn Disease detection\Healthy corn\20200727_084257.jpg,Healthy corn,Healthy,maize
D:\Download1\archive (1)\Corn Disease detection\Healthy corn\20200727_084259.jpg,Healthy corn,Healthy,maize
D:\Download1\archive (1)\Corn Disease detection\Healthy corn\20200727_084301.jpg,Healthy corn,Healthy,maize
D:\Download1\archive (1)\Corn Disease detection\Healthy corn\20200727_084306.jpg,Healthy corn,Healthy,maize
D:\Download1\archive (1)\Corn Disease detection\Healthy corn\20200727_084309.jpg,Healthy corn,Healthy,maize
D:\Download1\archive (1)\Corn Disease detection\Healthy corn\20200727_084313.jpg,Healthy corn,Healthy,maize
D:\Download1\archive (1)\Corn Disease detection\Healthy corn\20200727_084318.jpg,Healthy corn,Healthy,maize
D:\Download1\archive (1)\Corn Disease detection\Healthy corn\20200727_084322.jpg,Healthy corn,Healthy,maize
D:\Download1\archive (1)\Corn Disease detection\Healthy corn\20200727_084327.jpg,Healthy corn,Healthy,maize
D:\Download1\archive (1)\Corn Disease detection\Healthy corn\20200727_084330.jpg,Healthy corn,Healthy,maize
D:\Download1\archive (1)\Corn Disease detection\Healthy corn\20200727_084335.jpg,Healthy corn,Healthy,maize
D:\Download1\archive (1)\Corn Disease detection\Healthy corn\20200727_084341.jpg,Healthy corn,Healthy,maize
D:\Download1\archive (1)\Corn Disease detection\Healthy corn\20200727_084347.jpg,Healthy corn,Healthy,maize
D:\Download1\archive (1)\Corn Disease detection\Healthy corn\20200727_084352.jpg,Healthy corn,Healthy,maize
D:\Download1\archive (1)\Corn Disease detection\Healthy corn\20200727_084428.jpg,Healthy corn,Healthy,maize
D:\Download1\archive (1)\Corn Disease detection\Healthy corn\20200727_084430.jpg,Healthy corn,Healthy,maize
D:\Download1\archive (1)\Corn Disease detection\Healthy corn\20200727_084433.jpg,Healthy corn,Healthy,maize
D:\Download1\archive (1)\Corn Disease detection\Healthy corn\20200727_084437.jpg,Healthy corn,Healthy,maize
D:\Download1\archive (1)\Corn Disease detection\Healthy corn\20200727_084440.jpg,Healthy corn,Healthy,maize
D:\Download1\archive (1)\Corn Disease detection\Healthy corn\20200727_084444.jpg,Healthy corn,Healthy,maize
D:\Download1\archive (1)\Corn Disease detection\Healthy corn\20200727_084449.jpg,Healthy corn,Healthy,maize
D:\Download1\archive (1)\Corn Disease detection\Healthy corn\20200727_084454.jpg,Healthy corn,Healthy,maize
D:\Download1\archive (1)\Corn Disease detection\Healthy corn\20200727_084459.jpg,Healthy corn,Healthy,maize
D:\Download1\archive (1)\Corn Disease detection\Healthy corn\20200727_084500.jpg,Healthy corn,Healthy,maize
D:\Download1\archive (1)\Corn Disease detection\Healthy corn\20200727_084505.jpg,Healthy corn,Healthy,maize
D:\Download1\archive (1)\Corn Disease detection\Healthy corn\20200727_084507.jpg,Healthy corn,Healthy,maize
D:\Download1\archive (1)\Corn Disease detection\Healthy corn\20200727_084515.jpg,Healthy corn,Healthy,maize
D:\Download1\archive (1)\Corn Disease detection\Healthy corn\20200727_084519.jpg,Healthy corn,Healthy,maize
D:\Download1\archive (1)\Corn Disease detection\Healthy corn\20200727_084526.jpg,Healthy corn,Healthy,maize
D:\Download1\archive (1)\Corn Disease detection\Healthy corn\20200727_084531.jpg,Healthy corn,Healthy,maize
D:\Download1\archive (1)\Corn Disease detection\Healthy corn\20200727_084538.jpg,Healthy corn,Healthy,maize
D:\Download1\archive (1)\Corn Disease detection\Healthy corn\20200727_084540.jpg,Healthy corn,Healthy,maize
D:\Download1\archive (1)\Corn Disease detection\Healthy corn\20200727_084544.jpg,Healthy corn,Healthy,maize
D:\Download1\archive (1)\Corn Disease detection\Healthy corn\20200727_084549.jpg,Healthy corn,Healthy,maize
D:\Download1\archive (1)\Corn Disease detection\Healthy corn\20200727_084552.jpg,Healthy corn,Healthy,maize
D:\Download1\archive (1)\Corn Disease detection\Healthy corn\20200727_084555.jpg,Healthy corn,Healthy,maize
D:\Download1\archive (1)\Corn Disease detection\Healthy corn\20200727_084600.jpg,Healthy corn,Healthy,maize
D:\Download1\archive (1)\Corn Disease detection\Healthy corn\20200727_084601.jpg,Healthy corn,Healthy,maize
D:\Download1\archive (1)\Corn Disease detection\Healthy corn\20200727_084608.jpg,Healthy corn,Healthy,maize
D:\Download1\archive (1)\Corn Disease detection\Healthy corn\20200727_084610.jpg,Healthy corn,Healthy,maize
D:\Download1\archive (1)\Corn Disease detection\Healthy corn\20200727_084612.jpg,Healthy corn,Healthy,maize
D:\Download1\archive (1)\Corn Disease detection\Healthy corn\20200727_084615.jpg,Healthy corn,Healthy,maize
D:\Download1\archive (1)\Corn Disease detection\Healthy corn\20200727_084622.jpg,Healthy corn,Healthy,maize
D:\Download1\archive (1)\Corn Disease detection\Healthy corn\20200727_084628.jpg,Healthy corn,Healthy,maize
D:\Download1\archive (1)\Corn Disease detection\Healthy corn\20200727_084631.jpg,Healthy corn,Healthy,maize
D:\Download1\archive (1)\Corn Disease detection\Healthy corn\20200727_084644.jpg,Healthy corn,Healthy,maize
D:\Download1\archive (1)\Corn Disease detection\Healthy corn\20200727_084646.jpg,Healthy corn,Healthy,maize
D:\Download1\archive (1)\Corn Disease detection\Healthy corn\20200727_084649.jpg,Healthy corn,Healthy,maize
D:\Download1\archive (1)\Corn Disease detection\Healthy corn\20200727_084655.jpg,Healthy corn,Healthy,maize
D:\Download1\archive (1)\Corn Disease detection\Healthy corn\20200727_084656.jpg,Healthy corn,Healthy,maize
D:\Download1\archive (1)\Corn Disease detection\Healthy corn\20200727_084703.jpg,Healthy corn,Healthy,maize
D:\Download1\archive (1)\Corn Disease detection\Healthy corn\20200727_084705.jpg,Healthy corn,Healthy,maize
D:\Download1\archive (1)\Corn Disease detection\Healthy corn\20200727_084707.jpg,Healthy corn,Healthy,maize
D:\Download1\archive (1)\Corn Disease detection\Healthy corn\20200727_084708.jpg,Healthy corn,Healthy,maize
D:\Download1\archive (1)\Corn Disease detection\Healthy corn\20200727_084709.jpg,Healthy corn,Healthy,maize
D:\Download1\archive (1)\Corn Disease detection\Healthy corn\20200727_084710.jpg,Healthy corn,Healthy,maize
D:\Download1\archive (1)\Corn Disease detection\Healthy corn\20200727_084715.jpg,Healthy corn,Healthy,maize
D:\Download1\archive (1)\Corn Disease detection\Healthy corn\20200727_084717.jpg,Healthy corn,Healthy,maize
D:\Download1\archive (1)\Corn Disease detection\Healthy corn\20200727_084720.jpg,Healthy corn,Healthy,maize
D:\Download1\archive (1)\Corn Disease detection\Healthy corn\20200727_084722.jpg,Healthy corn,Healthy,maize
D:\Download1\archive (1)\Corn Disease detection\Healthy corn\20200727_084726.jpg,Healthy corn,Healthy,maize
D:\Download1\archive (1)\Corn Disease detection\Healthy corn\20200727_084728.jpg,Healthy corn,Healthy,maize
D:\Download1\archive (1)\Corn Disease detection\Healthy corn\20200727_084730.jpg,Healthy corn,Healthy,maize
D:\Download1\archive (1)\Corn Disease detection\Healthy corn\20200727_084731.jpg,Healthy corn,Healthy,maize
D:\Download1\archive (1)\Corn Disease detection\Healthy corn\20200727_084735.jpg,Healthy corn,Healthy,maize
D:\Download1\archive (1)\Corn Disease detection\Healthy corn\20200727_084740.jpg,Healthy corn,Healthy,maize
D:\Download1\archive (1)\Corn Disease detection\Healthy corn\20200727_084742.jpg,Healthy corn,Healthy,maize
D:\Download1\archive (1)\Corn Disease detection\Healthy corn\20200727_084745.jpg,Healthy corn,Healthy,maize
D:\Download1\archive (1)\Corn Disease detection\Healthy corn\20200727_084749.jpg,Healthy corn,Healthy,maize
D:\Download1\archive (1)\Corn Disease detection\Healthy corn\20200727_084750.jpg,Healthy corn,Healthy,maize
D:\Download1\archive (1)\Corn Disease detection\Healthy corn\20200727_084753.jpg,Healthy corn,Healthy,maize
D:\Download1\archive (1)\Corn Disease detection\Healthy corn\20200727_084754.jpg,Healthy corn,Healthy,maize
D:\Download1\archive (1)\Corn Disease detection\Healthy corn\20200727_084756.jpg,Healthy corn,Healthy,maize
D:\Download1\archive (1)\Corn Disease detection\Healthy corn\20200727_084802.jpg,Healthy corn,Healthy,maize
D:\Download1\archive (1)\Corn Disease detection\Healthy corn\20200727_084804.jpg,Healthy corn,Healthy,maize
D:\Download1\archive (1)\Corn Disease detection\Healthy corn\20200727_084806.jpg,Healthy corn,Healthy,maize
D:\Download1\archive (1)\Corn Disease detection\Healthy corn\20200727_084808.jpg,Healthy corn,Healthy,maize
D:\Download1\archive (1)\Corn Disease detection\Healthy corn\20200727_084815.jpg,Healthy corn,Healthy,maize
D:\Download1\archive (1)\Corn Disease detection\Healthy corn\20200727_084816.jpg,Healthy corn,Healthy,maize
D:\Download1\archive (1)\Corn Disease detection\Healthy corn\20200727_084820.jpg,Healthy corn,Healthy,maize
D:\Download1\archive (1)\Corn Disease detection\Healthy corn\20200727_084828.jpg,Healthy corn,Healthy,maize
D:\Download1\archive (1)\Corn Disease detection\Healthy corn\20200727_084830.jpg,Healthy corn,Healthy,maize
D:\Download1\archive (1)\Corn Disease detection\Healthy corn\20200727_084834.jpg,Healthy corn,Healthy,maize
D:\Download1\archive (1)\Corn Disease detection\Healthy corn\20200727_084836.jpg,Healthy corn,Healthy,maize
D:\Download1\archive (1)\Corn Disease detection\Healthy corn\20200727_084839.jpg,Healthy corn,Healthy,maize
D:\Download1\archive (1)\Corn Disease detection\Healthy corn\20200727_084841.jpg,Healthy corn,Healthy,maize
D:\Download1\archive (1)\Corn Disease detection\Healthy corn\20200727_084847.jpg,Healthy corn,Healthy,maize
D:\Download1\archive (1)\Corn Disease detection\Healthy corn\20200727_084851.jpg,Healthy corn,Healthy,maize
D:\Download1\archive (1)\Corn Disease detection\Healthy corn\20200727_084853.jpg,Healthy corn,Healthy,maize
D:\Download1\archive (1)\Corn Disease detection\Healthy corn\20200727_084858.jpg,Healthy corn,Healthy,maize
D:\Download1\archive (1)\Corn Disease detection\Healthy corn\20200727_084902.jpg,Healthy corn,Healthy,maize
D:\Download1\archive (1)\Corn Disease detection\Healthy corn\20200727_084908.jpg,Healthy corn,Healthy,maize
D:\Download1\archive (1)\Corn Disease detection\Healthy corn\20200727_084911.jpg,Healthy corn,Healthy,maize
D:\Download1\archive (1)\Corn Disease detection\Healthy corn\20200727_084913.jpg,Healthy corn,Healthy,maize
D:\Download1\archive (1)\Corn Disease detection\Healthy corn\20200727_084921.jpg,Healthy corn,Healthy,maize
D:\Download1\archive (1)\Corn Disease detection\Healthy corn\20200727_085056.jpg,Healthy corn,Healthy,maize
D:\Download1\archive (1)\Corn Disease detection\Healthy corn\20200727_085058.jpg,Healthy corn,Healthy,maize
D:\Download1\archive (1)\Corn Disease detection\Healthy corn\20200727_085102.jpg,Healthy corn,Healthy,maize
D:\Download1\archive (1)\Corn Disease detection\Healthy corn\20200727_085106.jpg,Healthy corn,Healthy,maize
D:\Download1\archive (1)\Corn Disease detection\Healthy corn\20200727_085109.jpg,Healthy corn,Healthy,maize
D:\Download1\archive (1)\Corn Disease detection\Healthy corn\20200727_085112.jpg,Healthy corn,Healthy,maize
D:\Download1\archive (1)\Corn Disease detection\Healthy corn\20200727_085116.jpg,Healthy corn,Healthy,maize
D:\Download1\archive (1)\Corn Disease detection\Healthy corn\20200727_085122.jpg,Healthy corn,Healthy,maize
D:\Download1\archive (1)\Corn Disease detection\Healthy corn\20200727_085126.jpg,Healthy corn,Healthy,maize
D:\Download1\archive (1)\Corn Disease detection\Healthy corn\20200727_085130.jpg,Healthy corn,Healthy,maize
D:\Download1\archive (1)\Corn Disease detection\Healthy corn\20200727_085131.jpg,Healthy corn,Healthy,maize
D:\Download1\archive (1)\Corn Disease detection\Healthy corn\20200727_085134.jpg,Healthy corn,Healthy,maize
D:\Download1\archive (1)\Corn Disease detection\Healthy corn\20200727_085137.jpg,Healthy corn,Healthy,maize
D:\Download1\archive (1)\Corn Disease detection\Healthy corn\20200727_085140.jpg,Healthy corn,Healthy,maize
D:\Download1\archive (1)\Corn Disease detection\Healthy corn\20200727_085142.jpg,Healthy corn,Healthy,maize
D:\Download1\archive (1)\Corn Disease detection\Healthy corn\20200727_085146.jpg,Healthy corn,Healthy,maize
D:\Download1\archive (1)\Corn Disease detection\Healthy corn\20200727_085149.jpg,Healthy corn,Healthy,maize
D:\Download1\archive (1)\Corn Disease detection\Healthy corn\20200727_085154.jpg,Healthy corn,Healthy,maize
D:\Download1\archive (1)\Corn Disease detection\Healthy corn\20200727_085158.jpg,Healthy corn,Healthy,maize
D:\Download1\archive (1)\Corn Disease detection\Healthy corn\20200727_085201.jpg,Healthy corn,Healthy,maize
D:\Download1\archive (1)\Corn Disease detection\Healthy corn\20200727_085204.jpg,Healthy corn,Healthy,maize
D:\Download1\archive (1)\Corn Disease detection\Healthy corn\20200727_085212.jpg,Healthy corn,Healthy,maize
D:\Download1\archive (1)\Corn Disease detection\Healthy corn\20200727_085216.jpg,Healthy corn,Healthy,maize
D:\Download1\archive (1)\Corn Disease detection\Healthy corn\20200727_085218.jpg,Healthy corn,Healthy,maize
D:\Download1\archive (1)\Corn Disease detection\Healthy corn\20200727_085223.jpg,Healthy corn,Healthy,maize
D:\Download1\archive (1)\Corn Disease detection\Healthy corn\20200727_085226.jpg,Healthy corn,Healthy,maize
D:\Download1\archive (1)\Corn Disease detection\Healthy corn\20200727_085239.jpg,Healthy corn,Healthy,maize
D:\Download1\archive (1)\Corn Disease detection\Healthy corn\20200727_085242.jpg,Healthy corn,Healthy,maize
D:\Download1\archive (1)\Corn Disease detection\Healthy corn\20200727_085249.jpg,Healthy corn,Healthy,maize
D:\Download1\archive (1)\Corn Disease detection\Healthy corn\20200727_085252.jpg,Healthy corn,Healthy,maize
D:\Download1\archive (1)\Corn Disease detection\Healthy corn\20200727_085255.jpg,Healthy corn,Healthy,maize
D:\Download1\archive (1)\Corn Disease detection\Healthy corn\20200727_085301.jpg,Healthy corn,Healthy,maize
D:\Download1\archive (1)\Corn Disease detection\Healthy corn\20200727_085303.jpg,Healthy corn,Healthy,maize
D:\Download1\archive (1)\Corn Disease detection\Healthy corn\20200727_085309.jpg,Healthy corn,Healthy,maize
D:\Download1\archive (1)\Corn Disease detection\Healthy corn\20200727_085310.jpg,Healthy corn,Healthy,maize
D:\Download1\archive (1)\Corn Disease detection\Healthy corn\20200727_085313.jpg,Healthy corn,Healthy,maize
D:\Download1\archive (1)\Corn Disease detection\Healthy corn\20200727_085315.jpg,Healthy corn,Healthy,maize
D:\Download1\archive (1)\Corn Disease detection\Healthy corn\20200727_085320.jpg,Healthy corn,Healthy,maize
D:\Download1\archive (1)\Corn Disease detection\Healthy corn\20200727_085324.jpg,Healthy corn,Healthy,maize
D:\Download1\archive (1)\Corn Disease detection\Healthy corn\20200727_085329.jpg,Healthy corn,Healthy,maize
D:\Download1\archive (1)\Corn Disease detection\Healthy corn\20200727_085331.jpg,Healthy corn,Healthy,maize
D:\Download1\archive (1)\Corn Disease detection\Healthy corn\20200727_085337.jpg,Healthy corn,Healthy,maize
D:\Download1\archive (1)\Corn Disease detection\Healthy corn\20200727_085339.jpg,Healthy corn,Healthy,maize
D:\Download1\archive (1)\Corn Disease detection\Healthy corn\20200727_085345.jpg,Healthy corn,Healthy,maize
D:\Download1\archive (1)\Corn Disease detection\Healthy corn\20200727_085350.jpg,Healthy corn,Healthy,maize
D:\Download1\archive (1)\Corn Disease detection\Healthy corn\20200727_085355.jpg,Healthy corn,Healthy,maize
D:\Download1\archive (1)\Corn Disease detection\Healthy corn\20200727_085358.jpg,Healthy corn,Healthy,maize
D:\Download1\archive (1)\Corn Disease detection\Healthy corn\20200727_085401.jpg,Healthy corn,Healthy,maize
D:\Download1\archive (1)\Corn Disease detection\Healthy corn\20200727_085407.jpg,Healthy corn,Healthy,maize
D:\Download1\archive (1)\Corn Disease detection\Healthy corn\20200727_085411.jpg,Healthy corn,Healthy,maize
D:\Download1\archive (1)\Corn Disease detection\Healthy corn\20200727_085415.jpg,Healthy corn,Healthy,maize
D:\Download1\archive (1)\Corn Disease detection\Healthy corn\20200727_085418.jpg,Healthy corn,Healthy,maize
D:\Download1\archive (1)\Corn Disease detection\Healthy corn\20200727_085422.jpg,Healthy corn,Healthy,maize
D:\Download1\archive (1)\Corn Disease detection\Healthy corn\20200727_085423.jpg,Healthy corn,Healthy,maize
D:\Download1\archive (1)\Corn Disease detection\Healthy corn\20200727_085424.jpg,Healthy corn,Healthy,maize
D:\Download1\archive (1)\Corn Disease detection\Healthy corn\20200727_085426.jpg,Healthy corn,Healthy,maize
D:\Download1\archive (1)\Corn Disease detection\Healthy corn\20200727_085444.jpg,Healthy corn,Healthy,maize
D:\Download1\archive (1)\Corn Disease detection\Healthy corn\20200727_085447.jpg,Healthy corn,Healthy,maize
D:\Download1\archive (1)\Corn Disease detection\Healthy corn\20200727_085454.jpg,Healthy corn,Healthy,maize
D:\Download1\archive (1)\Corn Disease detection\Healthy corn\20200727_085504.jpg,Healthy corn,Healthy,maize
D:\Download1\archive (1)\Corn Disease detection\Healthy corn\20200727_085507.jpg,Healthy corn,Healthy,maize
D:\Download1\archive (1)\Corn Disease detection\Healthy corn\20200727_085511.jpg,Healthy corn,Healthy,maize
D:\Download1\archive (1)\Corn Disease detection\Healthy corn\20200727_085515.jpg,Healthy corn,Healthy,maize
D:\Download1\archive (1)\Corn Disease detection\Healthy corn\20200727_085518.jpg,Healthy corn,Healthy,maize
D:\Download1\archive (1)\Corn Disease detection\Healthy corn\20200727_085527.jpg,Healthy corn,Healthy,maize
D:\Download1\archive (1)\Corn Disease detection\Healthy corn\20200727_085535.jpg,Healthy corn,Healthy,maize
D:\Download1\archive (1)\Corn Disease detection\Healthy corn\20200727_085539.jpg,Healthy corn,Healthy,maize
D:\Download1\archive (1)\Corn Disease detection\Healthy corn\20200727_085544.jpg,Healthy corn,Healthy,maize
D:\Download1\archive (1)\Corn Disease detection\Healthy corn\20200727_085547.jpg,Healthy corn,Healthy,maize
D:\Download1\archive (1)\Corn Disease detection\Healthy corn\20200727_085551.jpg,Healthy corn,Healthy,maize
D:\Download1\archive (1)\Corn Disease detection\Healthy corn\20200727_085554.jpg,Healthy corn,Healthy,maize
D:\Download1\archive (1)\Corn Disease detection\Healthy corn\20200727_085556.jpg,Healthy corn,Healthy,maize
D:\Download1\archive (1)\Corn Disease detection\Healthy corn\20200727_085600.jpg,Healthy corn,Healthy,maize
D:\Download1\archive (1)\Corn Disease detection\Healthy corn\20200727_085606.jpg,Healthy corn,Healthy,maize
D:\Download1\archive (1)\Corn Disease detection\Healthy corn\20200727_085611.jpg,Healthy corn,Healthy,maize
D:\Download1\archive (1)\Corn Disease detection\Healthy corn\20200727_085614.jpg,Healthy corn,Healthy,maize
D:\Download1\archive (1)\Corn Disease detection\Healthy corn\20200727_085619.jpg,Healthy corn,Healthy,maize
D:\Download1\archive (1)\Corn Disease detection\Healthy corn\20200727_085633.jpg,Healthy corn,Healthy,maize
D:\Download1\archive (1)\Corn Disease detection\Healthy corn\20200727_085636.jpg,Healthy corn,Healthy,maize
D:\Download1\archive (1)\Corn Disease detection\Healthy corn\20200727_085640.jpg,Healthy corn,Healthy,maize
D:\Download1\archive (1)\Corn Disease detection\Healthy corn\20200727_085643.jpg,Healthy corn,Healthy,maize
D:\Download1\archive (1)\Corn Disease detection\Healthy corn\20200727_085646.jpg,Healthy corn,Healthy,maize
D:\Download1\archive (1)\Corn Disease detection\Healthy corn\20200727_085650.jpg,Healthy corn,Healthy,maize
D:\Download1\archive (1)\Corn Disease detection\Healthy corn\20200727_085653.jpg,Healthy corn,Healthy,maize
D:\Download1\archive (1)\Corn Disease detection\Healthy corn\20200727_085656.jpg,Healthy corn,Healthy,maize
D:\Download1\archive (1)\Corn Disease detection\Healthy corn\20200727_085658.jpg,Healthy corn,Healthy,maize
D:\Download1\archive (1)\Corn Disease detection\Healthy corn\20200727_085703.jpg,Healthy corn,Healthy,maize
D:\Download1\archive (1)\Corn Disease detection\Healthy corn\20200727_085710.jpg,Healthy corn,Healthy,maize
D:\Download1\archive (1)\Corn Disease detection\Healthy corn\20200727_085712.jpg,Healthy corn,Healthy,maize
D:\Download1\archive (1)\Corn Disease detection\Healthy corn\20200727_085715.jpg,Healthy corn,Healthy,maize
D:\Download1\archive (1)\Corn Disease detection\Healthy corn\20200727_085721.jpg,Healthy corn,Healthy,maize
D:\Download1\archive (1)\Corn Disease detection\Healthy corn\20200727_085729.jpg,Healthy corn,Healthy,maize
D:\Download1\archive (1)\Corn Disease detection\Healthy corn\20200727_085732.jpg,Healthy corn,Healthy,maize
D:\Download1\archive (1)\Corn Disease detection\Healthy corn\20200727_085740.jpg,Healthy corn,Healthy,maize
D:\Download1\archive (1)\Corn Disease detection\Healthy corn\20200727_085742.jpg,Healthy corn,Healthy,maize
D:\Download1\archive (1)\Corn Disease detection\Healthy corn\20200727_085748.jpg,Healthy corn,Healthy,maize
D:\Download1\archive (1)\Corn Disease detection\Healthy corn\20200727_085750.jpg,Healthy corn,Healthy,maize
D:\Download1\archive (1)\Corn Disease detection\Healthy corn\20200727_085753.jpg,Healthy corn,Healthy,maize
D:\Download1\archive (1)\Corn Disease detection\Healthy corn\20200727_085801.jpg,Healthy corn,Healthy,maize
D:\Download1\archive (1)\Corn Disease detection\Healthy corn\20200727_085805.jpg,Healthy corn,Healthy,maize
D:\Download1\archive (1)\Corn Disease detection\Healthy corn\20200727_085811.jpg,Healthy corn,Healthy,maize
D:\Download1\archive (1)\Corn Disease detection\Healthy corn\20200727_085816.jpg,Healthy corn,Healthy,maize
D:\Download1\archive (1)\Corn Disease detection\Healthy corn\20200727_085825.jpg,Healthy corn,Healthy,maize
D:\Download1\archive (1)\Corn Disease detection\Healthy corn\20200727_085828.jpg,Healthy corn,Healthy,maize
D:\Download1\archive (1)\Corn Disease detection\Healthy corn\20200727_085834.jpg,Healthy corn,Healthy,maize
D:\Download1\archive (1)\Corn Disease detection\Healthy corn\20200727_085837.jpg,Healthy corn,Healthy,maize
D:\Download1\archive (1)\Corn Disease detection\Healthy corn\20200727_085840.jpg,Healthy corn,Healthy,maize
D:\Download1\archive (1)\Corn Disease detection\Healthy corn\20200727_085842.jpg,Healthy corn,Healthy,maize
D:\Download1\archive (1)\Corn Disease detection\Healthy corn\20200727_085846.jpg,Healthy corn,Healthy,maize
D:\Download1\archive (1)\Corn Disease detection\Healthy corn\20200727_085854.jpg,Healthy corn,Healthy,maize
D:\Download1\archive (1)\Corn Disease detection\Healthy corn\20200727_085904.jpg,Healthy corn,Healthy,maize
D:\Download1\archive (1)\Corn Disease detection\Healthy corn\20200727_085914.jpg,Healthy corn,Healthy,maize
D:\Download1\archive (1)\Corn Disease detection\Healthy corn\20200727_085920.jpg,Healthy corn,Healthy,maize
D:\Download1\archive (1)\Corn Disease detection\Healthy corn\20200727_085928.jpg,Healthy corn,Healthy,maize
D:\Download1\archive (1)\Corn Disease detection\Healthy corn\20200727_085929.jpg,Healthy corn,Healthy,maize
D:\Download1\archive (1)\Corn Disease detection\Healthy corn\20200727_085932.jpg,Healthy corn,Healthy,maize
D:\Download1\archive (1)\Corn Disease detection\Healthy corn\20200727_085939.jpg,Healthy corn,Healthy,maize
D:\Download1\archive (1)\Corn Disease detection\Healthy corn\20200727_085941.jpg,Healthy corn,Healthy,maize
D:\Download1\archive (1)\Corn Disease detection\Healthy corn\20200727_085944.jpg,Healthy corn,Healthy,maize
D:\Download1\archive (1)\Corn Disease detection\Healthy corn\20200727_085949.jpg,Healthy corn,Healthy,maize
D:\Download1\archive (1)\Corn Disease detection\Healthy corn\20200727_085951.jpg,Healthy corn,Healthy,maize
D:\Download1\archive (1)\Corn Disease detection\Healthy corn\20200727_085956.jpg,Healthy corn,Healthy,maize
D:\Download1\archive (1)\Corn Disease detection\Healthy corn\20200727_090000.jpg,Healthy corn,Healthy,maize
D:\Download1\archive (1)\Corn Disease detection\Healthy corn\20200727_090002.jpg,Healthy corn,Healthy,maize
D:\Download1\archive (1)\Corn Disease detection\Healthy corn\20200727_090007.jpg,Healthy corn,Healthy,maize
D:\Download1\archive (1)\Corn Disease detection\Healthy corn\20200727_090015.jpg,Healthy corn,Healthy,maize
D:\Download1\archive (1)\Corn Disease detection\Healthy corn\20200727_090019.jpg,Healthy corn,Healthy,maize
D:\Download1\archive (1)\Corn Disease detection\Healthy corn\20200727_090026.jpg,Healthy corn,Healthy,maize
D:\Download1\archive (1)\Corn Disease detection\Healthy corn\20200727_090027.jpg,Healthy corn,Healthy,maize
D:\Download1\archive (1)\Corn Disease detection\Healthy corn\20200727_090033.jpg,Healthy corn,Healthy,maize
D:\Download1\archive (1)\Corn Disease detection\Healthy corn\20200727_090035.jpg,Healthy corn,Healthy,maize
D:\Download1\archive (1)\Corn Disease detection\Healthy corn\20200727_090048.jpg,Healthy corn,Healthy,maize
D:\Download1\archive (1)\Corn Disease detection\Healthy corn\20200727_090057.jpg,Healthy corn,Healthy,maize
D:\Download1\archive (1)\Corn Disease detection\Healthy corn\20200727_090118.jpg,Healthy corn,Healthy,maize
D:\Download1\archive (1)\Corn Disease detection\Healthy corn\20200727_090122.jpg,Healthy corn,Healthy,maize
D:\Download1\archive (1)\Corn Disease detection\Healthy corn\20200727_090133.jpg,Healthy corn,Healthy,maize
D:\Download1\archive (1)\Corn Disease detection\Healthy corn\20200727_090142.jpg,Healthy corn,Healthy,maize
D:\Download1\archive (1)\Corn Disease detection\Healthy corn\20200727_090143.jpg,Healthy corn,Healthy,maize
D:\Download1\archive (1)\Corn Disease detection\Healthy corn\20200727_090148.jpg,Healthy corn,Healthy,maize
D:\Download1\archive (1)\Corn Disease detection\Healthy corn\20200727_090155.jpg,Healthy corn,Healthy,maize
D:\Download1\archive (1)\Corn Disease detection\Healthy corn\20200727_090200.jpg,Healthy corn,Healthy,maize
D:\Download1\archive (1)\Corn Disease detection\Healthy corn\20200727_090205.jpg,Healthy corn,Healthy,maize
D:\Download1\archive (1)\Corn Disease detection\Healthy corn\20200727_090220.jpg,Healthy corn,Healthy,maize
D:\Download1\archive (1)\Corn Disease detection\Healthy corn\20200727_090222.jpg,Healthy corn,Healthy,maize
D:\Download1\archive (1)\Corn Disease detection\Healthy corn\20200727_090230.jpg,Healthy corn,Healthy,maize
D:\Download1\archive (1)\Corn Disease detection\Healthy corn\20200727_090235.jpg,Healthy corn,Healthy,maize
D:\Download1\archive (1)\Corn Disease detection\Healthy corn\20200727_090238.jpg,Healthy corn,Healthy,maize
D:\Download1\archive (1)\Corn Disease detection\Healthy corn\20200727_090246.jpg,Healthy corn,Healthy,maize
D:\Download1\archive (1)\Corn Disease detection\Healthy corn\20200727_090251.jpg,Healthy corn,Healthy,maize
D:\Download1\archive (1)\Corn Disease detection\Healthy corn\20200727_090256.jpg,Healthy corn,Healthy,maize
D:\Download1\archive (1)\Corn Disease detection\Healthy corn\20200727_090303.jpg,Healthy corn,Healthy,maize
D:\Download1\archive (1)\Corn Disease detection\Healthy corn\20200727_090309.jpg,Healthy corn,Healthy,maize
D:\Download1\archive (1)\Corn Disease detection\Healthy corn\20200727_090311.jpg,Healthy corn,Healthy,maize
D:\Download1\archive (1)\Corn Disease detection\Healthy corn\20200727_090316.jpg,Healthy corn,Healthy,maize
D:\Download1\archive (1)\Corn Disease detection\Healthy corn\20200727_090320.jpg,Healthy corn,Healthy,maize
D:\Download1\archive (1)\Corn Disease detection\Healthy corn\20200727_090324.jpg,Healthy corn,Healthy,maize
D:\Download1\archive (1)\Corn Disease detection\Healthy corn\20200727_090329.jpg,Healthy corn,Healthy,maize
D:\Download1\archive (1)\Corn Disease detection\Healthy corn\20200727_090332.jpg,Healthy corn,Healthy,maize
D:\Download1\archive (1)\Corn Disease detection\Healthy corn\20200727_090341.jpg,Healthy corn,Healthy,maize
D:\Download1\archive (1)\Corn Disease detection\Healthy corn\20200727_090342.jpg,Healthy corn,Healthy,maize
D:\Download1\archive (1)\Corn Disease detection\Healthy corn\20200727_090347.jpg,Healthy corn,Healthy,maize
D:\Download1\archive (1)\Corn Disease detection\Healthy corn\20200727_090351.jpg,Healthy corn,Healthy,maize
D:\Download1\archive (1)\Corn Disease detection\Healthy corn\20200727_090403.jpg,Healthy corn,Healthy,maize
D:\Download1\archive (1)\Corn Disease detection\Healthy corn\20200727_090406.jpg,Healthy corn,Healthy,maize
D:\Download1\archive (1)\Corn Disease detection\Healthy corn\20200727_090413.jpg,Healthy corn,Healthy,maize
D:\Download1\archive (1)\Corn Disease detection\Healthy corn\20200727_090415.jpg,Healthy corn,Healthy,maize
D:\Download1\archive (1)\Corn Disease detection\Healthy corn\20200727_090418.jpg,Healthy corn,Healthy,maize
D:\Download1\archive (1)\Corn Disease detection\Healthy corn\20200727_090420.jpg,Healthy corn,Healthy,maize
D:\Download1\archive (1)\Corn Disease detection\Healthy corn\20200727_090424.jpg,Healthy corn,Healthy,maize
D:\Download1\archive (1)\Corn Disease detection\Healthy corn\20200727_090429.jpg,Healthy corn,Healthy,maize
D:\Download1\archive (1)\Corn Disease detection\Healthy corn\20200727_090432.jpg,Healthy corn,Healthy,maize
D:\Download1\archive (1)\Corn Disease detection\Healthy corn\20200727_090438.jpg,Healthy corn,Healthy,maize
D:\Download1\archive (1)\Corn Disease detection\Healthy corn\20200727_090444.jpg,Healthy corn,Healthy,maize
D:\Download1\archive (1)\Corn Disease detection\Healthy corn\20200727_090448.jpg,Healthy corn,Healthy,maize
D:\Download1\archive (1)\Corn Disease detection\Healthy corn\20200727_090453.jpg,Healthy corn,Healthy,maize
D:\Download1\archive (1)\Corn Disease detection\Healthy corn\20200727_090501.jpg,Healthy corn,Healthy,maize
D:\Download1\archive (1)\Corn Disease detection\Healthy corn\20200727_090503.jpg,Healthy corn,Healthy,maize
D:\Download1\archive (1)\Corn Disease detection\Healthy corn\20200727_090511.jpg,Healthy corn,Healthy,maize
D:\Download1\archive (1)\Corn Disease detection\Healthy corn\20200727_090513.jpg,Healthy corn,Healthy,maize
D:\Download1\archive (1)\Corn Disease detection\Healthy corn\20200727_090519.jpg,Healthy corn,Healthy,maize
D:\Download1\archive (1)\Corn Disease detection\Healthy corn\20200727_090523.jpg,Healthy corn,Healthy,maize
D:\Download1\archive (1)\Corn Disease detection\Healthy corn\20200727_090526.jpg,Healthy corn,Healthy,maize
D:\Download1\archive (1)\Corn Disease detection\Healthy corn\20200727_091208.jpg,Healthy corn,Healthy,maize
D:\Download1\archive (1)\Corn Disease detection\Healthy corn\20200727_091209.jpg,Healthy corn,Healthy,maize
D:\Download1\archive (1)\Corn Disease detection\Healthy corn\20200727_091211.jpg,Healthy corn,Healthy,maize
D:\Download1\archive (1)\Corn Disease detection\Healthy corn\20200727_091212.jpg,Healthy corn,Healthy,maize
D:\Download1\archive (1)\Corn Disease detection\Healthy corn\20200727_091214.jpg,Healthy corn,Healthy,maize
D:\Download1\archive (1)\Corn Disease detection\Healthy corn\20200727_091215.jpg,Healthy corn,Healthy,maize
D:\Download1\archive (1)\Corn Disease detection\Healthy corn\20200727_091216.jpg,Healthy corn,Healthy,maize
D:\Download1\archive (1)\Corn Disease detection\Healthy corn\20200727_091217.jpg,Healthy corn,Healthy,maize
D:\Download1\archive (1)\Corn Disease detection\Healthy corn\20200727_091220.jpg,Healthy corn,Healthy,maize
D:\Download1\archive (1)\Corn Disease detection\Healthy corn\20200727_091222.jpg,Healthy corn,Healthy,maize
D:\Download1\archive (1)\Corn Disease detection\Healthy corn\20200727_091223.jpg,Healthy corn,Healthy,maize
D:\Download1\archive (1)\Corn Disease detection\Healthy corn\20200727_091225.jpg,Healthy corn,Healthy,maize
D:\Download1\archive (1)\Corn Disease detection\Healthy corn\20200727_091231.jpg,Healthy corn,Healthy,maize
D:\Download1\archive (1)\Corn Disease detection\Healthy corn\20200727_091234.jpg,Healthy corn,Healthy,maize
D:\Download1\archive (1)\Corn Disease detection\Healthy corn\20200727_091236.jpg,Healthy corn,Healthy,maize
D:\Download1\archive (1)\Corn Disease detection\Healthy corn\20200727_091237.jpg,Healthy corn,Healthy,maize
D:\Download1\archive (1)\Corn Disease detection\Healthy corn\20200727_091238.jpg,Healthy corn,Healthy,maize
D:\Download1\archive (1)\Corn Disease detection\Healthy corn\20200727_091242.jpg,Healthy corn,Healthy,maize
D:\Download1\archive (1)\Corn Disease detection\Healthy corn\20200727_091243.jpg,Healthy corn,Healthy,maize
D:\Download1\archive (1)\Corn Disease detection\Healthy corn\20200727_091253.jpg,Healthy corn,Healthy,maize
D:\Download1\archive (1)\Corn Disease detection\Healthy corn\20200727_091255.jpg,Healthy corn,Healthy,maize
D:\Download1\archive (1)\Corn Disease detection\Healthy corn\20200727_091303.jpg,Healthy corn,Healthy,maize
D:\Download1\archive (1)\Corn Disease detection\Healthy corn\20200727_091308.jpg,Healthy corn,Healthy,maize
D:\Download1\archive (1)\Corn Disease detection\Healthy corn\20200727_091310.jpg,Healthy corn,Healthy,maize
D:\Download1\archive (1)\Corn Disease detection\Healthy corn\20200727_091312.jpg,Healthy corn,Healthy,maize
D:\Download1\archive (1)\Corn Disease detection\Healthy corn\20200727_091313.jpg,Healthy corn,Healthy,maize
D:\Download1\archive (1)\Corn Disease detection\Healthy corn\20200727_091314.jpg,Healthy corn,Healthy,maize
D:\Download1\archive (1)\Corn Disease detection\Healthy corn\20200727_091319.jpg,Healthy corn,Healthy,maize
D:\Download1\archive (1)\Corn Disease detection\Healthy corn\20200727_091323.jpg,Healthy corn,Healthy,maize
D:\Download1\archive (1)\Corn Disease detection\Healthy corn\20200727_091326.jpg,Healthy corn,Healthy,maize
D:\Download1\archive (1)\Corn Disease detection\Healthy corn\20200727_091329.jpg,Healthy corn,Healthy,maize
D:\Download1\archive (1)\Corn Disease detection\Healthy corn\20200727_091334.jpg,Healthy corn,Healthy,maize
D:\Download1\archive (1)\Corn Disease detection\Healthy corn\20200727_091338.jpg,Healthy corn,Healthy,maize
D:\Download1\archive (1)\Corn Disease detection\Healthy corn\20200727_091340.jpg,Healthy corn,Healthy,maize
D:\Download1\archive (1)\Corn Disease detection\Healthy corn\20200727_091344.jpg,Healthy corn,Healthy,maize
D:\Download1\archive (1)\Corn Disease detection\Healthy corn\20200727_091350.jpg,Healthy corn,Healthy,maize
D:\Download1\archive (1)\Corn Disease detection\Healthy corn\20200727_091353.jpg,Healthy corn,Healthy,maize
D:\Download1\archive (1)\Corn Disease detection\Healthy corn\20200727_091354.jpg,Healthy corn,Healthy,maize
D:\Download1\archive (1)\Corn Disease detection\Healthy corn\20200727_091358.jpg,Healthy corn,Healthy,maize
D:\Download1\archive (1)\Corn Disease detection\Healthy corn\20200727_091400.jpg,Healthy corn,Healthy,maize
D:\Download1\archive (1)\Corn Disease detection\Healthy corn\20200727_091403.jpg,Healthy corn,Healthy,maize
D:\Download1\archive (1)\Corn Disease detection\Healthy corn\20200727_091408.jpg,Healthy corn,Healthy,maize
D:\Download1\archive (1)\Corn Disease detection\Healthy corn\20200727_091413.jpg,Healthy corn,Healthy,maize
D:\Download1\archive (1)\Corn Disease detection\Healthy corn\20200727_091415.jpg,Healthy corn,Healthy,maize
D:\Download1\archive (1)\Corn Disease detection\Healthy corn\20200727_091416.jpg,Healthy corn,Healthy,maize
D:\Download1\archive (1)\Corn Disease detection\Healthy corn\20200727_091421.jpg,Healthy corn,Healthy,maize
D:\Download1\archive (1)\Corn Disease detection\Healthy corn\20200727_091422.jpg,Healthy corn,Healthy,maize
D:\Download1\archive (1)\Corn Disease detection\Healthy corn\20200727_091423.jpg,Healthy corn,Healthy,maize
D:\Download1\archive (1)\Corn Disease detection\Healthy corn\20200727_091425.jpg,Healthy corn,Healthy,maize
D:\Download1\archive (1)\Corn Disease detection\Healthy corn\20200727_091428.jpg,Healthy corn,Healthy,maize
D:\Download1\archive (1)\Corn Disease detection\Healthy corn\20200727_091430.jpg,Healthy corn,Healthy,maize
D:\Download1\archive (1)\Corn Disease detection\Healthy corn\20200727_091431.jpg,Healthy corn,Healthy,maize
D:\Download1\archive (1)\Corn Disease detection\Healthy corn\20200727_091433.jpg,Healthy corn,Healthy,maize
D:\Download1\archive (1)\Corn Disease detection\Healthy corn\20200727_091439.jpg,Healthy corn,Healthy,maize
D:\Download1\archive (1)\Corn Disease detection\Healthy corn\20200727_091440.jpg,Healthy corn,Healthy,maize
D:\Download1\archive (1)\Corn Disease detection\Healthy corn\20200727_091443.jpg,Healthy corn,Healthy,maize
D:\Download1\archive (1)\Corn Disease detection\Healthy corn\20200727_091445.jpg,Healthy corn,Healthy,maize
D:\Download1\archive (1)\Corn Disease detection\Healthy corn\20200727_091448.jpg,Healthy corn,Healthy,maize
D:\Download1\archive (1)\Corn Disease detection\Healthy corn\20200727_091449.jpg,Healthy corn,Healthy,maize
D:\Download1\archive (1)\Corn Disease detection\Healthy corn\20200727_091505.jpg,Healthy corn,Healthy,maize
D:\Download1\archive (1)\Corn Disease detection\Healthy corn\20200727_091508.jpg,Healthy corn,Healthy,maize
D:\Download1\archive (1)\Corn Disease detection\Healthy corn\20200727_091509.jpg,Healthy corn,Healthy,maize
D:\Download1\archive (1)\Corn Disease detection\Healthy corn\20200727_091514.jpg,Healthy corn,Healthy,maize
D:\Download1\archive (1)\Corn Disease detection\Healthy corn\20200727_091516.jpg,Healthy corn,Healthy,maize
D:\Download1\archive (1)\Corn Disease detection\Healthy corn\20200727_091517.jpg,Healthy corn,Healthy,maize
D:\Download1\archive (1)\Corn Disease detection\Healthy corn\20200727_091518.jpg,Healthy corn,Healthy,maize
D:\Download1\archive (1)\Corn Disease detection\Healthy corn\20200727_091519.jpg,Healthy corn,Healthy,maize
D:\Download1\archive (1)\Corn Disease detection\Healthy corn\20200727_091520.jpg,Healthy corn,Healthy,maize
D:\Download1\archive (1)\Corn Disease detection\Healthy corn\20200727_091521.jpg,Healthy corn,Healthy,maize
D:\Download1\archive (1)\Corn Disease detection\Healthy corn\20200727_091524.jpg,Healthy corn,Healthy,maize
D:\Download1\archive (1)\Corn Disease detection\Healthy corn\20200727_091525.jpg,Healthy corn,Healthy,maize
D:\Download1\archive (1)\Corn Disease detection\Healthy corn\20200727_091526.jpg,Healthy corn,Healthy,maize
D:\Download1\archive (1)\Corn Disease detection\Healthy corn\20200727_091529.jpg,Healthy corn,Healthy,maize
D:\Download1\archive (1)\Corn Disease detection\Healthy corn\20200727_091531.jpg,Healthy corn,Healthy,maize
D:\Download1\archive (1)\Corn Disease detection\Healthy corn\20200727_091532.jpg,Healthy corn,Healthy,maize
D:\Download1\archive (1)\Corn Disease detection\Healthy corn\20200727_091533.jpg,Healthy corn,Healthy,maize
D:\Download1\archive (1)\Corn Disease detection\Healthy corn\20200727_091536.jpg,Healthy corn,Healthy,maize
D:\Download1\archive (1)\Corn Disease detection\Healthy corn\20200727_091540.jpg,Healthy corn,Healthy,maize
D:\Download1\archive (1)\Corn Disease detection\Healthy corn\20200727_091543.jpg,Healthy corn,Healthy,maize
D:\Download1\archive (1)\Corn Disease detection\Healthy corn\20200727_091550.jpg,Healthy corn,Healthy,maize
D:\Download1\archive (1)\Corn Disease detection\Healthy corn\20200727_091552.jpg,Healthy corn,Healthy,maize
D:\Download1\archive (1)\Corn Disease detection\Healthy corn\20200727_091553.jpg,Healthy corn,Healthy,maize
D:\Download1\archive (1)\Corn Disease detection\Healthy corn\20200727_091557(0).jpg,Healthy corn,Healthy,maize
D:\Download1\archive (1)\Corn Disease detection\Healthy corn\20200727_091557.jpg,Healthy corn,Healthy,maize
D:\Download1\archive (1)\Corn Disease detection\Healthy corn\20200727_091602.jpg,Healthy corn,Healthy,maize
D:\Download1\archive (1)\Corn Disease detection\Healthy corn\20200727_091604.jpg,Healthy corn,Healthy,maize
D:\Download1\archive (1)\Corn Disease detection\Healthy corn\20200727_091607.jpg,Healthy corn,Healthy,maize
D:\Download1\archive (1)\Corn Disease detection\Healthy corn\20200727_091608.jpg,Healthy corn,Healthy,maize
D:\Download1\archive (1)\Corn Disease detection\Healthy corn\20200727_091611.jpg,Healthy corn,Healthy,maize
D:\Download1\archive (1)\Corn Disease detection\Healthy corn\20200727_091616.jpg,Healthy corn,Healthy,maize
D:\Download1\archive (1)\Corn Disease detection\Healthy corn\20200727_091618.jpg,Healthy corn,Healthy,maize
D:\Download1\archive (1)\Corn Disease detection\Healthy corn\20200727_091621.jpg,Healthy corn,Healthy,maize
D:\Download1\archive (1)\Corn Disease detection\Healthy corn\20200727_091622.jpg,Healthy corn,Healthy,maize
D:\Download1\archive (1)\Corn Disease detection\Healthy corn\20200727_091627.jpg,Healthy corn,Healthy,maize
D:\Download1\archive (1)\Corn Disease detection\Healthy corn\20200727_091629.jpg,Healthy corn,Healthy,maize
D:\Download1\archive (1)\Corn Disease detection\Healthy corn\20200727_091643.jpg,Healthy corn,Healthy,maize
D:\Download1\archive (1)\Corn Disease detection\Healthy corn\20200727_091645.jpg,Healthy corn,Healthy,maize
D:\Download1\archive (1)\Corn Disease detection\Healthy corn\20200727_091647.jpg,Healthy corn,Healthy,maize
D:\Download1\archive (1)\Corn Disease detection\Healthy corn\20200727_091649.jpg,Healthy corn,Healthy,maize
D:\Download1\archive (1)\Corn Disease detection\Healthy corn\20200727_091651.jpg,Healthy corn,Healthy,maize
D:\Download1\archive (1)\Corn Disease detection\Healthy corn\20200727_091653.jpg,Healthy corn,Healthy,maize
D:\Download1\archive (1)\Corn Disease detection\Healthy corn\20200727_091657.jpg,Healthy corn,Healthy,maize
D:\Download1\archive (1)\Corn Disease detection\Healthy corn\20200727_091658.jpg,Healthy corn,Healthy,maize
D:\Download1\archive (1)\Corn Disease detection\Healthy corn\20200727_091700.jpg,Healthy corn,Healthy,maize
D:\Download1\archive (1)\Corn Disease detection\Healthy corn\20200727_091704.jpg,Healthy corn,Healthy,maize
D:\Download1\archive (1)\Corn Disease detection\Healthy corn\20200727_091706.jpg,Healthy corn,Healthy,maize
D:\Download1\archive (1)\Corn Disease detection\Healthy corn\20200727_091708.jpg,Healthy corn,Healthy,maize
D:\Download1\archive (1)\Corn Disease detection\Healthy corn\20200727_091711.jpg,Healthy corn,Healthy,maize
D:\Download1\archive (1)\Corn Disease detection\Healthy corn\20200727_091713.jpg,Healthy corn,Healthy,maize
D:\Download1\archive (1)\Corn Disease detection\Healthy corn\20200727_091714.jpg,Healthy corn,Healthy,maize
D:\Download1\archive (1)\Corn Disease detection\Healthy corn\20200727_091715.jpg,Healthy corn,Healthy,maize
D:\Download1\archive (1)\Corn Disease detection\Healthy corn\20200727_091716.jpg,Healthy corn,Healthy,maize
D:\Download1\archive (1)\Corn Disease detection\Healthy corn\20200727_091717.jpg,Healthy corn,Healthy,maize
D:\Download1\archive (1)\Corn Disease detection\Healthy corn\20200727_091719.jpg,Healthy corn,Healthy,maize
D:\Download1\archive (1)\Corn Disease detection\Healthy corn\20200727_091720.jpg,Healthy corn,Healthy,maize
D:\Download1\archive (1)\Corn Disease detection\Healthy corn\20200727_091722.jpg,Healthy corn,Healthy,maize
D:\Download1\archive (1)\Corn Disease detection\Healthy corn\20200727_091723.jpg,Healthy corn,Healthy,maize
D:\Download1\archive (1)\Corn Disease detection\Healthy corn\20200727_091724.jpg,Healthy corn,Healthy,maize
D:\Download1\archive (1)\Corn Disease detection\Healthy corn\20200727_091730.jpg,Healthy corn,Healthy,maize
D:\Download1\archive (1)\Corn Disease detection\Healthy corn\20200727_091731.jpg,Healthy corn,Healthy,maize
D:\Download1\archive (1)\Corn Disease detection\Healthy corn\20200727_091732.jpg,Healthy corn,Healthy,maize
D:\Download1\archive (1)\Corn Disease detection\Healthy corn\20200727_091735.jpg,Healthy corn,Healthy,maize
D:\Download1\archive (1)\Corn Disease detection\Healthy corn\20200727_091737.jpg,Healthy corn,Healthy,maize
D:\Download1\archive (1)\Corn Disease detection\Healthy corn\20200727_091740.jpg,Healthy corn,Healthy,maize
D:\Download1\archive (1)\Corn Disease detection\Healthy corn\20200727_091741.jpg,Healthy corn,Healthy,maize
D:\Download1\archive (1)\Corn Disease detection\Healthy corn\20200727_091745.jpg,Healthy corn,Healthy,maize
D:\Download1\archive (1)\Corn Disease detection\Healthy corn\20200727_091747.jpg,Healthy corn,Healthy,maize
D:\Download1\archive (1)\Corn Disease detection\Healthy corn\20200727_091749.jpg,Healthy corn,Healthy,maize
D:\Download1\archive (1)\Corn Disease detection\Healthy corn\20200727_091751.jpg,Healthy corn,Healthy,maize
D:\Download1\archive (1)\Corn Disease detection\Healthy corn\20200727_091754.jpg,Healthy corn,Healthy,maize
D:\Download1\archive (1)\Corn Disease detection\Healthy corn\20200727_091756.jpg,Healthy corn,Healthy,maize
D:\Download1\archive (1)\Corn Disease detection\Healthy corn\20200727_091759.jpg,Healthy corn,Healthy,maize
D:\Download1\archive (1)\Corn Disease detection\Healthy corn\20200727_091801.jpg,Healthy corn,Healthy,maize
D:\Download1\archive (1)\Corn Disease detection\Healthy corn\20200727_091805.jpg,Healthy corn,Healthy,maize
D:\Download1\archive (1)\Corn Disease detection\Healthy corn\20200727_091807.jpg,Healthy corn,Healthy,maize
D:\Download1\archive (1)\Corn Disease detection\Healthy corn\20200727_091808.jpg,Healthy corn,Healthy,maize
D:\Download1\archive (1)\Corn Disease detection\Healthy corn\20200727_091809.jpg,Healthy corn,Healthy,maize
D:\Download1\archive (1)\Corn Disease detection\Healthy corn\20200727_091811.jpg,Healthy corn,Healthy,maize
D:\Download1\archive (1)\Corn Disease detection\Healthy corn\20200727_091813.jpg,Healthy corn,Healthy,maize
D:\Download1\archive (1)\Corn Disease detection\Healthy corn\20200727_091815.jpg,Healthy corn,Healthy,maize
D:\Download1\archive (1)\Corn Disease detection\Healthy corn\20200727_091819.jpg,Healthy corn,Healthy,maize
D:\Download1\archive (1)\Corn Disease detection\Healthy corn\20200727_091820.jpg,Healthy corn,Healthy,maize
D:\Download1\archive (1)\Corn Disease detection\Healthy corn\20200727_091822.jpg,Healthy corn,Healthy,maize
D:\Download1\archive (1)\Corn Disease detection\Healthy corn\20200727_091824.jpg,Healthy corn,Healthy,maize
D:\Download1\archive (1)\Corn Disease detection\Healthy corn\20200727_091826.jpg,Healthy corn,Healthy,maize
D:\Download1\archive (1)\Corn Disease detection\Healthy corn\20200727_091828.jpg,Healthy corn,Healthy,maize
D:\Download1\archive (1)\Corn Disease detection\Healthy corn\20200727_091829.jpg,Healthy corn,Healthy,maize
D:\Download1\archive (1)\Corn Disease detection\Healthy corn\20200727_091836.jpg,Healthy corn,Healthy,maize
D:\Download1\archive (1)\Corn Disease detection\Healthy corn\20200727_091837.jpg,Healthy corn,Healthy,maize
D:\Download1\archive (1)\Corn Disease detection\Healthy corn\20200727_091839.jpg,Healthy corn,Healthy,maize
D:\Download1\archive (1)\Corn Disease detection\Healthy corn\20200727_091841.jpg,Healthy corn,Healthy,maize
D:\Download1\archive (1)\Corn Disease detection\Healthy corn\20200727_091845.jpg,Healthy corn,Healthy,maize
D:\Download1\archive (1)\Corn Disease detection\Healthy corn\20200727_091846.jpg,Healthy corn,Healthy,maize
D:\Download1\archive (1)\Corn Disease detection\Healthy corn\20200727_091849.jpg,Healthy corn,Healthy,maize
D:\Download1\archive (1)\Corn Disease detection\Healthy corn\20200727_091852.jpg,Healthy corn,Healthy,maize
D:\Download1\archive (1)\Corn Disease detection\Healthy corn\20200727_091853.jpg,Healthy corn,Healthy,maize
D:\Download1\archive (1)\Corn Disease detection\Healthy corn\20200727_091854.jpg,Healthy corn,Healthy,maize
D:\Download1\archive (1)\Corn Disease detection\Healthy corn\20200727_091855.jpg,Healthy corn,Healthy,maize
D:\Download1\archive (1)\Corn Disease detection\Healthy corn\20200727_091857.jpg,Healthy corn,Healthy,maize
D:\Download1\archive (1)\Corn Disease detection\Healthy corn\20200727_091858.jpg,Healthy corn,Healthy,maize
D:\Download1\archive (1)\Corn Disease detection\Healthy corn\20200727_091859.jpg,Healthy corn,Healthy,maize
D:\Download1\archive (1)\Corn Disease detection\Healthy corn\20200727_091901.jpg,Healthy corn,Healthy,maize
D:\Download1\archive (1)\Corn Disease detection\Healthy corn\20200727_091907.jpg,Healthy corn,Healthy,maize
D:\Download1\archive (1)\Corn Disease detection\Healthy corn\20200727_091908.jpg,Healthy corn,Healthy,maize
D:\Download1\archive (1)\Corn Disease detection\Healthy corn\20200727_091909.jpg,Healthy corn,Healthy,maize
D:\Download1\archive (1)\Corn Disease detection\Healthy corn\20200727_091910.jpg,Healthy corn,Healthy,maize
D:\Download1\archive (1)\Corn Disease detection\Healthy corn\20200727_091912.jpg,Healthy corn,Healthy,maize
D:\Download1\archive (1)\Corn Disease detection\Healthy corn\20200727_091914.jpg,Healthy corn,Healthy,maize
D:\Download1\archive (1)\Corn Disease detection\Healthy corn\20200727_091915.jpg,Healthy corn,Healthy,maize
D:\Download1\archive (1)\Corn Disease detection\Healthy corn\20200727_091919.jpg,Healthy corn,Healthy,maize
D:\Download1\archive (1)\Corn Disease detection\Healthy corn\20200727_091920.jpg,Healthy corn,Healthy,maize
D:\Download1\archive (1)\Corn Disease detection\Healthy corn\20200727_091922.jpg,Healthy corn,Healthy,maize
D:\Download1\archive (1)\Corn Disease detection\Healthy corn\20200727_091923.jpg,Healthy corn,Healthy,maize
D:\Download1\archive (1)\Corn Disease detection\Healthy corn\20200727_091926.jpg,Healthy corn,Healthy,maize
D:\Download1\archive (1)\Corn Disease detection\Healthy corn\20200727_091929.jpg,Healthy corn,Healthy,maize
D:\Download1\archive (1)\Corn Disease detection\Healthy corn\20200727_091930.jpg,Healthy corn,Healthy,maize
D:\Download1\archive (1)\Corn Disease detection\Healthy corn\20200727_091933.jpg,Healthy corn,Healthy,maize
D:\Download1\archive (1)\Corn Disease detection\Healthy corn\20200727_091934.jpg,Healthy corn,Healthy,maize
D:\Download1\archive (1)\Corn Disease detection\Healthy corn\20200727_091935.jpg,Healthy corn,Healthy,maize
D:\Download1\archive (1)\Corn Disease detection\Healthy corn\20200727_091941.jpg,Healthy corn,Healthy,maize
D:\Download1\archive (1)\Corn Disease detection\Healthy corn\20200727_091943.jpg,Healthy corn,Healthy,maize
D:\Download1\archive (1)\Corn Disease detection\Healthy corn\20200727_091945.jpg,Healthy corn,Healthy,maize
D:\Download1\archive (1)\Corn Disease detection\Healthy corn\20200727_091948.jpg,Healthy corn,Healthy,maize
D:\Download1\archive (1)\Corn Disease detection\Healthy corn\20200727_091949.jpg,Healthy corn,Healthy,maize
D:\Download1\archive (1)\Corn Disease detection\Healthy corn\20200727_091951.jpg,Healthy corn,Healthy,maize
D:\Download1\archive (1)\Corn Disease detection\Healthy corn\20200727_091953.jpg,Healthy corn,Healthy,maize
D:\Download1\archive (1)\Corn Disease detection\Healthy corn\20200727_091958.jpg,Healthy corn,Healthy,maize
D:\Download1\archive (1)\Corn Disease detection\Healthy corn\20200727_091959.jpg,Healthy corn,Healthy,maize
D:\Download1\archive (1)\Corn Disease detection\Healthy corn\20200727_092001.jpg,Healthy corn,Healthy,maize
D:\Download1\archive (1)\Corn Disease detection\Healthy corn\20200727_092003.jpg,Healthy corn,Healthy,maize
D:\Download1\archive (1)\Corn Disease detection\Healthy corn\20200727_092005.jpg,Healthy corn,Healthy,maize
D:\Download1\archive (1)\Corn Disease detection\Healthy corn\20200727_092008.jpg,Healthy corn,Healthy,maize
D:\Download1\archive (1)\Corn Disease detection\Healthy corn\20200727_092011.jpg,Healthy corn,Healthy,maize
D:\Download1\archive (1)\Corn Disease detection\Healthy corn\20200727_092013.jpg,Healthy corn,Healthy,maize
D:\Download1\archive (1)\Corn Disease detection\Healthy corn\20200727_092015.jpg,Healthy corn,Healthy,maize
D:\Download1\archive (1)\Corn Disease detection\Healthy corn\20200727_092017.jpg,Healthy corn,Healthy,maize
D:\Download1\archive (1)\Corn Disease detection\Healthy corn\20200727_092018.jpg,Healthy corn,Healthy,maize
D:\Download1\archive (1)\Corn Disease detection\Healthy corn\20200727_092019.jpg,Healthy corn,Healthy,maize
D:\Download1\archive (1)\Corn Disease detection\Healthy corn\20200727_092023.jpg,Healthy corn,Healthy,maize
D:\Download1\archive (1)\Corn Disease detection\Healthy corn\20200727_092026.jpg,Healthy corn,Healthy,maize
D:\Download1\archive (1)\Corn Disease detection\Healthy corn\20200727_092029.jpg,Healthy corn,Healthy,maize
D:\Download1\archive (1)\Corn Disease detection\Healthy corn\20200727_092031.jpg,Healthy corn,Healthy,maize
D:\Download1\archive (1)\Corn Disease detection\Healthy corn\20200727_092032.jpg,Healthy corn,Healthy,maize
D:\Download1\archive (1)\Corn Disease detection\Healthy corn\20200727_092033.jpg,Healthy corn,Healthy,maize
D:\Download1\archive (1)\Corn Disease detection\Healthy corn\20200727_092036.jpg,Healthy corn,Healthy,maize
D:\Download1\archive (1)\Corn Disease detection\Healthy corn\20200727_092037.jpg,Healthy corn,Healthy,maize
D:\Download1\archive (1)\Corn Disease detection\Healthy corn\20200727_092038.jpg,Healthy corn,Healthy,maize
D:\Download1\archive (1)\Corn Disease detection\Healthy corn\20200727_092039.jpg,Healthy corn,Healthy,maize
D:\Download1\archive (1)\Corn Disease detection\Healthy corn\20200727_092042.jpg,Healthy corn,Healthy,maize
D:\Download1\archive (1)\Corn Disease detection\Healthy corn\20200727_092048.jpg,Healthy corn,Healthy,maize
D:\Download1\archive (1)\Corn Disease detection\Healthy corn\20200727_092054.jpg,Healthy corn,Healthy,maize
D:\Download1\archive (1)\Corn Disease detection\Healthy corn\20200727_092055.jpg,Healthy corn,Healthy,maize
D:\Download1\archive (1)\Corn Disease detection\Healthy corn\20200727_092057.jpg,Healthy corn,Healthy,maize
D:\Download1\archive (1)\Corn Disease detection\Healthy corn\20200727_092059.jpg,Healthy corn,Healthy,maize
D:\Download1\archive (1)\Corn Disease detection\Healthy corn\20200727_092101.jpg,Healthy corn,Healthy,maize
D:\Download1\archive (1)\Corn Disease detection\Healthy corn\20200727_092104.jpg,Healthy corn,Healthy,maize
D:\Download1\archive (1)\Corn Disease detection\Healthy corn\20200727_092106.jpg,Healthy corn,Healthy,maize
D:\Download1\archive (1)\Corn Disease detection\Healthy corn\20200727_092109.jpg,Healthy corn,Healthy,maize
D:\Download1\archive (1)\Corn Disease detection\Healthy corn\20200727_092111.jpg,Healthy corn,Healthy,maize
D:\Download1\archive (1)\Corn Disease detection\Healthy corn\20200727_092113.jpg,Healthy corn,Healthy,maize
D:\Download1\archive (1)\Corn Disease detection\Healthy corn\20200727_092118.jpg,Healthy corn,Healthy,maize
D:\Download1\archive (1)\Corn Disease detection\Healthy corn\20200727_092120.jpg,Healthy corn,Healthy,maize
D:\Download1\archive (1)\Corn Disease detection\Healthy corn\20200727_092123.jpg,Healthy corn,Healthy,maize
D:\Download1\archive (1)\Corn Disease detection\Healthy corn\20200727_092127.jpg,Healthy corn,Healthy,maize
D:\Download1\archive (1)\Corn Disease detection\Healthy corn\20200727_092128.jpg,Healthy corn,Healthy,maize
D:\Download1\archive (1)\Corn Disease detection\Healthy corn\20200727_092133.jpg,Healthy corn,Healthy,maize
D:\Download1\archive (1)\Corn Disease detection\Healthy corn\20200727_092139.jpg,Healthy corn,Healthy,maize
D:\Download1\archive (1)\Corn Disease detection\Healthy corn\20200727_092142.jpg,Healthy corn,Healthy,maize
D:\Download1\archive (1)\Corn Disease detection\Healthy corn\20200727_092144.jpg,Healthy corn,Healthy,maize
D:\Download1\archive (1)\Corn Disease detection\Healthy corn\20200727_092145.jpg,Healthy corn,Healthy,maize
D:\Download1\archive (1)\Corn Disease detection\Healthy corn\20200727_092150.jpg,Healthy corn,Healthy,maize
D:\Download1\archive (1)\Corn Disease detection\Healthy corn\20200727_092152.jpg,Healthy corn,Healthy,maize
D:\Download1\archive (1)\Corn Disease detection\Healthy corn\20200727_092154.jpg,Healthy corn,Healthy,maize
D:\Download1\archive (1)\Corn Disease detection\Healthy corn\20200727_092200.jpg,Healthy corn,Healthy,maize
D:\Download1\archive (1)\Corn Disease detection\Healthy corn\20200727_092202.jpg,Healthy corn,Healthy,maize
D:\Download1\archive (1)\Corn Disease detection\Healthy corn\20200727_092203.jpg,Healthy corn,Healthy,maize
D:\Download1\archive (1)\Corn Disease detection\Healthy corn\20200727_092205.jpg,Healthy corn,Healthy,maize
D:\Download1\archive (1)\Corn Disease detection\Healthy corn\20200727_092206.jpg,Healthy corn,Healthy,maize
D:\Download1\archive (1)\Corn Disease detection\Healthy corn\20200727_092208.jpg,Healthy corn,Healthy,maize
D:\Download1\archive (1)\Corn Disease detection\Healthy corn\20200727_092212(0).jpg,Healthy corn,Healthy,maize
D:\Download1\archive (1)\Corn Disease detection\Healthy corn\20200727_092212.jpg,Healthy corn,Healthy,maize
D:\Download1\archive (1)\Corn Disease detection\Healthy corn\20200727_092214.jpg,Healthy corn,Healthy,maize
D:\Download1\archive (1)\Corn Disease detection\Healthy corn\20200727_092218.jpg,Healthy corn,Healthy,maize
D:\Download1\archive (1)\Corn Disease detection\Healthy corn\20200727_092220.jpg,Healthy corn,Healthy,maize
D:\Download1\archive (1)\Corn Disease detection\Healthy corn\20200727_092223.jpg,Healthy corn,Healthy,maize
D:\Download1\archive (1)\Corn Disease detection\Healthy corn\20200727_092224.jpg,Healthy corn,Healthy,maize
D:\Download1\archive (1)\Corn Disease detection\Healthy corn\20200727_092227.jpg,Healthy corn,Healthy,maize
D:\Download1\archive (1)\Corn Disease detection\Healthy corn\20200727_092708.jpg,Healthy corn,Healthy,maize
D:\Download1\archive (1)\Corn Disease detection\Healthy corn\20200727_092709.jpg,Healthy corn,Healthy,maize
D:\Download1\archive (1)\Corn Disease detection\Healthy corn\20200727_092711.jpg,Healthy corn,Healthy,maize
D:\Download1\archive (1)\Corn Disease detection\Healthy corn\20200727_092712.jpg,Healthy corn,Healthy,maize
D:\Download1\archive (1)\Corn Disease detection\Healthy corn\20200727_092715.jpg,Healthy corn,Healthy,maize
D:\Download1\archive (1)\Corn Disease detection\Healthy corn\20200727_092716.jpg,Healthy corn,Healthy,maize
D:\Download1\archive (1)\Corn Disease detection\Healthy corn\20200727_092717.jpg,Healthy corn,Healthy,maize
D:\Download1\archive (1)\Corn Disease detection\Healthy corn\20200727_092721.jpg,Healthy corn,Healthy,maize
D:\Download1\archive (1)\Corn Disease detection\Healthy corn\20200727_092722.jpg,Healthy corn,Healthy,maize
D:\Download1\archive (1)\Corn Disease detection\Healthy corn\20200727_092723.jpg,Healthy corn,Healthy,maize
D:\Download1\archive (1)\Corn Disease detection\Healthy corn\20200727_092724.jpg,Healthy corn,Healthy,maize
D:\Download1\archive (1)\Corn Disease detection\Healthy corn\20200727_092725.jpg,Healthy corn,Healthy,maize
D:\Download1\archive (1)\Corn Disease detection\Healthy corn\20200727_092726.jpg,Healthy corn,Healthy,maize
D:\Download1\archive (1)\Corn Disease detection\Healthy corn\20200727_092729.jpg,Healthy corn,Healthy,maize
D:\Download1\archive (1)\Corn Disease detection\Healthy corn\20200727_092730.jpg,Healthy corn,Healthy,maize
D:\Download1\archive (1)\Corn Disease detection\Healthy corn\20200727_092731.jpg,Healthy corn,Healthy,maize
D:\Download1\archive (1)\Corn Disease detection\Healthy corn\20200727_092734.jpg,Healthy corn,Healthy,maize
D:\Download1\archive (1)\Corn Disease detection\Healthy corn\20200727_092741(0).jpg,Healthy corn,Healthy,maize
D:\Download1\archive (1)\Corn Disease detection\Healthy corn\20200727_092741.jpg,Healthy corn,Healthy,maize
D:\Download1\archive (1)\Corn Disease detection\Healthy corn\20200727_092745.jpg,Healthy corn,Healthy,maize
D:\Download1\archive (1)\Corn Disease detection\Healthy corn\20200727_092746.jpg,Healthy corn,Healthy,maize
D:\Download1\archive (1)\Corn Disease detection\Healthy corn\20200727_092749.jpg,Healthy corn,Healthy,maize
D:\Download1\archive (1)\Corn Disease detection\Healthy corn\20200727_092752.jpg,Healthy corn,Healthy,maize
D:\Download1\archive (1)\Corn Disease detection\Healthy corn\20200727_092755.jpg,Healthy corn,Healthy,maize
D:\Download1\archive (1)\Corn Disease detection\Healthy corn\20200727_092756.jpg,Healthy corn,Healthy,maize
D:\Download1\archive (1)\Corn Disease detection\Healthy corn\20200727_092757.jpg,Healthy corn,Healthy,maize
D:\Download1\archive (1)\Corn Disease detection\Healthy corn\20200727_092759.jpg,Healthy corn,Healthy,maize
D:\Download1\archive (1)\Corn Disease detection\Healthy corn\20200727_092804.jpg,Healthy corn,Healthy,maize
D:\Download1\archive (1)\Corn Disease detection\Healthy corn\20200727_092811.jpg,Healthy corn,Healthy,maize
D:\Download1\archive (1)\Corn Disease detection\Healthy corn\20200727_092816.jpg,Healthy corn,Healthy,maize
D:\Download1\archive (1)\Corn Disease detection\Healthy corn\20200727_092817.jpg,Healthy corn,Healthy,maize
D:\Download1\archive (1)\Corn Disease detection\Healthy corn\20200727_092831.jpg,Healthy corn,Healthy,maize
D:\Download1\archive (1)\Corn Disease detection\Healthy corn\20200727_092833.jpg,Healthy corn,Healthy,maize
D:\Download1\archive (1)\Corn Disease detection\Healthy corn\20200727_092835.jpg,Healthy corn,Healthy,maize
D:\Download1\archive (1)\Corn Disease detection\Healthy corn\20200727_092836.jpg,Healthy corn,Healthy,maize
D:\Download1\archive (1)\Corn Disease detection\Healthy corn\20200727_092838.jpg,Healthy corn,Healthy,maize
D:\Download1\archive (1)\Corn Disease detection\Healthy corn\20200727_092840.jpg,Healthy corn,Healthy,maize
D:\Download1\archive (1)\Corn Disease detection\Healthy corn\20200727_092841.jpg,Healthy corn,Healthy,maize
D:\Download1\archive (1)\Corn Disease detection\Healthy corn\20200727_092842.jpg,Healthy corn,Healthy,maize
D:\Download1\archive (1)\Corn Disease detection\Healthy corn\20200727_092846.jpg,Healthy corn,Healthy,maize
D:\Download1\archive (1)\Corn Disease detection\Healthy corn\20200727_092848.jpg,Healthy corn,Healthy,maize
D:\Download1\archive (1)\Corn Disease detection\Healthy corn\20200727_092851.jpg,Healthy corn,Healthy,maize
D:\Download1\archive (1)\Corn Disease detection\Healthy corn\20200727_092852.jpg,Healthy corn,Healthy,maize
D:\Download1\archive (1)\Corn Disease detection\Healthy corn\20200727_092855.jpg,Healthy corn,Healthy,maize
D:\Download1\archive (1)\Corn Disease detection\Healthy corn\20200727_092857.jpg,Healthy corn,Healthy,maize
D:\Download1\archive (1)\Corn Disease detection\Healthy corn\20200727_092859.jpg,Healthy corn,Healthy,maize
D:\Download1\archive (1)\Corn Disease detection\Healthy corn\20200727_092904.jpg,Healthy corn,Healthy,maize
D:\Download1\archive (1)\Corn Disease detection\Healthy corn\20200727_092905.jpg,Healthy corn,Healthy,maize
D:\Download1\archive (1)\Corn Disease detection\Healthy corn\20200727_092909.jpg,Healthy corn,Healthy,maize
D:\Download1\archive (1)\Corn Disease detection\Healthy corn\20200727_092910.jpg,Healthy corn,Healthy,maize
D:\Download1\archive (1)\Corn Disease detection\Healthy corn\20200727_092914.jpg,Healthy corn,Healthy,maize
D:\Download1\archive (1)\Corn Disease detection\Healthy corn\20200727_092917.jpg,Healthy corn,Healthy,maize
D:\Download1\archive (1)\Corn Disease detection\Healthy corn\20200727_092921.jpg,Healthy corn,Healthy,maize
D:\Download1\archive (1)\Corn Disease detection\Healthy corn\20200727_092924.jpg,Healthy corn,Healthy,maize
D:\Download1\archive (1)\Corn Disease detection\Healthy corn\20200727_092930.jpg,Healthy corn,Healthy,maize
D:\Download1\archive (1)\Corn Disease detection\Healthy corn\20200727_092935.jpg,Healthy corn,Healthy,maize
D:\Download1\archive (1)\Corn Disease detection\Healthy corn\20200727_092939.jpg,Healthy corn,Healthy,maize
D:\Download1\archive (1)\Corn Disease detection\Healthy corn\20200727_092941.jpg,Healthy corn,Healthy,maize
D:\Download1\archive (1)\Corn Disease detection\Healthy corn\20200727_092943.jpg,Healthy corn,Healthy,maize
D:\Download1\archive (1)\Corn Disease detection\Healthy corn\20200727_092946.jpg,Healthy corn,Healthy,maize
D:\Download1\archive (1)\Corn Disease detection\Healthy corn\20200727_092947.jpg,Healthy corn,Healthy,maize
D:\Download1\archive (1)\Corn Disease detection\Healthy corn\20200727_092948.jpg,Healthy corn,Healthy,maize
D:\Download1\archive (1)\Corn Disease detection\Healthy corn\20200727_092949.jpg,Healthy corn,Healthy,maize
D:\Download1\archive (1)\Corn Disease detection\Healthy corn\20200727_092951.jpg,Healthy corn,Healthy,maize
D:\Download1\archive (1)\Corn Disease detection\Healthy corn\20200727_092952.jpg,Healthy corn,Healthy,maize
D:\Download1\archive (1)\Corn Disease detection\Healthy corn\20200727_092954.jpg,Healthy corn,Healthy,maize
D:\Download1\archive (1)\Corn Disease detection\Healthy corn\20200727_092955.jpg,Healthy corn,Healthy,maize
D:\Download1\archive (1)\Corn Disease detection\Healthy corn\20200727_092957.jpg,Healthy corn,Healthy,maize
D:\Download1\archive (1)\Corn Disease detection\Healthy corn\20200727_092958.jpg,Healthy corn,Healthy,maize
D:\Download1\archive (1)\Corn Disease detection\Healthy corn\20200727_092959.jpg,Healthy corn,Healthy,maize
D:\Download1\archive (1)\Corn Disease detection\Healthy corn\20200727_093003.jpg,Healthy corn,Healthy,maize
D:\Download1\archive (1)\Corn Disease detection\Healthy corn\20200727_093004.jpg,Healthy corn,Healthy,maize
D:\Download1\archive (1)\Corn Disease detection\Healthy corn\20200727_093005.jpg,Healthy corn,Healthy,maize
D:\Download1\archive (1)\Corn Disease detection\Healthy corn\20200727_093007.jpg,Healthy corn,Healthy,maize
D:\Download1\archive (1)\Corn Disease detection\Healthy corn\20200727_093008.jpg,Healthy corn,Healthy,maize
D:\Download1\archive (1)\Corn Disease detection\Healthy corn\20200727_093010.jpg,Healthy corn,Healthy,maize
D:\Download1\archive (1)\Corn Disease detection\Healthy corn\20200727_093011.jpg,Healthy corn,Healthy,maize
D:\Download1\archive (1)\Corn Disease detection\Healthy corn\20200727_093013.jpg,Healthy corn,Healthy,maize
D:\Download1\archive (1)\Corn Disease detection\Healthy corn\20200727_093015.jpg,Healthy corn,Healthy,maize
D:\Download1\archive (1)\Corn Disease detection\Healthy corn\20200727_093017.jpg,Healthy corn,Healthy,maize
D:\Download1\archive (1)\Corn Disease detection\Healthy corn\20200727_093019.jpg,Healthy corn,Healthy,maize
D:\Download1\archive (1)\Corn Disease detection\Healthy corn\20200727_093023.jpg,Healthy corn,Healthy,maize
D:\Download1\archive (1)\Corn Disease detection\Healthy corn\20200727_093025.jpg,Healthy corn,Healthy,maize
D:\Download1\archive (1)\Corn Disease detection\Healthy corn\20200727_093027.jpg,Healthy corn,Healthy,maize
D:\Download1\archive (1)\Corn Disease detection\Healthy corn\20200727_093031.jpg,Healthy corn,Healthy,maize
D:\Download1\archive (1)\Corn Disease detection\Healthy corn\20200727_093033.jpg,Healthy corn,Healthy,maize
D:\Download1\archive (1)\Corn Disease detection\Healthy corn\20200727_093034.jpg,Healthy corn,Healthy,maize
D:\Download1\archive (1)\Corn Disease detection\Healthy corn\20200727_093037.jpg,Healthy corn,Healthy,maize
D:\Download1\archive (1)\Corn Disease detection\Healthy corn\20200727_093038.jpg,Healthy corn,Healthy,maize
D:\Download1\archive (1)\Corn Disease detection\Healthy corn\20200727_093040.jpg,Healthy corn,Healthy,maize
D:\Download1\archive (1)\Corn Disease detection\Healthy corn\20200727_093043.jpg,Healthy corn,Healthy,maize
D:\Download1\archive (1)\Corn Disease detection\Healthy corn\20200727_093044.jpg,Healthy corn,Healthy,maize
D:\Download1\archive (1)\Corn Disease detection\Healthy corn\20200727_093045.jpg,Healthy corn,Healthy,maize
D:\Download1\archive (1)\Corn Disease detection\Healthy corn\20200727_093046.jpg,Healthy corn,Healthy,maize
D:\Download1\archive (1)\Corn Disease detection\Healthy corn\20200727_093048.jpg,Healthy corn,Healthy,maize
D:\Download1\archive (1)\Corn Disease detection\Healthy corn\20200727_093049.jpg,Healthy corn,Healthy,maize
D:\Download1\archive (1)\Corn Disease detection\Healthy corn\20200727_093051.jpg,Healthy corn,Healthy,maize
D:\Download1\archive (1)\Corn Disease detection\Healthy corn\20200727_093053.jpg,Healthy corn,Healthy,maize
D:\Download1\archive (1)\Corn Disease detection\Healthy corn\20200727_093054.jpg,Healthy corn,Healthy,maize
D:\Download1\archive (1)\Corn Disease detection\Healthy corn\20200727_093055.jpg,Healthy corn,Healthy,maize
D:\Download1\archive (1)\Corn Disease detection\Healthy corn\20200727_093059.jpg,Healthy corn,Healthy,maize
D:\Download1\archive (1)\Corn Disease detection\Healthy corn\20200727_093101.jpg,Healthy corn,Healthy,maize
D:\Download1\archive (1)\Corn Disease detection\Healthy corn\20200727_093102.jpg,Healthy corn,Healthy,maize
D:\Download1\archive (1)\Corn Disease detection\Healthy corn\20200727_093104.jpg,Healthy corn,Healthy,maize
D:\Download1\archive (1)\Corn Disease detection\Healthy corn\20200727_093105.jpg,Healthy corn,Healthy,maize
D:\Download1\archive (1)\Corn Disease detection\Healthy corn\20200727_093106.jpg,Healthy corn,Healthy,maize
D:\Download1\archive (1)\Corn Disease detection\Healthy corn\20200727_093108.jpg,Healthy corn,Healthy,maize
D:\Download1\archive (1)\Corn Disease detection\Healthy corn\20200727_093110.jpg,Healthy corn,Healthy,maize
D:\Download1\archive (1)\Corn Disease detection\Healthy corn\20200727_093112.jpg,Healthy corn,Healthy,maize
D:\Download1\archive (1)\Corn Disease detection\Healthy corn\20200727_093113.jpg,Healthy corn,Healthy,maize
D:\Download1\archive (1)\Corn Disease detection\Healthy corn\20200727_093114.jpg,Healthy corn,Healthy,maize
D:\Download1\archive (1)\Corn Disease detection\Healthy corn\20200727_093116.jpg,Healthy corn,Healthy,maize
D:\Download1\archive (1)\Corn Disease detection\Healthy corn\20200727_093117.jpg,Healthy corn,Healthy,maize
D:\Download1\archive (1)\Corn Disease detection\Healthy corn\20200727_093119.jpg,Healthy corn,Healthy,maize
D:\Download1\archive (1)\Corn Disease detection\Healthy corn\20200727_093121.jpg,Healthy corn,Healthy,maize
D:\Download1\archive (1)\Corn Disease detection\Healthy corn\20200727_093124.jpg,Healthy corn,Healthy,maize
D:\Download1\archive (1)\Corn Disease detection\Healthy corn\20200727_093125.jpg,Healthy corn,Healthy,maize
D:\Download1\archive (1)\Corn Disease detection\Healthy corn\20200727_093126.jpg,Healthy corn,Healthy,maize
D:\Download1\archive (1)\Corn Disease detection\Healthy corn\20200727_093128.jpg,Healthy corn,Healthy,maize
D:\Download1\archive (1)\Corn Disease detection\Healthy corn\20200727_093130.jpg,Healthy corn,Healthy,maize
D:\Download1\archive (1)\Corn Disease detection\Healthy corn\20200727_093131.jpg,Healthy corn,Healthy,maize
D:\Download1\archive (1)\Corn Disease detection\Healthy corn\20200727_093135.jpg,Healthy corn,Healthy,maize
D:\Download1\archive (1)\Corn Disease detection\Healthy corn\20200727_093138.jpg,Healthy corn,Healthy,maize
D:\Download1\archive (1)\Corn Disease detection\Healthy corn\20200727_093140.jpg,Healthy corn,Healthy,maize
D:\Download1\archive (1)\Corn Disease detection\Healthy corn\20200727_093141.jpg,Healthy corn,Healthy,maize
D:\Download1\archive (1)\Corn Disease detection\Healthy corn\20200727_093143.jpg,Healthy corn,Healthy,maize
D:\Download1\archive (1)\Corn Disease detection\Healthy corn\20200727_093144.jpg,Healthy corn,Healthy,maize
D:\Download1\archive (1)\Corn Disease detection\Healthy corn\20200727_093149(0).jpg,Healthy corn,Healthy,maize
D:\Download1\archive (1)\Corn Disease detection\Healthy corn\20200727_093149.jpg,Healthy corn,Healthy,maize
D:\Download1\archive (1)\Corn Disease detection\Healthy corn\20200727_093151.jpg,Healthy corn,Healthy,maize
D:\Download1\archive (1)\Corn Disease detection\Healthy corn\20200727_093152.jpg,Healthy corn,Healthy,maize
D:\Download1\archive (1)\Corn Disease detection\Healthy corn\20200727_093153.jpg,Healthy corn,Healthy,maize
D:\Download1\archive (1)\Corn Disease detection\Healthy corn\20200727_093155.jpg,Healthy corn,Healthy,maize
D:\Download1\archive (1)\Corn Disease detection\Healthy corn\20200727_093158.jpg,Healthy corn,Healthy,maize
D:\Download1\archive (1)\Corn Disease detection\Healthy corn\20200727_093200.jpg,Healthy corn,Healthy,maize
D:\Download1\archive (1)\Corn Disease detection\Healthy corn\20200727_093203.jpg,Healthy corn,Healthy,maize
D:\Download1\archive (1)\Corn Disease detection\Healthy corn\20200727_093207.jpg,Healthy corn,Healthy,maize
D:\Download1\archive (1)\Corn Disease detection\Healthy corn\20200727_093210.jpg,Healthy corn,Healthy,maize
D:\Download1\archive (1)\Corn Disease detection\Healthy corn\20200727_093211.jpg,Healthy corn,Healthy,maize
D:\Download1\archive (1)\Corn Disease detection\Healthy corn\20200727_093213.jpg,Healthy corn,Healthy,maize
D:\Download1\archive (1)\Corn Disease detection\Healthy corn\20200727_093214.jpg,Healthy corn,Healthy,maize
D:\Download1\archive (1)\Corn Disease detection\Healthy corn\20200727_093215.jpg,Healthy corn,Healthy,maize
D:\Download1\archive (1)\Corn Disease detection\Healthy corn\20200727_093218.jpg,Healthy corn,Healthy,maize
D:\Download1\archive (1)\Corn Disease detection\Healthy corn\20200727_093223.jpg,Healthy corn,Healthy,maize
D:\Download1\archive (1)\Corn Disease detection\Healthy corn\20200727_093225.jpg,Healthy corn,Healthy,maize
D:\Download1\archive (1)\Corn Disease detection\Healthy corn\20200727_093226.jpg,Healthy corn,Healthy,maize
D:\Download1\archive (1)\Corn Disease detection\Healthy corn\20200727_093228.jpg,Healthy corn,Healthy,maize
D:\Download1\archive (1)\Corn Disease detection\Healthy corn\20200727_093232.jpg,Healthy corn,Healthy,maize
D:\Download1\archive (1)\Corn Disease detection\Healthy corn\20200727_093233.jpg,Healthy corn,Healthy,maize
D:\Download1\archive (1)\Corn Disease detection\Healthy corn\20200727_093235.jpg,Healthy corn,Healthy,maize
D:\Download1\archive (1)\Corn Disease detection\Healthy corn\20200727_093238.jpg,Healthy corn,Healthy,maize
D:\Download1\archive (1)\Corn Disease detection\Healthy corn\20200727_093239.jpg,Healthy corn,Healthy,maize
D:\Download1\archive (1)\Corn Disease detection\Healthy corn\20200727_093240.jpg,Healthy corn,Healthy,maize
D:\Download1\archive (1)\Corn Disease detection\Healthy corn\20200727_093241.jpg,Healthy corn,Healthy,maize
D:\Download1\archive (1)\Corn Disease detection\Healthy corn\20200727_093243.jpg,Healthy corn,Healthy,maize
D:\Download1\archive (1)\Corn Disease detection\Healthy corn\20200727_093244.jpg,Healthy corn,Healthy,maize
D:\Download1\archive (1)\Corn Disease detection\Healthy corn\20200727_093247.jpg,Healthy corn,Healthy,maize
D:\Download1\archive (1)\Corn Disease detection\Healthy corn\20200727_093248.jpg,Healthy corn,Healthy,maize
D:\Download1\archive (1)\Corn Disease detection\Healthy corn\20200727_093250.jpg,Healthy corn,Healthy,maize
D:\Download1\archive (1)\Corn Disease detection\Healthy corn\20200727_093251.jpg,Healthy corn,Healthy,maize
D:\Download1\archive (1)\Corn Disease detection\Healthy corn\20200727_093253.jpg,Healthy corn,Healthy,maize
D:\Download1\archive (1)\Corn Disease detection\Healthy corn\20200727_093254.jpg,Healthy corn,Healthy,maize
D:\Download1\archive (1)\Corn Disease detection\Healthy corn\20200727_093255.jpg,Healthy corn,Healthy,maize
D:\Download1\archive (1)\Corn Disease detection\Healthy corn\20200727_093257.jpg,Healthy corn,Healthy,maize
D:\Download1\archive (1)\Corn Disease detection\Healthy corn\20200727_093258.jpg,Healthy corn,Healthy,maize
D:\Download1\archive (1)\Corn Disease detection\Healthy corn\20200727_093259.jpg,Healthy corn,Healthy,maize
D:\Download1\archive (1)\Corn Disease detection\Healthy corn\20200727_093300.jpg,Healthy corn,Healthy,maize
D:\Download1\archive (1)\Corn Disease detection\Healthy corn\20200727_093301.jpg,Healthy corn,Healthy,maize
D:\Download1\archive (1)\Corn Disease detection\Healthy corn\20200727_093302.jpg,Healthy corn,Healthy,maize
D:\Download1\archive (1)\Corn Disease detection\Healthy corn\20200727_093304.jpg,Healthy corn,Healthy,maize
D:\Download1\archive (1)\Corn Disease detection\Healthy corn\20200727_093308.jpg,Healthy corn,Healthy,maize
D:\Download1\archive (1)\Corn Disease detection\Healthy corn\20200727_093309.jpg,Healthy corn,Healthy,maize
D:\Download1\archive (1)\Corn Disease detection\Healthy corn\20200727_093310.jpg,Healthy corn,Healthy,maize
D:\Download1\archive (1)\Corn Disease detection\Healthy corn\20200727_093311.jpg,Healthy corn,Healthy,maize
D:\Download1\archive (1)\Corn Disease detection\Healthy corn\20200727_093312.jpg,Healthy corn,Healthy,maize
D:\Download1\archive (1)\Corn Disease detection\Healthy corn\20200727_093313.jpg,Healthy corn,Healthy,maize
D:\Download1\archive (1)\Corn Disease detection\Healthy corn\20200727_093317.jpg,Healthy corn,Healthy,maize
D:\Download1\archive (1)\Corn Disease detection\Healthy corn\20200727_093319.jpg,Healthy corn,Healthy,maize
D:\Download1\archive (1)\Corn Disease detection\Healthy corn\20200727_093320.jpg,Healthy corn,Healthy,maize
D:\Download1\archive (1)\Corn Disease detection\Healthy corn\20200727_093328.jpg,Healthy corn,Healthy,maize
D:\Download1\archive (1)\Corn Disease detection\Healthy corn\20200727_093329.jpg,Healthy corn,Healthy,maize
D:\Download1\archive (1)\Corn Disease detection\Healthy corn\20200727_093330.jpg,Healthy corn,Healthy,maize
D:\Download1\archive (1)\Corn Disease detection\Healthy corn\20200727_093332.jpg,Healthy corn,Healthy,maize
D:\Download1\archive (1)\Corn Disease detection\Healthy corn\20200727_093335.jpg,Healthy corn,Healthy,maize
D:\Download1\archive (1)\Corn Disease detection\Healthy corn\20200727_093336.jpg,Healthy corn,Healthy,maize
D:\Download1\archive (1)\Corn Disease detection\Healthy corn\20200727_093337.jpg,Healthy corn,Healthy,maize
D:\Download1\archive (1)\Corn Disease detection\Healthy corn\20200727_093341.jpg,Healthy corn,Healthy,maize
D:\Download1\archive (1)\Corn Disease detection\Healthy corn\20200727_093342.jpg,Healthy corn,Healthy,maize
D:\Download1\archive (1)\Corn Disease detection\Healthy corn\20200727_093343.jpg,Healthy corn,Healthy,maize
D:\Download1\archive (1)\Corn Disease detection\Healthy corn\20200727_093345.jpg,Healthy corn,Healthy,maize
D:\Download1\archive (1)\Corn Disease detection\Healthy corn\20200727_093346.jpg,Healthy corn,Healthy,maize
D:\Download1\archive (1)\Corn Disease detection\Healthy corn\20200727_093347.jpg,Healthy corn,Healthy,maize
D:\Download1\archive (1)\Corn Disease detection\Healthy corn\20200727_093348.jpg,Healthy corn,Healthy,maize
D:\Download1\archive (1)\Corn Disease detection\Healthy corn\20200727_093349.jpg,Healthy corn,Healthy,maize
D:\Download1\archive (1)\Corn Disease detection\Healthy corn\20200727_093350.jpg,Healthy corn,Healthy,maize
D:\Download1\archive (1)\Corn Disease detection\Healthy corn\20200727_093351.jpg,Healthy corn,Healthy,maize
D:\Download1\archive (1)\Corn Disease detection\Healthy corn\20200727_093352.jpg,Healthy corn,Healthy,maize
D:\Download1\archive (1)\Corn Disease detection\Healthy corn\20200727_093353.jpg,Healthy corn,Healthy,maize
D:\Download1\archive (1)\Corn Disease detection\Healthy corn\20200727_093354.jpg,Healthy corn,Healthy,maize
D:\Download1\archive (1)\Corn Disease detection\Healthy corn\20200727_093358.jpg,Healthy corn,Healthy,maize
D:\Download1\archive (1)\Corn Disease detection\Healthy corn\20200727_093402.jpg,Healthy corn,Healthy,maize
D:\Download1\archive (1)\Corn Disease detection\Healthy corn\20200727_093404.jpg,Healthy corn,Healthy,maize
D:\Download1\archive (1)\Corn Disease detection\Healthy corn\20200727_093410.jpg,Healthy corn,Healthy,maize
D:\Download1\archive (1)\Corn Disease detection\Healthy corn\20200727_093411.jpg,Healthy corn,Healthy,maize
D:\Download1\archive (1)\Corn Disease detection\Healthy corn\20200727_093413.jpg,Healthy corn,Healthy,maize
D:\Download1\archive (1)\Corn Disease detection\Healthy corn\20200727_093415.jpg,Healthy corn,Healthy,maize
D:\Download1\archive (1)\Corn Disease detection\Healthy corn\20200727_093416.jpg,Healthy corn,Healthy,maize
D:\Download1\archive (1)\Corn Disease detection\Healthy corn\20200727_093418.jpg,Healthy corn,Healthy,maize
D:\Download1\archive (1)\Corn Disease detection\Healthy corn\20200727_093419.jpg,Healthy corn,Healthy,maize
D:\Download1\archive (1)\Corn Disease detection\Healthy corn\20200727_093423.jpg,Healthy corn,Healthy,maize
D:\Download1\archive (1)\Corn Disease detection\Healthy corn\20200727_093425.jpg,Healthy corn,Healthy,maize
D:\Download1\archive (1)\Corn Disease detection\Healthy corn\20200727_093426.jpg,Healthy corn,Healthy,maize
D:\Download1\archive (1)\Corn Disease detection\Healthy corn\20200727_093427.jpg,Healthy corn,Healthy,maize
D:\Download1\archive (1)\Corn Disease detection\Healthy corn\20200727_093429.jpg,Healthy corn,Healthy,maize
D:\Download1\archive (1)\Corn Disease detection\Healthy corn\20200727_093437.jpg,Healthy corn,Healthy,maize
D:\Download1\archive (1)\Corn Disease detection\Healthy corn\20200727_093438.jpg,Healthy corn,Healthy,maize
D:\Download1\archive (1)\Corn Disease detection\Healthy corn\20200727_093439.jpg,Healthy corn,Healthy,maize
D:\Download1\archive (1)\Corn Disease detection\Healthy corn\20200727_093444.jpg,Healthy corn,Healthy,maize
D:\Download1\archive (1)\Corn Disease detection\Healthy corn\20200727_093446.jpg,Healthy corn,Healthy,maize
D:\Download1\archive (1)\Corn Disease detection\Healthy corn\20200727_093447.jpg,Healthy corn,Healthy,maize
D:\Download1\archive (1)\Corn Disease detection\Healthy corn\20200727_093448.jpg,Healthy corn,Healthy,maize
D:\Download1\archive (1)\Corn Disease detection\Healthy corn\20200727_093449.jpg,Healthy corn,Healthy,maize
D:\Download1\archive (1)\Corn Disease detection\Healthy corn\20200727_093450.jpg,Healthy corn,Healthy,maize
D:\Download1\archive (1)\Corn Disease detection\Healthy corn\20200727_093454.jpg,Healthy corn,Healthy,maize
D:\Download1\archive (1)\Corn Disease detection\Healthy corn\20200727_093455.jpg,Healthy corn,Healthy,maize
D:\Download1\archive (1)\Corn Disease detection\Healthy corn\20200727_093458.jpg,Healthy corn,Healthy,maize
D:\Download1\archive (1)\Corn Disease detection\Healthy corn\20200727_093502.jpg,Healthy corn,Healthy,maize
D:\Download1\archive (1)\Corn Disease detection\Healthy corn\20200727_093504.jpg,Healthy corn,Healthy,maize
D:\Download1\archive (1)\Corn Disease detection\Healthy corn\20200727_093505.jpg,Healthy corn,Healthy,maize
D:\Download1\archive (1)\Corn Disease detection\Healthy corn\20200727_093507.jpg,Healthy corn,Healthy,maize
D:\Download1\archive (1)\Corn Disease detection\Healthy corn\20200727_093508.jpg,Healthy corn,Healthy,maize
D:\Download1\archive (1)\Corn Disease detection\Healthy corn\20200727_093509.jpg,Healthy corn,Healthy,maize
D:\Download1\archive (1)\Corn Disease detection\Healthy corn\20200727_093510.jpg,Healthy corn,Healthy,maize
D:\Download1\archive (1)\Corn Disease detection\Healthy corn\20200727_093515.jpg,Healthy corn,Healthy,maize
D:\Download1\archive (1)\Corn Disease detection\Healthy corn\20200727_093516.jpg,Healthy corn,Healthy,maize
D:\Download1\archive (1)\Corn Disease detection\Healthy corn\20200727_093517.jpg,Healthy corn,Healthy,maize
D:\Download1\archive (1)\Corn Disease detection\Healthy corn\20200727_093519.jpg,Healthy corn,Healthy,maize
D:\Download1\archive (1)\Corn Disease detection\Healthy corn\20200727_093520.jpg,Healthy corn,Healthy,maize
D:\Download1\archive (1)\Corn Disease detection\Healthy corn\20200727_093522.jpg,Healthy corn,Healthy,maize
D:\Download1\archive (1)\Corn Disease detection\Healthy corn\20200727_093524.jpg,Healthy corn,Healthy,maize
D:\Download1\archive (1)\Corn Disease detection\Healthy corn\20200727_093527.jpg,Healthy corn,Healthy,maize
D:\Download1\archive (1)\Corn Disease detection\Healthy corn\20200727_093528.jpg,Healthy corn,Healthy,maize
D:\Download1\archive (1)\Corn Disease detection\Healthy corn\20200727_093533.jpg,Healthy corn,Healthy,maize
D:\Download1\archive (1)\Corn Disease detection\Healthy corn\20200727_093534.jpg,Healthy corn,Healthy,maize
D:\Download1\archive (1)\Corn Disease detection\Healthy corn\20200727_093536.jpg,Healthy corn,Healthy,maize
D:\Download1\archive (1)\Corn Disease detection\Healthy corn\20200727_093539.jpg,Healthy corn,Healthy,maize
D:\Download1\archive (1)\Corn Disease detection\Healthy corn\20200727_093540.jpg,Healthy corn,Healthy,maize
D:\Download1\archive (1)\Corn Disease detection\Healthy corn\20200727_093545.jpg,Healthy corn,Healthy,maize
D:\Download1\archive (1)\Corn Disease detection\Healthy corn\20200727_093546.jpg,Healthy corn,Healthy,maize
D:\Download1\archive (1)\Corn Disease detection\Healthy corn\20200727_093550.jpg,Healthy corn,Healthy,maize
D:\Download1\archive (1)\Corn Disease detection\Healthy corn\20200727_093551.jpg,Healthy corn,Healthy,maize
D:\Download1\archive (1)\Corn Disease detection\Healthy corn\20200727_093557.jpg,Healthy corn,Healthy,maize
D:\Download1\archive (1)\Corn Disease detection\Healthy corn\20200727_093558.jpg,Healthy corn,Healthy,maize
D:\Download1\archive (1)\Corn Disease detection\Healthy corn\20200727_093559.jpg,Healthy corn,Healthy,maize
D:\Download1\archive (1)\Corn Disease detection\Healthy corn\20200727_093600.jpg,Healthy corn,Healthy,maize
D:\Download1\archive (1)\Corn Disease detection\Healthy corn\20200727_093603.jpg,Healthy corn,Healthy,maize
D:\Download1\archive (1)\Corn Disease detection\Healthy corn\20200727_093604.jpg,Healthy corn,Healthy,maize
D:\Download1\archive (1)\Corn Disease detection\Healthy corn\20200727_093608.jpg,Healthy corn,Healthy,maize
D:\Download1\archive (1)\Corn Disease detection\Healthy corn\20200727_093609.jpg,Healthy corn,Healthy,maize
D:\Download1\archive (1)\Corn Disease detection\Healthy corn\20200727_093611.jpg,Healthy corn,Healthy,maize
D:\Download1\archive (1)\Corn Disease detection\Healthy corn\20200727_094323.jpg,Healthy corn,Healthy,maize
D:\Download1\archive (1)\Corn Disease detection\Healthy corn\20200727_094324.jpg,Healthy corn,Healthy,maize
D:\Download1\archive (1)\Corn Disease detection\Healthy corn\20200727_094326.jpg,Healthy corn,Healthy,maize
D:\Download1\archive (1)\Corn Disease detection\Healthy corn\20200727_094328.jpg,Healthy corn,Healthy,maize
D:\Download1\archive (1)\Corn Disease detection\Healthy corn\20200727_094331.jpg,Healthy corn,Healthy,maize
D:\Download1\archive (1)\Corn Disease detection\Healthy corn\20200727_094332.jpg,Healthy corn,Healthy,maize
D:\Download1\archive (1)\Corn Disease detection\Healthy corn\20200727_094334.jpg,Healthy corn,Healthy,maize
D:\Download1\archive (1)\Corn Disease detection\Healthy corn\20200727_094336.jpg,Healthy corn,Healthy,maize
D:\Download1\archive (1)\Corn Disease detection\Healthy corn\20200727_094339.jpg,Healthy corn,Healthy,maize
D:\Download1\archive (1)\Corn Disease detection\Healthy corn\20200727_094340.jpg,Healthy corn,Healthy,maize
D:\Download1\archive (1)\Corn Disease detection\Healthy corn\20200727_094341.jpg,Healthy corn,Healthy,maize
D:\Download1\archive (1)\Corn Disease detection\Healthy corn\20200727_094343.jpg,Healthy corn,Healthy,maize
D:\Download1\archive (1)\Corn Disease detection\Healthy corn\20200727_094344.jpg,Healthy corn,Healthy,maize
D:\Download1\archive (1)\Corn Disease detection\Healthy corn\20200727_094346.jpg,Healthy corn,Healthy,maize
D:\Download1\archive (1)\Corn Disease detection\Healthy corn\20200727_094347.jpg,Healthy corn,Healthy,maize
D:\Download1\archive (1)\Corn Disease detection\Healthy corn\20200727_094349.jpg,Healthy corn,Healthy,maize
D:\Download1\archive (1)\Corn Disease detection\Healthy corn\20200727_094350.jpg,Healthy corn,Healthy,maize
D:\Download1\archive (1)\Corn Disease detection\Healthy corn\20200727_094352.jpg,Healthy corn,Healthy,maize
D:\Download1\archive (1)\Corn Disease detection\Healthy corn\20200727_094354.jpg,Healthy corn,Healthy,maize
D:\Download1\archive (1)\Corn Disease detection\Healthy corn\20200727_094355.jpg,Healthy corn,Healthy,maize
D:\Download1\archive (1)\Corn Disease detection\Healthy corn\20200727_094356.jpg,Healthy corn,Healthy,maize
D:\Download1\archive (1)\Corn Disease detection\Healthy corn\20200727_094357.jpg,Healthy corn,Healthy,maize
D:\Download1\archive (1)\Corn Disease detection\Healthy corn\20200727_094358.jpg,Healthy corn,Healthy,maize
D:\Download1\archive (1)\Corn Disease detection\Healthy corn\20200727_094400.jpg,Healthy corn,Healthy,maize
D:\Download1\archive (1)\Corn Disease detection\Healthy corn\20200727_094402(0).jpg,Healthy corn,Healthy,maize
D:\Download1\archive (1)\Corn Disease detection\Healthy corn\20200727_094402.jpg,Healthy corn,Healthy,maize
D:\Download1\archive (1)\Corn Disease detection\Healthy corn\20200727_094406.jpg,Healthy corn,Healthy,maize
D:\Download1\archive (1)\Corn Disease detection\Healthy corn\20200727_094407.jpg,Healthy corn,Healthy,maize
D:\Download1\archive (1)\Corn Disease detection\Healthy corn\20200727_094410.jpg,Healthy corn,Healthy,maize
D:\Download1\archive (1)\Corn Disease detection\Healthy corn\20200727_094411.jpg,Healthy corn,Healthy,maize
D:\Download1\archive (1)\Corn Disease detection\Healthy corn\20200727_094414.jpg,Healthy corn,Healthy,maize
D:\Download1\archive (1)\Corn Disease detection\Healthy corn\20200727_094416.jpg,Healthy corn,Healthy,maize
D:\Download1\archive (1)\Corn Disease detection\Healthy corn\20200727_094418.jpg,Healthy corn,Healthy,maize
D:\Download1\archive (1)\Corn Disease detection\Healthy corn\20200727_094424.jpg,Healthy corn,Healthy,maize
D:\Download1\archive (1)\Corn Disease detection\Healthy corn\20200727_094425.jpg,Healthy corn,Healthy,maize
D:\Download1\archive (1)\Corn Disease detection\Healthy corn\20200727_094426.jpg,Healthy corn,Healthy,maize
D:\Download1\archive (1)\Corn Disease detection\Healthy corn\20200727_094428.jpg,Healthy corn,Healthy,maize
D:\Download1\archive (1)\Corn Disease detection\Healthy corn\20200727_094429.jpg,Healthy corn,Healthy,maize
D:\Download1\archive (1)\Corn Disease detection\Healthy corn\20200727_094433(0).jpg,Healthy corn,Healthy,maize
D:\Download1\archive (1)\Corn Disease detection\Healthy corn\20200727_094433.jpg,Healthy corn,Healthy,maize
D:\Download1\archive (1)\Corn Disease detection\Healthy corn\20200727_094435.jpg,Healthy corn,Healthy,maize
D:\Download1\archive (1)\Corn Disease detection\Healthy corn\20200727_094436.jpg,Healthy corn,Healthy,maize
D:\Download1\archive (1)\Corn Disease detection\Healthy corn\20200727_094452(0).jpg,Healthy corn,Healthy,maize
D:\Download1\archive (1)\Corn Disease detection\Healthy corn\20200727_094452.jpg,Healthy corn,Healthy,maize
D:\Download1\archive (1)\Corn Disease detection\Healthy corn\20200727_094454.jpg,Healthy corn,Healthy,maize
D:\Download1\archive (1)\Corn Disease detection\Healthy corn\20200727_094455.jpg,Healthy corn,Healthy,maize
D:\Download1\archive (1)\Corn Disease detection\Healthy corn\20200727_094456.jpg,Healthy corn,Healthy,maize
D:\Download1\archive (1)\Corn Disease detection\Healthy corn\20200727_094457.jpg,Healthy corn,Healthy,maize
D:\Download1\archive (1)\Corn Disease detection\Healthy corn\20200727_094458.jpg,Healthy corn,Healthy,maize
D:\Download1\archive (1)\Corn Disease detection\Healthy corn\20200727_094459.jpg,Healthy corn,Healthy,maize
D:\Download1\archive (1)\Corn Disease detection\Healthy corn\20200727_094501.jpg,Healthy corn,Healthy,maize
D:\Download1\archive (1)\Corn Disease detection\Healthy corn\20200727_094502.jpg,Healthy corn,Healthy,maize
D:\Download1\archive (1)\Corn Disease detection\Healthy corn\20200727_094503.jpg,Healthy corn,Healthy,maize
D:\Download1\archive (1)\Corn Disease detection\Healthy corn\20200727_094505.jpg,Healthy corn,Healthy,maize
D:\Download1\archive (1)\Corn Disease detection\Healthy corn\20200727_094506.jpg,Healthy corn,Healthy,maize
D:\Download1\archive (1)\Corn Disease detection\Healthy corn\20200727_094507.jpg,Healthy corn,Healthy,maize
D:\Download1\archive (1)\Corn Disease detection\Healthy corn\20200727_094514.jpg,Healthy corn,Healthy,maize
D:\Download1\archive (1)\Corn Disease detection\Healthy corn\20200727_094515.jpg,Healthy corn,Healthy,maize
D:\Download1\archive (1)\Corn Disease detection\Healthy corn\20200727_094516.jpg,Healthy corn,Healthy,maize
D:\Download1\archive (1)\Corn Disease detection\Healthy corn\20200727_094518.jpg,Healthy corn,Healthy,maize
D:\Download1\archive (1)\Corn Disease detection\Healthy corn\20200727_094521.jpg,Healthy corn,Healthy,maize
D:\Download1\archive (1)\Corn Disease detection\Healthy corn\20200727_094522.jpg,Healthy corn,Healthy,maize
D:\Download1\archive (1)\Corn Disease detection\Healthy corn\20200727_094524.jpg,Healthy corn,Healthy,maize
D:\Download1\archive (1)\Corn Disease detection\Healthy corn\20200727_094528.jpg,Healthy corn,Healthy,maize
D:\Download1\archive (1)\Corn Disease detection\Healthy corn\20200727_094532.jpg,Healthy corn,Healthy,maize
D:\Download1\archive (1)\Corn Disease detection\Healthy corn\20200727_094533.jpg,Healthy corn,Healthy,maize
D:\Download1\archive (1)\Corn Disease detection\Healthy corn\20200727_094534.jpg,Healthy corn,Healthy,maize
D:\Download1\archive (1)\Corn Disease detection\Healthy corn\20200727_094535.jpg,Healthy corn,Healthy,maize
D:\Download1\archive (1)\Corn Disease detection\Healthy corn\20200727_094537.jpg,Healthy corn,Healthy,maize
D:\Download1\archive (1)\Corn Disease detection\Healthy corn\20200727_094538.jpg,Healthy corn,Healthy,maize
D:\Download1\archive (1)\Corn Disease detection\Healthy corn\20200727_094540.jpg,Healthy corn,Healthy,maize
D:\Download1\archive (1)\Corn Disease detection\Healthy corn\20200727_094541.jpg,Healthy corn,Healthy,maize
D:\Download1\archive (1)\Corn Disease detection\Healthy corn\20200727_094544.jpg,Healthy corn,Healthy,maize
D:\Download1\archive (1)\Corn Disease detection\Healthy corn\20200727_094545.jpg,Healthy corn,Healthy,maize
D:\Download1\archive (1)\Corn Disease detection\Healthy corn\20200727_094547.jpg,Healthy corn,Healthy,maize
D:\Download1\archive (1)\Corn Disease detection\Healthy corn\20200727_094548.jpg,Healthy corn,Healthy,maize
D:\Download1\archive (1)\Corn Disease detection\Healthy corn\20200727_094549.jpg,Healthy corn,Healthy,maize
D:\Download1\archive (1)\Corn Disease detection\Healthy corn\20200727_094551.jpg,Healthy corn,Healthy,maize
D:\Download1\archive (1)\Corn Disease detection\Healthy corn\20200727_094552.jpg,Healthy corn,Healthy,maize
D:\Download1\archive (1)\Corn Disease detection\Healthy corn\20200727_094553.jpg,Healthy corn,Healthy,maize
D:\Download1\archive (1)\Corn Disease detection\Healthy corn\20200727_094607.jpg,Healthy corn,Healthy,maize
D:\Download1\archive (1)\Corn Disease detection\Healthy corn\20200727_094609.jpg,Healthy corn,Healthy,maize
D:\Download1\archive (1)\Corn Disease detection\Healthy corn\20200727_094612.jpg,Healthy corn,Healthy,maize
D:\Download1\archive (1)\Corn Disease detection\Healthy corn\20200727_094614.jpg,Healthy corn,Healthy,maize
D:\Download1\archive (1)\Corn Disease detection\Healthy corn\20200727_094616.jpg,Healthy corn,Healthy,maize
D:\Download1\archive (1)\Corn Disease detection\Healthy corn\20200727_094619.jpg,Healthy corn,Healthy,maize
D:\Download1\archive (1)\Corn Disease detection\Healthy corn\20200727_094620.jpg,Healthy corn,Healthy,maize
D:\Download1\archive (1)\Corn Disease detection\Healthy corn\20200727_094621.jpg,Healthy corn,Healthy,maize
D:\Download1\archive (1)\Corn Disease detection\Healthy corn\20200727_094626.jpg,Healthy corn,Healthy,maize
D:\Download1\archive (1)\Corn Disease detection\Healthy corn\20200727_094627.jpg,Healthy corn,Healthy,maize
D:\Download1\archive (1)\Corn Disease detection\Healthy corn\20200727_094630(0).jpg,Healthy corn,Healthy,maize
D:\Download1\archive (1)\Corn Disease detection\Healthy corn\20200727_094630.jpg,Healthy corn,Healthy,maize
D:\Download1\archive (1)\Corn Disease detection\Healthy corn\20200727_094636.jpg,Healthy corn,Healthy,maize
D:\Download1\archive (1)\Corn Disease detection\Healthy corn\20200727_094639.jpg,Healthy corn,Healthy,maize
D:\Download1\archive (1)\Corn Disease detection\Healthy corn\20200727_094646.jpg,Healthy corn,Healthy,maize
D:\Download1\archive (1)\Corn Disease detection\Healthy corn\20200727_094648.jpg,Healthy corn,Healthy,maize
D:\Download1\archive (1)\Corn Disease detection\Healthy corn\20200727_094650.jpg,Healthy corn,Healthy,maize
D:\Download1\archive (1)\Corn Disease detection\Healthy corn\20200727_094656.jpg,Healthy corn,Healthy,maize
D:\Download1\archive (1)\Corn Disease detection\Healthy corn\20200727_094658.jpg,Healthy corn,Healthy,maize
D:\Download1\archive (1)\Corn Disease detection\Healthy corn\20200727_094659.jpg,Healthy corn,Healthy,maize
D:\Download1\archive (1)\Corn Disease detection\Healthy corn\20200727_094700.jpg,Healthy corn,Healthy,maize
D:\Download1\archive (1)\Corn Disease detection\Healthy corn\20200727_094701.jpg,Healthy corn,Healthy,maize
D:\Download1\archive (1)\Corn Disease detection\Healthy corn\20200727_094702.jpg,Healthy corn,Healthy,maize
D:\Download1\archive (1)\Corn Disease detection\Healthy corn\20200727_094704.jpg,Healthy corn,Healthy,maize
D:\Download1\archive (1)\Corn Disease detection\Healthy corn\20200727_094705.jpg,Healthy corn,Healthy,maize
D:\Download1\archive (1)\Corn Disease detection\Healthy corn\20200727_094706.jpg,Healthy corn,Healthy,maize
D:\Download1\archive (1)\Corn Disease detection\Healthy corn\20200727_094708(0).jpg,Healthy corn,Healthy,maize
D:\Download1\archive (1)\Corn Disease detection\Healthy corn\20200727_094708.jpg,Healthy corn,Healthy,maize
D:\Download1\archive (1)\Corn Disease detection\Healthy corn\20200727_094709.jpg,Healthy corn,Healthy,maize
D:\Download1\archive (1)\Corn Disease detection\Healthy corn\20200727_094712.jpg,Healthy corn,Healthy,maize
D:\Download1\archive (1)\Corn Disease detection\Healthy corn\20200727_094713.jpg,Healthy corn,Healthy,maize
D:\Download1\archive (1)\Corn Disease detection\Healthy corn\20200727_094718.jpg,Healthy corn,Healthy,maize
D:\Download1\archive (1)\Corn Disease detection\Healthy corn\20200727_094722.jpg,Healthy corn,Healthy,maize
D:\Download1\archive (1)\Corn Disease detection\Healthy corn\20200727_094725.jpg,Healthy corn,Healthy,maize
D:\Download1\archive (1)\Corn Disease detection\Healthy corn\20200727_094726(0).jpg,Healthy corn,Healthy,maize
D:\Download1\archive (1)\Corn Disease detection\Healthy corn\20200727_094726.jpg,Healthy corn,Healthy,maize
D:\Download1\archive (1)\Corn Disease detection\Healthy corn\20200727_094727.jpg,Healthy corn,Healthy,maize
D:\Download1\archive (1)\Corn Disease detection\Healthy corn\20200727_094728.jpg,Healthy corn,Healthy,maize
D:\Download1\archive (1)\Corn Disease detection\Healthy corn\20200727_094729.jpg,Healthy corn,Healthy,maize
D:\Download1\archive (1)\Corn Disease detection\Healthy corn\20200727_094731.jpg,Healthy corn,Healthy,maize
D:\Download1\archive (1)\Corn Disease detection\Healthy corn\20200727_094732.jpg,Healthy corn,Healthy,maize
D:\Download1\archive (1)\Corn Disease detection\Healthy corn\20200727_094736.jpg,Healthy corn,Healthy,maize
D:\Download1\archive (1)\Corn Disease detection\Healthy corn\20200727_094737.jpg,Healthy corn,Healthy,maize
D:\Download1\archive (1)\Corn Disease detection\Healthy corn\20200727_094738.jpg,Healthy corn,Healthy,maize
D:\Download1\archive (1)\Corn Disease detection\Healthy corn\20200727_094745.jpg,Healthy corn,Healthy,maize
D:\Download1\archive (1)\Corn Disease detection\Healthy corn\20200727_094746.jpg,Healthy corn,Healthy,maize
D:\Download1\archive (1)\Corn Disease detection\Healthy corn\20200727_094747.jpg,Healthy corn,Healthy,maize
D:\Download1\archive (1)\Corn Disease detection\Healthy corn\20200727_094748.jpg,Healthy corn,Healthy,maize
D:\Download1\archive (1)\Corn Disease detection\Healthy corn\20200727_094749.jpg,Healthy corn,Healthy,maize
D:\Download1\archive (1)\Corn Disease detection\Healthy corn\20200727_094753.jpg,Healthy corn,Healthy,maize
D:\Download1\archive (1)\Corn Disease detection\Healthy corn\20200727_094754.jpg,Healthy corn,Healthy,maize
D:\Download1\archive (1)\Corn Disease detection\Healthy corn\20200727_094755.jpg,Healthy corn,Healthy,maize
D:\Download1\archive (1)\Corn Disease detection\Healthy corn\20200727_094800.jpg,Healthy corn,Healthy,maize
D:\Download1\archive (1)\Corn Disease detection\Healthy corn\20200727_094802.jpg,Healthy corn,Healthy,maize
D:\Download1\archive (1)\Corn Disease detection\Healthy corn\20200727_094803.jpg,Healthy corn,Healthy,maize
D:\Download1\archive (1)\Corn Disease detection\Healthy corn\20200727_094807.jpg,Healthy corn,Healthy,maize
D:\Download1\archive (1)\Corn Disease detection\Healthy corn\20200727_094808.jpg,Healthy corn,Healthy,maize
D:\Download1\archive (1)\Corn Disease detection\Healthy corn\20200727_094813.jpg,Healthy corn,Healthy,maize
D:\Download1\archive (1)\Corn Disease detection\Healthy corn\20200727_094815.jpg,Healthy corn,Healthy,maize
D:\Download1\archive (1)\Corn Disease detection\Healthy corn\20200727_094816.jpg,Healthy corn,Healthy,maize
D:\Download1\archive (1)\Corn Disease detection\Healthy corn\20200727_094817.jpg,Healthy corn,Healthy,maize
D:\Download1\archive (1)\Corn Disease detection\Healthy corn\20200727_094819.jpg,Healthy corn,Healthy,maize
D:\Download1\archive (1)\Corn Disease detection\Healthy corn\20200727_094820.jpg,Healthy corn,Healthy,maize
D:\Download1\archive (1)\Corn Disease detection\Healthy corn\20200727_094822.jpg,Healthy corn,Healthy,maize
D:\Download1\archive (1)\Corn Disease detection\Healthy corn\20200727_094824.jpg,Healthy corn,Healthy,maize
D:\Download1\archive (1)\Corn Disease detection\Healthy corn\20200727_094828.jpg,Healthy corn,Healthy,maize
D:\Download1\archive (1)\Corn Disease detection\Healthy corn\20200727_094829.jpg,Healthy corn,Healthy,maize
D:\Download1\archive (1)\Corn Disease detection\Healthy corn\20200727_094831.jpg,Healthy corn,Healthy,maize
D:\Download1\archive (1)\Corn Disease detection\Healthy corn\20200727_094835.jpg,Healthy corn,Healthy,maize
D:\Download1\archive (1)\Corn Disease detection\Healthy corn\20200727_094836.jpg,Healthy corn,Healthy,maize
D:\Download1\archive (1)\Corn Disease detection\Healthy corn\20200727_094839.jpg,Healthy corn,Healthy,maize
D:\Download1\archive (1)\Corn Disease detection\Healthy corn\20200727_094840.jpg,Healthy corn,Healthy,maize
D:\Download1\archive (1)\Corn Disease detection\Healthy corn\20200727_094843.jpg,Healthy corn,Healthy,maize
D:\Download1\archive (1)\Corn Disease detection\Healthy corn\20200727_094844.jpg,Healthy corn,Healthy,maize
D:\Download1\archive (1)\Corn Disease detection\Healthy corn\20200727_094850.jpg,Healthy corn,Healthy,maize
D:\Download1\archive (1)\Corn Disease detection\Healthy corn\20200727_094851.jpg,Healthy corn,Healthy,maize
D:\Download1\archive (1)\Corn Disease detection\Healthy corn\20200727_094852.jpg,Healthy corn,Healthy,maize
D:\Download1\archive (1)\Corn Disease detection\Healthy corn\20200727_094856.jpg,Healthy corn,Healthy,maize
D:\Download1\archive (1)\Corn Disease detection\Healthy corn\20200727_094858.jpg,Healthy corn,Healthy,maize
D:\Download1\archive (1)\Corn Disease detection\Healthy corn\20200727_094901.jpg,Healthy corn,Healthy,maize
D:\Download1\archive (1)\Corn Disease detection\Healthy corn\20200727_094902.jpg,Healthy corn,Healthy,maize
D:\Download1\archive (1)\Corn Disease detection\Healthy corn\20200727_094905.jpg,Healthy corn,Healthy,maize
D:\Download1\archive (1)\Corn Disease detection\Healthy corn\20200727_094910.jpg,Healthy corn,Healthy,maize
D:\Download1\archive (1)\Corn Disease detection\Healthy corn\20200727_094911.jpg,Healthy corn,Healthy,maize
D:\Download1\archive (1)\Corn Disease detection\Healthy corn\20200727_094912.jpg,Healthy corn,Healthy,maize
D:\Download1\archive (1)\Corn Disease detection\Healthy corn\20200727_094914(0).jpg,Healthy corn,Healthy,maize
D:\Download1\archive (1)\Corn Disease detection\Healthy corn\20200727_094914.jpg,Healthy corn,Healthy,maize
D:\Download1\archive (1)\Corn Disease detection\Healthy corn\20200727_094916.jpg,Healthy corn,Healthy,maize
D:\Download1\archive (1)\Corn Disease detection\Healthy corn\20200727_094918.jpg,Healthy corn,Healthy,maize
D:\Download1\archive (1)\Corn Disease detection\Healthy corn\20200727_094921.jpg,Healthy corn,Healthy,maize
D:\Download1\archive (1)\Corn Disease detection\Healthy corn\20200727_094923.jpg,Healthy corn,Healthy,maize
D:\Download1\archive (1)\Corn Disease detection\Healthy corn\20200727_094924.jpg,Healthy corn,Healthy,maize
D:\Download1\archive (1)\Corn Disease detection\Healthy corn\20200727_094925.jpg,Healthy corn,Healthy,maize
D:\Download1\archive (1)\Corn Disease detection\Healthy corn\20200727_094927.jpg,Healthy corn,Healthy,maize
D:\Download1\archive (1)\Corn Disease detection\Healthy corn\20200727_094949.jpg,Healthy corn,Healthy,maize
D:\Download1\archive (1)\Corn Disease detection\Healthy corn\20200727_094951.jpg,Healthy corn,Healthy,maize
D:\Download1\archive (1)\Corn Disease detection\Healthy corn\20200727_094953.jpg,Healthy corn,Healthy,maize
D:\Download1\archive (1)\Corn Disease detection\Healthy corn\20200727_094954.jpg,Healthy corn,Healthy,maize
D:\Download1\archive (1)\Corn Disease detection\Healthy corn\20200727_094956.jpg,Healthy corn,Healthy,maize
D:\Download1\archive (1)\Corn Disease detection\Healthy corn\20200727_094958.jpg,Healthy corn,Healthy,maize
D:\Download1\archive (1)\Corn Disease detection\Healthy corn\20200727_094959.jpg,Healthy corn,Healthy,maize
D:\Download1\archive (1)\Corn Disease detection\Healthy corn\20200727_095000.jpg,Healthy corn,Healthy,maize
D:\Download1\archive (1)\Corn Disease detection\Healthy corn\20200727_095006.jpg,Healthy corn,Healthy,maize
D:\Download1\archive (1)\Corn Disease detection\Healthy corn\20200727_095008.jpg,Healthy corn,Healthy,maize
D:\Download1\archive (1)\Corn Disease detection\Healthy corn\20200727_095010.jpg,Healthy corn,Healthy,maize
D:\Download1\archive (1)\Corn Disease detection\Healthy corn\20200727_095011.jpg,Healthy corn,Healthy,maize
D:\Download1\archive (1)\Corn Disease detection\Healthy corn\20200727_095014.jpg,Healthy corn,Healthy,maize
D:\Download1\archive (1)\Corn Disease detection\Healthy corn\20200727_095015.jpg,Healthy corn,Healthy,maize
D:\Download1\archive (1)\Corn Disease detection\Healthy corn\20200727_095017.jpg,Healthy corn,Healthy,maize
D:\Download1\archive (1)\Corn Disease detection\Healthy corn\20200727_095019.jpg,Healthy corn,Healthy,maize
D:\Download1\archive (1)\Corn Disease detection\Healthy corn\20200727_095020.jpg,Healthy corn,Healthy,maize
D:\Download1\archive (1)\Corn Disease detection\Healthy corn\20200727_095023.jpg,Healthy corn,Healthy,maize
D:\Download1\archive (1)\Corn Disease detection\Healthy corn\20200727_095025.jpg,Healthy corn,Healthy,maize
D:\Download1\archive (1)\Corn Disease detection\Healthy corn\20200727_095026.jpg,Healthy corn,Healthy,maize
D:\Download1\archive (1)\Corn Disease detection\Healthy corn\20200727_095032.jpg,Healthy corn,Healthy,maize
D:\Download1\archive (1)\Corn Disease detection\Healthy corn\20200727_095033.jpg,Healthy corn,Healthy,maize
D:\Download1\archive (1)\Corn Disease detection\Healthy corn\20200727_095035.jpg,Healthy corn,Healthy,maize
D:\Download1\archive (1)\Corn Disease detection\Healthy corn\20200727_095036.jpg,Healthy corn,Healthy,maize
D:\Download1\archive (1)\Corn Disease detection\Healthy corn\20200727_095037.jpg,Healthy corn,Healthy,maize
D:\Download1\archive (1)\Corn Disease detection\Healthy corn\20200727_095042.jpg,Healthy corn,Healthy,maize
D:\Download1\archive (1)\Corn Disease detection\Healthy corn\20200727_095051.jpg,Healthy corn,Healthy,maize
D:\Download1\archive (1)\Corn Disease detection\Healthy corn\20200727_095053.jpg,Healthy corn,Healthy,maize
D:\Download1\archive (1)\Corn Disease detection\Healthy corn\20200727_095054.jpg,Healthy corn,Healthy,maize
D:\Download1\archive (1)\Corn Disease detection\Healthy corn\20200727_095056.jpg,Healthy corn,Healthy,maize
D:\Download1\archive (1)\Corn Disease detection\Healthy corn\20200727_095057.jpg,Healthy corn,Healthy,maize
D:\Download1\archive (1)\Corn Disease detection\Healthy corn\20200727_095058.jpg,Healthy corn,Healthy,maize
D:\Download1\archive (1)\Corn Disease detection\Healthy corn\20200727_095059.jpg,Healthy corn,Healthy,maize
D:\Download1\archive (1)\Corn Disease detection\Healthy corn\20200727_095101.jpg,Healthy corn,Healthy,maize
D:\Download1\archive (1)\Corn Disease detection\Healthy corn\20200727_095102.jpg,Healthy corn,Healthy,maize
D:\Download1\archive (1)\Corn Disease detection\Healthy corn\20200727_095107.jpg,Healthy corn,Healthy,maize
D:\Download1\archive (1)\Corn Disease detection\Healthy corn\20200727_095108.jpg,Healthy corn,Healthy,maize
D:\Download1\archive (1)\Corn Disease detection\Healthy corn\20200727_095109.jpg,Healthy corn,Healthy,maize
D:\Download1\archive (1)\Corn Disease detection\Healthy corn\20200727_095111.jpg,Healthy corn,Healthy,maize
D:\Download1\archive (1)\Corn Disease detection\Healthy corn\20200727_095112.jpg,Healthy corn,Healthy,maize
D:\Download1\archive (1)\Corn Disease detection\Healthy corn\20200727_095113.jpg,Healthy corn,Healthy,maize
D:\Download1\archive (1)\Corn Disease detection\Healthy corn\20200727_095115.jpg,Healthy corn,Healthy,maize
D:\Download1\archive (1)\Corn Disease detection\Healthy corn\20200727_095121.jpg,Healthy corn,Healthy,maize
D:\Download1\archive (1)\Corn Disease detection\Healthy corn\20200727_095122.jpg,Healthy corn,Healthy,maize
D:\Download1\archive (1)\Corn Disease detection\Healthy corn\20200727_095123.jpg,Healthy corn,Healthy,maize
D:\Download1\archive (1)\Corn Disease detection\Healthy corn\20200727_095125.jpg,Healthy corn,Healthy,maize
D:\Download1\archive (1)\Corn Disease detection\Healthy corn\20200727_095126.jpg,Healthy corn,Healthy,maize
D:\Download1\archive (1)\Corn Disease detection\Healthy corn\20200727_095127.jpg,Healthy corn,Healthy,maize
D:\Download1\archive (1)\Corn Disease detection\Healthy corn\20200727_095128.jpg,Healthy corn,Healthy,maize
D:\Download1\archive (1)\Corn Disease detection\Healthy corn\20200727_095129.jpg,Healthy corn,Healthy,maize
D:\Download1\archive (1)\Corn Disease detection\Healthy corn\20200727_095134.jpg,Healthy corn,Healthy,maize
D:\Download1\archive (1)\Corn Disease detection\Healthy corn\20200727_095135.jpg,Healthy corn,Healthy,maize
D:\Download1\archive (1)\Corn Disease detection\Healthy corn\20200727_095136.jpg,Healthy corn,Healthy,maize
D:\Download1\archive (1)\Corn Disease detection\Healthy corn\20200727_095137.jpg,Healthy corn,Healthy,maize
D:\Download1\archive (1)\Corn Disease detection\Healthy corn\20200727_095140.jpg,Healthy corn,Healthy,maize
D:\Download1\archive (1)\Corn Disease detection\Healthy corn\20200727_095141.jpg,Healthy corn,Healthy,maize
D:\Download1\archive (1)\Corn Disease detection\Healthy corn\20200727_095147.jpg,Healthy corn,Healthy,maize
D:\Download1\archive (1)\Corn Disease detection\Healthy corn\20200727_095148.jpg,Healthy corn,Healthy,maize
D:\Download1\archive (1)\Corn Disease detection\Healthy corn\20200727_095152.jpg,Healthy corn,Healthy,maize
D:\Download1\archive (1)\Corn Disease detection\Healthy corn\20200727_095154.jpg,Healthy corn,Healthy,maize
D:\Download1\archive (1)\Corn Disease detection\Healthy corn\20200727_095155.jpg,Healthy corn,Healthy,maize
D:\Download1\archive (1)\Corn Disease detection\Healthy corn\20200727_095156.jpg,Healthy corn,Healthy,maize
D:\Download1\archive (1)\Corn Disease detection\Healthy corn\20200727_095157.jpg,Healthy corn,Healthy,maize
D:\Download1\archive (1)\Corn Disease detection\Healthy corn\20200727_095158.jpg,Healthy corn,Healthy,maize
D:\Download1\archive (1)\Corn Disease detection\Healthy corn\20200727_095200.jpg,Healthy corn,Healthy,maize
D:\Download1\archive (1)\Corn Disease detection\Healthy corn\20200727_095202(0).jpg,Healthy corn,Healthy,maize
D:\Download1\archive (1)\Corn Disease detection\Healthy corn\20200727_095202.jpg,Healthy corn,Healthy,maize
D:\Download1\archive (1)\Corn Disease detection\Healthy corn\20200727_095204.jpg,Healthy corn,Healthy,maize
D:\Download1\archive (1)\Corn Disease detection\Healthy corn\20200727_095207.jpg,Healthy corn,Healthy,maize
D:\Download1\archive (1)\Corn Disease detection\Healthy corn\20200727_095208.jpg,Healthy corn,Healthy,maize
D:\Download1\archive (1)\Corn Disease detection\Healthy corn\20200727_095209(0).jpg,Healthy corn,Healthy,maize
D:\Download1\archive (1)\Corn Disease detection\Healthy corn\20200727_095209.jpg,Healthy corn,Healthy,maize
D:\Download1\archive (1)\Corn Disease detection\Healthy corn\20200727_095210.jpg,Healthy corn,Healthy,maize
D:\Download1\archive (1)\Corn Disease detection\Healthy corn\20200727_095211(0).jpg,Healthy corn,Healthy,maize
D:\Download1\archive (1)\Corn Disease detection\Healthy corn\20200727_095211.jpg,Healthy corn,Healthy,maize
D:\Download1\archive (1)\Corn Disease detection\Healthy corn\20200727_095212.jpg,Healthy corn,Healthy,maize
D:\Download1\archive (1)\Corn Disease detection\Healthy corn\20200727_095213.jpg,Healthy corn,Healthy,maize
D:\Download1\archive (1)\Corn Disease detection\Healthy corn\20200727_095214(0).jpg,Healthy corn,Healthy,maize
D:\Download1\archive (1)\Corn Disease detection\Healthy corn\20200727_095214.jpg,Healthy corn,Healthy,maize
D:\Download1\archive (1)\Corn Disease detection\Healthy corn\20200727_095215(0).jpg,Healthy corn,Healthy,maize
D:\Download1\archive (1)\Corn Disease detection\Healthy corn\20200727_095215.jpg,Healthy corn,Healthy,maize
D:\Download1\archive (1)\Corn Disease detection\Healthy corn\20200727_095217(0).jpg,Healthy corn,Healthy,maize
D:\Download1\archive (1)\Corn Disease detection\Healthy corn\20200727_095217.jpg,Healthy corn,Healthy,maize
D:\Download1\archive (1)\Corn Disease detection\Healthy corn\20200727_095218(0).jpg,Healthy corn,Healthy,maize
D:\Download1\archive (1)\Corn Disease detection\Healthy corn\20200727_095218.jpg,Healthy corn,Healthy,maize
D:\Download1\archive (1)\Corn Disease detection\Healthy corn\20200727_095219.jpg,Healthy corn,Healthy,maize
D:\Download1\archive (1)\Corn Disease detection\Healthy corn\20200727_095220(0).jpg,Healthy corn,Healthy,maize
D:\Download1\archive (1)\Corn Disease detection\Healthy corn\20200727_095220.jpg,Healthy corn,Healthy,maize
D:\Download1\archive (1)\Corn Disease detection\Healthy corn\20200727_095221(0).jpg,Healthy corn,Healthy,maize
D:\Download1\archive (1)\Corn Disease detection\Healthy corn\20200727_095221.jpg,Healthy corn,Healthy,maize
D:\Download1\archive (1)\Corn Disease detection\Healthy corn\20200727_095222.jpg,Healthy corn,Healthy,maize
D:\Download1\archive (1)\Corn Disease detection\Healthy corn\20200727_095223.jpg,Healthy corn,Healthy,maize
D:\Download1\archive (1)\Corn Disease detection\Healthy corn\20200727_095224(0).jpg,Healthy corn,Healthy,maize
D:\Download1\archive (1)\Corn Disease detection\Healthy corn\20200727_095224.jpg,Healthy corn,Healthy,maize
D:\Download1\archive (1)\Corn Disease detection\Healthy corn\20200727_095225.jpg,Healthy corn,Healthy,maize
D:\Download1\archive (1)\Corn Disease detection\Healthy corn\20200727_095226(0).jpg,Healthy corn,Healthy,maize
D:\Download1\archive (1)\Corn Disease detection\Healthy corn\20200727_095226.jpg,Healthy corn,Healthy,maize
D:\Download1\archive (1)\Corn Disease detection\Healthy corn\20200727_095227(0).jpg,Healthy corn,Healthy,maize
D:\Download1\archive (1)\Corn Disease detection\Healthy corn\20200727_095227.jpg,Healthy corn,Healthy,maize
D:\Download1\archive (1)\Corn Disease detection\Healthy corn\20200727_095228.jpg,Healthy corn,Healthy,maize
D:\Download1\archive (1)\Corn Disease detection\Healthy corn\20200727_095229(0).jpg,Healthy corn,Healthy,maize
D:\Download1\archive (1)\Corn Disease detection\Healthy corn\20200727_095229.jpg,Healthy corn,Healthy,maize
D:\Download1\archive (1)\Corn Disease detection\Healthy corn\20200727_095230(0).jpg,Healthy corn,Healthy,maize
D:\Download1\archive (1)\Corn Disease detection\Healthy corn\20200727_095230.jpg,Healthy corn,Healthy,maize
D:\Download1\archive (1)\Corn Disease detection\Healthy corn\20200727_095232.jpg,Healthy corn,Healthy,maize
D:\Download1\archive (1)\Corn Disease detection\Healthy corn\20200727_095234.jpg,Healthy corn,Healthy,maize
D:\Download1\archive (1)\Corn Disease detection\Healthy corn\20200727_095235.jpg,Healthy corn,Healthy,maize
D:\Download1\archive (1)\Corn Disease detection\Healthy corn\20200727_095236(0).jpg,Healthy corn,Healthy,maize
D:\Download1\archive (1)\Corn Disease detection\Healthy corn\20200727_095236.jpg,Healthy corn,Healthy,maize
D:\Download1\archive (1)\Corn Disease detection\Healthy corn\20200727_095237.jpg,Healthy corn,Healthy,maize
D:\Download1\archive (1)\Corn Disease detection\Healthy corn\20200727_095238.jpg,Healthy corn,Healthy,maize
D:\Download1\archive (1)\Corn Disease detection\Healthy corn\20200727_095239(0).jpg,Healthy corn,Healthy,maize
D:\Download1\archive (1)\Corn Disease detection\Healthy corn\20200727_095239.jpg,Healthy corn,Healthy,maize
D:\Download1\archive (1)\Corn Disease detection\Healthy corn\20200727_095240.jpg,Healthy corn,Healthy,maize
D:\Download1\archive (1)\Corn Disease detection\Healthy corn\20200727_095241(0).jpg,Healthy corn,Healthy,maize
D:\Download1\archive (1)\Corn Disease detection\Healthy corn\20200727_095241.jpg,Healthy corn,Healthy,maize
D:\Download1\archive (1)\Corn Disease detection\Healthy corn\20200727_095243.jpg,Healthy corn,Healthy,maize
D:\Download1\archive (1)\Corn Disease detection\Healthy corn\20200727_095244.jpg,Healthy corn,Healthy,maize
D:\Download1\archive (1)\Corn Disease detection\Healthy corn\20200727_095246.jpg,Healthy corn,Healthy,maize
D:\Download1\archive (1)\Corn Disease detection\Healthy corn\20200727_095247.jpg,Healthy corn,Healthy,maize
D:\Download1\archive (1)\Corn Disease detection\Healthy corn\20200727_095248.jpg,Healthy corn,Healthy,maize
D:\Download1\archive (1)\Corn Disease detection\Healthy corn\20200727_095249(0).jpg,Healthy corn,Healthy,maize
D:\Download1\archive (1)\Corn Disease detection\Healthy corn\20200727_095249.jpg,Healthy corn,Healthy,maize
D:\Download1\archive (1)\Corn Disease detection\Healthy corn\20200727_095251.jpg,Healthy corn,Healthy,maize
D:\Download1\archive (1)\Corn Disease detection\Healthy corn\20200727_095252.jpg,Healthy corn,Healthy,maize
D:\Download1\archive (1)\Corn Disease detection\Healthy corn\20200727_095253(0).jpg,Healthy corn,Healthy,maize
D:\Download1\archive (1)\Corn Disease detection\Healthy corn\20200727_095253.jpg,Healthy corn,Healthy,maize
D:\Download1\archive (1)\Corn Disease detection\Healthy corn\20200727_095254.jpg,Healthy corn,Healthy,maize
D:\Download1\archive (1)\Corn Disease detection\Healthy corn\20200727_095255(0).jpg,Healthy corn,Healthy,maize
D:\Download1\archive (1)\Corn Disease detection\Healthy corn\20200727_095255.jpg,Healthy corn,Healthy,maize
D:\Download1\archive (1)\Corn Disease detection\Healthy corn\20200727_095257.jpg,Healthy corn,Healthy,maize
D:\Download1\archive (1)\Corn Disease detection\Healthy corn\20200727_095258.jpg,Healthy corn,Healthy,maize
D:\Download1\archive (1)\Corn Disease detection\Healthy corn\20200727_095302.jpg,Healthy corn,Healthy,maize
D:\Download1\archive (1)\Corn Disease detection\Healthy corn\20200727_095303.jpg,Healthy corn,Healthy,maize
D:\Download1\archive (1)\Corn Disease detection\Healthy corn\20200727_095304.jpg,Healthy corn,Healthy,maize
D:\Download1\archive (1)\Corn Disease detection\Healthy corn\20200727_095305(0).jpg,Healthy corn,Healthy,maize
D:\Download1\archive (1)\Corn Disease detection\Healthy corn\20200727_095305.jpg,Healthy corn,Healthy,maize
D:\Download1\archive (1)\Corn Disease detection\Healthy corn\20200727_095307.jpg,Healthy corn,Healthy,maize
D:\Download1\archive (1)\Corn Disease detection\Healthy corn\20200727_095308(0).jpg,Healthy corn,Healthy,maize
D:\Download1\archive (1)\Corn Disease detection\Healthy corn\20200727_095308.jpg,Healthy corn,Healthy,maize
D:\Download1\archive (1)\Corn Disease detection\Healthy corn\20200727_095309(0).jpg,Healthy corn,Healthy,maize
D:\Download1\archive (1)\Corn Disease detection\Healthy corn\20200727_095309.jpg,Healthy corn,Healthy,maize
D:\Download1\archive (1)\Corn Disease detection\Healthy corn\20200727_095310.jpg,Healthy corn,Healthy,maize
D:\Download1\archive (1)\Corn Disease detection\Healthy corn\20200727_095311.jpg,Healthy corn,Healthy,maize
D:\Download1\archive (1)\Corn Disease detection\Healthy corn\20200727_095312.jpg,Healthy corn,Healthy,maize
D:\Download1\archive (1)\Corn Disease detection\Healthy corn\20200727_095314.jpg,Healthy corn,Healthy,maize
D:\Download1\archive (1)\Corn Disease detection\Healthy corn\20200727_095319.jpg,Healthy corn,Healthy,maize
D:\Download1\archive (1)\Corn Disease detection\Healthy corn\20200727_095320.jpg,Healthy corn,Healthy,maize
D:\Download1\archive (1)\Corn Disease detection\Healthy corn\20200727_095321.jpg,Healthy corn,Healthy,maize
D:\Download1\archive (1)\Corn Disease detection\Healthy corn\20200727_095322.jpg,Healthy corn,Healthy,maize
D:\Download1\archive (1)\Corn Disease detection\Healthy corn\20200727_095323.jpg,Healthy corn,Healthy,maize
D:\Download1\archive (1)\Corn Disease detection\Healthy corn\20200727_095324.jpg,Healthy corn,Healthy,maize
D:\Download1\archive (1)\Corn Disease detection\Healthy corn\20200727_095325.jpg,Healthy corn,Healthy,maize
D:\Download1\archive (1)\Corn Disease detection\Healthy corn\20200727_095326(0).jpg,Healthy corn,Healthy,maize
D:\Download1\archive (1)\Corn Disease detection\Healthy corn\20200727_095326.jpg,Healthy corn,Healthy,maize
D:\Download1\archive (1)\Corn Disease detection\Healthy corn\20200727_095327.jpg,Healthy corn,Healthy,maize
D:\Download1\archive (1)\Corn Disease detection\Healthy corn\20200727_095328(0).jpg,Healthy corn,Healthy,maize
D:\Download1\archive (1)\Corn Disease detection\Healthy corn\20200727_095328.jpg,Healthy corn,Healthy,maize
D:\Download1\archive (1)\Corn Disease detection\Healthy corn\20200727_095329.jpg,Healthy corn,Healthy,maize
D:\Download1\archive (1)\Corn Disease detection\Healthy corn\20200727_095330.jpg,Healthy corn,Healthy,maize
D:\Download1\archive (1)\Corn Disease detection\Healthy corn\20200727_095331.jpg,Healthy corn,Healthy,maize
D:\Download1\archive (1)\Corn Disease detection\Healthy corn\20200727_095332(0).jpg,Healthy corn,Healthy,maize
D:\Download1\archive (1)\Corn Disease detection\Healthy corn\20200727_095332.jpg,Healthy corn,Healthy,maize
D:\Download1\archive (1)\Corn Disease detection\Healthy corn\20200727_095336(0).jpg,Healthy corn,Healthy,maize
D:\Download1\archive (1)\Corn Disease detection\Healthy corn\20200727_095336.jpg,Healthy corn,Healthy,maize
D:\Download1\archive (1)\Corn Disease detection\Healthy corn\20200727_095337.jpg,Healthy corn,Healthy,maize
D:\Download1\archive (1)\Corn Disease detection\Healthy corn\20200727_095338.jpg,Healthy corn,Healthy,maize
D:\Download1\archive (1)\Corn Disease detection\Healthy corn\20200727_095340(0).jpg,Healthy corn,Healthy,maize
D:\Download1\archive (1)\Corn Disease detection\Healthy corn\20200727_095340.jpg,Healthy corn,Healthy,maize
D:\Download1\archive (1)\Corn Disease detection\Healthy corn\20200727_095341.jpg,Healthy corn,Healthy,maize
D:\Download1\archive (1)\Corn Disease detection\Healthy corn\20200727_095342.jpg,Healthy corn,Healthy,maize
D:\Download1\archive (1)\Corn Disease detection\Healthy corn\20200727_095348.jpg,Healthy corn,Healthy,maize
D:\Download1\archive (1)\Corn Disease detection\Healthy corn\20200727_095350.jpg,Healthy corn,Healthy,maize
D:\Download1\archive (1)\Corn Disease detection\Healthy corn\20200727_095351.jpg,Healthy corn,Healthy,maize
D:\Download1\archive (1)\Corn Disease detection\Healthy corn\20200727_095352(0).jpg,Healthy corn,Healthy,maize
D:\Download1\archive (1)\Corn Disease detection\Healthy corn\20200727_095352.jpg,Healthy corn,Healthy,maize
D:\Download1\archive (1)\Corn Disease detection\Healthy corn\20200727_095353.jpg,Healthy corn,Healthy,maize
D:\Download1\archive (1)\Corn Disease detection\Healthy corn\20200727_095354(0).jpg,Healthy corn,Healthy,maize
D:\Download1\archive (1)\Corn Disease detection\Healthy corn\20200727_095354.jpg,Healthy corn,Healthy,maize
D:\Download1\archive (1)\Corn Disease detection\Healthy corn\20200727_095355.jpg,Healthy corn,Healthy,maize
D:\Download1\archive (1)\Corn Disease detection\Healthy corn\20200727_095356.jpg,Healthy corn,Healthy,maize
D:\Download1\archive (1)\Corn Disease detection\Healthy corn\20200727_095406(0).jpg,Healthy corn,Healthy,maize
D:\Download1\archive (1)\Corn Disease detection\Healthy corn\20200727_095406.jpg,Healthy corn,Healthy,maize
D:\Download1\archive (1)\Corn Disease detection\Healthy corn\20200727_095407.jpg,Healthy corn,Healthy,maize
D:\Download1\archive (1)\Corn Disease detection\Healthy corn\20200727_095410.jpg,Healthy corn,Healthy,maize
D:\Download1\archive (1)\Corn Disease detection\Healthy corn\20200727_095412.jpg,Healthy corn,Healthy,maize
D:\Download1\archive (1)\Corn Disease detection\Healthy corn\20200727_095413.jpg,Healthy corn,Healthy,maize
D:\Download1\archive (1)\Corn Disease detection\Healthy corn\20200727_095414.jpg,Healthy corn,Healthy,maize
D:\Download1\archive (1)\Corn Disease detection\Healthy corn\20200727_095416.jpg,Healthy corn,Healthy,maize
D:\Download1\archive (1)\Corn Disease detection\Healthy corn\20200727_095418.jpg,Healthy corn,Healthy,maize
D:\Download1\archive (1)\Corn Disease detection\Healthy corn\20200727_095421.jpg,Healthy corn,Healthy,maize
D:\Download1\archive (1)\Corn Disease detection\Healthy corn\20200727_095424.jpg,Healthy corn,Healthy,maize
D:\Download1\archive (1)\Corn Disease detection\Healthy corn\20200727_095425.jpg,Healthy corn,Healthy,maize
D:\Download1\archive (1)\Corn Disease detection\Healthy corn\20200727_095427(0).jpg,Healthy corn,Healthy,maize
D:\Download1\archive (1)\Corn Disease detection\Healthy corn\20200727_095427.jpg,Healthy corn,Healthy,maize
D:\Download1\archive (1)\Corn Disease detection\Healthy corn\20200727_095428.jpg,Healthy corn,Healthy,maize
D:\Download1\archive (1)\Corn Disease detection\Healthy corn\20200727_095429.jpg,Healthy corn,Healthy,maize
D:\Download1\archive (1)\Corn Disease detection\Healthy corn\20200727_095430.jpg,Healthy corn,Healthy,maize
D:\Download1\archive (1)\Corn Disease detection\Healthy corn\20200727_095432.jpg,Healthy corn,Healthy,maize
D:\Download1\archive (1)\Corn Disease detection\Healthy corn\20200727_095436.jpg,Healthy corn,Healthy,maize
D:\Download1\archive (1)\Corn Disease detection\Healthy corn\20200727_095437.jpg,Healthy corn,Healthy,maize
D:\Download1\archive (1)\Corn Disease detection\Healthy corn\20200727_095441.jpg,Healthy corn,Healthy,maize
D:\Download1\archive (1)\Corn Disease detection\Healthy corn\20200727_095442.jpg,Healthy corn,Healthy,maize
D:\Download1\archive (1)\Corn Disease detection\Healthy corn\20200727_095443.jpg,Healthy corn,Healthy,maize
D:\Download1\archive (1)\Corn Disease detection\Healthy corn\20200727_095444(0).jpg,Healthy corn,Healthy,maize
D:\Download1\archive (1)\Corn Disease detection\Healthy corn\20200727_095444.jpg,Healthy corn,Healthy,maize
D:\Download1\archive (1)\Corn Disease detection\Healthy corn\20200727_095445.jpg,Healthy corn,Healthy,maize
D:\Download1\archive (1)\Corn Disease detection\Healthy corn\20200727_095446(0).jpg,Healthy corn,Healthy,maize
D:\Download1\archive (1)\Corn Disease detection\Healthy corn\20200727_095446.jpg,Healthy corn,Healthy,maize
D:\Download1\archive (1)\Corn Disease detection\Healthy corn\20200727_095447.jpg,Healthy corn,Healthy,maize
D:\Download1\archive (1)\Corn Disease detection\Healthy corn\20200727_095448.jpg,Healthy corn,Healthy,maize
D:\Download1\archive (1)\Corn Disease detection\Healthy corn\20200727_095449(0).jpg,Healthy corn,Healthy,maize
D:\Download1\archive (1)\Corn Disease detection\Healthy corn\20200727_095449.jpg,Healthy corn,Healthy,maize
D:\Download1\archive (1)\Corn Disease detection\Healthy corn\20200727_095450.jpg,Healthy corn,Healthy,maize
D:\Download1\archive (1)\Corn Disease detection\Healthy corn\20200727_095451(0).jpg,Healthy corn,Healthy,maize
D:\Download1\archive (1)\Corn Disease detection\Healthy corn\20200727_095451.jpg,Healthy corn,Healthy,maize
D:\Download1\archive (1)\Corn Disease detection\Healthy corn\20200727_095452(0).jpg,Healthy corn,Healthy,maize
D:\Download1\archive (1)\Corn Disease detection\Healthy corn\20200727_095452.jpg,Healthy corn,Healthy,maize
D:\Download1\archive (1)\Corn Disease detection\Healthy corn\20200727_095453.jpg,Healthy corn,Healthy,maize
D:\Download1\archive (1)\Corn Disease detection\Healthy corn\20200727_095454(0).jpg,Healthy corn,Healthy,maize
D:\Download1\archive (1)\Corn Disease detection\Healthy corn\20200727_095454.jpg,Healthy corn,Healthy,maize
D:\Download1\archive (1)\Corn Disease detection\Healthy corn\20200727_095459.jpg,Healthy corn,Healthy,maize
D:\Download1\archive (1)\Corn Disease detection\Healthy corn\20200727_095501.jpg,Healthy corn,Healthy,maize
D:\Download1\archive (1)\Corn Disease detection\Healthy corn\20200727_095506.jpg,Healthy corn,Healthy,maize
D:\Download1\archive (1)\Corn Disease detection\Healthy corn\20200727_095510.jpg,Healthy corn,Healthy,maize
D:\Download1\archive (1)\Corn Disease detection\Healthy corn\20200727_095511.jpg,Healthy corn,Healthy,maize
D:\Download1\archive (1)\Corn Disease detection\Healthy corn\20200727_095513.jpg,Healthy corn,Healthy,maize
D:\Download1\archive (1)\Corn Disease detection\Healthy corn\20200727_095514.jpg,Healthy corn,Healthy,maize
D:\Download1\archive (1)\Corn Disease detection\Healthy corn\20200727_095515.jpg,Healthy corn,Healthy,maize
D:\Download1\archive (1)\Corn Disease detection\Healthy corn\20200727_095517.jpg,Healthy corn,Healthy,maize
D:\Download1\archive (1)\Corn Disease detection\Healthy corn\20200727_095519(0).jpg,Healthy corn,Healthy,maize
D:\Download1\archive (1)\Corn Disease detection\Healthy corn\20200727_095519.jpg,Healthy corn,Healthy,maize
D:\Download1\archive (1)\Corn Disease detection\Healthy corn\20200727_095521.jpg,Healthy corn,Healthy,maize
D:\Download1\archive (1)\Corn Disease detection\Healthy corn\20200727_095522.jpg,Healthy corn,Healthy,maize
D:\Download1\archive (1)\Corn Disease detection\Healthy corn\20200727_095526.jpg,Healthy corn,Healthy,maize
D:\Download1\archive (1)\Corn Disease detection\Healthy corn\20200727_095527.jpg,Healthy corn,Healthy,maize
D:\Download1\archive (1)\Corn Disease detection\Healthy corn\20200727_095533.jpg,Healthy corn,Healthy,maize
D:\Download1\archive (1)\Corn Disease detection\Healthy corn\20200727_095535.jpg,Healthy corn,Healthy,maize
D:\Download1\archive (1)\Corn Disease detection\Healthy corn\20200727_095538.jpg,Healthy corn,Healthy,maize
D:\Download1\archive (1)\Corn Disease detection\Healthy corn\20200727_095541(0).jpg,Healthy corn,Healthy,maize
D:\Download1\archive (1)\Corn Disease detection\Healthy corn\20200727_095541.jpg,Healthy corn,Healthy,maize
D:\Download1\archive (1)\Corn Disease detection\Healthy corn\20200727_095542.jpg,Healthy corn,Healthy,maize
D:\Download1\archive (1)\Corn Disease detection\Healthy corn\20200727_095543.jpg,Healthy corn,Healthy,maize
D:\Download1\archive (1)\Corn Disease detection\Healthy corn\20200727_095544.jpg,Healthy corn,Healthy,maize
D:\Download1\archive (1)\Corn Disease detection\Healthy corn\20200727_095545.jpg,Healthy corn,Healthy,maize
D:\Download1\archive (1)\Corn Disease detection\Healthy corn\20200727_095546.jpg,Healthy corn,Healthy,maize
D:\Download1\archive (1)\Corn Disease detection\Healthy corn\20200727_095547.jpg,Healthy corn,Healthy,maize
D:\Download1\archive (1)\Corn Disease detection\Healthy corn\20200727_095552(0).jpg,Healthy corn,Healthy,maize
D:\Download1\archive (1)\Corn Disease detection\Healthy corn\20200727_095552.jpg,Healthy corn,Healthy,maize
D:\Download1\archive (1)\Corn Disease detection\Healthy corn\20200727_095559(0).jpg,Healthy corn,Healthy,maize
D:\Download1\archive (1)\Corn Disease detection\Healthy corn\20200727_095559.jpg,Healthy corn,Healthy,maize
D:\Download1\archive (1)\Corn Disease detection\Healthy corn\20200727_095601.jpg,Healthy corn,Healthy,maize
D:\Download1\archive (1)\Corn Disease detection\Healthy corn\20200727_095603.jpg,Healthy corn,Healthy,maize
D:\Download1\archive (1)\Corn Disease detection\Healthy corn\20200727_095604(0).jpg,Healthy corn,Healthy,maize
D:\Download1\archive (1)\Corn Disease detection\Healthy corn\20200727_095604.jpg,Healthy corn,Healthy,maize
D:\Download1\archive (1)\Corn Disease detection\Healthy corn\20200727_095605.jpg,Healthy corn,Healthy,maize
D:\Download1\archive (1)\Corn Disease detection\Healthy corn\20200727_095606.jpg,Healthy corn,Healthy,maize
D:\Download1\archive (1)\Corn Disease detection\Healthy corn\20200727_095607.jpg,Healthy corn,Healthy,maize
D:\Download1\archive (1)\Corn Disease detection\Healthy corn\20200727_095608.jpg,Healthy corn,Healthy,maize
D:\Download1\archive (1)\Corn Disease detection\Healthy corn\20200727_095617.jpg,Healthy corn,Healthy,maize
D:\Download1\archive (1)\Corn Disease detection\Healthy corn\20200727_095947.jpg,Healthy corn,Healthy,maize
D:\Download1\archive (1)\Corn Disease detection\Healthy corn\20200727_095954.jpg,Healthy corn,Healthy,maize
D:\Download1\archive (1)\Corn Disease detection\Healthy corn\20200727_095955.jpg,Healthy corn,Healthy,maize
D:\Download1\archive (1)\Corn Disease detection\Healthy corn\20200727_095957.jpg,Healthy corn,Healthy,maize
D:\Download1\archive (1)\Corn Disease detection\Healthy corn\20200727_095958.jpg,Healthy corn,Healthy,maize
D:\Download1\archive (1)\Corn Disease detection\Healthy corn\20200727_100000.jpg,Healthy corn,Healthy,maize
D:\Download1\archive (1)\Corn Disease detection\Healthy corn\20200727_100001.jpg,Healthy corn,Healthy,maize
D:\Download1\archive (1)\Corn Disease detection\Healthy corn\20200727_100002.jpg,Healthy corn,Healthy,maize
D:\Download1\archive (1)\Corn Disease detection\Healthy corn\20200727_100005.jpg,Healthy corn,Healthy,maize
D:\Download1\archive (1)\Corn Disease detection\Healthy corn\20200727_100007.jpg,Healthy corn,Healthy,maize
D:\Download1\archive (1)\Corn Disease detection\Healthy corn\20200727_100008.jpg,Healthy corn,Healthy,maize
D:\Download1\archive (1)\Corn Disease detection\Healthy corn\20200727_100009.jpg,Healthy corn,Healthy,maize
D:\Download1\archive (1)\Corn Disease detection\Healthy corn\20200727_100010.jpg,Healthy corn,Healthy,maize
D:\Download1\archive (1)\Corn Disease detection\Healthy corn\20200727_100038.jpg,Healthy corn,Healthy,maize
D:\Download1\archive (1)\Corn Disease detection\Healthy corn\20200727_100050.jpg,Healthy corn,Healthy,maize
D:\Download1\archive (1)\Corn Disease detection\Healthy corn\20200727_100052.jpg,Healthy corn,Healthy,maize
D:\Download1\archive (1)\Corn Disease detection\Healthy corn\20200727_100054.jpg,Healthy corn,Healthy,maize
D:\Download1\archive (1)\Corn Disease detection\Healthy corn\20200727_100057.jpg,Healthy corn,Healthy,maize
D:\Download1\archive (1)\Corn Disease detection\Healthy corn\20200727_100058.jpg,Healthy corn,Healthy,maize
D:\Download1\archive (1)\Corn Disease detection\Healthy corn\20200727_100059.jpg,Healthy corn,Healthy,maize
D:\Download1\archive (1)\Corn Disease detection\Healthy corn\20200727_100100.jpg,Healthy corn,Healthy,maize
D:\Download1\archive (1)\Corn Disease detection\Healthy corn\20200727_100103.jpg,Healthy corn,Healthy,maize
D:\Download1\archive (1)\Corn Disease detection\Healthy corn\20200727_100108.jpg,Healthy corn,Healthy,maize
D:\Download1\archive (1)\Corn Disease detection\Healthy corn\20200727_100109.jpg,Healthy corn,Healthy,maize
D:\Download1\archive (1)\Corn Disease detection\Healthy corn\20200727_100110.jpg,Healthy corn,Healthy,maize
D:\Download1\archive (1)\Corn Disease detection\Healthy corn\20200727_100129.jpg,Healthy corn,Healthy,maize
D:\Download1\archive (1)\Corn Disease detection\Healthy corn\20200727_100137.jpg,Healthy corn,Healthy,maize
D:\Download1\archive (1)\Corn Disease detection\Healthy corn\20200727_100138.jpg,Healthy corn,Healthy,maize
D:\Download1\archive (1)\Corn Disease detection\Healthy corn\20200727_100140.jpg,Healthy corn,Healthy,maize
D:\Download1\archive (1)\Corn Disease detection\Healthy corn\20200727_100142.jpg,Healthy corn,Healthy,maize
D:\Download1\archive (1)\Corn Disease detection\Healthy corn\20200727_100144(0).jpg,Healthy corn,Healthy,maize
D:\Download1\archive (1)\Corn Disease detection\Healthy corn\20200727_100144.jpg,Healthy corn,Healthy,maize
D:\Download1\archive (1)\Corn Disease detection\Healthy corn\20200727_100145.jpg,Healthy corn,Healthy,maize
D:\Download1\archive (1)\Corn Disease detection\Healthy corn\20200727_100146(0).jpg,Healthy corn,Healthy,maize
D:\Download1\archive (1)\Corn Disease detection\Healthy corn\20200727_100146.jpg,Healthy corn,Healthy,maize
D:\Download1\archive (1)\Corn Disease detection\Healthy corn\20200727_100151.jpg,Healthy corn,Healthy,maize
D:\Download1\archive (1)\Corn Disease detection\Healthy corn\20200727_100158.jpg,Healthy corn,Healthy,maize
D:\Download1\archive (1)\Corn Disease detection\Healthy corn\20200727_100159.jpg,Healthy corn,Healthy,maize
D:\Download1\archive (1)\Corn Disease detection\Healthy corn\20200727_100201.jpg,Healthy corn,Healthy,maize
D:\Download1\archive (1)\Corn Disease detection\Healthy corn\20200727_100204.jpg,Healthy corn,Healthy,maize
D:\Download1\archive (1)\Corn Disease detection\Healthy corn\20200727_100214.jpg,Healthy corn,Healthy,maize
D:\Download1\archive (1)\Corn Disease detection\Healthy corn\20200727_100215.jpg,Healthy corn,Healthy,maize
D:\Download1\archive (1)\Corn Disease detection\Healthy corn\20200727_100217.jpg,Healthy corn,Healthy,maize
D:\Download1\archive (1)\Corn Disease detection\Healthy corn\20200727_100218.jpg,Healthy corn,Healthy,maize
D:\Download1\archive (1)\Corn Disease detection\Healthy corn\20200727_100222.jpg,Healthy corn,Healthy,maize
D:\Download1\archive (1)\Corn Disease detection\Healthy corn\20200727_100224.jpg,Healthy corn,Healthy,maize
D:\Download1\archive (1)\Corn Disease detection\Healthy corn\20200727_100232.jpg,Healthy corn,Healthy,maize
D:\Download1\archive (1)\Corn Disease detection\Healthy corn\20200727_100233.jpg,Healthy corn,Healthy,maize
D:\Download1\archive (1)\Corn Disease detection\Healthy corn\20200727_100235.jpg,Healthy corn,Healthy,maize
D:\Download1\archive (1)\Corn Disease detection\Healthy corn\20200727_100305.jpg,Healthy corn,Healthy,maize
D:\Download1\archive (1)\Corn Disease detection\Healthy corn\20200727_100306.jpg,Healthy corn,Healthy,maize
D:\Download1\archive (1)\Corn Disease detection\Healthy corn\20200727_100307.jpg,Healthy corn,Healthy,maize
D:\Download1\archive (1)\Corn Disease detection\Healthy corn\20200727_100308.jpg,Healthy corn,Healthy,maize
D:\Download1\archive (1)\Corn Disease detection\Healthy corn\20200727_100311.jpg,Healthy corn,Healthy,maize
D:\Download1\archive (1)\Corn Disease detection\Healthy corn\20200727_100312.jpg,Healthy corn,Healthy,maize
D:\Download1\archive (1)\Corn Disease detection\Healthy corn\20200727_100315.jpg,Healthy corn,Healthy,maize
D:\Download1\archive (1)\Corn Disease detection\Healthy corn\20200727_100319.jpg,Healthy corn,Healthy,maize
D:\Download1\archive (1)\Corn Disease detection\Healthy corn\20200727_100321.jpg,Healthy corn,Healthy,maize
D:\Download1\archive (1)\Corn Disease detection\Healthy corn\20200727_100325.jpg,Healthy corn,Healthy,maize
D:\Download1\archive (1)\Corn Disease detection\Healthy corn\20200727_100326.jpg,Healthy corn,Healthy,maize
D:\Download1\archive (1)\Corn Disease detection\Healthy corn\20200727_100329.jpg,Healthy corn,Healthy,maize
D:\Download1\archive (1)\Corn Disease detection\Healthy corn\20200727_100332.jpg,Healthy corn,Healthy,maize
D:\Download1\archive (1)\Corn Disease detection\Healthy corn\20200727_100336.jpg,Healthy corn,Healthy,maize
D:\Download1\archive (1)\Corn Disease detection\Healthy corn\20200727_100337.jpg,Healthy corn,Healthy,maize
D:\Download1\archive (1)\Corn Disease detection\Healthy corn\20200727_100339.jpg,Healthy corn,Healthy,maize
D:\Download1\archive (1)\Corn Disease detection\Healthy corn\20200727_100340.jpg,Healthy corn,Healthy,maize
D:\Download1\archive (1)\Corn Disease detection\Healthy corn\20200727_100344.jpg,Healthy corn,Healthy,maize
D:\Download1\archive (1)\Corn Disease detection\Healthy corn\20200727_100349.jpg,Healthy corn,Healthy,maize
D:\Download1\archive (1)\Corn Disease detection\Healthy corn\20200727_100351.jpg,Healthy corn,Healthy,maize
D:\Download1\archive (1)\Corn Disease detection\Healthy corn\20200727_100352.jpg,Healthy corn,Healthy,maize
D:\Download1\archive (1)\Corn Disease detection\Healthy corn\20200727_100355.jpg,Healthy corn,Healthy,maize
D:\Download1\archive (1)\Corn Disease detection\Healthy corn\20200727_100356.jpg,Healthy corn,Healthy,maize
D:\Download1\archive (1)\Corn Disease detection\Healthy corn\20200727_100357.jpg,Healthy corn,Healthy,maize
D:\Download1\archive (1)\Corn Disease detection\Healthy corn\20200727_100358.jpg,Healthy corn,Healthy,maize
D:\Download1\archive (1)\Corn Disease detection\Healthy corn\20200727_100359.jpg,Healthy corn,Healthy,maize
D:\Download1\archive (1)\Corn Disease detection\Healthy corn\20200727_100403.jpg,Healthy corn,Healthy,maize
D:\Download1\archive (1)\Corn Disease detection\Healthy corn\20200727_100404.jpg,Healthy corn,Healthy,maize
D:\Download1\archive (1)\Corn Disease detection\Healthy corn\20200727_100405.jpg,Healthy corn,Healthy,maize
D:\Download1\archive (1)\Corn Disease detection\Healthy corn\20200727_100406.jpg,Healthy corn,Healthy,maize
D:\Download1\archive (1)\Corn Disease detection\Healthy corn\20200727_100407.jpg,Healthy corn,Healthy,maize
D:\Download1\archive (1)\Corn Disease detection\Healthy corn\20200727_100410.jpg,Healthy corn,Healthy,maize
D:\Download1\archive (1)\Corn Disease detection\Healthy corn\20200727_100411.jpg,Healthy corn,Healthy,maize
D:\Download1\archive (1)\Corn Disease detection\Healthy corn\20200727_100413(0).jpg,Healthy corn,Healthy,maize
D:\Download1\archive (1)\Corn Disease detection\Healthy corn\20200727_100413.jpg,Healthy corn,Healthy,maize
D:\Download1\archive (1)\Corn Disease detection\Healthy corn\20200727_100415.jpg,Healthy corn,Healthy,maize
D:\Download1\archive (1)\Corn Disease detection\Healthy corn\20200727_100417.jpg,Healthy corn,Healthy,maize
D:\Download1\archive (1)\Corn Disease detection\Healthy corn\20200727_100418.jpg,Healthy corn,Healthy,maize
D:\Download1\archive (1)\Corn Disease detection\Healthy corn\20200727_100419.jpg,Healthy corn,Healthy,maize
D:\Download1\archive (1)\Corn Disease detection\Healthy corn\20200727_100423.jpg,Healthy corn,Healthy,maize
D:\Download1\archive (1)\Corn Disease detection\Healthy corn\20200727_100425.jpg,Healthy corn,Healthy,maize
D:\Download1\archive (1)\Corn Disease detection\Healthy corn\20200727_100426.jpg,Healthy corn,Healthy,maize
D:\Download1\archive (1)\Corn Disease detection\Healthy corn\20200727_100427.jpg,Healthy corn,Healthy,maize
D:\Download1\archive (1)\Corn Disease detection\Healthy corn\20200727_100429.jpg,Healthy corn,Healthy,maize
D:\Download1\archive (1)\Corn Disease detection\Healthy corn\20200727_100430.jpg,Healthy corn,Healthy,maize
D:\Download1\archive (1)\Corn Disease detection\Healthy corn\20200727_100432.jpg,Healthy corn,Healthy,maize
D:\Download1\archive (1)\Corn Disease detection\Healthy corn\20200727_100434.jpg,Healthy corn,Healthy,maize
D:\Download1\archive (1)\Corn Disease detection\Healthy corn\20200727_100436.jpg,Healthy corn,Healthy,maize
D:\Download1\archive (1)\Corn Disease detection\Healthy corn\20200727_100437.jpg,Healthy corn,Healthy,maize
D:\Download1\archive (1)\Corn Disease detection\Healthy corn\20200727_100440.jpg,Healthy corn,Healthy,maize
D:\Download1\archive (1)\Corn Disease detection\Healthy corn\20200727_100441.jpg,Healthy corn,Healthy,maize
D:\Download1\archive (1)\Corn Disease detection\Healthy corn\20200727_100443.jpg,Healthy corn,Healthy,maize
D:\Download1\archive (1)\Corn Disease detection\Healthy corn\20200727_100444.jpg,Healthy corn,Healthy,maize
D:\Download1\archive (1)\Corn Disease detection\Healthy corn\20200727_100446.jpg,Healthy corn,Healthy,maize
D:\Download1\archive (1)\Corn Disease detection\Healthy corn\20200727_100447.jpg,Healthy corn,Healthy,maize
D:\Download1\archive (1)\Corn Disease detection\Healthy corn\20200727_100449(0).jpg,Healthy corn,Healthy,maize
D:\Download1\archive (1)\Corn Disease detection\Healthy corn\20200727_100449.jpg,Healthy corn,Healthy,maize
D:\Download1\archive (1)\Corn Disease detection\Healthy corn\20200727_100451.jpg,Healthy corn,Healthy,maize
D:\Download1\archive (1)\Corn Disease detection\Healthy corn\20200727_100457.jpg,Healthy corn,Healthy,maize
D:\Download1\archive (1)\Corn Disease detection\Healthy corn\20200727_100459.jpg,Healthy corn,Healthy,maize
D:\Download1\archive (1)\Corn Disease detection\Healthy corn\20200727_100500.jpg,Healthy corn,Healthy,maize
D:\Download1\archive (1)\Corn Disease detection\Healthy corn\20200727_100501.jpg,Healthy corn,Healthy,maize
D:\Download1\archive (1)\Corn Disease detection\Healthy corn\20200727_100503.jpg,Healthy corn,Healthy,maize
D:\Download1\archive (1)\Corn Disease detection\Healthy corn\20200727_100504.jpg,Healthy corn,Healthy,maize
D:\Download1\archive (1)\Corn Disease detection\Healthy corn\20200727_100506.jpg,Healthy corn,Healthy,maize
D:\Download1\archive (1)\Corn Disease detection\Healthy corn\20200727_100511.jpg,Healthy corn,Healthy,maize
D:\Download1\archive (1)\Corn Disease detection\Healthy corn\20200727_100512.jpg,Healthy corn,Healthy,maize
D:\Download1\archive (1)\Corn Disease detection\Healthy corn\20200727_100514.jpg,Healthy corn,Healthy,maize
D:\Download1\archive (1)\Corn Disease detection\Healthy corn\20200727_100515.jpg,Healthy corn,Healthy,maize
D:\Download1\archive (1)\Corn Disease detection\Healthy corn\20200727_100516.jpg,Healthy corn,Healthy,maize
D:\Download1\archive (1)\Corn Disease detection\Healthy corn\20200727_100517.jpg,Healthy corn,Healthy,maize
D:\Download1\archive (1)\Corn Disease detection\Healthy corn\20200727_100520.jpg,Healthy corn,Healthy,maize
D:\Download1\archive (1)\Corn Disease detection\Healthy corn\20200727_100521.jpg,Healthy corn,Healthy,maize
D:\Download1\archive (1)\Corn Disease detection\Healthy corn\20200727_100522.jpg,Healthy corn,Healthy,maize
D:\Download1\archive (1)\Corn Disease detection\Healthy corn\20200727_100523.jpg,Healthy corn,Healthy,maize
D:\Download1\archive (1)\Corn Disease detection\Healthy corn\20200727_100527.jpg,Healthy corn,Healthy,maize
D:\Download1\archive (1)\Corn Disease detection\Healthy corn\20200727_100528.jpg,Healthy corn,Healthy,maize
D:\Download1\archive (1)\Corn Disease detection\Healthy corn\20200727_100529.jpg,Healthy corn,Healthy,maize
D:\Download1\archive (1)\Corn Disease detection\Healthy corn\20200727_100531.jpg,Healthy corn,Healthy,maize
D:\Download1\archive (1)\Corn Disease detection\Healthy corn\20200727_100535.jpg,Healthy corn,Healthy,maize
D:\Download1\archive (1)\Corn Disease detection\Healthy corn\20200727_100536.jpg,Healthy corn,Healthy,maize
D:\Download1\archive (1)\Corn Disease detection\Healthy corn\20200727_100538.jpg,Healthy corn,Healthy,maize
D:\Download1\archive (1)\Corn Disease detection\Healthy corn\20200727_100540.jpg,Healthy corn,Healthy,maize
D:\Download1\archive (1)\Corn Disease detection\Healthy corn\20200727_100544.jpg,Healthy corn,Healthy,maize
D:\Download1\archive (1)\Corn Disease detection\Healthy corn\20200727_100545.jpg,Healthy corn,Healthy,maize
D:\Download1\archive (1)\Corn Disease detection\Healthy corn\20200727_100547.jpg,Healthy corn,Healthy,maize
D:\Download1\archive (1)\Corn Disease detection\Healthy corn\20200727_100549.jpg,Healthy corn,Healthy,maize
D:\Download1\archive (1)\Corn Disease detection\Healthy corn\20200727_100550.jpg,Healthy corn,Healthy,maize
D:\Download1\archive (1)\Corn Disease detection\Healthy corn\20200727_100551.jpg,Healthy corn,Healthy,maize
D:\Download1\archive (1)\Corn Disease detection\Healthy corn\20200727_100553.jpg,Healthy corn,Healthy,maize
D:\Download1\archive (1)\Corn Disease detection\Healthy corn\20200727_100554.jpg,Healthy corn,Healthy,maize
D:\Download1\archive (1)\Corn Disease detection\Healthy corn\20200727_100555.jpg,Healthy corn,Healthy,maize
D:\Download1\archive (1)\Corn Disease detection\Healthy corn\20200727_100556.jpg,Healthy corn,Healthy,maize
D:\Download1\archive (1)\Corn Disease detection\Healthy corn\20200727_100600.jpg,Healthy corn,Healthy,maize
D:\Download1\archive (1)\Corn Disease detection\Healthy corn\20200727_100601.jpg,Healthy corn,Healthy,maize
D:\Download1\archive (1)\Corn Disease detection\Healthy corn\20200727_100602.jpg,Healthy corn,Healthy,maize
D:\Download1\archive (1)\Corn Disease detection\Healthy corn\20200727_100603.jpg,Healthy corn,Healthy,maize
D:\Download1\archive (1)\Corn Disease detection\Healthy corn\20200727_100604.jpg,Healthy corn,Healthy,maize
D:\Download1\archive (1)\Corn Disease detection\Healthy corn\20200727_100605.jpg,Healthy corn,Healthy,maize
D:\Download1\archive (1)\Corn Disease detection\Healthy corn\20200727_100607.jpg,Healthy corn,Healthy,maize
D:\Download1\archive (1)\Corn Disease detection\Healthy corn\20200727_100609.jpg,Healthy corn,Healthy,maize
D:\Download1\archive (1)\Corn Disease detection\Healthy corn\20200727_100610.jpg,Healthy corn,Healthy,maize
D:\Download1\archive (1)\Corn Disease detection\Healthy corn\20200727_100614.jpg,Healthy corn,Healthy,maize
D:\Download1\archive (1)\Corn Disease detection\Healthy corn\20200727_100615.jpg,Healthy corn,Healthy,maize
D:\Download1\archive (1)\Corn Disease detection\Healthy corn\20200727_100618.jpg,Healthy corn,Healthy,maize
D:\Download1\archive (1)\Corn Disease detection\Healthy corn\20200727_100619.jpg,Healthy corn,Healthy,maize
D:\Download1\archive (1)\Corn Disease detection\Healthy corn\20200727_100622.jpg,Healthy corn,Healthy,maize
D:\Download1\archive (1)\Corn Disease detection\Healthy corn\20200727_100623.jpg,Healthy corn,Healthy,maize
D:\Download1\archive (1)\Corn Disease detection\Healthy corn\20200727_100624.jpg,Healthy corn,Healthy,maize
D:\Download1\archive (1)\Corn Disease detection\Healthy corn\20200727_100626.jpg,Healthy corn,Healthy,maize
D:\Download1\archive (1)\Corn Disease detection\Healthy corn\20200727_100627.jpg,Healthy corn,Healthy,maize
D:\Download1\archive (1)\Corn Disease detection\Healthy corn\20200727_100628.jpg,Healthy corn,Healthy,maize
D:\Download1\archive (1)\Corn Disease detection\Healthy corn\20200727_100629.jpg,Healthy corn,Healthy,maize
D:\Download1\archive (1)\Corn Disease detection\Healthy corn\20200727_100630.jpg,Healthy corn,Healthy,maize
D:\Download1\archive (1)\Corn Disease detection\Healthy corn\20200727_100631.jpg,Healthy corn,Healthy,maize
D:\Download1\archive (1)\Corn Disease detection\Healthy corn\20200727_100637(0).jpg,Healthy corn,Healthy,maize
D:\Download1\archive (1)\Corn Disease detection\Healthy corn\20200727_100637.jpg,Healthy corn,Healthy,maize
D:\Download1\archive (1)\Corn Disease detection\Healthy corn\20200727_100638.jpg,Healthy corn,Healthy,maize
D:\Download1\archive (1)\Corn Disease detection\Healthy corn\20200727_100640.jpg,Healthy corn,Healthy,maize
D:\Download1\archive (1)\Corn Disease detection\Healthy corn\20200727_100641.jpg,Healthy corn,Healthy,maize
D:\Download1\archive (1)\Corn Disease detection\Healthy corn\20200727_100642.jpg,Healthy corn,Healthy,maize
D:\Download1\archive (1)\Corn Disease detection\Healthy corn\20200727_100643.jpg,Healthy corn,Healthy,maize
D:\Download1\archive (1)\Corn Disease detection\Infected\20200612_103505.jpg,Infected,High_Risk,maize
D:\Download1\archive (1)\Corn Disease detection\Infected\20200612_103531.jpg,Infected,High_Risk,maize
D:\Download1\archive (1)\Corn Disease detection\Infected\20200612_103536.jpg,Infected,High_Risk,maize
D:\Download1\archive (1)\Corn Disease detection\Infected\20200612_103605.jpg,Infected,High_Risk,maize
D:\Download1\archive (1)\Corn Disease detection\Infected\20200612_103610.jpg,Infected,High_Risk,maize
D:\Download1\archive (1)\Corn Disease detection\Infected\20200612_103614.jpg,Infected,High_Risk,maize
D:\Download1\archive (1)\Corn Disease detection\Infected\20200612_103624.jpg,Infected,High_Risk,maize
D:\Download1\archive (1)\Corn Disease detection\Infected\20200612_103629.jpg,Infected,High_Risk,maize
D:\Download1\archive (1)\Corn Disease detection\Infected\20200612_103632.jpg,Infected,High_Risk,maize
D:\Download1\archive (1)\Corn Disease detection\Infected\20200612_103650.jpg,Infected,High_Risk,maize
D:\Download1\archive (1)\Corn Disease detection\Infected\20200612_103652.jpg,Infected,High_Risk,maize
D:\Download1\archive (1)\Corn Disease detection\Infected\20200612_103912.jpg,Infected,High_Risk,maize
D:\Download1\archive (1)\Corn Disease detection\Infected\20200612_103922.jpg,Infected,High_Risk,maize
D:\Download1\archive (1)\Corn Disease detection\Infected\20200612_103924.jpg,Infected,High_Risk,maize
D:\Download1\archive (1)\Corn Disease detection\Infected\20200612_103926.jpg,Infected,High_Risk,maize
D:\Download1\archive (1)\Corn Disease detection\Infected\20200612_103929.jpg,Infected,High_Risk,maize
D:\Download1\archive (1)\Corn Disease detection\Infected\20200612_103945.jpg,Infected,High_Risk,maize
D:\Download1\archive (1)\Corn Disease detection\Infected\20200612_103953.jpg,Infected,High_Risk,maize
D:\Download1\archive (1)\Corn Disease detection\Infected\20200612_104002.jpg,Infected,High_Risk,maize
D:\Download1\archive (1)\Corn Disease detection\Infected\20200612_104017.jpg,Infected,High_Risk,maize
D:\Download1\archive (1)\Corn Disease detection\Infected\20200612_104019.jpg,Infected,High_Risk,maize
D:\Download1\archive (1)\Corn Disease detection\Infected\20200612_104022.jpg,Infected,High_Risk,maize
D:\Download1\archive (1)\Corn Disease detection\Infected\20200612_104024.jpg,Infected,High_Risk,maize
D:\Download1\archive (1)\Corn Disease detection\Infected\20200612_104025.jpg,Infected,High_Risk,maize
D:\Download1\archive (1)\Corn Disease detection\Infected\20200612_104026(0).jpg,Infected,High_Risk,maize
D:\Download1\archive (1)\Corn Disease detection\Infected\20200612_104026.jpg,Infected,High_Risk,maize
D:\Download1\archive (1)\Corn Disease detection\Infected\20200612_104035.jpg,Infected,High_Risk,maize
D:\Download1\archive (1)\Corn Disease detection\Infected\20200612_104039.jpg,Infected,High_Risk,maize
D:\Download1\archive (1)\Corn Disease detection\Infected\20200612_104040.jpg,Infected,High_Risk,maize
D:\Download1\archive (1)\Corn Disease detection\Infected\20200612_104042.jpg,Infected,High_Risk,maize
D:\Download1\archive (1)\Corn Disease detection\Infected\20200612_104044.jpg,Infected,High_Risk,maize
D:\Download1\archive (1)\Corn Disease detection\Infected\20200612_104045.jpg,Infected,High_Risk,maize
D:\Download1\archive (1)\Corn Disease detection\Infected\20200612_104046.jpg,Infected,High_Risk,maize
D:\Download1\archive (1)\Corn Disease detection\Infected\20200612_104052.jpg,Infected,High_Risk,maize
D:\Download1\archive (1)\Corn Disease detection\Infected\20200612_104055.jpg,Infected,High_Risk,maize
D:\Download1\archive (1)\Corn Disease detection\Infected\20200612_104107.jpg,Infected,High_Risk,maize
D:\Download1\archive (1)\Corn Disease detection\Infected\20200612_104112.jpg,Infected,High_Risk,maize
D:\Download1\archive (1)\Corn Disease detection\Infected\20200612_104114.jpg,Infected,High_Risk,maize
D:\Download1\archive (1)\Corn Disease detection\Infected\20200612_104153.jpg,Infected,High_Risk,maize
D:\Download1\archive (1)\Corn Disease detection\Infected\20200612_104154.jpg,Infected,High_Risk,maize
D:\Download1\archive (1)\Corn Disease detection\Infected\20200612_104202.jpg,Infected,High_Risk,maize
D:\Download1\archive (1)\Corn Disease detection\Infected\20200612_104207.jpg,Infected,High_Risk,maize
D:\Download1\archive (1)\Corn Disease detection\Infected\20200612_104212.jpg,Infected,High_Risk,maize
D:\Download1\archive (1)\Corn Disease detection\Infected\20200612_104217.jpg,Infected,High_Risk,maize
D:\Download1\archive (1)\Corn Disease detection\Infected\20200612_104224.jpg,Infected,High_Risk,maize
D:\Download1\archive (1)\Corn Disease detection\Infected\20200612_104226.jpg,Infected,High_Risk,maize
D:\Download1\archive (1)\Corn Disease detection\Infected\20200612_104228.jpg,Infected,High_Risk,maize
D:\Download1\archive (1)\Corn Disease detection\Infected\20200612_104239.jpg,Infected,High_Risk,maize
D:\Download1\archive (1)\Corn Disease detection\Infected\20200612_104250.jpg,Infected,High_Risk,maize
D:\Download1\archive (1)\Corn Disease detection\Infected\20200612_104252.jpg,Infected,High_Risk,maize
D:\Download1\archive (1)\Corn Disease detection\Infected\20200612_104257.jpg,Infected,High_Risk,maize
D:\Download1\archive (1)\Corn Disease detection\Infected\20200612_104259.jpg,Infected,High_Risk,maize
D:\Download1\archive (1)\Corn Disease detection\Infected\20200612_104306.jpg,Infected,High_Risk,maize
D:\Download1\archive (1)\Corn Disease detection\Infected\20200612_104308.jpg,Infected,High_Risk,maize
D:\Download1\archive (1)\Corn Disease detection\Infected\20200612_104316.jpg,Infected,High_Risk,maize
D:\Download1\archive (1)\Corn Disease detection\Infected\20200612_104317.jpg,Infected,High_Risk,maize
D:\Download1\archive (1)\Corn Disease detection\Infected\20200612_104318.jpg,Infected,High_Risk,maize
D:\Download1\archive (1)\Corn Disease detection\Infected\20200612_104319.jpg,Infected,High_Risk,maize
D:\Download1\archive (1)\Corn Disease detection\Infected\20200612_104321.jpg,Infected,High_Risk,maize
D:\Download1\archive (1)\Corn Disease detection\Infected\20200612_104322.jpg,Infected,High_Risk,maize
D:\Download1\archive (1)\Corn Disease detection\Infected\20200612_104336.jpg,Infected,High_Risk,maize
D:\Download1\archive (1)\Corn Disease detection\Infected\20200612_104338.jpg,Infected,High_Risk,maize
D:\Download1\archive (1)\Corn Disease detection\Infected\20200612_104339.jpg,Infected,High_Risk,maize
D:\Download1\archive (1)\Corn Disease detection\Infected\20200612_104346.jpg,Infected,High_Risk,maize
D:\Download1\archive (1)\Corn Disease detection\Infected\20200612_104348(0).jpg,Infected,High_Risk,maize
D:\Download1\archive (1)\Corn Disease detection\Infected\20200612_104348.jpg,Infected,High_Risk,maize
D:\Download1\archive (1)\Corn Disease detection\Infected\20200612_104349.jpg,Infected,High_Risk,maize
D:\Download1\archive (1)\Corn Disease detection\Infected\20200612_104350(0).jpg,Infected,High_Risk,maize
D:\Download1\archive (1)\Corn Disease detection\Infected\20200612_104350(1).jpg,Infected,High_Risk,maize
D:\Download1\archive (1)\Corn Disease detection\Infected\20200612_104350.jpg,Infected,High_Risk,maize
D:\Download1\archive (1)\Corn Disease detection\Infected\20200612_104352.jpg,Infected,High_Risk,maize
D:\Download1\archive (1)\Corn Disease detection\Infected\20200612_104353.jpg,Infected,High_Risk,maize
D:\Download1\archive (1)\Corn Disease detection\Infected\20200612_104403.jpg,Infected,High_Risk,maize
D:\Download1\archive (1)\Corn Disease detection\Infected\20200612_104404.jpg,Infected,High_Risk,maize
D:\Download1\archive (1)\Corn Disease detection\Infected\20200612_104405(0).jpg,Infected,High_Risk,maize
D:\Download1\archive (1)\Corn Disease detection\Infected\20200612_104405.jpg,Infected,High_Risk,maize
D:\Download1\archive (1)\Corn Disease detection\Infected\20200612_104406.jpg,Infected,High_Risk,maize
D:\Download1\archive (1)\Corn Disease detection\Infected\20200612_104407(0).jpg,Infected,High_Risk,maize
D:\Download1\archive (1)\Corn Disease detection\Infected\20200612_104407.jpg,Infected,High_Risk,maize
D:\Download1\archive (1)\Corn Disease detection\Infected\20200612_104408.jpg,Infected,High_Risk,maize
D:\Download1\archive (1)\Corn Disease detection\Infected\20200612_104409.jpg,Infected,High_Risk,maize
D:\Download1\archive (1)\Corn Disease detection\Infected\20200612_104412(0).jpg,Infected,High_Risk,maize
D:\Download1\archive (1)\Corn Disease detection\Infected\20200612_104412.jpg,Infected,High_Risk,maize
D:\Download1\archive (1)\Corn Disease detection\Infected\20200612_104413.jpg,Infected,High_Risk,maize
D:\Download1\archive (1)\Corn Disease detection\Infected\20200612_104415.jpg,Infected,High_Risk,maize
D:\Download1\archive (1)\Corn Disease detection\Infected\20200612_104417.jpg,Infected,High_Risk,maize
D:\Download1\archive (1)\Corn Disease detection\Infected\20200612_104418.jpg,Infected,High_Risk,maize
D:\Download1\archive (1)\Corn Disease detection\Infected\20200612_104419(0).jpg,Infected,High_Risk,maize
D:\Download1\archive (1)\Corn Disease detection\Infected\20200612_104419.jpg,Infected,High_Risk,maize
D:\Download1\archive (1)\Corn Disease detection\Infected\20200612_104420.jpg,Infected,High_Risk,maize
D:\Download1\archive (1)\Corn Disease detection\Infected\20200612_104421.jpg,Infected,High_Risk,maize
D:\Download1\archive (1)\Corn Disease detection\Infected\20200612_104422(0).jpg,Infected,High_Risk,maize
D:\Download1\archive (1)\Corn Disease detection\Infected\20200612_104422.jpg,Infected,High_Risk,maize
D:\Download1\archive (1)\Corn Disease detection\Infected\20200612_104423(0).jpg,Infected,High_Risk,maize
D:\Download1\archive (1)\Corn Disease detection\Infected\20200612_104423.jpg,Infected,High_Risk,maize
D:\Download1\archive (1)\Corn Disease detection\Infected\20200612_104424(0).jpg,Infected,High_Risk,maize
D:\Download1\archive (1)\Corn Disease detection\Infected\20200612_104424.jpg,Infected,High_Risk,maize
D:\Download1\archive (1)\Corn Disease detection\Infected\20200612_104425.jpg,Infected,High_Risk,maize
D:\Download1\archive (1)\Corn Disease detection\Infected\20200612_104426.jpg,Infected,High_Risk,maize
D:\Download1\archive (1)\Corn Disease detection\Infected\20200612_104427.jpg,Infected,High_Risk,maize
D:\Download1\archive (1)\Corn Disease detection\Infected\20200612_104429.jpg,Infected,High_Risk,maize
D:\Download1\archive (1)\Corn Disease detection\Infected\20200612_104431.jpg,Infected,High_Risk,maize
D:\Download1\archive (1)\Corn Disease detection\Infected\20200612_104432.jpg,Infected,High_Risk,maize
D:\Download1\archive (1)\Corn Disease detection\Infected\20200612_104433(0).jpg,Infected,High_Risk,maize
D:\Download1\archive (1)\Corn Disease detection\Infected\20200612_104433.jpg,Infected,High_Risk,maize
D:\Download1\archive (1)\Corn Disease detection\Infected\20200612_104434.jpg,Infected,High_Risk,maize
D:\Download1\archive (1)\Corn Disease detection\Infected\20200612_104435.jpg,Infected,High_Risk,maize
D:\Download1\archive (1)\Corn Disease detection\Infected\20200612_104436.jpg,Infected,High_Risk,maize
D:\Download1\archive (1)\Corn Disease detection\Infected\20200612_104446.jpg,Infected,High_Risk,maize
D:\Download1\archive (1)\Corn Disease detection\Infected\20200612_104447.jpg,Infected,High_Risk,maize
D:\Download1\archive (1)\Corn Disease detection\Infected\20200612_104448.jpg,Infected,High_Risk,maize
D:\Download1\archive (1)\Corn Disease detection\Infected\20200612_104449.jpg,Infected,High_Risk,maize
D:\Download1\archive (1)\Corn Disease detection\Infected\20200612_104450.jpg,Infected,High_Risk,maize
D:\Download1\archive (1)\Corn Disease detection\Infected\20200612_104451.jpg,Infected,High_Risk,maize
D:\Download1\archive (1)\Corn Disease detection\Infected\20200612_104452.jpg,Infected,High_Risk,maize
D:\Download1\archive (1)\Corn Disease detection\Infected\20200612_104504.jpg,Infected,High_Risk,maize
D:\Download1\archive (1)\Corn Disease detection\Infected\20200612_104506.jpg,Infected,High_Risk,maize
D:\Download1\archive (1)\Corn Disease detection\Infected\20200612_104510.jpg,Infected,High_Risk,maize
D:\Download1\archive (1)\Corn Disease detection\Infected\20200612_104516.jpg,Infected,High_Risk,maize
D:\Download1\archive (1)\Corn Disease detection\Infected\20200612_104518.jpg,Infected,High_Risk,maize
D:\Download1\archive (1)\Corn Disease detection\Infected\20200612_104613.jpg,Infected,High_Risk,maize
D:\Download1\archive (1)\Corn Disease detection\Infected\20200612_104617.jpg,Infected,High_Risk,maize
D:\Download1\archive (1)\Corn Disease detection\Infected\20200612_104622(0).jpg,Infected,High_Risk,maize
D:\Download1\archive (1)\Corn Disease detection\Infected\20200612_104622.jpg,Infected,High_Risk,maize
D:\Download1\archive (1)\Corn Disease detection\Infected\20200612_104623.jpg,Infected,High_Risk,maize
D:\Download1\archive (1)\Corn Disease detection\Infected\20200612_104624.jpg,Infected,High_Risk,maize
D:\Download1\archive (1)\Corn Disease detection\Infected\20200612_104625(0).jpg,Infected,High_Risk,maize
D:\Download1\archive (1)\Corn Disease detection\Infected\20200612_104625.jpg,Infected,High_Risk,maize
D:\Download1\archive (1)\Corn Disease detection\Infected\20200612_104626(0).jpg,Infected,High_Risk,maize
D:\Download1\archive (1)\Corn Disease detection\Infected\20200612_104626.jpg,Infected,High_Risk,maize
D:\Download1\archive (1)\Corn Disease detection\Infected\20200612_104635.jpg,Infected,High_Risk,maize
D:\Download1\archive (1)\Corn Disease detection\Infected\20200612_104636.jpg,Infected,High_Risk,maize
D:\Download1\archive (1)\Corn Disease detection\Infected\20200612_104637.jpg,Infected,High_Risk,maize
D:\Download1\archive (1)\Corn Disease detection\Infected\20200612_104638.jpg,Infected,High_Risk,maize
D:\Download1\archive (1)\Corn Disease detection\Infected\20200612_104639.jpg,Infected,High_Risk,maize
D:\Download1\archive (1)\Corn Disease detection\Infected\20200612_104645.jpg,Infected,High_Risk,maize
D:\Download1\archive (1)\Corn Disease detection\Infected\20200612_104651.jpg,Infected,High_Risk,maize
D:\Download1\archive (1)\Corn Disease detection\Infected\20200612_104652.jpg,Infected,High_Risk,maize
D:\Download1\archive (1)\Corn Disease detection\Infected\20200612_104654.jpg,Infected,High_Risk,maize
D:\Download1\archive (1)\Corn Disease detection\Infected\20200612_104700.jpg,Infected,High_Risk,maize
D:\Download1\archive (1)\Corn Disease detection\Infected\20200612_104701.jpg,Infected,High_Risk,maize
D:\Download1\archive (1)\Corn Disease detection\Infected\20200612_104703.jpg,Infected,High_Risk,maize
D:\Download1\archive (1)\Corn Disease detection\Infected\20200612_104704.jpg,Infected,High_Risk,maize
D:\Download1\archive (1)\Corn Disease detection\Infected\20200612_104714.jpg,Infected,High_Risk,maize
D:\Download1\archive (1)\Corn Disease detection\Infected\20200612_104717.jpg,Infected,High_Risk,maize
D:\Download1\archive (1)\Corn Disease detection\Infected\20200612_104719.jpg,Infected,High_Risk,maize
D:\Download1\archive (1)\Corn Disease detection\Infected\20200612_104720.jpg,Infected,High_Risk,maize
D:\Download1\archive (1)\Corn Disease detection\Infected\20200612_104722.jpg,Infected,High_Risk,maize
D:\Download1\archive (1)\Corn Disease detection\Infected\20200612_104725.jpg,Infected,High_Risk,maize
D:\Download1\archive (1)\Corn Disease detection\Infected\20200612_104740(0).jpg,Infected,High_Risk,maize
D:\Download1\archive (1)\Corn Disease detection\Infected\20200612_104740.jpg,Infected,High_Risk,maize
D:\Download1\archive (1)\Corn Disease detection\Infected\20200612_104744.jpg,Infected,High_Risk,maize
D:\Download1\archive (1)\Corn Disease detection\Infected\20200612_104745.jpg,Infected,High_Risk,maize
D:\Download1\archive (1)\Corn Disease detection\Infected\20200612_104746.jpg,Infected,High_Risk,maize
D:\Download1\archive (1)\Corn Disease detection\Infected\20200612_104747.jpg,Infected,High_Risk,maize
D:\Download1\archive (1)\Corn Disease detection\Infected\20200612_104748(0).jpg,Infected,High_Risk,maize
D:\Download1\archive (1)\Corn Disease detection\Infected\20200612_104748.jpg,Infected,High_Risk,maize
D:\Download1\archive (1)\Corn Disease detection\Infected\20200612_104749.jpg,Infected,High_Risk,maize
D:\Download1\archive (1)\Corn Disease detection\Infected\20200612_104755.jpg,Infected,High_Risk,maize
D:\Download1\archive (1)\Corn Disease detection\Infected\20200612_104756.jpg,Infected,High_Risk,maize
D:\Download1\archive (1)\Corn Disease detection\Infected\20200612_104759.jpg,Infected,High_Risk,maize
D:\Download1\archive (1)\Corn Disease detection\Infected\20200612_104800.jpg,Infected,High_Risk,maize
D:\Download1\archive (1)\Corn Disease detection\Infected\20200612_104801.jpg,Infected,High_Risk,maize
D:\Download1\archive (1)\Corn Disease detection\Infected\20200612_104802.jpg,Infected,High_Risk,maize
D:\Download1\archive (1)\Corn Disease detection\Infected\20200612_104803.jpg,Infected,High_Risk,maize
D:\Download1\archive (1)\Corn Disease detection\Infected\20200612_104804.jpg,Infected,High_Risk,maize
D:\Download1\archive (1)\Corn Disease detection\Infected\20200612_104805.jpg,Infected,High_Risk,maize
D:\Download1\archive (1)\Corn Disease detection\Infected\20200612_104806.jpg,Infected,High_Risk,maize
D:\Download1\archive (1)\Corn Disease detection\Infected\20200612_104809.jpg,Infected,High_Risk,maize
D:\Download1\archive (1)\Corn Disease detection\Infected\20200612_104812.jpg,Infected,High_Risk,maize
D:\Download1\archive (1)\Corn Disease detection\Infected\20200612_104814.jpg,Infected,High_Risk,maize
D:\Download1\archive (1)\Corn Disease detection\Infected\20200612_104817.jpg,Infected,High_Risk,maize
D:\Download1\archive (1)\Corn Disease detection\Infected\20200612_104818.jpg,Infected,High_Risk,maize
D:\Download1\archive (1)\Corn Disease detection\Infected\20200612_104820.jpg,Infected,High_Risk,maize
D:\Download1\archive (1)\Corn Disease detection\Infected\20200612_104827.jpg,Infected,High_Risk,maize
D:\Download1\archive (1)\Corn Disease detection\Infected\20200612_104828(0).jpg,Infected,High_Risk,maize
D:\Download1\archive (1)\Corn Disease detection\Infected\20200612_104828.jpg,Infected,High_Risk,maize
D:\Download1\archive (1)\Corn Disease detection\Infected\20200612_104829.jpg,Infected,High_Risk,maize
D:\Download1\archive (1)\Corn Disease detection\Infected\20200612_104830.jpg,Infected,High_Risk,maize
D:\Download1\archive (1)\Corn Disease detection\Infected\20200612_104831.jpg,Infected,High_Risk,maize
D:\Download1\archive (1)\Corn Disease detection\Infected\20200612_104832.jpg,Infected,High_Risk,maize
D:\Download1\archive (1)\Corn Disease detection\Infected\20200612_104835.jpg,Infected,High_Risk,maize
D:\Download1\archive (1)\Corn Disease detection\Infected\20200612_104836(0).jpg,Infected,High_Risk,maize
D:\Download1\archive (1)\Corn Disease detection\Infected\20200612_104836(1).jpg,Infected,High_Risk,maize
D:\Download1\archive (1)\Corn Disease detection\Infected\20200612_104836.jpg,Infected,High_Risk,maize
D:\Download1\archive (1)\Corn Disease detection\Infected\20200612_104837(0).jpg,Infected,High_Risk,maize
D:\Download1\archive (1)\Corn Disease detection\Infected\20200612_104837.jpg,Infected,High_Risk,maize
D:\Download1\archive (1)\Corn Disease detection\Infected\20200612_104900.jpg,Infected,High_Risk,maize
D:\Download1\archive (1)\Corn Disease detection\Infected\20200612_104901.jpg,Infected,High_Risk,maize
D:\Download1\archive (1)\Corn Disease detection\Infected\20200612_104902.jpg,Infected,High_Risk,maize
D:\Download1\archive (1)\Corn Disease detection\Infected\20200612_104904.jpg,Infected,High_Risk,maize
D:\Download1\archive (1)\Corn Disease detection\Infected\20200612_104909.jpg,Infected,High_Risk,maize
D:\Download1\archive (1)\Corn Disease detection\Infected\20200612_104910.jpg,Infected,High_Risk,maize
D:\Download1\archive (1)\Corn Disease detection\Infected\20200612_104911.jpg,Infected,High_Risk,maize
D:\Download1\archive (1)\Corn Disease detection\Infected\20200612_104917.jpg,Infected,High_Risk,maize
D:\Download1\archive (1)\Corn Disease detection\Infected\20200612_104918.jpg,Infected,High_Risk,maize
D:\Download1\archive (1)\Corn Disease detection\Infected\20200612_104919.jpg,Infected,High_Risk,maize
D:\Download1\archive (1)\Corn Disease detection\Infected\20200612_104920.jpg,Infected,High_Risk,maize
D:\Download1\archive (1)\Corn Disease detection\Infected\20200612_104921.jpg,Infected,High_Risk,maize
D:\Download1\archive (1)\Corn Disease detection\Infected\20200612_104925.jpg,Infected,High_Risk,maize
D:\Download1\archive (1)\Corn Disease detection\Infected\20200612_104926.jpg,Infected,High_Risk,maize
D:\Download1\archive (1)\Corn Disease detection\Infected\20200612_104929.jpg,Infected,High_Risk,maize
D:\Download1\archive (1)\Corn Disease detection\Infected\20200612_104933.jpg,Infected,High_Risk,maize
D:\Download1\archive (1)\Corn Disease detection\Infected\20200612_104938.jpg,Infected,High_Risk,maize
D:\Download1\archive (1)\Corn Disease detection\Infected\20200612_104945.jpg,Infected,High_Risk,maize
D:\Download1\archive (1)\Corn Disease detection\Infected\20200612_104946.jpg,Infected,High_Risk,maize
D:\Download1\archive (1)\Corn Disease detection\Infected\20200612_104948.jpg,Infected,High_Risk,maize
D:\Download1\archive (1)\Corn Disease detection\Infected\20200612_104951.jpg,Infected,High_Risk,maize
D:\Download1\archive (1)\Corn Disease detection\Infected\20200612_104953.jpg,Infected,High_Risk,maize
D:\Download1\archive (1)\Corn Disease detection\Infected\20200612_104955.jpg,Infected,High_Risk,maize
D:\Download1\archive (1)\Corn Disease detection\Infected\20200612_104956.jpg,Infected,High_Risk,maize
D:\Download1\archive (1)\Corn Disease detection\Infected\20200612_105001.jpg,Infected,High_Risk,maize
D:\Download1\archive (1)\Corn Disease detection\Infected\20200612_105002.jpg,Infected,High_Risk,maize
D:\Download1\archive (1)\Corn Disease detection\Infected\20200612_105003.jpg,Infected,High_Risk,maize
D:\Download1\archive (1)\Corn Disease detection\Infected\20200612_105015.jpg,Infected,High_Risk,maize
D:\Download1\archive (1)\Corn Disease detection\Infected\20200612_105016.jpg,Infected,High_Risk,maize
D:\Download1\archive (1)\Corn Disease detection\Infected\20200701_075121.jpg,Infected,High_Risk,maize
D:\Download1\archive (1)\Corn Disease detection\Infected\20200701_075129.jpg,Infected,High_Risk,maize
D:\Download1\archive (1)\Corn Disease detection\Infected\20200701_075135.jpg,Infected,High_Risk,maize
D:\Download1\archive (1)\Corn Disease detection\Infected\20200701_075139.jpg,Infected,High_Risk,maize
D:\Download1\archive (1)\Corn Disease detection\Infected\20200701_075147.jpg,Infected,High_Risk,maize
D:\Download1\archive (1)\Corn Disease detection\Infected\20200701_075154.jpg,Infected,High_Risk,maize
D:\Download1\archive (1)\Corn Disease detection\Infected\20200701_075157.jpg,Infected,High_Risk,maize
D:\Download1\archive (1)\Corn Disease detection\Infected\20200701_075201.jpg,Infected,High_Risk,maize
D:\Download1\archive (1)\Corn Disease detection\Infected\20200701_075216.jpg,Infected,High_Risk,maize
D:\Download1\archive (1)\Corn Disease detection\Infected\20200701_075221.jpg,Infected,High_Risk,maize
D:\Download1\archive (1)\Corn Disease detection\Infected\20200701_075223.jpg,Infected,High_Risk,maize
D:\Download1\archive (1)\Corn Disease detection\Infected\20200701_075232.jpg,Infected,High_Risk,maize
D:\Download1\archive (1)\Corn Disease detection\Infected\20200701_075235.jpg,Infected,High_Risk,maize
D:\Download1\archive (1)\Corn Disease detection\Infected\20200701_075239.jpg,Infected,High_Risk,maize
D:\Download1\archive (1)\Corn Disease detection\Infected\20200701_075244.jpg,Infected,High_Risk,maize
D:\Download1\archive (1)\Corn Disease detection\Infected\20200701_075251.jpg,Infected,High_Risk,maize
D:\Download1\archive (1)\Corn Disease detection\Infected\20200701_075254.jpg,Infected,High_Risk,maize
D:\Download1\archive (1)\Corn Disease detection\Infected\20200701_075257.jpg,Infected,High_Risk,maize
D:\Download1\archive (1)\Corn Disease detection\Infected\20200701_075303.jpg,Infected,High_Risk,maize
D:\Download1\archive (1)\Corn Disease detection\Infected\20200701_075312.jpg,Infected,High_Risk,maize
D:\Download1\archive (1)\Corn Disease detection\Infected\20200701_075317.jpg,Infected,High_Risk,maize
D:\Download1\archive (1)\Corn Disease detection\Infected\20200701_075320.jpg,Infected,High_Risk,maize
D:\Download1\archive (1)\Corn Disease detection\Infected\20200701_075325.jpg,Infected,High_Risk,maize
D:\Download1\archive (1)\Corn Disease detection\Infected\20200701_075329.jpg,Infected,High_Risk,maize
D:\Download1\archive (1)\Corn Disease detection\Infected\20200701_075334.jpg,Infected,High_Risk,maize
D:\Download1\archive (1)\Corn Disease detection\Infected\20200701_075338.jpg,Infected,High_Risk,maize
D:\Download1\archive (1)\Corn Disease detection\Infected\20200701_075343.jpg,Infected,High_Risk,maize
D:\Download1\archive (1)\Corn Disease detection\Infected\20200701_075348.jpg,Infected,High_Risk,maize
D:\Download1\archive (1)\Corn Disease detection\Infected\20200701_075353.jpg,Infected,High_Risk,maize
D:\Download1\archive (1)\Corn Disease detection\Infected\20200701_075405.jpg,Infected,High_Risk,maize
D:\Download1\archive (1)\Corn Disease detection\Infected\20200701_075408.jpg,Infected,High_Risk,maize
D:\Download1\archive (1)\Corn Disease detection\Infected\20200701_075412.jpg,Infected,High_Risk,maize
D:\Download1\archive (1)\Corn Disease detection\Infected\20200701_075418.jpg,Infected,High_Risk,maize
D:\Download1\archive (1)\Corn Disease detection\Infected\20200701_075422.jpg,Infected,High_Risk,maize
D:\Download1\archive (1)\Corn Disease detection\Infected\20200701_075427.jpg,Infected,High_Risk,maize
D:\Download1\archive (1)\Corn Disease detection\Infected\20200701_075430.jpg,Infected,High_Risk,maize
D:\Download1\archive (1)\Corn Disease detection\Infected\20200701_075435.jpg,Infected,High_Risk,maize
D:\Download1\archive (1)\Corn Disease detection\Infected\20200701_075453.jpg,Infected,High_Risk,maize
D:\Download1\archive (1)\Corn Disease detection\Infected\20200701_075457.jpg,Infected,High_Risk,maize
D:\Download1\archive (1)\Corn Disease detection\Infected\20200701_075502.jpg,Infected,High_Risk,maize
D:\Download1\archive (1)\Corn Disease detection\Infected\20200701_075506.jpg,Infected,High_Risk,maize
D:\Download1\archive (1)\Corn Disease detection\Infected\20200701_075515.jpg,Infected,High_Risk,maize
D:\Download1\archive (1)\Corn Disease detection\Infected\20200701_075516.jpg,Infected,High_Risk,maize
D:\Download1\archive (1)\Corn Disease detection\Infected\20200701_075522.jpg,Infected,High_Risk,maize
D:\Download1\archive (1)\Corn Disease detection\Infected\20200701_075529.jpg,Infected,High_Risk,maize
D:\Download1\archive (1)\Corn Disease detection\Infected\20200701_075534.jpg,Infected,High_Risk,maize
D:\Download1\archive (1)\Corn Disease detection\Infected\20200701_075545.jpg,Infected,High_Risk,maize
D:\Download1\archive (1)\Corn Disease detection\Infected\20200701_075550.jpg,Infected,High_Risk,maize
D:\Download1\archive (1)\Corn Disease detection\Infected\20200701_075555.jpg,Infected,High_Risk,maize
D:\Download1\archive (1)\Corn Disease detection\Infected\20200701_075559.jpg,Infected,High_Risk,maize
D:\Download1\archive (1)\Corn Disease detection\Infected\20200701_075605.jpg,Infected,High_Risk,maize
D:\Download1\archive (1)\Corn Disease detection\Infected\20200701_075613.jpg,Infected,High_Risk,maize
D:\Download1\archive (1)\Corn Disease detection\Infected\20200701_075619.jpg,Infected,High_Risk,maize
D:\Download1\archive (1)\Corn Disease detection\Infected\20200701_075625.jpg,Infected,High_Risk,maize
D:\Download1\archive (1)\Corn Disease detection\Infected\20200701_075636.jpg,Infected,High_Risk,maize
D:\Download1\archive (1)\Corn Disease detection\Infected\20200701_075639.jpg,Infected,High_Risk,maize
D:\Download1\archive (1)\Corn Disease detection\Infected\20200701_075646.jpg,Infected,High_Risk,maize
D:\Download1\archive (1)\Corn Disease detection\Infected\20200701_075649.jpg,Infected,High_Risk,maize
D:\Download1\archive (1)\Corn Disease detection\Infected\20200701_075654.jpg,Infected,High_Risk,maize
D:\Download1\archive (1)\Corn Disease detection\Infected\20200701_075659.jpg,Infected,High_Risk,maize
D:\Download1\archive (1)\Corn Disease detection\Infected\20200701_075703.jpg,Infected,High_Risk,maize
D:\Download1\archive (1)\Corn Disease detection\Infected\20200701_075707.jpg,Infected,High_Risk,maize
D:\Download1\archive (1)\Corn Disease detection\Infected\20200701_075713.jpg,Infected,High_Risk,maize
D:\Download1\archive (1)\Corn Disease detection\Infected\20200701_075715.jpg,Infected,High_Risk,maize
D:\Download1\archive (1)\Corn Disease detection\Infected\20200701_075722.jpg,Infected,High_Risk,maize
D:\Download1\archive (1)\Corn Disease detection\Infected\20200701_075728.jpg,Infected,High_Risk,maize
D:\Download1\archive (1)\Corn Disease detection\Infected\20200701_075735.jpg,Infected,High_Risk,maize
D:\Download1\archive (1)\Corn Disease detection\Infected\20200701_075739.jpg,Infected,High_Risk,maize
D:\Download1\archive (1)\Corn Disease detection\Infected\20200701_075755.jpg,Infected,High_Risk,maize
D:\Download1\archive (1)\Corn Disease detection\Infected\20200701_075802.jpg,Infected,High_Risk,maize
D:\Download1\archive (1)\Corn Disease detection\Infected\20200701_075809.jpg,Infected,High_Risk,maize
D:\Download1\archive (1)\Corn Disease detection\Infected\20200701_075815.jpg,Infected,High_Risk,maize
D:\Download1\archive (1)\Corn Disease detection\Infected\20200701_075822.jpg,Infected,High_Risk,maize
D:\Download1\archive (1)\Corn Disease detection\Infected\20200701_075828.jpg,Infected,High_Risk,maize
D:\Download1\archive (1)\Corn Disease detection\Infected\20200701_075832.jpg,Infected,High_Risk,maize
D:\Download1\archive (1)\Corn Disease detection\Infected\20200701_075839.jpg,Infected,High_Risk,maize
D:\Download1\archive (1)\Corn Disease detection\Infected\20200701_075848.jpg,Infected,High_Risk,maize
D:\Download1\archive (1)\Corn Disease detection\Infected\20200701_075852.jpg,Infected,High_Risk,maize
D:\Download1\archive (1)\Corn Disease detection\Infected\20200701_075859.jpg,Infected,High_Risk,maize
D:\Download1\archive (1)\Corn Disease detection\Infected\20200701_075912.jpg,Infected,High_Risk,maize
D:\Download1\archive (1)\Corn Disease detection\Infected\20200701_075919.jpg,Infected,High_Risk,maize
D:\Download1\archive (1)\Corn Disease detection\Infected\20200701_075922.jpg,Infected,High_Risk,maize
D:\Download1\archive (1)\Corn Disease detection\Infected\20200701_075927.jpg,Infected,High_Risk,maize
D:\Download1\archive (1)\Corn Disease detection\Infected\20200701_075929.jpg,Infected,High_Risk,maize
D:\Download1\archive (1)\Corn Disease detection\Infected\20200701_075931.jpg,Infected,High_Risk,maize
D:\Download1\archive (1)\Corn Disease detection\Infected\20200701_075938.jpg,Infected,High_Risk,maize
D:\Download1\archive (1)\Corn Disease detection\Infected\20200701_075941.jpg,Infected,High_Risk,maize
D:\Download1\archive (1)\Corn Disease detection\Infected\20200701_075944.jpg,Infected,High_Risk,maize
D:\Download1\archive (1)\Corn Disease detection\Infected\20200701_075950.jpg,Infected,High_Risk,maize
D:\Download1\archive (1)\Corn Disease detection\Infected\20200701_075959.jpg,Infected,High_Risk,maize
D:\Download1\archive (1)\Corn Disease detection\Infected\20200701_080004.jpg,Infected,High_Risk,maize
D:\Download1\archive (1)\Corn Disease detection\Infected\20200701_080009.jpg,Infected,High_Risk,maize
D:\Download1\archive (1)\Corn Disease detection\Infected\20200701_080014.jpg,Infected,High_Risk,maize
D:\Download1\archive (1)\Corn Disease detection\Infected\20200701_080017.jpg,Infected,High_Risk,maize
D:\Download1\archive (1)\Corn Disease detection\Infected\20200701_080019.jpg,Infected,High_Risk,maize
D:\Download1\archive (1)\Corn Disease detection\Infected\20200701_080025.jpg,Infected,High_Risk,maize
D:\Download1\archive (1)\Corn Disease detection\Infected\20200701_080033.jpg,Infected,High_Risk,maize
D:\Download1\archive (1)\Corn Disease detection\Infected\20200701_080035.jpg,Infected,High_Risk,maize
D:\Download1\archive (1)\Corn Disease detection\Infected\20200701_080040.jpg,Infected,High_Risk,maize
D:\Download1\archive (1)\Corn Disease detection\Infected\20200701_080042.jpg,Infected,High_Risk,maize
D:\Download1\archive (1)\Corn Disease detection\Infected\20200701_080047.jpg,Infected,High_Risk,maize
D:\Download1\archive (1)\Corn Disease detection\Infected\20200701_080051.jpg,Infected,High_Risk,maize
D:\Download1\archive (1)\Corn Disease detection\Infected\20200701_080057.jpg,Infected,High_Risk,maize
D:\Download1\archive (1)\Corn Disease detection\Infected\20200701_080103.jpg,Infected,High_Risk,maize
D:\Download1\archive (1)\Corn Disease detection\Infected\20200701_080109.jpg,Infected,High_Risk,maize
D:\Download1\archive (1)\Corn Disease detection\Infected\20200701_080112.jpg,Infected,High_Risk,maize
D:\Download1\archive (1)\Corn Disease detection\Infected\20200701_080119.jpg,Infected,High_Risk,maize
D:\Download1\archive (1)\Corn Disease detection\Infected\20200701_080128.jpg,Infected,High_Risk,maize
D:\Download1\archive (1)\Corn Disease detection\Infected\20200701_080131.jpg,Infected,High_Risk,maize
D:\Download1\archive (1)\Corn Disease detection\Infected\20200701_080137.jpg,Infected,High_Risk,maize
D:\Download1\archive (1)\Corn Disease detection\Infected\20200701_080140.jpg,Infected,High_Risk,maize
D:\Download1\archive (1)\Corn Disease detection\Infected\20200701_080143.jpg,Infected,High_Risk,maize
D:\Download1\archive (1)\Corn Disease detection\Infected\20200701_080149.jpg,Infected,High_Risk,maize
D:\Download1\archive (1)\Corn Disease detection\Infected\20200701_080151.jpg,Infected,High_Risk,maize
D:\Download1\archive (1)\Corn Disease detection\Infected\20200701_080153.jpg,Infected,High_Risk,maize
D:\Download1\archive (1)\Corn Disease detection\Infected\20200701_080158.jpg,Infected,High_Risk,maize
D:\Download1\archive (1)\Corn Disease detection\Infected\20200701_080200.jpg,Infected,High_Risk,maize
D:\Download1\archive (1)\Corn Disease detection\Infected\20200701_080204.jpg,Infected,High_Risk,maize
D:\Download1\archive (1)\Corn Disease detection\Infected\20200701_080205.jpg,Infected,High_Risk,maize
D:\Download1\archive (1)\Corn Disease detection\Infected\20200701_080207.jpg,Infected,High_Risk,maize
D:\Download1\archive (1)\Corn Disease detection\Infected\20200701_080211.jpg,Infected,High_Risk,maize
D:\Download1\archive (1)\Corn Disease detection\Infected\20200701_080213.jpg,Infected,High_Risk,maize
D:\Download1\archive (1)\Corn Disease detection\Infected\20200701_080215.jpg,Infected,High_Risk,maize
D:\Download1\archive (1)\Corn Disease detection\Infected\20200701_080220.jpg,Infected,High_Risk,maize
D:\Download1\archive (1)\Corn Disease detection\Infected\20200701_080222.jpg,Infected,High_Risk,maize
D:\Download1\archive (1)\Corn Disease detection\Infected\20200701_080232.jpg,Infected,High_Risk,maize
D:\Download1\archive (1)\Corn Disease detection\Infected\20200701_080234.jpg,Infected,High_Risk,maize
D:\Download1\archive (1)\Corn Disease detection\Infected\20200701_080239.jpg,Infected,High_Risk,maize
D:\Download1\archive (1)\Corn Disease detection\Infected\20200701_080242.jpg,Infected,High_Risk,maize
D:\Download1\archive (1)\Corn Disease detection\Infected\20200701_080244.jpg,Infected,High_Risk,maize
D:\Download1\archive (1)\Corn Disease detection\Infected\20200701_080250.jpg,Infected,High_Risk,maize
D:\Download1\archive (1)\Corn Disease detection\Infected\20200701_080255.jpg,Infected,High_Risk,maize
D:\Download1\archive (1)\Corn Disease detection\Infected\20200701_080300.jpg,Infected,High_Risk,maize
D:\Download1\archive (1)\Corn Disease detection\Infected\20200701_080309.jpg,Infected,High_Risk,maize
D:\Download1\archive (1)\Corn Disease detection\Infected\20200701_080311.jpg,Infected,High_Risk,maize
D:\Download1\archive (1)\Corn Disease detection\Infected\20200701_080316.jpg,Infected,High_Risk,maize
D:\Download1\archive (1)\Corn Disease detection\Infected\20200701_080318.jpg,Infected,High_Risk,maize
D:\Download1\archive (1)\Corn Disease detection\Infected\20200701_080321.jpg,Infected,High_Risk,maize
D:\Download1\archive (1)\Corn Disease detection\Infected\20200701_080325.jpg,Infected,High_Risk,maize
D:\Download1\archive (1)\Corn Disease detection\Infected\20200701_080328.jpg,Infected,High_Risk,maize
D:\Download1\archive (1)\Corn Disease detection\Infected\20200701_080331.jpg,Infected,High_Risk,maize
D:\Download1\archive (1)\Corn Disease detection\Infected\20200701_080335.jpg,Infected,High_Risk,maize
D:\Download1\archive (1)\Corn Disease detection\Infected\20200701_080338.jpg,Infected,High_Risk,maize
D:\Download1\archive (1)\Corn Disease detection\Infected\20200701_080343.jpg,Infected,High_Risk,maize
D:\Download1\archive (1)\Corn Disease detection\Infected\20200701_080347.jpg,Infected,High_Risk,maize
D:\Download1\archive (1)\Corn Disease detection\Infected\20200701_080353.jpg,Infected,High_Risk,maize
D:\Download1\archive (1)\Corn Disease detection\Infected\20200701_080400.jpg,Infected,High_Risk,maize
D:\Download1\archive (1)\Corn Disease detection\Infected\20200701_080402.jpg,Infected,High_Risk,maize
D:\Download1\archive (1)\Corn Disease detection\Infected\20200701_080406.jpg,Infected,High_Risk,maize
D:\Download1\archive (1)\Corn Disease detection\Infected\20200701_080409.jpg,Infected,High_Risk,maize
D:\Download1\archive (1)\Corn Disease detection\Infected\20200701_080411.jpg,Infected,High_Risk,maize
D:\Download1\archive (1)\Corn Disease detection\Infected\20200701_080417.jpg,Infected,High_Risk,maize
D:\Download1\archive (1)\Corn Disease detection\Infected\20200701_080420.jpg,Infected,High_Risk,maize
D:\Download1\archive (1)\Corn Disease detection\Infected\20200701_080427.jpg,Infected,High_Risk,maize
D:\Download1\archive (1)\Corn Disease detection\Infected\20200701_080434.jpg,Infected,High_Risk,maize
D:\Download1\archive (1)\Corn Disease detection\Infected\20200701_080436.jpg,Infected,High_Risk,maize
D:\Download1\archive (1)\Corn Disease detection\Infected\20200701_080440.jpg,Infected,High_Risk,maize
D:\Download1\archive (1)\Corn Disease detection\Infected\20200701_080449.jpg,Infected,High_Risk,maize
D:\Download1\archive (1)\Corn Disease detection\Infected\20200701_080455.jpg,Infected,High_Risk,maize
D:\Download1\archive (1)\Corn Disease detection\Infected\20200701_080458.jpg,Infected,High_Risk,maize
D:\Download1\archive (1)\Corn Disease detection\Infected\20200701_080505.jpg,Infected,High_Risk,maize
D:\Download1\archive (1)\Corn Disease detection\Infected\20200701_080508.jpg,Infected,High_Risk,maize
D:\Download1\archive (1)\Corn Disease detection\Infected\20200701_080511.jpg,Infected,High_Risk,maize
D:\Download1\archive (1)\Corn Disease detection\Infected\20200701_080516.jpg,Infected,High_Risk,maize
D:\Download1\archive (1)\Corn Disease detection\Infected\20200701_080520.jpg,Infected,High_Risk,maize
D:\Download1\archive (1)\Corn Disease detection\Infected\20200701_080522.jpg,Infected,High_Risk,maize
D:\Download1\archive (1)\Corn Disease detection\Infected\20200701_080526.jpg,Infected,High_Risk,maize
D:\Download1\archive (1)\Corn Disease detection\Infected\20200701_080530.jpg,Infected,High_Risk,maize
D:\Download1\archive (1)\Corn Disease detection\Infected\20200701_080532.jpg,Infected,High_Risk,maize
D:\Download1\archive (1)\Corn Disease detection\Infected\20200701_080539.jpg,Infected,High_Risk,maize
D:\Download1\archive (1)\Corn Disease detection\Infected\20200701_080544.jpg,Infected,High_Risk,maize
D:\Download1\archive (1)\Corn Disease detection\Infected\20200701_080548.jpg,Infected,High_Risk,maize
D:\Download1\archive (1)\Corn Disease detection\Infected\20200701_080554.jpg,Infected,High_Risk,maize
D:\Download1\archive (1)\Corn Disease detection\Infected\20200701_080557.jpg,Infected,High_Risk,maize
D:\Download1\archive (1)\Corn Disease detection\Infected\20200701_080603.jpg,Infected,High_Risk,maize
D:\Download1\archive (1)\Corn Disease detection\Infected\20200701_080606.jpg,Infected,High_Risk,maize
D:\Download1\archive (1)\Corn Disease detection\Infected\20200701_080611.jpg,Infected,High_Risk,maize
D:\Download1\archive (1)\Corn Disease detection\Infected\20200701_080616.jpg,Infected,High_Risk,maize
D:\Download1\archive (1)\Corn Disease detection\Infected\20200701_080620.jpg,Infected,High_Risk,maize
D:\Download1\archive (1)\Corn Disease detection\Infected\20200701_080621.jpg,Infected,High_Risk,maize
D:\Download1\archive (1)\Corn Disease detection\Infected\20200701_080625.jpg,Infected,High_Risk,maize
D:\Download1\archive (1)\Corn Disease detection\Infected\20200701_080633.jpg,Infected,High_Risk,maize
D:\Download1\archive (1)\Corn Disease detection\Infected\20200701_080635.jpg,Infected,High_Risk,maize
D:\Download1\archive (1)\Corn Disease detection\Infected\20200701_080638.jpg,Infected,High_Risk,maize
D:\Download1\archive (1)\Corn Disease detection\Infected\20200701_080640.jpg,Infected,High_Risk,maize
D:\Download1\archive (1)\Corn Disease detection\Infected\20200701_080646.jpg,Infected,High_Risk,maize
D:\Download1\archive (1)\Corn Disease detection\Infected\20200701_080650.jpg,Infected,High_Risk,maize
D:\Download1\archive (1)\Corn Disease detection\Infected\20200701_080651.jpg,Infected,High_Risk,maize
D:\Download1\archive (1)\Corn Disease detection\Infected\20200701_080653.jpg,Infected,High_Risk,maize
D:\Download1\archive (1)\Corn Disease detection\Infected\20200701_080658.jpg,Infected,High_Risk,maize
D:\Download1\archive (1)\Corn Disease detection\Infected\20200701_080701.jpg,Infected,High_Risk,maize
D:\Download1\archive (1)\Corn Disease detection\Infected\20200701_080703.jpg,Infected,High_Risk,maize
D:\Download1\archive (1)\Corn Disease detection\Infected\20200701_080707.jpg,Infected,High_Risk,maize
D:\Download1\archive (1)\Corn Disease detection\Infected\20200701_080709.jpg,Infected,High_Risk,maize
D:\Download1\archive (1)\Corn Disease detection\Infected\20200701_080717.jpg,Infected,High_Risk,maize
D:\Download1\archive (1)\Corn Disease detection\Infected\20200701_080720.jpg,Infected,High_Risk,maize
D:\Download1\archive (1)\Corn Disease detection\Infected\20200701_080723.jpg,Infected,High_Risk,maize
D:\Download1\archive (1)\Corn Disease detection\Infected\20200701_080726.jpg,Infected,High_Risk,maize
D:\Download1\archive (1)\Corn Disease detection\Infected\20200701_080728.jpg,Infected,High_Risk,maize
D:\Download1\archive (1)\Corn Disease detection\Infected\20200701_080730.jpg,Infected,High_Risk,maize
D:\Download1\archive (1)\Corn Disease detection\Infected\20200701_080734.jpg,Infected,High_Risk,maize
D:\Download1\archive (1)\Corn Disease detection\Infected\20200701_080736.jpg,Infected,High_Risk,maize
D:\Download1\archive (1)\Corn Disease detection\Infected\20200701_080741.jpg,Infected,High_Risk,maize
D:\Download1\archive (1)\Corn Disease detection\Infected\20200701_080744.jpg,Infected,High_Risk,maize
D:\Download1\archive (1)\Corn Disease detection\Infected\20200701_080748.jpg,Infected,High_Risk,maize
D:\Download1\archive (1)\Corn Disease detection\Infected\20200701_080751.jpg,Infected,High_Risk,maize
D:\Download1\archive (1)\Corn Disease detection\Infected\20200701_080753.jpg,Infected,High_Risk,maize
D:\Download1\archive (1)\Corn Disease detection\Infected\20200701_080759.jpg,Infected,High_Risk,maize
D:\Download1\archive (1)\Corn Disease detection\Infected\20200701_080802.jpg,Infected,High_Risk,maize
D:\Download1\archive (1)\Corn Disease detection\Infected\20200701_080806.jpg,Infected,High_Risk,maize
D:\Download1\archive (1)\Corn Disease detection\Infected\20200701_080813.jpg,Infected,High_Risk,maize
D:\Download1\archive (1)\Corn Disease detection\Infected\20200701_080816.jpg,Infected,High_Risk,maize
D:\Download1\archive (1)\Corn Disease detection\Infected\20200701_080818.jpg,Infected,High_Risk,maize
D:\Download1\archive (1)\Corn Disease detection\Infected\20200701_080821.jpg,Infected,High_Risk,maize
D:\Download1\archive (1)\Corn Disease detection\Infected\20200701_080825.jpg,Infected,High_Risk,maize
D:\Download1\archive (1)\Corn Disease detection\Infected\20200701_080828.jpg,Infected,High_Risk,maize
D:\Download1\archive (1)\Corn Disease detection\Infected\20200701_080833.jpg,Infected,High_Risk,maize
D:\Download1\archive (1)\Corn Disease detection\Infected\20200701_080834.jpg,Infected,High_Risk,maize
D:\Download1\archive (1)\Corn Disease detection\Infected\20200701_080841.jpg,Infected,High_Risk,maize
D:\Download1\archive (1)\Corn Disease detection\Infected\20200701_080846.jpg,Infected,High_Risk,maize
D:\Download1\archive (1)\Corn Disease detection\Infected\20200701_080848.jpg,Infected,High_Risk,maize
D:\Download1\archive (1)\Corn Disease detection\Infected\20200701_080851.jpg,Infected,High_Risk,maize
D:\Download1\archive (1)\Corn Disease detection\Infected\20200701_080854.jpg,Infected,High_Risk,maize
D:\Download1\archive (1)\Corn Disease detection\Infected\20200701_080856.jpg,Infected,High_Risk,maize
D:\Download1\archive (1)\Corn Disease detection\Infected\20200701_080900.jpg,Infected,High_Risk,maize
D:\Download1\archive (1)\Corn Disease detection\Infected\20200701_080902.jpg,Infected,High_Risk,maize
D:\Download1\archive (1)\Corn Disease detection\Infected\20200701_080907.jpg,Infected,High_Risk,maize
D:\Download1\archive (1)\Corn Disease detection\Infected\20200701_080911.jpg,Infected,High_Risk,maize
D:\Download1\archive (1)\Corn Disease detection\Infected\20200701_080914.jpg,Infected,High_Risk,maize
D:\Download1\archive (1)\Corn Disease detection\Infected\20200701_080916.jpg,Infected,High_Risk,maize
D:\Download1\archive (1)\Corn Disease detection\Infected\20200701_080922.jpg,Infected,High_Risk,maize
D:\Download1\archive (1)\Corn Disease detection\Infected\20200701_080927.jpg,Infected,High_Risk,maize
D:\Download1\archive (1)\Corn Disease detection\Infected\20200701_080929.jpg,Infected,High_Risk,maize
D:\Download1\archive (1)\Corn Disease detection\Infected\20200701_080933.jpg,Infected,High_Risk,maize
D:\Download1\archive (1)\Corn Disease detection\Infected\20200701_080937.jpg,Infected,High_Risk,maize
D:\Download1\archive (1)\Corn Disease detection\Infected\20200701_080939.jpg,Infected,High_Risk,maize
D:\Download1\archive (1)\Corn Disease detection\Infected\20200701_080943.jpg,Infected,High_Risk,maize
D:\Download1\archive (1)\Corn Disease detection\Infected\20200701_080947.jpg,Infected,High_Risk,maize
D:\Download1\archive (1)\Corn Disease detection\Infected\20200701_080952.jpg,Infected,High_Risk,maize
D:\Download1\archive (1)\Corn Disease detection\Infected\20200701_080955.jpg,Infected,High_Risk,maize
D:\Download1\archive (1)\Corn Disease detection\Infected\20200701_080957.jpg,Infected,High_Risk,maize
D:\Download1\archive (1)\Corn Disease detection\Infected\20200701_081000.jpg,Infected,High_Risk,maize
D:\Download1\archive (1)\Corn Disease detection\Infected\20200701_081003.jpg,Infected,High_Risk,maize
D:\Download1\archive (1)\Corn Disease detection\Infected\20200701_081008.jpg,Infected,High_Risk,maize
D:\Download1\archive (1)\Corn Disease detection\Infected\20200701_081013.jpg,Infected,High_Risk,maize
D:\Download1\archive (1)\Corn Disease detection\Infected\20200701_081016.jpg,Infected,High_Risk,maize
D:\Download1\archive (1)\Corn Disease detection\Infected\20200701_081018.jpg,Infected,High_Risk,maize
D:\Download1\archive (1)\Corn Disease detection\Infected\20200701_081024.jpg,Infected,High_Risk,maize
D:\Download1\archive (1)\Corn Disease detection\Infected\20200701_081030.jpg,Infected,High_Risk,maize
D:\Download1\archive (1)\Corn Disease detection\Infected\20200701_081032.jpg,Infected,High_Risk,maize
D:\Download1\archive (1)\Corn Disease detection\Infected\20200701_081036.jpg,Infected,High_Risk,maize
D:\Download1\archive (1)\Corn Disease detection\Infected\20200701_081040.jpg,Infected,High_Risk,maize
D:\Download1\archive (1)\Corn Disease detection\Infected\20200701_081046.jpg,Infected,High_Risk,maize
D:\Download1\archive (1)\Corn Disease detection\Infected\20200701_081051.jpg,Infected,High_Risk,maize
D:\Download1\archive (1)\Corn Disease detection\Infected\20200701_081054.jpg,Infected,High_Risk,maize
D:\Download1\archive (1)\Corn Disease detection\Infected\20200701_081059.jpg,Infected,High_Risk,maize
D:\Download1\archive (1)\Corn Disease detection\Infected\20200701_081101.jpg,Infected,High_Risk,maize
D:\Download1\archive (1)\Corn Disease detection\Infected\20200701_081104.jpg,Infected,High_Risk,maize
D:\Download1\archive (1)\Corn Disease detection\Infected\20200701_081110.jpg,Infected,High_Risk,maize
D:\Download1\archive (1)\Corn Disease detection\Infected\20200701_081113.jpg,Infected,High_Risk,maize
D:\Download1\archive (1)\Corn Disease detection\Infected\20200701_081119.jpg,Infected,High_Risk,maize
D:\Download1\archive (1)\Corn Disease detection\Infected\20200701_081123.jpg,Infected,High_Risk,maize
D:\Download1\archive (1)\Corn Disease detection\Infected\20200701_081128.jpg,Infected,High_Risk,maize
D:\Download1\archive (1)\Corn Disease detection\Infected\20200701_081130.jpg,Infected,High_Risk,maize
D:\Download1\archive (1)\Corn Disease detection\Infected\20200701_081134.jpg,Infected,High_Risk,maize
D:\Download1\archive (1)\Corn Disease detection\Infected\20200701_081139.jpg,Infected,High_Risk,maize
D:\Download1\archive (1)\Corn Disease detection\Infected\20200701_081143.jpg,Infected,High_Risk,maize
D:\Download1\archive (1)\Corn Disease detection\Infected\20200701_081146.jpg,Infected,High_Risk,maize
D:\Download1\archive (1)\Corn Disease detection\Infected\20200701_081149.jpg,Infected,High_Risk,maize
D:\Download1\archive (1)\Corn Disease detection\Infected\20200701_081155.jpg,Infected,High_Risk,maize
D:\Download1\archive (1)\Corn Disease detection\Infected\20200701_081158.jpg,Infected,High_Risk,maize
D:\Download1\archive (1)\Corn Disease detection\Infected\20200701_081200.jpg,Infected,High_Risk,maize
D:\Download1\archive (1)\Corn Disease detection\Infected\20200701_081203.jpg,Infected,High_Risk,maize
D:\Download1\archive (1)\Corn Disease detection\Infected\20200701_081207.jpg,Infected,High_Risk,maize
D:\Download1\archive (1)\Corn Disease detection\Infected\20200701_081209.jpg,Infected,High_Risk,maize
D:\Download1\archive (1)\Corn Disease detection\Infected\20200701_081213.jpg,Infected,High_Risk,maize
D:\Download1\archive (1)\Corn Disease detection\Infected\20200701_081216.jpg,Infected,High_Risk,maize
D:\Download1\archive (1)\Corn Disease detection\Infected\20200701_081220.jpg,Infected,High_Risk,maize
D:\Download1\archive (1)\Corn Disease detection\Infected\20200701_081222.jpg,Infected,High_Risk,maize
D:\Download1\archive (1)\Corn Disease detection\Infected\20200701_081228.jpg,Infected,High_Risk,maize
D:\Download1\archive (1)\Corn Disease detection\Infected\20200701_081231.jpg,Infected,High_Risk,maize
D:\Download1\archive (1)\Corn Disease detection\Infected\20200701_081235.jpg,Infected,High_Risk,maize
D:\Download1\archive (1)\Corn Disease detection\Infected\20200701_081240.jpg,Infected,High_Risk,maize
D:\Download1\archive (1)\Corn Disease detection\Infected\20200701_081244.jpg,Infected,High_Risk,maize
D:\Download1\archive (1)\Corn Disease detection\Infected\20200701_081247.jpg,Infected,High_Risk,maize
D:\Download1\archive (1)\Corn Disease detection\Infected\20200701_081250.jpg,Infected,High_Risk,maize
D:\Download1\archive (1)\Corn Disease detection\Infected\20200701_081254.jpg,Infected,High_Risk,maize
D:\Download1\archive (1)\Corn Disease detection\Infected\20200701_081258.jpg,Infected,High_Risk,maize
D:\Download1\archive (1)\Corn Disease detection\Infected\20200701_081301.jpg,Infected,High_Risk,maize
D:\Download1\archive (1)\Corn Disease detection\Infected\20200701_081306.jpg,Infected,High_Risk,maize
D:\Download1\archive (1)\Corn Disease detection\Infected\20200701_081309.jpg,Infected,High_Risk,maize
D:\Download1\archive (1)\Corn Disease detection\Infected\20200701_081312.jpg,Infected,High_Risk,maize
D:\Download1\archive (1)\Corn Disease detection\Infected\20200701_081315.jpg,Infected,High_Risk,maize
D:\Download1\archive (1)\Corn Disease detection\Infected\20200701_081317.jpg,Infected,High_Risk,maize
D:\Download1\archive (1)\Corn Disease detection\Infected\20200701_081319.jpg,Infected,High_Risk,maize
D:\Download1\archive (1)\Corn Disease detection\Infected\20200701_081325.jpg,Infected,High_Risk,maize
D:\Download1\archive (1)\Corn Disease detection\Infected\20200701_081328.jpg,Infected,High_Risk,maize
D:\Download1\archive (1)\Corn Disease detection\Infected\20200701_081331.jpg,Infected,High_Risk,maize
D:\Download1\archive (1)\Corn Disease detection\Infected\20200701_081335.jpg,Infected,High_Risk,maize
D:\Download1\archive (1)\Corn Disease detection\Infected\20200701_081337.jpg,Infected,High_Risk,maize
D:\Download1\archive (1)\Corn Disease detection\Infected\20200701_081340.jpg,Infected,High_Risk,maize
D:\Download1\archive (1)\Corn Disease detection\Infected\20200701_081343.jpg,Infected,High_Risk,maize
D:\Download1\archive (1)\Corn Disease detection\Infected\20200701_081346.jpg,Infected,High_Risk,maize
D:\Download1\archive (1)\Corn Disease detection\Infected\20200701_081350.jpg,Infected,High_Risk,maize
D:\Download1\archive (1)\Corn Disease detection\Infected\20200701_081351.jpg,Infected,High_Risk,maize
D:\Download1\archive (1)\Corn Disease detection\Infected\20200701_081354.jpg,Infected,High_Risk,maize
D:\Download1\archive (1)\Corn Disease detection\Infected\20200701_081357.jpg,Infected,High_Risk,maize
D:\Download1\archive (1)\Corn Disease detection\Infected\20200701_081359.jpg,Infected,High_Risk,maize
D:\Download1\archive (1)\Corn Disease detection\Infected\20200701_081400.jpg,Infected,High_Risk,maize
D:\Download1\archive (1)\Corn Disease detection\Infected\20200701_081402.jpg,Infected,High_Risk,maize
D:\Download1\archive (1)\Corn Disease detection\Infected\20200701_081404.jpg,Infected,High_Risk,maize
D:\Download1\archive (1)\Corn Disease detection\Infected\20200701_081408.jpg,Infected,High_Risk,maize
D:\Download1\archive (1)\Corn Disease detection\Infected\20200701_081411.jpg,Infected,High_Risk,maize
D:\Download1\archive (1)\Corn Disease detection\Infected\20200701_081413.jpg,Infected,High_Risk,maize
D:\Download1\archive (1)\Corn Disease detection\Infected\20200701_081417.jpg,Infected,High_Risk,maize
D:\Download1\archive (1)\Corn Disease detection\Infected\20200701_081419.jpg,Infected,High_Risk,maize
D:\Download1\archive (1)\Corn Disease detection\Infected\20200701_081421.jpg,Infected,High_Risk,maize
D:\Download1\archive (1)\Corn Disease detection\Infected\20200701_081425.jpg,Infected,High_Risk,maize
D:\Download1\archive (1)\Corn Disease detection\Infected\20200701_081427.jpg,Infected,High_Risk,maize
D:\Download1\archive (1)\Corn Disease detection\Infected\20200701_081428.jpg,Infected,High_Risk,maize
D:\Download1\archive (1)\Corn Disease detection\Infected\20200701_081430.jpg,Infected,High_Risk,maize
D:\Download1\archive (1)\Corn Disease detection\Infected\20200701_081433.jpg,Infected,High_Risk,maize
D:\Download1\archive (1)\Corn Disease detection\Infected\20200701_081435.jpg,Infected,High_Risk,maize
D:\Download1\archive (1)\Corn Disease detection\Infected\20200701_081438.jpg,Infected,High_Risk,maize
D:\Download1\archive (1)\Corn Disease detection\Infected\20200701_081441.jpg,Infected,High_Risk,maize
D:\Download1\archive (1)\Corn Disease detection\Infected\20200701_081443.jpg,Infected,High_Risk,maize
D:\Download1\archive (1)\Corn Disease detection\Infected\20200701_081447.jpg,Infected,High_Risk,maize
D:\Download1\archive (1)\Corn Disease detection\Infected\20200701_081449.jpg,Infected,High_Risk,maize
D:\Download1\archive (1)\Corn Disease detection\Infected\20200701_081458.jpg,Infected,High_Risk,maize
D:\Download1\archive (1)\Corn Disease detection\Infected\20200701_081502.jpg,Infected,High_Risk,maize
D:\Download1\archive (1)\Corn Disease detection\Infected\20200701_081504.jpg,Infected,High_Risk,maize
D:\Download1\archive (1)\Corn Disease detection\Infected\20200701_081506.jpg,Infected,High_Risk,maize
D:\Download1\archive (1)\Corn Disease detection\Infected\20200701_081509.jpg,Infected,High_Risk,maize
D:\Download1\archive (1)\Corn Disease detection\Infected\20200701_081514.jpg,Infected,High_Risk,maize
D:\Download1\archive (1)\Corn Disease detection\Infected\20200701_081518.jpg,Infected,High_Risk,maize
D:\Download1\archive (1)\Corn Disease detection\Infected\20200701_081520.jpg,Infected,High_Risk,maize
D:\Download1\archive (1)\Corn Disease detection\Infected\20200701_081525.jpg,Infected,High_Risk,maize
D:\Download1\archive (1)\Corn Disease detection\Infected\20200701_081532.jpg,Infected,High_Risk,maize
D:\Download1\archive (1)\Corn Disease detection\Infected\20200701_081535.jpg,Infected,High_Risk,maize
D:\Download1\archive (1)\Corn Disease detection\Infected\20200701_081537.jpg,Infected,High_Risk,maize
D:\Download1\archive (1)\Corn Disease detection\Infected\20200701_081541.jpg,Infected,High_Risk,maize
D:\Download1\archive (1)\Corn Disease detection\Infected\20200701_081545.jpg,Infected,High_Risk,maize
D:\Download1\archive (1)\Corn Disease detection\Infected\20200701_081548.jpg,Infected,High_Risk,maize
D:\Download1\archive (1)\Corn Disease detection\Infected\20200701_081551.jpg,Infected,High_Risk,maize
D:\Download1\archive (1)\Corn Disease detection\Infected\20200701_081554.jpg,Infected,High_Risk,maize
D:\Download1\archive (1)\Corn Disease detection\Infected\20200701_081559.jpg,Infected,High_Risk,maize
D:\Download1\archive (1)\Corn Disease detection\Infected\20200701_081603.jpg,Infected,High_Risk,maize
D:\Download1\archive (1)\Corn Disease detection\Infected\20200701_081610.jpg,Infected,High_Risk,maize
D:\Download1\archive (1)\Corn Disease detection\Infected\20200701_081612.jpg,Infected,High_Risk,maize
D:\Download1\archive (1)\Corn Disease detection\Infected\20200701_081614.jpg,Infected,High_Risk,maize
D:\Download1\archive (1)\Corn Disease detection\Infected\20200701_081617.jpg,Infected,High_Risk,maize
D:\Download1\archive (1)\Corn Disease detection\Infected\20200701_081619.jpg,Infected,High_Risk,maize
D:\Download1\archive (1)\Corn Disease detection\Infected\20200701_081621.jpg,Infected,High_Risk,maize
D:\Download1\archive (1)\Corn Disease detection\Infected\20200701_081625.jpg,Infected,High_Risk,maize
D:\Download1\archive (1)\Corn Disease detection\Infected\20200701_081627.jpg,Infected,High_Risk,maize
D:\Download1\archive (1)\Corn Disease detection\Infected\20200701_081629.jpg,Infected,High_Risk,maize
D:\Download1\archive (1)\Corn Disease detection\Infected\20200701_081630.jpg,Infected,High_Risk,maize
D:\Download1\archive (1)\Corn Disease detection\Infected\20200701_081635.jpg,Infected,High_Risk,maize
D:\Download1\archive (1)\Corn Disease detection\Infected\20200701_081640.jpg,Infected,High_Risk,maize
D:\Download1\archive (1)\Corn Disease detection\Infected\20200701_081642.jpg,Infected,High_Risk,maize
D:\Download1\archive (1)\Corn Disease detection\Infected\20200701_081645.jpg,Infected,High_Risk,maize
D:\Download1\archive (1)\Corn Disease detection\Infected\20200701_081647.jpg,Infected,High_Risk,maize
D:\Download1\archive (1)\Corn Disease detection\Infected\20200701_081650.jpg,Infected,High_Risk,maize
D:\Download1\archive (1)\Corn Disease detection\Infected\20200701_081653.jpg,Infected,High_Risk,maize
D:\Download1\archive (1)\Corn Disease detection\Infected\20200701_081655.jpg,Infected,High_Risk,maize
D:\Download1\archive (1)\Corn Disease detection\Infected\20200701_081702.jpg,Infected,High_Risk,maize
D:\Download1\archive (1)\Corn Disease detection\Infected\20200701_081704.jpg,Infected,High_Risk,maize
D:\Download1\archive (1)\Corn Disease detection\Infected\20200701_081706.jpg,Infected,High_Risk,maize
D:\Download1\archive (1)\Corn Disease detection\Infected\20200701_081711.jpg,Infected,High_Risk,maize
D:\Download1\archive (1)\Corn Disease detection\Infected\20200701_081712.jpg,Infected,High_Risk,maize
D:\Download1\archive (1)\Corn Disease detection\Infected\20200701_081715.jpg,Infected,High_Risk,maize
D:\Download1\archive (1)\Corn Disease detection\Infected\20200701_081718.jpg,Infected,High_Risk,maize
D:\Download1\archive (1)\Corn Disease detection\Infected\20200701_081720.jpg,Infected,High_Risk,maize
D:\Download1\archive (1)\Corn Disease detection\Infected\20200701_081724.jpg,Infected,High_Risk,maize
D:\Download1\archive (1)\Corn Disease detection\Infected\20200701_081726.jpg,Infected,High_Risk,maize
D:\Download1\archive (1)\Corn Disease detection\Infected\20200701_081732.jpg,Infected,High_Risk,maize
D:\Download1\archive (1)\Corn Disease detection\Infected\20200701_081735.jpg,Infected,High_Risk,maize
D:\Download1\archive (1)\Corn Disease detection\Infected\20200701_081737.jpg,Infected,High_Risk,maize
D:\Download1\archive (1)\Corn Disease detection\Infected\20200701_081739.jpg,Infected,High_Risk,maize
D:\Download1\archive (1)\Corn Disease detection\Infected\20200701_081745.jpg,Infected,High_Risk,maize
D:\Download1\archive (1)\Corn Disease detection\Infected\20200701_081747.jpg,Infected,High_Risk,maize
D:\Download1\archive (1)\Corn Disease detection\Infected\20200701_081752.jpg,Infected,High_Risk,maize
D:\Download1\archive (1)\Corn Disease detection\Infected\20200701_081754.jpg,Infected,High_Risk,maize
D:\Download1\archive (1)\Corn Disease detection\Infected\20200701_081756.jpg,Infected,High_Risk,maize
D:\Download1\archive (1)\Corn Disease detection\Infected\20200701_081759.jpg,Infected,High_Risk,maize
D:\Download1\archive (1)\Corn Disease detection\Infected\20200701_081801.jpg,Infected,High_Risk,maize
D:\Download1\archive (1)\Corn Disease detection\Infected\20200701_081807.jpg,Infected,High_Risk,maize
D:\Download1\archive (1)\Corn Disease detection\Infected\20200701_081810.jpg,Infected,High_Risk,maize
D:\Download1\archive (1)\Corn Disease detection\Infected\20200701_081813.jpg,Infected,High_Risk,maize
D:\Download1\archive (1)\Corn Disease detection\Infected\20200701_081816.jpg,Infected,High_Risk,maize
D:\Download1\archive (1)\Corn Disease detection\Infected\20200701_081818.jpg,Infected,High_Risk,maize
D:\Download1\archive (1)\Corn Disease detection\Infected\20200701_081821.jpg,Infected,High_Risk,maize
D:\Download1\archive (1)\Corn Disease detection\Infected\20200701_081824.jpg,Infected,High_Risk,maize
D:\Download1\archive (1)\Corn Disease detection\Infected\20200701_081830.jpg,Infected,High_Risk,maize
D:\Download1\archive (1)\Corn Disease detection\Infected\20200701_081833.jpg,Infected,High_Risk,maize
D:\Download1\archive (1)\Corn Disease detection\Infected\20200701_081835.jpg,Infected,High_Risk,maize
D:\Download1\archive (1)\Corn Disease detection\Infected\20200701_081841.jpg,Infected,High_Risk,maize
D:\Download1\archive (1)\Corn Disease detection\Infected\20200701_081846.jpg,Infected,High_Risk,maize
D:\Download1\archive (1)\Corn Disease detection\Infected\20200701_081851.jpg,Infected,High_Risk,maize
D:\Download1\archive (1)\Corn Disease detection\Infected\20200701_081854.jpg,Infected,High_Risk,maize
D:\Download1\archive (1)\Corn Disease detection\Infected\20200701_081857.jpg,Infected,High_Risk,maize
D:\Download1\archive (1)\Corn Disease detection\Infected\20200701_081903.jpg,Infected,High_Risk,maize
D:\Download1\archive (1)\Corn Disease detection\Infected\20200701_081906.jpg,Infected,High_Risk,maize
D:\Download1\archive (1)\Corn Disease detection\Infected\20200701_081911.jpg,Infected,High_Risk,maize
D:\Download1\archive (1)\Corn Disease detection\Infected\20200701_081915.jpg,Infected,High_Risk,maize
D:\Download1\archive (1)\Corn Disease detection\Infected\20200701_081918.jpg,Infected,High_Risk,maize
D:\Download1\archive (1)\Corn Disease detection\Infected\20200701_081921.jpg,Infected,High_Risk,maize
D:\Download1\archive (1)\Corn Disease detection\Infected\20200701_081923.jpg,Infected,High_Risk,maize
D:\Download1\archive (1)\Corn Disease detection\Infected\20200701_081925.jpg,Infected,High_Risk,maize
D:\Download1\archive (1)\Corn Disease detection\Infected\20200701_081928.jpg,Infected,High_Risk,maize
D:\Download1\archive (1)\Corn Disease detection\Infected\20200701_081930.jpg,Infected,High_Risk,maize
D:\Download1\archive (1)\Corn Disease detection\Infected\20200701_081934.jpg,Infected,High_Risk,maize
D:\Download1\archive (1)\Corn Disease detection\Infected\20200701_081937.jpg,Infected,High_Risk,maize
D:\Download1\archive (1)\Corn Disease detection\Infected\20200701_081939.jpg,Infected,High_Risk,maize
D:\Download1\archive (1)\Corn Disease detection\Infected\20200701_081943.jpg,Infected,High_Risk,maize
D:\Download1\archive (1)\Corn Disease detection\Infected\20200701_081946.jpg,Infected,High_Risk,maize
D:\Download1\archive (1)\Corn Disease detection\Infected\20200701_081948.jpg,Infected,High_Risk,maize
D:\Download1\archive (1)\Corn Disease detection\Infected\20200701_081951.jpg,Infected,High_Risk,maize
D:\Download1\archive (1)\Corn Disease detection\Infected\20200701_081956.jpg,Infected,High_Risk,maize
D:\Download1\archive (1)\Corn Disease detection\Infected\20200701_081957.jpg,Infected,High_Risk,maize
D:\Download1\archive (1)\Corn Disease detection\Infected\20200701_081959.jpg,Infected,High_Risk,maize
D:\Download1\archive (1)\Corn Disease detection\Infected\20200701_082002.jpg,Infected,High_Risk,maize
D:\Download1\archive (1)\Corn Disease detection\Infected\20200701_082007.jpg,Infected,High_Risk,maize
D:\Download1\archive (1)\Corn Disease detection\Infected\20200701_082009.jpg,Infected,High_Risk,maize
D:\Download1\archive (1)\Corn Disease detection\Infected\20200701_082012.jpg,Infected,High_Risk,maize
D:\Download1\archive (1)\Corn Disease detection\Infected\20200701_082014.jpg,Infected,High_Risk,maize
D:\Download1\archive (1)\Corn Disease detection\Infected\20200701_082017.jpg,Infected,High_Risk,maize
D:\Download1\archive (1)\Corn Disease detection\Infected\20200701_082020.jpg,Infected,High_Risk,maize
D:\Download1\archive (1)\Corn Disease detection\Infected\20200701_082022.jpg,Infected,High_Risk,maize
D:\Download1\archive (1)\Corn Disease detection\Infected\20200701_082024.jpg,Infected,High_Risk,maize
D:\Download1\archive (1)\Corn Disease detection\Infected\20200701_082028.jpg,Infected,High_Risk,maize
D:\Download1\archive (1)\Corn Disease detection\Infected\20200701_082030.jpg,Infected,High_Risk,maize
D:\Download1\archive (1)\Corn Disease detection\Infected\20200701_082032.jpg,Infected,High_Risk,maize
D:\Download1\archive (1)\Corn Disease detection\Infected\20200701_082036.jpg,Infected,High_Risk,maize
D:\Download1\archive (1)\Corn Disease detection\Infected\20200701_082040.jpg,Infected,High_Risk,maize
D:\Download1\archive (1)\Corn Disease detection\Infected\20200701_082046.jpg,Infected,High_Risk,maize
D:\Download1\archive (1)\Corn Disease detection\Infected\20200701_082049.jpg,Infected,High_Risk,maize
D:\Download1\archive (1)\Corn Disease detection\Infected\20200701_082052.jpg,Infected,High_Risk,maize
D:\Download1\archive (1)\Corn Disease detection\Infected\20200701_082055.jpg,Infected,High_Risk,maize
D:\Download1\archive (1)\Corn Disease detection\Infected\20200701_082058.jpg,Infected,High_Risk,maize
D:\Download1\archive (1)\Corn Disease detection\Infected\20200701_082101.jpg,Infected,High_Risk,maize
D:\Download1\archive (1)\Corn Disease detection\Infected\20200701_082105.jpg,Infected,High_Risk,maize
D:\Download1\archive (1)\Corn Disease detection\Infected\20200701_082108.jpg,Infected,High_Risk,maize
D:\Download1\archive (1)\Corn Disease detection\Infected\20200701_082111.jpg,Infected,High_Risk,maize
D:\Download1\archive (1)\Corn Disease detection\Infected\20200701_082113.jpg,Infected,High_Risk,maize
D:\Download1\archive (1)\Corn Disease detection\Infected\20200701_082118.jpg,Infected,High_Risk,maize
D:\Download1\archive (1)\Corn Disease detection\Infected\20200701_082120.jpg,Infected,High_Risk,maize
D:\Download1\archive (1)\Corn Disease detection\Infected\20200701_082123.jpg,Infected,High_Risk,maize
D:\Download1\archive (1)\Corn Disease detection\Infected\20200701_082126.jpg,Infected,High_Risk,maize
D:\Download1\archive (1)\Corn Disease detection\Infected\20200701_082128.jpg,Infected,High_Risk,maize
D:\Download1\archive (1)\Corn Disease detection\Infected\20200701_082131.jpg,Infected,High_Risk,maize
D:\Download1\archive (1)\Corn Disease detection\Infected\20200701_082137.jpg,Infected,High_Risk,maize
D:\Download1\archive (1)\Corn Disease detection\Infected\20200701_082138.jpg,Infected,High_Risk,maize
D:\Download1\archive (1)\Corn Disease detection\Infected\20200701_082142.jpg,Infected,High_Risk,maize
D:\Download1\archive (1)\Corn Disease detection\Infected\20200701_082145.jpg,Infected,High_Risk,maize
D:\Download1\archive (1)\Corn Disease detection\Infected\20200701_082147.jpg,Infected,High_Risk,maize
D:\Download1\archive (1)\Corn Disease detection\Infected\20200701_082151.jpg,Infected,High_Risk,maize
D:\Download1\archive (1)\Corn Disease detection\Infected\20200701_082157.jpg,Infected,High_Risk,maize
D:\Download1\archive (1)\Corn Disease detection\Infected\20200701_082159.jpg,Infected,High_Risk,maize
D:\Download1\archive (1)\Corn Disease detection\Infected\20200701_082200.jpg,Infected,High_Risk,maize
D:\Download1\archive (1)\Corn Disease detection\Infected\20200701_082203.jpg,Infected,High_Risk,maize
D:\Download1\archive (1)\Corn Disease detection\Infected\20200701_082206.jpg,Infected,High_Risk,maize
D:\Download1\archive (1)\Corn Disease detection\Infected\20200701_082213.jpg,Infected,High_Risk,maize
D:\Download1\archive (1)\Corn Disease detection\Infected\20200701_082217.jpg,Infected,High_Risk,maize
D:\Download1\archive (1)\Corn Disease detection\Infected\20200701_082220.jpg,Infected,High_Risk,maize
D:\Download1\archive (1)\Corn Disease detection\Infected\20200701_082222.jpg,Infected,High_Risk,maize
D:\Download1\archive (1)\Corn Disease detection\Infected\20200701_082224.jpg,Infected,High_Risk,maize
D:\Download1\archive (1)\Corn Disease detection\Infected\20200701_082226.jpg,Infected,High_Risk,maize
D:\Download1\archive (1)\Corn Disease detection\Infected\20200701_082229.jpg,Infected,High_Risk,maize
D:\Download1\archive (1)\Corn Disease detection\Infected\20200701_082232.jpg,Infected,High_Risk,maize
D:\Download1\archive (1)\Corn Disease detection\Infected\20200701_082234.jpg,Infected,High_Risk,maize
D:\Download1\archive (1)\Corn Disease detection\Infected\20200701_082236.jpg,Infected,High_Risk,maize
D:\Download1\archive (1)\Corn Disease detection\Infected\20200701_082238.jpg,Infected,High_Risk,maize
D:\Download1\archive (1)\Corn Disease detection\Infected\20200701_082240.jpg,Infected,High_Risk,maize
D:\Download1\archive (1)\Corn Disease detection\Infected\20200701_082242.jpg,Infected,High_Risk,maize
D:\Download1\archive (1)\Corn Disease detection\Infected\20200701_082245.jpg,Infected,High_Risk,maize
D:\Download1\archive (1)\Corn Disease detection\Infected\20200701_082250.jpg,Infected,High_Risk,maize
D:\Download1\archive (1)\Corn Disease detection\Infected\20200701_082254.jpg,Infected,High_Risk,maize
D:\Download1\archive (1)\Corn Disease detection\Infected\20200701_082257.jpg,Infected,High_Risk,maize
D:\Download1\archive (1)\Corn Disease detection\Infected\20200701_082300.jpg,Infected,High_Risk,maize
D:\Download1\archive (1)\Corn Disease detection\Infected\20200701_082303.jpg,Infected,High_Risk,maize
D:\Download1\archive (1)\Corn Disease detection\Infected\20200701_082309.jpg,Infected,High_Risk,maize
D:\Download1\archive (1)\Corn Disease detection\Infected\20200701_082312.jpg,Infected,High_Risk,maize
D:\Download1\archive (1)\Corn Disease detection\Infected\20200701_082318.jpg,Infected,High_Risk,maize
D:\Download1\archive (1)\Corn Disease detection\Infected\20200701_082322.jpg,Infected,High_Risk,maize
D:\Download1\archive (1)\Corn Disease detection\Infected\20200701_082324.jpg,Infected,High_Risk,maize
D:\Download1\archive (1)\Corn Disease detection\Infected\20200701_082327.jpg,Infected,High_Risk,maize
D:\Download1\archive (1)\Corn Disease detection\Infected\20200701_082329.jpg,Infected,High_Risk,maize
D:\Download1\archive (1)\Corn Disease detection\Infected\20200701_082333.jpg,Infected,High_Risk,maize
D:\Download1\archive (1)\Corn Disease detection\Infected\20200701_082335.jpg,Infected,High_Risk,maize
D:\Download1\archive (1)\Corn Disease detection\Infected\20200701_082337.jpg,Infected,High_Risk,maize
D:\Download1\archive (1)\Corn Disease detection\Infected\20200701_082339.jpg,Infected,High_Risk,maize
D:\Download1\archive (1)\Corn Disease detection\Infected\20200701_082341.jpg,Infected,High_Risk,maize
D:\Download1\archive (1)\Corn Disease detection\Infected\20200701_082343.jpg,Infected,High_Risk,maize
D:\Download1\archive (1)\Corn Disease detection\Infected\20200701_082346.jpg,Infected,High_Risk,maize
D:\Download1\archive (1)\Corn Disease detection\Infected\20200701_082349.jpg,Infected,High_Risk,maize
D:\Download1\archive (1)\Corn Disease detection\Infected\20200701_082351.jpg,Infected,High_Risk,maize
D:\Download1\archive (1)\Corn Disease detection\Infected\20200701_082353.jpg,Infected,High_Risk,maize
D:\Download1\archive (1)\Corn Disease detection\Infected\20200701_082357.jpg,Infected,High_Risk,maize
D:\Download1\archive (1)\Corn Disease detection\Infected\20200701_082400.jpg,Infected,High_Risk,maize
D:\Download1\archive (1)\Corn Disease detection\Infected\20200701_082403.jpg,Infected,High_Risk,maize
D:\Download1\archive (1)\Corn Disease detection\Infected\20200701_082405.jpg,Infected,High_Risk,maize
D:\Download1\archive (1)\Corn Disease detection\Infected\20200701_082416.jpg,Infected,High_Risk,maize
D:\Download1\archive (1)\Corn Disease detection\Infected\20200701_082419.jpg,Infected,High_Risk,maize
D:\Download1\archive (1)\Corn Disease detection\Infected\20200701_082423.jpg,Infected,High_Risk,maize
D:\Download1\archive (1)\Corn Disease detection\Infected\20200701_082426.jpg,Infected,High_Risk,maize
D:\Download1\archive (1)\Corn Disease detection\Infected\20200701_082428.jpg,Infected,High_Risk,maize
D:\Download1\archive (1)\Corn Disease detection\Infected\20200701_082430.jpg,Infected,High_Risk,maize
D:\Download1\archive (1)\Corn Disease detection\Infected\20200701_082434.jpg,Infected,High_Risk,maize
D:\Download1\archive (1)\Corn Disease detection\Infected\20200701_082438.jpg,Infected,High_Risk,maize
D:\Download1\archive (1)\Corn Disease detection\Infected\20200701_082441.jpg,Infected,High_Risk,maize
D:\Download1\archive (1)\Corn Disease detection\Infected\20200701_082443.jpg,Infected,High_Risk,maize
D:\Download1\archive (1)\Corn Disease detection\Infected\20200701_082448.jpg,Infected,High_Risk,maize
D:\Download1\archive (1)\Corn Disease detection\Infected\20200701_082935.jpg,Infected,High_Risk,maize
D:\Download1\archive (1)\Corn Disease detection\Infected\20200701_082937.jpg,Infected,High_Risk,maize
D:\Download1\archive (1)\Corn Disease detection\Infected\20200701_082940.jpg,Infected,High_Risk,maize
D:\Download1\archive (1)\Corn Disease detection\Infected\20200701_082943.jpg,Infected,High_Risk,maize
D:\Download1\archive (1)\Corn Disease detection\Infected\20200701_082946.jpg,Infected,High_Risk,maize
D:\Download1\archive (1)\Corn Disease detection\Infected\20200701_082948.jpg,Infected,High_Risk,maize
D:\Download1\archive (1)\Corn Disease detection\Infected\20200701_082953.jpg,Infected,High_Risk,maize
D:\Download1\archive (1)\Corn Disease detection\Infected\20200701_082956.jpg,Infected,High_Risk,maize
D:\Download1\archive (1)\Corn Disease detection\Infected\20200701_083000.jpg,Infected,High_Risk,maize
D:\Download1\archive (1)\Corn Disease detection\Infected\20200701_083002.jpg,Infected,High_Risk,maize
D:\Download1\archive (1)\Corn Disease detection\Infected\20200701_083004.jpg,Infected,High_Risk,maize
D:\Download1\archive (1)\Corn Disease detection\Infected\20200701_083009.jpg,Infected,High_Risk,maize
D:\Download1\archive (1)\Corn Disease detection\Infected\20200701_083011.jpg,Infected,High_Risk,maize
D:\Download1\archive (1)\Corn Disease detection\Infected\20200701_083013.jpg,Infected,High_Risk,maize
D:\Download1\archive (1)\Corn Disease detection\Infected\20200701_083015.jpg,Infected,High_Risk,maize
D:\Download1\archive (1)\Corn Disease detection\Infected\20200701_083019.jpg,Infected,High_Risk,maize
D:\Download1\archive (1)\Corn Disease detection\Infected\20200701_083024.jpg,Infected,High_Risk,maize
D:\Download1\archive (1)\Corn Disease detection\Infected\20200701_083027.jpg,Infected,High_Risk,maize
D:\Download1\archive (1)\Corn Disease detection\Infected\20200701_083031.jpg,Infected,High_Risk,maize
D:\Download1\archive (1)\Corn Disease detection\Infected\20200701_083037.jpg,Infected,High_Risk,maize
D:\Download1\archive (1)\Corn Disease detection\Infected\20200701_083044.jpg,Infected,High_Risk,maize
D:\Download1\archive (1)\Corn Disease detection\Infected\20200701_083049.jpg,Infected,High_Risk,maize
D:\Download1\archive (1)\Corn Disease detection\Infected\20200701_083052.jpg,Infected,High_Risk,maize
D:\Download1\archive (1)\Corn Disease detection\Infected\20200701_083059.jpg,Infected,High_Risk,maize
D:\Download1\archive (1)\Corn Disease detection\Infected\20200701_083102.jpg,Infected,High_Risk,maize
D:\Download1\archive (1)\Corn Disease detection\Infected\20200701_083104.jpg,Infected,High_Risk,maize
D:\Download1\archive (1)\Corn Disease detection\Infected\20200701_083106.jpg,Infected,High_Risk,maize
D:\Download1\archive (1)\Corn Disease detection\Infected\20200701_083110.jpg,Infected,High_Risk,maize
D:\Download1\archive (1)\Corn Disease detection\Infected\20200701_083113.jpg,Infected,High_Risk,maize
D:\Download1\archive (1)\Corn Disease detection\Infected\20200701_083117.jpg,Infected,High_Risk,maize
D:\Download1\archive (1)\Corn Disease detection\Infected\20200701_083120.jpg,Infected,High_Risk,maize
D:\Download1\archive (1)\Corn Disease detection\Infected\20200701_083123.jpg,Infected,High_Risk,maize
D:\Download1\archive (1)\Corn Disease detection\Infected\20200701_083127.jpg,Infected,High_Risk,maize
D:\Download1\archive (1)\Corn Disease detection\Infected\20200701_083129.jpg,Infected,High_Risk,maize
D:\Download1\archive (1)\Corn Disease detection\Infected\20200701_083135.jpg,Infected,High_Risk,maize
D:\Download1\archive (1)\Corn Disease detection\Infected\20200701_083138.jpg,Infected,High_Risk,maize
D:\Download1\archive (1)\Corn Disease detection\Infected\20200701_083140.jpg,Infected,High_Risk,maize
D:\Download1\archive (1)\Corn Disease detection\Infected\20200701_083143.jpg,Infected,High_Risk,maize
D:\Download1\archive (1)\Corn Disease detection\Infected\20200701_083146.jpg,Infected,High_Risk,maize
D:\Download1\archive (1)\Corn Disease detection\Infected\20200701_083149.jpg,Infected,High_Risk,maize
D:\Download1\archive (1)\Corn Disease detection\Infected\20200701_083151.jpg,Infected,High_Risk,maize
D:\Download1\archive (1)\Corn Disease detection\Infected\20200701_083155.jpg,Infected,High_Risk,maize
D:\Download1\archive (1)\Corn Disease detection\Infected\20200701_083157.jpg,Infected,High_Risk,maize
D:\Download1\archive (1)\Corn Disease detection\Infected\20200701_083159.jpg,Infected,High_Risk,maize
D:\Download1\archive (1)\Corn Disease detection\Infected\20200701_083203.jpg,Infected,High_Risk,maize
D:\Download1\archive (1)\Corn Disease detection\Infected\20200701_083206.jpg,Infected,High_Risk,maize
D:\Download1\archive (1)\Corn Disease detection\Infected\20200701_083209.jpg,Infected,High_Risk,maize
D:\Download1\archive (1)\Corn Disease detection\Infected\20200701_083214.jpg,Infected,High_Risk,maize
D:\Download1\archive (1)\Corn Disease detection\Infected\20200701_083219.jpg,Infected,High_Risk,maize
D:\Download1\archive (1)\Corn Disease detection\Infected\20200701_083222.jpg,Infected,High_Risk,maize
D:\Download1\archive (1)\Corn Disease detection\Infected\20200701_083225.jpg,Infected,High_Risk,maize
D:\Download1\archive (1)\Corn Disease detection\Infected\20200701_083230.jpg,Infected,High_Risk,maize
D:\Download1\archive (1)\Corn Disease detection\Infected\20200701_083233.jpg,Infected,High_Risk,maize
D:\Download1\archive (1)\Corn Disease detection\Infected\20200701_083236.jpg,Infected,High_Risk,maize
D:\Download1\archive (1)\Corn Disease detection\Infected\20200701_083238.jpg,Infected,High_Risk,maize
D:\Download1\archive (1)\Corn Disease detection\Infected\20200701_083241.jpg,Infected,High_Risk,maize
D:\Download1\archive (1)\Corn Disease detection\Infected\20200701_083243.jpg,Infected,High_Risk,maize
D:\Download1\archive (1)\Corn Disease detection\Infected\20200701_083246.jpg,Infected,High_Risk,maize
D:\Download1\archive (1)\Corn Disease detection\Infected\20200701_083248.jpg,Infected,High_Risk,maize
D:\Download1\archive (1)\Corn Disease detection\Infected\20200701_083252.jpg,Infected,High_Risk,maize
D:\Download1\archive (1)\Corn Disease detection\Infected\20200701_083254.jpg,Infected,High_Risk,maize
D:\Download1\archive (1)\Corn Disease detection\Infected\20200701_083257.jpg,Infected,High_Risk,maize
D:\Download1\archive (1)\Corn Disease detection\Infected\20200701_083258.jpg,Infected,High_Risk,maize
D:\Download1\archive (1)\Corn Disease detection\Infected\20200701_083302.jpg,Infected,High_Risk,maize
D:\Download1\archive (1)\Corn Disease detection\Infected\20200701_083304.jpg,Infected,High_Risk,maize
D:\Download1\archive (1)\Corn Disease detection\Infected\20200701_083306.jpg,Infected,High_Risk,maize
D:\Download1\archive (1)\Corn Disease detection\Infected\20200701_083307.jpg,Infected,High_Risk,maize
D:\Download1\archive (1)\Corn Disease detection\Infected\20200701_083310.jpg,Infected,High_Risk,maize
D:\Download1\archive (1)\Corn Disease detection\Infected\20200701_083312.jpg,Infected,High_Risk,maize
D:\Download1\archive (1)\Corn Disease detection\Infected\20200701_083314.jpg,Infected,High_Risk,maize
D:\Download1\archive (1)\Corn Disease detection\Infected\20200701_083320.jpg,Infected,High_Risk,maize
D:\Download1\archive (1)\Corn Disease detection\Infected\20200701_083323.jpg,Infected,High_Risk,maize
D:\Download1\archive (1)\Corn Disease detection\Infected\20200701_083325.jpg,Infected,High_Risk,maize
D:\Download1\archive (1)\Corn Disease detection\Infected\20200701_083328.jpg,Infected,High_Risk,maize
D:\Download1\archive (1)\Corn Disease detection\Infected\20200701_083331.jpg,Infected,High_Risk,maize
D:\Download1\archive (1)\Corn Disease detection\Infected\20200701_083335.jpg,Infected,High_Risk,maize
D:\Download1\archive (1)\Corn Disease detection\Infected\20200701_083342.jpg,Infected,High_Risk,maize
D:\Download1\archive (1)\Corn Disease detection\Infected\20200701_083346.jpg,Infected,High_Risk,maize
D:\Download1\archive (1)\Corn Disease detection\Infected\20200701_083349.jpg,Infected,High_Risk,maize
D:\Download1\archive (1)\Corn Disease detection\Infected\20200701_083353.jpg,Infected,High_Risk,maize
D:\Download1\archive (1)\Corn Disease detection\Infected\20200701_083355.jpg,Infected,High_Risk,maize
D:\Download1\archive (1)\Corn Disease detection\Infected\20200701_083358.jpg,Infected,High_Risk,maize
D:\Download1\archive (1)\Corn Disease detection\Infected\20200701_083402.jpg,Infected,High_Risk,maize
D:\Download1\archive (1)\Corn Disease detection\Infected\20200701_083406.jpg,Infected,High_Risk,maize
D:\Download1\archive (1)\Corn Disease detection\Infected\20200701_083410.jpg,Infected,High_Risk,maize
D:\Download1\archive (1)\Corn Disease detection\Infected\20200701_083415.jpg,Infected,High_Risk,maize
D:\Download1\archive (1)\Corn Disease detection\Infected\20200701_083417.jpg,Infected,High_Risk,maize
D:\Download1\archive (1)\Corn Disease detection\Infected\20200701_083420.jpg,Infected,High_Risk,maize
D:\Download1\archive (1)\Corn Disease detection\Infected\20200701_083422.jpg,Infected,High_Risk,maize
D:\Download1\archive (1)\Corn Disease detection\Infected\20200701_083424.jpg,Infected,High_Risk,maize
D:\Download1\archive (1)\Corn Disease detection\Infected\20200701_083426.jpg,Infected,High_Risk,maize
D:\Download1\archive (1)\Corn Disease detection\Infected\20200701_083430.jpg,Infected,High_Risk,maize
D:\Download1\archive (1)\Corn Disease detection\Infected\20200701_083432.jpg,Infected,High_Risk,maize
D:\Download1\archive (1)\Corn Disease detection\Infected\20200701_083437.jpg,Infected,High_Risk,maize
D:\Download1\archive (1)\Corn Disease detection\Infected\20200701_083439.jpg,Infected,High_Risk,maize
D:\Download1\archive (1)\Corn Disease detection\Infected\20200701_083442.jpg,Infected,High_Risk,maize
D:\Download1\archive (1)\Corn Disease detection\Infected\20200701_083443.jpg,Infected,High_Risk,maize
D:\Download1\archive (1)\Corn Disease detection\Infected\20200701_083445.jpg,Infected,High_Risk,maize
D:\Download1\archive (1)\Corn Disease detection\Infected\20200701_083450.jpg,Infected,High_Risk,maize
D:\Download1\archive (1)\Corn Disease detection\Infected\20200701_083452.jpg,Infected,High_Risk,maize
D:\Download1\archive (1)\Corn Disease detection\Infected\20200701_083454.jpg,Infected,High_Risk,maize
D:\Download1\archive (1)\Corn Disease detection\Infected\20200701_083456.jpg,Infected,High_Risk,maize
D:\Download1\archive (1)\Corn Disease detection\Infected\20200701_083504.jpg,Infected,High_Risk,maize
D:\Download1\archive (1)\Corn Disease detection\Infected\20200701_083506.jpg,Infected,High_Risk,maize
D:\Download1\archive (1)\Corn Disease detection\Infected\20200701_083509.jpg,Infected,High_Risk,maize
D:\Download1\archive (1)\Corn Disease detection\Infected\20200701_083512.jpg,Infected,High_Risk,maize
D:\Download1\archive (1)\Corn Disease detection\Infected\20200701_083515.jpg,Infected,High_Risk,maize
D:\Download1\archive (1)\Corn Disease detection\Infected\20200701_083520.jpg,Infected,High_Risk,maize
D:\Download1\archive (1)\Corn Disease detection\Infected\20200701_083522.jpg,Infected,High_Risk,maize
D:\Download1\archive (1)\Corn Disease detection\Infected\20200701_083524.jpg,Infected,High_Risk,maize
D:\Download1\archive (1)\Corn Disease detection\Infected\20200701_083525.jpg,Infected,High_Risk,maize
D:\Download1\archive (1)\Corn Disease detection\Infected\20200701_083527.jpg,Infected,High_Risk,maize
D:\Download1\archive (1)\Corn Disease detection\Infected\20200701_083530.jpg,Infected,High_Risk,maize
D:\Download1\archive (1)\Corn Disease detection\Infected\20200701_083532.jpg,Infected,High_Risk,maize
D:\Download1\archive (1)\Corn Disease detection\Infected\20200701_083535.jpg,Infected,High_Risk,maize
D:\Download1\archive (1)\Corn Disease detection\Infected\20200701_083539.jpg,Infected,High_Risk,maize
D:\Download1\archive (1)\Corn Disease detection\Infected\20200701_083541.jpg,Infected,High_Risk,maize
D:\Download1\archive (1)\Corn Disease detection\Infected\20200701_083544.jpg,Infected,High_Risk,maize
D:\Download1\archive (1)\Corn Disease detection\Infected\20200701_083549.jpg,Infected,High_Risk,maize
D:\Download1\archive (1)\Corn Disease detection\Infected\20200701_083552.jpg,Infected,High_Risk,maize
D:\Download1\archive (1)\Corn Disease detection\Infected\20200701_083556.jpg,Infected,High_Risk,maize
D:\Download1\archive (1)\Corn Disease detection\Infected\20200701_083558.jpg,Infected,High_Risk,maize
D:\Download1\archive (1)\Corn Disease detection\Infected\20200701_083603.jpg,Infected,High_Risk,maize
D:\Download1\archive (1)\Corn Disease detection\Infected\20200701_083605.jpg,Infected,High_Risk,maize
D:\Download1\archive (1)\Corn Disease detection\Infected\20200701_083608.jpg,Infected,High_Risk,maize
D:\Download1\archive (1)\Corn Disease detection\Infected\20200701_083611.jpg,Infected,High_Risk,maize
D:\Download1\archive (1)\Corn Disease detection\Infected\20200701_083613.jpg,Infected,High_Risk,maize
D:\Download1\archive (1)\Corn Disease detection\Infected\20200701_083615.jpg,Infected,High_Risk,maize
D:\Download1\archive (1)\Corn Disease detection\Infected\20200701_083620.jpg,Infected,High_Risk,maize
D:\Download1\archive (1)\Corn Disease detection\Infected\20200701_083624.jpg,Infected,High_Risk,maize
D:\Download1\archive (1)\Corn Disease detection\Infected\20200701_083629.jpg,Infected,High_Risk,maize
D:\Download1\archive (1)\Corn Disease detection\Infected\20200701_083631.jpg,Infected,High_Risk,maize
D:\Download1\archive (1)\Corn Disease detection\Infected\20200701_083633.jpg,Infected,High_Risk,maize
D:\Download1\archive (1)\Corn Disease detection\Infected\20200701_083635.jpg,Infected,High_Risk,maize
D:\Download1\archive (1)\Corn Disease detection\Infected\20200701_083637.jpg,Infected,High_Risk,maize
D:\Download1\archive (1)\Corn Disease detection\Infected\20200701_083642.jpg,Infected,High_Risk,maize
D:\Download1\archive (1)\Corn Disease detection\Infected\20200701_083646.jpg,Infected,High_Risk,maize
D:\Download1\archive (1)\Corn Disease detection\Infected\20200701_083648.jpg,Infected,High_Risk,maize
D:\Download1\archive (1)\Corn Disease detection\Infected\20200701_083651.jpg,Infected,High_Risk,maize
D:\Download1\archive (1)\Corn Disease detection\Infected\20200701_083653.jpg,Infected,High_Risk,maize
D:\Download1\archive (1)\Corn Disease detection\Infected\20200701_083657.jpg,Infected,High_Risk,maize
D:\Download1\archive (1)\Corn Disease detection\Infected\20200701_083701.jpg,Infected,High_Risk,maize
D:\Download1\archive (1)\Corn Disease detection\Infected\20200701_083705.jpg,Infected,High_Risk,maize
D:\Download1\archive (1)\Corn Disease detection\Infected\20200701_083708.jpg,Infected,High_Risk,maize
D:\Download1\archive (1)\Corn Disease detection\Infected\20200701_083710.jpg,Infected,High_Risk,maize
D:\Download1\archive (1)\Corn Disease detection\Infected\20200701_083713.jpg,Infected,High_Risk,maize
D:\Download1\archive (1)\Corn Disease detection\Infected\20200701_083716.jpg,Infected,High_Risk,maize
D:\Download1\archive (1)\Corn Disease detection\Infected\20200701_083719.jpg,Infected,High_Risk,maize
D:\Download1\archive (1)\Corn Disease detection\Infected\20200701_083722.jpg,Infected,High_Risk,maize
D:\Download1\archive (1)\Corn Disease detection\Infected\20200701_083724.jpg,Infected,High_Risk,maize
D:\Download1\archive (1)\Corn Disease detection\Infected\20200701_083725.jpg,Infected,High_Risk,maize
D:\Download1\archive (1)\Corn Disease detection\Infected\20200701_083728.jpg,Infected,High_Risk,maize
D:\Download1\archive (1)\Corn Disease detection\Infected\20200701_083730.jpg,Infected,High_Risk,maize
D:\Download1\archive (1)\Corn Disease detection\Infected\20200701_083732.jpg,Infected,High_Risk,maize
D:\Download1\archive (1)\Corn Disease detection\Infected\20200701_083733.jpg,Infected,High_Risk,maize
D:\Download1\archive (1)\Corn Disease detection\Infected\20200701_083739.jpg,Infected,High_Risk,maize
D:\Download1\archive (1)\Corn Disease detection\Infected\20200701_083742.jpg,Infected,High_Risk,maize
D:\Download1\archive (1)\Corn Disease detection\Infected\20200701_083744.jpg,Infected,High_Risk,maize
D:\Download1\archive (1)\Corn Disease detection\Infected\20200701_083748.jpg,Infected,High_Risk,maize
D:\Download1\archive (1)\Corn Disease detection\Infected\20200701_083751.jpg,Infected,High_Risk,maize
D:\Download1\archive (1)\Corn Disease detection\Infected\20200701_083755.jpg,Infected,High_Risk,maize
D:\Download1\archive (1)\Corn Disease detection\Infected\20200701_083758.jpg,Infected,High_Risk,maize
D:\Download1\archive (1)\Corn Disease detection\Infected\20200701_083801.jpg,Infected,High_Risk,maize
D:\Download1\archive (1)\Corn Disease detection\Infected\20200701_083805.jpg,Infected,High_Risk,maize
D:\Download1\archive (1)\Corn Disease detection\Infected\20200701_083806.jpg,Infected,High_Risk,maize
D:\Download1\archive (1)\Corn Disease detection\Infected\20200701_083809.jpg,Infected,High_Risk,maize
D:\Download1\archive (1)\Corn Disease detection\Infected\20200701_083813.jpg,Infected,High_Risk,maize
D:\Download1\archive (1)\Corn Disease detection\Infected\20200701_083816.jpg,Infected,High_Risk,maize
D:\Download1\archive (1)\Corn Disease detection\Infected\20200701_083821.jpg,Infected,High_Risk,maize
D:\Download1\archive (1)\Corn Disease detection\Infected\20200701_083824.jpg,Infected,High_Risk,maize
D:\Download1\archive (1)\Corn Disease detection\Infected\20200701_083826.jpg,Infected,High_Risk,maize
D:\Download1\archive (1)\Corn Disease detection\Infected\20200701_083829.jpg,Infected,High_Risk,maize
D:\Download1\archive (1)\Corn Disease detection\Infected\20200701_083834.jpg,Infected,High_Risk,maize
D:\Download1\archive (1)\Corn Disease detection\Infected\20200701_083837.jpg,Infected,High_Risk,maize
D:\Download1\archive (1)\Corn Disease detection\Infected\20200701_083838.jpg,Infected,High_Risk,maize
D:\Download1\archive (1)\Corn Disease detection\Infected\20200701_083841.jpg,Infected,High_Risk,maize
D:\Download1\archive (1)\Corn Disease detection\Infected\20200701_083845.jpg,Infected,High_Risk,maize
D:\Download1\archive (1)\Corn Disease detection\Infected\20200701_083848.jpg,Infected,High_Risk,maize
D:\Download1\archive (1)\Corn Disease detection\Infected\20200701_083851.jpg,Infected,High_Risk,maize
D:\Download1\archive (1)\Corn Disease detection\Infected\20200701_083853.jpg,Infected,High_Risk,maize
D:\Download1\archive (1)\Corn Disease detection\Infected\20200701_083857.jpg,Infected,High_Risk,maize
D:\Download1\archive (1)\Corn Disease detection\Infected\20200701_083859.jpg,Infected,High_Risk,maize
D:\Download1\archive (1)\Corn Disease detection\Infected\20200701_083900.jpg,Infected,High_Risk,maize
D:\Download1\archive (1)\Corn Disease detection\Infected\20200701_083905.jpg,Infected,High_Risk,maize
D:\Download1\archive (1)\Corn Disease detection\Infected\20200701_083907.jpg,Infected,High_Risk,maize
D:\Download1\archive (1)\Corn Disease detection\Infected\20200701_083912.jpg,Infected,High_Risk,maize
D:\Download1\archive (1)\Corn Disease detection\Infected\20200701_083914.jpg,Infected,High_Risk,maize
D:\Download1\archive (1)\Corn Disease detection\Infected\20200701_083918.jpg,Infected,High_Risk,maize
D:\Download1\archive (1)\Corn Disease detection\Infected\20200701_083921.jpg,Infected,High_Risk,maize
D:\Download1\archive (1)\Corn Disease detection\Infected\20200701_083923.jpg,Infected,High_Risk,maize
D:\Download1\archive (1)\Corn Disease detection\Infected\20200701_083929.jpg,Infected,High_Risk,maize
D:\Download1\archive (1)\Corn Disease detection\Infected\20200701_083930.jpg,Infected,High_Risk,maize
D:\Download1\archive (1)\Corn Disease detection\Infected\20200701_083933.jpg,Infected,High_Risk,maize
D:\Download1\archive (1)\Corn Disease detection\Infected\20200701_083937.jpg,Infected,High_Risk,maize
D:\Download1\archive (1)\Corn Disease detection\Infected\20200701_083939.jpg,Infected,High_Risk,maize
D:\Download1\archive (1)\Corn Disease detection\Infected\20200701_083942.jpg,Infected,High_Risk,maize
D:\Download1\archive (1)\Corn Disease detection\Infected\20200701_083944.jpg,Infected,High_Risk,maize
D:\Download1\archive (1)\Corn Disease detection\Infected\20200701_083949.jpg,Infected,High_Risk,maize
D:\Download1\archive (1)\Corn Disease detection\Infected\20200701_083952.jpg,Infected,High_Risk,maize
D:\Download1\archive (1)\Corn Disease detection\Infected\20200701_083955.jpg,Infected,High_Risk,maize
D:\Download1\archive (1)\Corn Disease detection\Infected\20200701_083959.jpg,Infected,High_Risk,maize
D:\Download1\archive (1)\Corn Disease detection\Infected\20200701_084000.jpg,Infected,High_Risk,maize
D:\Download1\archive (1)\Corn Disease detection\Infected\20200701_084006.jpg,Infected,High_Risk,maize
D:\Download1\archive (1)\Corn Disease detection\Infected\20200701_084007.jpg,Infected,High_Risk,maize
D:\Download1\archive (1)\Corn Disease detection\Infected\20200701_084010.jpg,Infected,High_Risk,maize
D:\Download1\archive (1)\Corn Disease detection\Infected\20200701_084015.jpg,Infected,High_Risk,maize
D:\Download1\archive (1)\Corn Disease detection\Infected\20200701_084017.jpg,Infected,High_Risk,maize
D:\Download1\archive (1)\Corn Disease detection\Infected\20200701_084021.jpg,Infected,High_Risk,maize
D:\Download1\archive (1)\Corn Disease detection\Infected\20200701_084023.jpg,Infected,High_Risk,maize
D:\Download1\archive (1)\Corn Disease detection\Infected\20200701_084026.jpg,Infected,High_Risk,maize
D:\Download1\archive (1)\Corn Disease detection\Infected\20200701_084028.jpg,Infected,High_Risk,maize
D:\Download1\archive (1)\Corn Disease detection\Infected\20200701_084030.jpg,Infected,High_Risk,maize
D:\Download1\archive (1)\Corn Disease detection\Infected\20200701_084033.jpg,Infected,High_Risk,maize
D:\Download1\archive (1)\Corn Disease detection\Infected\20200701_084035.jpg,Infected,High_Risk,maize
D:\Download1\archive (1)\Corn Disease detection\Infected\20200701_084036.jpg,Infected,High_Risk,maize
D:\Download1\archive (1)\Corn Disease detection\Infected\20200701_084041.jpg,Infected,High_Risk,maize
D:\Download1\archive (1)\Corn Disease detection\Infected\20200701_084047.jpg,Infected,High_Risk,maize
D:\Download1\archive (1)\Corn Disease detection\Infected\20200701_084049.jpg,Infected,High_Risk,maize
D:\Download1\archive (1)\Corn Disease detection\Infected\20200701_084051.jpg,Infected,High_Risk,maize
D:\Download1\archive (1)\Corn Disease detection\Infected\20200701_084055.jpg,Infected,High_Risk,maize
D:\Download1\archive (1)\Corn Disease detection\Infected\20200701_084057.jpg,Infected,High_Risk,maize
D:\Download1\archive (1)\Corn Disease detection\Infected\20200701_084059.jpg,Infected,High_Risk,maize
D:\Download1\archive (1)\Corn Disease detection\Infected\20200701_084106.jpg,Infected,High_Risk,maize
D:\Download1\archive (1)\Corn Disease detection\Infected\20200701_084108.jpg,Infected,High_Risk,maize
D:\Download1\archive (1)\Corn Disease detection\Infected\20200701_084111.jpg,Infected,High_Risk,maize
D:\Download1\archive (1)\Corn Disease detection\Infected\20200701_084115.jpg,Infected,High_Risk,maize
D:\Download1\archive (1)\Corn Disease detection\Infected\20200701_084121.jpg,Infected,High_Risk,maize
D:\Download1\archive (1)\Corn Disease detection\Infected\20200701_084123.jpg,Infected,High_Risk,maize
D:\Download1\archive (1)\Corn Disease detection\Infected\20200701_084125.jpg,Infected,High_Risk,maize
D:\Download1\archive (1)\Corn Disease detection\Infected\20200701_084130.jpg,Infected,High_Risk,maize
D:\Download1\archive (1)\Corn Disease detection\Infected\20200701_084131.jpg,Infected,High_Risk,maize
D:\Download1\archive (1)\Corn Disease detection\Infected\20200701_084133.jpg,Infected,High_Risk,maize
D:\Download1\archive (1)\Corn Disease detection\Infected\20200701_084137.jpg,Infected,High_Risk,maize
D:\Download1\archive (1)\Corn Disease detection\Infected\20200701_084142.jpg,Infected,High_Risk,maize
D:\Download1\archive (1)\Corn Disease detection\Infected\20200701_084148.jpg,Infected,High_Risk,maize
D:\Download1\archive (1)\Corn Disease detection\Infected\20200701_084151.jpg,Infected,High_Risk,maize
D:\Download1\archive (1)\Corn Disease detection\Infected\20200701_084158.jpg,Infected,High_Risk,maize
D:\Download1\archive (1)\Corn Disease detection\Infected\20200701_084201.jpg,Infected,High_Risk,maize
D:\Download1\archive (1)\Corn Disease detection\Infected\20200701_084204.jpg,Infected,High_Risk,maize
D:\Download1\archive (1)\Corn Disease detection\Infected\20200701_084208.jpg,Infected,High_Risk,maize
D:\Download1\archive (1)\Corn Disease detection\Infected\20200701_084211.jpg,Infected,High_Risk,maize
D:\Download1\archive (1)\Corn Disease detection\Infected\20200701_084215.jpg,Infected,High_Risk,maize
D:\Download1\archive (1)\Corn Disease detection\Infected\20200701_084219.jpg,Infected,High_Risk,maize
D:\Download1\archive (1)\Corn Disease detection\Infected\20200701_084225.jpg,Infected,High_Risk,maize
D:\Download1\archive (1)\Corn Disease detection\Infected\20200701_084228.jpg,Infected,High_Risk,maize
D:\Download1\archive (1)\Corn Disease detection\Infected\20200701_084230.jpg,Infected,High_Risk,maize
D:\Download1\archive (1)\Corn Disease detection\Infected\20200701_084233.jpg,Infected,High_Risk,maize
D:\Download1\archive (1)\Corn Disease detection\Infected\20200701_084236.jpg,Infected,High_Risk,maize
D:\Download1\archive (1)\Corn Disease detection\Infected\20200701_084240.jpg,Infected,High_Risk,maize
D:\Download1\archive (1)\Corn Disease detection\Infected\20200701_084242.jpg,Infected,High_Risk,maize
D:\Download1\archive (1)\Corn Disease detection\Infected\20200701_084245.jpg,Infected,High_Risk,maize
D:\Download1\archive (1)\Corn Disease detection\Infected\20200701_084250.jpg,Infected,High_Risk,maize
D:\Download1\archive (1)\Corn Disease detection\Infected\20200701_084253.jpg,Infected,High_Risk,maize
D:\Download1\archive (1)\Corn Disease detection\Infected\20200701_084256.jpg,Infected,High_Risk,maize
D:\Download1\archive (1)\Corn Disease detection\Infected\20200701_084259.jpg,Infected,High_Risk,maize
D:\Download1\archive (1)\Corn Disease detection\Infected\20200701_084302.jpg,Infected,High_Risk,maize
D:\Download1\archive (1)\Corn Disease detection\Infected\20200701_084306.jpg,Infected,High_Risk,maize
D:\Download1\archive (1)\Corn Disease detection\Infected\20200701_084311.jpg,Infected,High_Risk,maize
D:\Download1\archive (1)\Corn Disease detection\Infected\20200701_084314.jpg,Infected,High_Risk,maize
D:\Download1\archive (1)\Corn Disease detection\Infected\20200701_084316.jpg,Infected,High_Risk,maize
D:\Download1\archive (1)\Corn Disease detection\Infected\20200701_084320.jpg,Infected,High_Risk,maize
D:\Download1\archive (1)\Corn Disease detection\Infected\20200701_084322.jpg,Infected,High_Risk,maize
D:\Download1\archive (1)\Corn Disease detection\Infected\20200701_084325.jpg,Infected,High_Risk,maize
D:\Download1\archive (1)\Corn Disease detection\Infected\20200701_084328.jpg,Infected,High_Risk,maize
D:\Download1\archive (1)\Corn Disease detection\Infected\20200701_084333.jpg,Infected,High_Risk,maize
D:\Download1\archive (1)\Corn Disease detection\Infected\20200701_084335.jpg,Infected,High_Risk,maize
D:\Download1\archive (1)\Corn Disease detection\Infected\20200701_084338.jpg,Infected,High_Risk,maize
D:\Download1\archive (1)\Corn Disease detection\Infected\20200701_084340.jpg,Infected,High_Risk,maize
D:\Download1\archive (1)\Corn Disease detection\Infected\20200701_084342.jpg,Infected,High_Risk,maize
D:\Download1\archive (1)\Corn Disease detection\Infected\20200701_084346.jpg,Infected,High_Risk,maize
D:\Download1\archive (1)\Corn Disease detection\Infected\20200701_084349.jpg,Infected,High_Risk,maize
D:\Download1\archive (1)\Corn Disease detection\Infected\20200701_084353.jpg,Infected,High_Risk,maize
D:\Download1\archive (1)\Corn Disease detection\Infected\20200701_084400.jpg,Infected,High_Risk,maize
D:\Download1\archive (1)\Corn Disease detection\Infected\20200701_084403.jpg,Infected,High_Risk,maize
D:\Download1\archive (1)\Corn Disease detection\Infected\20200701_084408.jpg,Infected,High_Risk,maize
D:\Download1\archive (1)\Corn Disease detection\Infected\20200701_084409.jpg,Infected,High_Risk,maize
D:\Download1\archive (1)\Corn Disease detection\Infected\20200701_084412.jpg,Infected,High_Risk,maize
D:\Download1\archive (1)\Corn Disease detection\Infected\20200701_084414.jpg,Infected,High_Risk,maize
D:\Download1\archive (1)\Corn Disease detection\Infected\20200701_084418.jpg,Infected,High_Risk,maize
D:\Download1\archive (1)\Corn Disease detection\Infected\20200701_084422.jpg,Infected,High_Risk,maize
D:\Download1\archive (1)\Corn Disease detection\Infected\20200701_084425.jpg,Infected,High_Risk,maize
D:\Download1\archive (1)\Corn Disease detection\Infected\20200701_084431.jpg,Infected,High_Risk,maize
D:\Download1\archive (1)\Corn Disease detection\Infected\20200701_084433.jpg,Infected,High_Risk,maize
D:\Download1\archive (1)\Corn Disease detection\Infected\20200701_084435.jpg,Infected,High_Risk,maize
D:\Download1\archive (1)\Corn Disease detection\Infected\20200701_084436.jpg,Infected,High_Risk,maize
D:\Download1\archive (1)\Corn Disease detection\Infected\20200701_084440(0).jpg,Infected,High_Risk,maize
D:\Download1\archive (1)\Corn Disease detection\Infected\20200701_084440.jpg,Infected,High_Risk,maize
D:\Download1\archive (1)\Corn Disease detection\Infected\20200701_084442.jpg,Infected,High_Risk,maize
D:\Download1\archive (1)\Corn Disease detection\Infected\20200701_084444.jpg,Infected,High_Risk,maize
D:\Download1\archive (1)\Corn Disease detection\Infected\20200701_084449.jpg,Infected,High_Risk,maize
D:\Download1\archive (1)\Corn Disease detection\Infected\20200701_084451.jpg,Infected,High_Risk,maize
D:\Download1\archive (1)\Corn Disease detection\Infected\20200701_084455.jpg,Infected,High_Risk,maize
D:\Download1\archive (1)\Corn Disease detection\Infected\20200701_084500.jpg,Infected,High_Risk,maize
D:\Download1\archive (1)\Corn Disease detection\Infected\20200701_084503.jpg,Infected,High_Risk,maize
D:\Download1\archive (1)\Corn Disease detection\Infected\20200701_084506.jpg,Infected,High_Risk,maize
D:\Download1\archive (1)\Corn Disease detection\Infected\20200701_084511.jpg,Infected,High_Risk,maize
D:\Download1\archive (1)\Corn Disease detection\Infected\20200701_084516.jpg,Infected,High_Risk,maize
D:\Download1\archive (1)\Corn Disease detection\Infected\20200701_084518.jpg,Infected,High_Risk,maize
D:\Download1\archive (1)\Corn Disease detection\Infected\20200701_084522.jpg,Infected,High_Risk,maize
D:\Download1\archive (1)\Corn Disease detection\Infected\20200701_084524.jpg,Infected,High_Risk,maize
D:\Download1\archive (1)\Corn Disease detection\Infected\20200701_084527.jpg,Infected,High_Risk,maize
D:\Download1\archive (1)\Corn Disease detection\Infected\20200701_084528.jpg,Infected,High_Risk,maize
D:\Download1\archive (1)\Corn Disease detection\Infected\20200701_084532.jpg,Infected,High_Risk,maize
D:\Download1\archive (1)\Corn Disease detection\Infected\20200701_084537.jpg,Infected,High_Risk,maize
D:\Download1\archive (1)\Corn Disease detection\Infected\20200701_084543.jpg,Infected,High_Risk,maize
D:\Download1\archive (1)\Corn Disease detection\Infected\20200701_084548.jpg,Infected,High_Risk,maize
D:\Download1\archive (1)\Corn Disease detection\Infected\20200701_084553.jpg,Infected,High_Risk,maize
D:\Download1\archive (1)\Corn Disease detection\Infected\20200701_084555.jpg,Infected,High_Risk,maize
D:\Download1\archive (1)\Corn Disease detection\Infected\20200701_084558.jpg,Infected,High_Risk,maize
D:\Download1\archive (1)\Corn Disease detection\Infected\20200701_084600.jpg,Infected,High_Risk,maize
D:\Download1\archive (1)\Corn Disease detection\Infected\20200701_084603.jpg,Infected,High_Risk,maize
D:\Download1\archive (1)\Corn Disease detection\Infected\20200701_084606.jpg,Infected,High_Risk,maize
D:\Download1\archive (1)\Corn Disease detection\Infected\20200701_084608.jpg,Infected,High_Risk,maize
D:\Download1\archive (1)\Corn Disease detection\Infected\20200701_084611.jpg,Infected,High_Risk,maize
D:\Download1\archive (1)\Corn Disease detection\Infected\20200701_084614.jpg,Infected,High_Risk,maize
D:\Download1\archive (1)\Corn Disease detection\Infected\20200701_084621.jpg,Infected,High_Risk,maize
D:\Download1\archive (1)\Corn Disease detection\Infected\20200701_084623.jpg,Infected,High_Risk,maize
D:\Download1\archive (1)\Corn Disease detection\Infected\20200701_084628.jpg,Infected,High_Risk,maize
D:\Download1\archive (1)\Corn Disease detection\Infected\20200701_084630.jpg,Infected,High_Risk,maize
D:\Download1\archive (1)\Corn Disease detection\Infected\20200701_084633.jpg,Infected,High_Risk,maize
D:\Download1\archive (1)\Corn Disease detection\Infected\20200701_084639.jpg,Infected,High_Risk,maize
D:\Download1\archive (1)\Corn Disease detection\Infected\20200701_084641.jpg,Infected,High_Risk,maize
D:\Download1\archive (1)\Corn Disease detection\Infected\20200701_084643.jpg,Infected,High_Risk,maize
D:\Download1\archive (1)\Corn Disease detection\Infected\20200701_084648.jpg,Infected,High_Risk,maize
D:\Download1\archive (1)\Corn Disease detection\Infected\20200701_084651.jpg,Infected,High_Risk,maize
D:\Download1\archive (1)\Corn Disease detection\Infected\20200701_084653.jpg,Infected,High_Risk,maize
D:\Download1\archive (1)\Corn Disease detection\Infected\20200701_084659.jpg,Infected,High_Risk,maize
D:\Download1\archive (1)\Corn Disease detection\Infected\20200701_084701.jpg,Infected,High_Risk,maize
D:\Download1\archive (1)\Corn Disease detection\Infected\20200701_084704.jpg,Infected,High_Risk,maize
D:\Download1\archive (1)\Corn Disease detection\Infected\20200701_084706.jpg,Infected,High_Risk,maize
D:\Download1\archive (1)\Corn Disease detection\Infected\20200701_084711.jpg,Infected,High_Risk,maize
D:\Download1\archive (1)\Corn Disease detection\Infected\20200701_084713.jpg,Infected,High_Risk,maize
D:\Download1\archive (1)\Corn Disease detection\Infected\20200701_084716.jpg,Infected,High_Risk,maize
D:\Download1\archive (1)\Corn Disease detection\Infected\20200701_084717.jpg,Infected,High_Risk,maize
D:\Download1\archive (1)\Corn Disease detection\Infected\20200701_084721.jpg,Infected,High_Risk,maize
D:\Download1\archive (1)\Corn Disease detection\Infected\20200701_084724.jpg,Infected,High_Risk,maize
D:\Download1\archive (1)\Corn Disease detection\Infected\20200701_084730.jpg,Infected,High_Risk,maize
D:\Download1\archive (1)\Corn Disease detection\Infected\20200701_084732.jpg,Infected,High_Risk,maize
D:\Download1\archive (1)\Corn Disease detection\Infected\20200701_084734.jpg,Infected,High_Risk,maize
D:\Download1\archive (1)\Corn Disease detection\Infected\20200701_084737.jpg,Infected,High_Risk,maize
D:\Download1\archive (1)\Corn Disease detection\Infected\20200701_084741.jpg,Infected,High_Risk,maize
D:\Download1\archive (1)\Corn Disease detection\Infected\20200701_084748.jpg,Infected,High_Risk,maize
D:\Download1\archive (1)\Corn Disease detection\Infected\20200701_084750.jpg,Infected,High_Risk,maize
D:\Download1\archive (1)\Corn Disease detection\Infected\20200701_084758.jpg,Infected,High_Risk,maize
D:\Download1\archive (1)\Corn Disease detection\Infected\20200701_084801.jpg,Infected,High_Risk,maize
D:\Download1\archive (1)\Corn Disease detection\Infected\20200701_084804.jpg,Infected,High_Risk,maize
D:\Download1\archive (1)\Corn Disease detection\Infected\20200701_084808.jpg,Infected,High_Risk,maize
D:\Download1\archive (1)\Corn Disease detection\Infected\20200701_084810.jpg,Infected,High_Risk,maize
D:\Download1\archive (1)\Corn Disease detection\Infected\20200701_084813.jpg,Infected,High_Risk,maize
D:\Download1\archive (1)\Corn Disease detection\Infected\20200701_084815.jpg,Infected,High_Risk,maize
D:\Download1\archive (1)\Corn Disease detection\Infected\20200701_084822.jpg,Infected,High_Risk,maize
D:\Download1\archive (1)\Corn Disease detection\Infected\20200701_084826.jpg,Infected,High_Risk,maize
D:\Download1\archive (1)\Corn Disease detection\Infected\20200701_084829.jpg,Infected,High_Risk,maize
D:\Download1\archive (1)\Corn Disease detection\Infected\20200701_084835.jpg,Infected,High_Risk,maize
D:\Download1\archive (1)\Corn Disease detection\Infected\20200701_084840.jpg,Infected,High_Risk,maize
D:\Download1\archive (1)\Corn Disease detection\Infected\20200701_084845.jpg,Infected,High_Risk,maize
D:\Download1\archive (1)\Corn Disease detection\Infected\20200701_084849.jpg,Infected,High_Risk,maize
D:\Download1\archive (1)\Corn Disease detection\Infected\20200701_084852.jpg,Infected,High_Risk,maize
D:\Download1\archive (1)\Corn Disease detection\Infected\20200701_084855.jpg,Infected,High_Risk,maize
D:\Download1\archive (1)\Corn Disease detection\Infected\20200701_084859.jpg,Infected,High_Risk,maize
D:\Download1\archive (1)\Corn Disease detection\Infected\20200701_084902.jpg,Infected,High_Risk,maize
D:\Download1\archive (1)\Corn Disease detection\Infected\20200701_084910.jpg,Infected,High_Risk,maize
D:\Download1\archive (1)\Corn Disease detection\Infected\20200701_084913.jpg,Infected,High_Risk,maize
D:\Download1\archive (1)\Corn Disease detection\Infected\20200701_084916.jpg,Infected,High_Risk,maize
D:\Download1\archive (1)\Corn Disease detection\Infected\20200701_084920.jpg,Infected,High_Risk,maize
D:\Download1\archive (1)\Corn Disease detection\Infected\20200701_084922.jpg,Infected,High_Risk,maize
D:\Download1\archive (1)\Corn Disease detection\Infected\20200701_084925.jpg,Infected,High_Risk,maize
D:\Download1\archive (1)\Corn Disease detection\Infected\20200701_084928.jpg,Infected,High_Risk,maize
D:\Download1\archive (1)\Corn Disease detection\Infected\20200701_084931.jpg,Infected,High_Risk,maize
D:\Download1\archive (1)\Corn Disease detection\Infected\20200701_084936.jpg,Infected,High_Risk,maize
D:\Download1\archive (1)\Corn Disease detection\Infected\20200701_084940.jpg,Infected,High_Risk,maize
D:\Download1\archive (1)\Corn Disease detection\Infected\20200701_084943.jpg,Infected,High_Risk,maize
D:\Download1\archive (1)\Corn Disease detection\Infected\20200701_084947.jpg,Infected,High_Risk,maize
D:\Download1\archive (1)\Corn Disease detection\Infected\20200701_084952.jpg,Infected,High_Risk,maize
D:\Download1\archive (1)\Corn Disease detection\Infected\20200701_084953.jpg,Infected,High_Risk,maize
D:\Download1\archive (1)\Corn Disease detection\Infected\20200701_084955.jpg,Infected,High_Risk,maize
D:\Download1\archive (1)\Corn Disease detection\Infected\20200701_084958.jpg,Infected,High_Risk,maize
D:\Download1\archive (1)\Corn Disease detection\Infected\20200701_085000.jpg,Infected,High_Risk,maize
D:\Download1\archive (1)\Corn Disease detection\Infected\20200701_085004.jpg,Infected,High_Risk,maize
D:\Download1\archive (1)\Corn Disease detection\Infected\20200701_085006.jpg,Infected,High_Risk,maize
D:\Download1\archive (1)\Corn Disease detection\Infected\20200701_085014.jpg,Infected,High_Risk,maize
D:\Download1\archive (1)\Corn Disease detection\Infected\20200701_085015.jpg,Infected,High_Risk,maize
D:\Download1\archive (1)\Corn Disease detection\Infected\20200701_085022.jpg,Infected,High_Risk,maize
D:\Download1\archive (1)\Corn Disease detection\Infected\20200701_085024.jpg,Infected,High_Risk,maize
D:\Download1\archive (1)\Corn Disease detection\Infected\20200701_085026.jpg,Infected,High_Risk,maize
D:\Download1\archive (1)\Corn Disease detection\Infected\20200701_085031.jpg,Infected,High_Risk,maize
D:\Download1\archive (1)\Corn Disease detection\Infected\20200701_085039.jpg,Infected,High_Risk,maize
D:\Download1\archive (1)\Corn Disease detection\Infected\20200701_085043.jpg,Infected,High_Risk,maize
D:\Download1\archive (1)\Corn Disease detection\Infected\20200701_085048.jpg,Infected,High_Risk,maize
D:\Download1\archive (1)\Corn Disease detection\Infected\20200701_085051.jpg,Infected,High_Risk,maize
D:\Download1\archive (1)\Corn Disease detection\Infected\20200701_085053.jpg,Infected,High_Risk,maize
D:\Download1\archive (1)\Corn Disease detection\Infected\20200701_085056.jpg,Infected,High_Risk,maize
D:\Download1\archive (1)\Corn Disease detection\Infected\20200701_085104.jpg,Infected,High_Risk,maize
D:\Download1\archive (1)\Corn Disease detection\Infected\20200701_085107.jpg,Infected,High_Risk,maize
D:\Download1\archive (1)\Corn Disease detection\Infected\20200701_085206.jpg,Infected,High_Risk,maize
D:\Download1\archive (1)\Corn Disease detection\Infected\20200701_085210.jpg,Infected,High_Risk,maize
D:\Download1\archive (1)\Corn Disease detection\Infected\20200701_085212.jpg,Infected,High_Risk,maize
D:\Download1\archive (1)\Corn Disease detection\Infected\20200701_085217.jpg,Infected,High_Risk,maize
D:\Download1\archive (1)\Corn Disease detection\Infected\20200701_085219.jpg,Infected,High_Risk,maize
D:\Download1\archive (1)\Corn Disease detection\Infected\20200701_085223.jpg,Infected,High_Risk,maize
D:\Download1\archive (1)\Corn Disease detection\Infected\20200701_085231.jpg,Infected,High_Risk,maize
D:\Download1\archive (1)\Corn Disease detection\Infected\20200701_085234.jpg,Infected,High_Risk,maize
D:\Download1\archive (1)\Corn Disease detection\Infected\20200701_085236.jpg,Infected,High_Risk,maize
D:\Download1\archive (1)\Corn Disease detection\Infected\20200701_085241.jpg,Infected,High_Risk,maize
D:\Download1\archive (1)\Corn Disease detection\Infected\20200701_085242.jpg,Infected,High_Risk,maize
D:\Download1\archive (1)\Corn Disease detection\Infected\20200701_085245.jpg,Infected,High_Risk,maize
D:\Download1\archive (1)\Corn Disease detection\Infected\20200701_085249.jpg,Infected,High_Risk,maize
D:\Download1\archive (1)\Corn Disease detection\Infected\20200701_085253.jpg,Infected,High_Risk,maize
D:\Download1\archive (1)\Corn Disease detection\Infected\20200701_085256.jpg,Infected,High_Risk,maize
D:\Download1\archive (1)\Corn Disease detection\Infected\20200701_085259.jpg,Infected,High_Risk,maize
D:\Download1\archive (1)\Corn Disease detection\Infected\20200701_085300.jpg,Infected,High_Risk,maize
D:\Download1\archive (1)\Corn Disease detection\Infected\20200701_085306.jpg,Infected,High_Risk,maize
D:\Download1\archive (1)\Corn Disease detection\Infected\20200701_085308.jpg,Infected,High_Risk,maize
D:\Download1\archive (1)\Corn Disease detection\Infected\20200701_085311.jpg,Infected,High_Risk,maize
D:\Download1\archive (1)\Corn Disease detection\Infected\20200701_085315.jpg,Infected,High_Risk,maize
D:\Download1\archive (1)\Corn Disease detection\Infected\20200701_085319.jpg,Infected,High_Risk,maize
D:\Download1\archive (1)\Corn Disease detection\Infected\20200701_085321.jpg,Infected,High_Risk,maize
D:\Download1\archive (1)\Corn Disease detection\Infected\20200701_085323.jpg,Infected,High_Risk,maize
D:\Download1\archive (1)\Corn Disease detection\Infected\20200701_085328.jpg,Infected,High_Risk,maize
D:\Download1\archive (1)\Corn Disease detection\Infected\20200701_085332.jpg,Infected,High_Risk,maize
D:\Download1\archive (1)\Corn Disease detection\Infected\20200701_085335.jpg,Infected,High_Risk,maize
D:\Download1\archive (1)\Corn Disease detection\Infected\20200701_085340.jpg,Infected,High_Risk,maize
D:\Download1\archive (1)\Corn Disease detection\Infected\20200701_085348.jpg,Infected,High_Risk,maize
D:\Download1\archive (1)\Corn Disease detection\Infected\20200701_085353.jpg,Infected,High_Risk,maize
D:\Download1\archive (1)\Corn Disease detection\Infected\20200701_085354.jpg,Infected,High_Risk,maize
D:\Download1\archive (1)\Corn Disease detection\Infected\20200701_085357.jpg,Infected,High_Risk,maize
D:\Download1\archive (1)\Corn Disease detection\Infected\20200701_085401.jpg,Infected,High_Risk,maize
D:\Download1\archive (1)\Corn Disease detection\Infected\20200701_085403.jpg,Infected,High_Risk,maize
D:\Download1\archive (1)\Corn Disease detection\Infected\20200701_085410.jpg,Infected,High_Risk,maize
D:\Download1\archive (1)\Corn Disease detection\Infected\20200701_085416.jpg,Infected,High_Risk,maize
D:\Download1\archive (1)\Corn Disease detection\Infected\20200701_085419.jpg,Infected,High_Risk,maize
D:\Download1\archive (1)\Corn Disease detection\Infected\20200701_085425.jpg,Infected,High_Risk,maize
D:\Download1\archive (1)\Corn Disease detection\Infected\20200701_085430.jpg,Infected,High_Risk,maize
D:\Download1\archive (1)\Corn Disease detection\Infected\20200701_085432.jpg,Infected,High_Risk,maize
D:\Download1\archive (1)\Corn Disease detection\Infected\20200701_085436.jpg,Infected,High_Risk,maize
D:\Download1\archive (1)\Corn Disease detection\Infected\20200701_085440.jpg,Infected,High_Risk,maize
D:\Download1\archive (1)\Corn Disease detection\Infected\20200701_085446.jpg,Infected,High_Risk,maize
D:\Download1\archive (1)\Corn Disease detection\Infected\20200701_085451.jpg,Infected,High_Risk,maize
D:\Download1\archive (1)\Corn Disease detection\Infected\20200701_085456.jpg,Infected,High_Risk,maize
D:\Download1\archive (1)\Corn Disease detection\Infected\20200701_085459.jpg,Infected,High_Risk,maize
D:\Download1\archive (1)\Corn Disease detection\Infected\20200701_085507.jpg,Infected,High_Risk,maize
D:\Download1\archive (1)\Corn Disease detection\Infected\20200701_085511.jpg,Infected,High_Risk,maize
D:\Download1\archive (1)\Corn Disease detection\Infected\20200701_085514.jpg,Infected,High_Risk,maize
D:\Download1\archive (1)\Corn Disease detection\Infected\20200701_085520.jpg,Infected,High_Risk,maize
D:\Download1\archive (1)\Corn Disease detection\Infected\20200701_085524.jpg,Infected,High_Risk,maize
D:\Download1\archive (1)\Corn Disease detection\Infected\20200701_085529.jpg,Infected,High_Risk,maize
D:\Download1\archive (1)\Corn Disease detection\Infected\20200701_085535.jpg,Infected,High_Risk,maize
D:\Download1\archive (1)\Corn Disease detection\Infected\20200701_085538.jpg,Infected,High_Risk,maize
D:\Download1\archive (1)\Corn Disease detection\Infected\20200701_085540.jpg,Infected,High_Risk,maize
D:\Download1\archive (1)\Corn Disease detection\Infected\20200701_085551.jpg,Infected,High_Risk,maize
D:\Download1\archive (1)\Corn Disease detection\Infected\20200701_085556.jpg,Infected,High_Risk,maize
D:\Download1\archive (1)\Corn Disease detection\Infected\20200701_085558.jpg,Infected,High_Risk,maize
D:\Download1\archive (1)\Corn Disease detection\Infected\20200701_085604.jpg,Infected,High_Risk,maize
D:\Download1\archive (1)\Corn Disease detection\Infected\20200701_085609.jpg,Infected,High_Risk,maize
D:\Download1\archive (1)\Corn Disease detection\Infected\20200701_085611.jpg,Infected,High_Risk,maize
D:\Download1\archive (1)\Corn Disease detection\Infected\20200701_085614.jpg,Infected,High_Risk,maize
D:\Download1\archive (1)\Corn Disease detection\Infected\20200701_085615.jpg,Infected,High_Risk,maize
D:\Download1\archive (1)\Corn Disease detection\Infected\20200701_085618.jpg,Infected,High_Risk,maize
D:\Download1\archive (1)\Corn Disease detection\Infected\20200701_085623.jpg,Infected,High_Risk,maize
D:\Download1\archive (1)\Corn Disease detection\Infected\20200701_085626.jpg,Infected,High_Risk,maize
D:\Download1\archive (1)\Corn Disease detection\Infected\20200701_085629.jpg,Infected,High_Risk,maize
D:\Download1\archive (1)\Corn Disease detection\Infected\20200701_085636.jpg,Infected,High_Risk,maize
D:\Download1\archive (1)\Corn Disease detection\Infected\20200701_085639.jpg,Infected,High_Risk,maize
D:\Download1\archive (1)\Corn Disease detection\Infected\20200701_085641.jpg,Infected,High_Risk,maize
D:\Download1\archive (1)\Corn Disease detection\Infected\20200701_085647.jpg,Infected,High_Risk,maize
D:\Download1\archive (1)\Corn Disease detection\Infected\20200701_085649.jpg,Infected,High_Risk,maize
D:\Download1\archive (1)\Corn Disease detection\Infected\20200701_085652.jpg,Infected,High_Risk,maize
D:\Download1\archive (1)\Corn Disease detection\Infected\20200701_085655.jpg,Infected,High_Risk,maize
D:\Download1\archive (1)\Corn Disease detection\Infected\20200701_085657.jpg,Infected,High_Risk,maize
D:\Download1\archive (1)\Corn Disease detection\Infected\20200701_085700.jpg,Infected,High_Risk,maize
D:\Download1\archive (1)\Corn Disease detection\Infected\20200701_085703.jpg,Infected,High_Risk,maize
D:\Download1\archive (1)\Corn Disease detection\Infected\20200701_085705.jpg,Infected,High_Risk,maize
D:\Download1\archive (1)\Corn Disease detection\Infected\20200701_085708.jpg,Infected,High_Risk,maize
D:\Download1\archive (1)\Corn Disease detection\Infected\20200701_085715.jpg,Infected,High_Risk,maize
D:\Download1\archive (1)\Corn Disease detection\Infected\20200701_085718.jpg,Infected,High_Risk,maize
D:\Download1\archive (1)\Corn Disease detection\Infected\20200701_085721.jpg,Infected,High_Risk,maize
D:\Download1\archive (1)\Corn Disease detection\Infected\20200701_085725.jpg,Infected,High_Risk,maize
D:\Download1\archive (1)\Corn Disease detection\Infected\20200701_085728.jpg,Infected,High_Risk,maize
D:\Download1\archive (1)\Corn Disease detection\Infected\20200701_085733.jpg,Infected,High_Risk,maize
D:\Download1\archive (1)\Corn Disease detection\Infected\20200701_085734.jpg,Infected,High_Risk,maize
D:\Download1\archive (1)\Corn Disease detection\Infected\20200701_085739.jpg,Infected,High_Risk,maize
D:\Download1\archive (1)\Corn Disease detection\Infected\20200701_085742.jpg,Infected,High_Risk,maize
D:\Download1\archive (1)\Corn Disease detection\Infected\20200701_085746.jpg,Infected,High_Risk,maize
D:\Download1\archive (1)\Corn Disease detection\Infected\20200701_085750.jpg,Infected,High_Risk,maize
D:\Download1\archive (1)\Corn Disease detection\Infected\20200701_085754.jpg,Infected,High_Risk,maize
D:\Download1\archive (1)\Corn Disease detection\Infected\20200701_085758.jpg,Infected,High_Risk,maize
D:\Download1\archive (1)\Corn Disease detection\Infected\20200701_085803.jpg,Infected,High_Risk,maize
D:\Download1\archive (1)\Corn Disease detection\Infected\20200701_085806.jpg,Infected,High_Risk,maize
D:\Download1\archive (1)\Corn Disease detection\Infected\20200701_085809.jpg,Infected,High_Risk,maize
D:\Download1\archive (1)\Corn Disease detection\Infected\20200701_085812.jpg,Infected,High_Risk,maize
D:\Download1\archive (1)\Corn Disease detection\Infected\20200701_085819.jpg,Infected,High_Risk,maize
D:\Download1\archive (1)\Corn Disease detection\Infected\20200701_085821.jpg,Infected,High_Risk,maize
D:\Download1\archive (1)\Corn Disease detection\Infected\20200701_085826.jpg,Infected,High_Risk,maize
D:\Download1\archive (1)\Corn Disease detection\Infected\20200701_085829.jpg,Infected,High_Risk,maize
D:\Download1\archive (1)\Corn Disease detection\Infected\20200701_085832.jpg,Infected,High_Risk,maize
D:\Download1\archive (1)\Corn Disease detection\Infected\20200701_085835.jpg,Infected,High_Risk,maize
D:\Download1\archive (1)\Corn Disease detection\Infected\20200701_085837.jpg,Infected,High_Risk,maize
D:\Download1\archive (1)\Corn Disease detection\Infected\20200701_085839.jpg,Infected,High_Risk,maize
D:\Download1\archive (1)\Corn Disease detection\Infected\20200701_085842.jpg,Infected,High_Risk,maize
D:\Download1\archive (1)\Corn Disease detection\Infected\20200701_085908.jpg,Infected,High_Risk,maize
D:\Download1\archive (1)\Corn Disease detection\Infected\20200701_085914.jpg,Infected,High_Risk,maize
D:\Download1\archive (1)\Corn Disease detection\Infected\20200701_085917.jpg,Infected,High_Risk,maize
D:\Download1\archive (1)\Corn Disease detection\Infected\20200701_085921.jpg,Infected,High_Risk,maize
D:\Download1\archive (1)\Corn Disease detection\Infected\20200701_085924.jpg,Infected,High_Risk,maize
D:\Download1\archive (1)\Corn Disease detection\Infected\20200701_085926.jpg,Infected,High_Risk,maize
D:\Download1\archive (1)\Corn Disease detection\Infected\20200701_085931.jpg,Infected,High_Risk,maize
D:\Download1\archive (1)\Corn Disease detection\Infected\20200701_085940.jpg,Infected,High_Risk,maize
D:\Download1\archive (1)\Corn Disease detection\Infected\20200701_085943.jpg,Infected,High_Risk,maize
D:\Download1\archive (1)\Corn Disease detection\Infected\20200701_085949.jpg,Infected,High_Risk,maize
D:\Download1\archive (1)\Corn Disease detection\Infected\20200701_085952.jpg,Infected,High_Risk,maize
D:\Download1\archive (1)\Corn Disease detection\Infected\20200701_085955.jpg,Infected,High_Risk,maize
D:\Download1\archive (1)\Corn Disease detection\Infected\20200701_085958.jpg,Infected,High_Risk,maize
D:\Download1\archive (1)\Corn Disease detection\Infected\20200701_085959.jpg,Infected,High_Risk,maize
D:\Download1\archive (1)\Corn Disease detection\Infected\20200701_090001.jpg,Infected,High_Risk,maize
D:\Download1\archive (1)\Corn Disease detection\Infected\20200701_090006.jpg,Infected,High_Risk,maize
D:\Download1\archive (1)\Corn Disease detection\Infected\20200701_090008.jpg,Infected,High_Risk,maize
D:\Download1\archive (1)\Corn Disease detection\Infected\20200701_090012.jpg,Infected,High_Risk,maize
D:\Download1\archive (1)\Corn Disease detection\Infected\20200701_090015.jpg,Infected,High_Risk,maize
D:\Download1\archive (1)\Corn Disease detection\Infected\20200701_090016.jpg,Infected,High_Risk,maize
D:\Download1\archive (1)\Corn Disease detection\Infected\20200701_090023.jpg,Infected,High_Risk,maize
D:\Download1\archive (1)\Corn Disease detection\Infected\20200701_090026.jpg,Infected,High_Risk,maize
D:\Download1\archive (1)\Corn Disease detection\Infected\20200701_090028.jpg,Infected,High_Risk,maize
D:\Download1\archive (1)\Corn Disease detection\Infected\20200701_090030.jpg,Infected,High_Risk,maize
D:\Download1\archive (1)\Corn Disease detection\Infected\20200701_090034.jpg,Infected,High_Risk,maize
D:\Download1\archive (1)\Corn Disease detection\Infected\20200701_090036.jpg,Infected,High_Risk,maize
D:\Download1\archive (1)\Corn Disease detection\Infected\20200701_090039.jpg,Infected,High_Risk,maize
D:\Download1\archive (1)\Corn Disease detection\Infected\20200701_090041.jpg,Infected,High_Risk,maize
D:\Download1\archive (1)\Corn Disease detection\Infected\20200701_090042.jpg,Infected,High_Risk,maize
D:\Download1\archive (1)\Corn Disease detection\Infected\20200701_090046.jpg,Infected,High_Risk,maize
D:\Download1\archive (1)\Corn Disease detection\Infected\20200701_090051.jpg,Infected,High_Risk,maize
D:\Download1\archive (1)\Corn Disease detection\Infected\20200701_090053.jpg,Infected,High_Risk,maize
D:\Download1\archive (1)\Corn Disease detection\Infected\20200701_090059.jpg,Infected,High_Risk,maize
D:\Download1\archive (1)\Corn Disease detection\Infected\20200701_090102.jpg,Infected,High_Risk,maize
D:\Download1\archive (1)\Corn Disease detection\Infected\20200701_090104.jpg,Infected,High_Risk,maize
D:\Download1\archive (1)\Corn Disease detection\Infected\20200701_090107.jpg,Infected,High_Risk,maize
D:\Download1\archive (1)\Corn Disease detection\Infected\20200701_090112.jpg,Infected,High_Risk,maize
D:\Download1\archive (1)\Corn Disease detection\Infected\20200701_090115.jpg,Infected,High_Risk,maize
D:\Download1\archive (1)\Corn Disease detection\Infected\20200701_090121.jpg,Infected,High_Risk,maize
D:\Download1\archive (1)\Corn Disease detection\Infected\20200701_090125.jpg,Infected,High_Risk,maize
D:\Download1\archive (1)\Corn Disease detection\Infected\20200701_090127.jpg,Infected,High_Risk,maize
D:\Download1\archive (1)\Corn Disease detection\Infected\20200701_090131.jpg,Infected,High_Risk,maize
D:\Download1\archive (1)\Corn Disease detection\Infected\20200701_090134.jpg,Infected,High_Risk,maize
D:\Download1\archive (1)\Corn Disease detection\Infected\20200701_090140.jpg,Infected,High_Risk,maize
D:\Download1\archive (1)\Corn Disease detection\Infected\20200701_090141.jpg,Infected,High_Risk,maize
D:\Download1\archive (1)\Corn Disease detection\Infected\20200701_090147.jpg,Infected,High_Risk,maize
D:\Download1\archive (1)\Corn Disease detection\Infected\20200701_090151.jpg,Infected,High_Risk,maize
D:\Download1\archive (1)\Corn Disease detection\Infected\20200701_090154.jpg,Infected,High_Risk,maize
D:\Download1\archive (1)\Corn Disease detection\Infected\20200701_090157.jpg,Infected,High_Risk,maize
D:\Download1\archive (1)\Corn Disease detection\Infected\20200701_090202.jpg,Infected,High_Risk,maize
D:\Download1\archive (1)\Corn Disease detection\Infected\20200701_090204.jpg,Infected,High_Risk,maize
D:\Download1\archive (1)\Corn Disease detection\Infected\20200701_090206.jpg,Infected,High_Risk,maize
D:\Download1\archive (1)\Corn Disease detection\Infected\20200701_090209.jpg,Infected,High_Risk,maize
D:\Download1\archive (1)\Corn Disease detection\Infected\20200701_090215.jpg,Infected,High_Risk,maize
D:\Download1\archive (1)\Corn Disease detection\Infected\20200701_090219.jpg,Infected,High_Risk,maize
D:\Download1\archive (1)\Corn Disease detection\Infected\20200701_090221.jpg,Infected,High_Risk,maize
D:\Download1\archive (1)\Corn Disease detection\Infected\20200701_090222.jpg,Infected,High_Risk,maize
D:\Download1\archive (1)\Corn Disease detection\Infected\20200701_090224.jpg,Infected,High_Risk,maize
D:\Download1\archive (1)\Corn Disease detection\Infected\20200701_090229.jpg,Infected,High_Risk,maize
D:\Download1\archive (1)\Corn Disease detection\Infected\20200701_090231.jpg,Infected,High_Risk,maize
D:\Download1\archive (1)\Corn Disease detection\Infected\20200701_090233.jpg,Infected,High_Risk,maize
D:\Download1\archive (1)\Corn Disease detection\Infected\20200701_090237.jpg,Infected,High_Risk,maize
D:\Download1\archive (1)\Corn Disease detection\Infected\20200701_090240.jpg,Infected,High_Risk,maize
D:\Download1\archive (1)\Corn Disease detection\Infected\20200701_090242.jpg,Infected,High_Risk,maize
D:\Download1\archive (1)\Corn Disease detection\Infected\20200701_090247.jpg,Infected,High_Risk,maize
D:\Download1\archive (1)\Corn Disease detection\Infected\20200701_090249.jpg,Infected,High_Risk,maize
D:\Download1\archive (1)\Corn Disease detection\Infected\20200701_090252.jpg,Infected,High_Risk,maize
D:\Download1\archive (1)\Corn Disease detection\Infected\20200701_090256.jpg,Infected,High_Risk,maize
D:\Download1\archive (1)\Corn Disease detection\Infected\20200701_090300.jpg,Infected,High_Risk,maize
D:\Download1\archive (1)\Corn Disease detection\Infected\20200701_090306.jpg,Infected,High_Risk,maize
D:\Download1\archive (1)\Corn Disease detection\Infected\20200701_090309.jpg,Infected,High_Risk,maize
D:\Download1\archive (1)\Corn Disease detection\Infected\20200701_090313.jpg,Infected,High_Risk,maize
D:\Download1\archive (1)\Corn Disease detection\Infected\20200701_090318.jpg,Infected,High_Risk,maize
D:\Download1\archive (1)\Corn Disease detection\Infected\20200701_090320.jpg,Infected,High_Risk,maize
D:\Download1\archive (1)\Corn Disease detection\Infected\20200701_090323.jpg,Infected,High_Risk,maize
D:\Download1\archive (1)\Corn Disease detection\Infected\20200701_090326.jpg,Infected,High_Risk,maize
D:\Download1\archive (1)\Corn Disease detection\Infected\20200701_090330.jpg,Infected,High_Risk,maize
D:\Download1\archive (1)\Corn Disease detection\Infected\20200701_090336.jpg,Infected,High_Risk,maize
D:\Download1\archive (1)\Corn Disease detection\Infected\20200701_090340.jpg,Infected,High_Risk,maize
D:\Download1\archive (1)\Corn Disease detection\Infected\20200701_090343.jpg,Infected,High_Risk,maize
D:\Download1\archive (1)\Corn Disease detection\Infected\20200701_090347.jpg,Infected,High_Risk,maize
D:\Download1\archive (1)\Corn Disease detection\Infected\20200701_090354.jpg,Infected,High_Risk,maize
D:\Download1\archive (1)\Corn Disease detection\Infected\20200701_090356.jpg,Infected,High_Risk,maize
D:\Download1\archive (1)\Corn Disease detection\Infected\20200701_090404.jpg,Infected,High_Risk,maize
D:\Download1\archive (1)\Corn Disease detection\Infected\20200701_090408.jpg,Infected,High_Risk,maize
D:\Download1\archive (1)\Corn Disease detection\Infected\20200701_090410.jpg,Infected,High_Risk,maize
D:\Download1\archive (1)\Corn Disease detection\Infected\20200701_090412.jpg,Infected,High_Risk,maize
D:\Download1\archive (1)\Corn Disease detection\Infected\20200701_090416.jpg,Infected,High_Risk,maize
D:\Download1\archive (1)\Corn Disease detection\Infected\20200701_090420.jpg,Infected,High_Risk,maize
D:\Download1\archive (1)\Corn Disease detection\Infected\20200701_090428.jpg,Infected,High_Risk,maize
D:\Download1\archive (1)\Corn Disease detection\Infected\20200701_090435.jpg,Infected,High_Risk,maize
D:\Download1\archive (1)\Corn Disease detection\Infected\20200701_090440.jpg,Infected,High_Risk,maize
D:\Download1\archive (1)\Corn Disease detection\Infected\20200701_090444.jpg,Infected,High_Risk,maize
D:\Download1\archive (1)\Corn Disease detection\Infected\20200701_090447.jpg,Infected,High_Risk,maize
D:\Download1\archive (1)\Corn Disease detection\Infected\20200701_090455.jpg,Infected,High_Risk,maize
D:\Download1\archive (1)\Corn Disease detection\Infected\20200701_090457.jpg,Infected,High_Risk,maize
D:\Download1\archive (1)\Corn Disease detection\Infected\20200701_090459.jpg,Infected,High_Risk,maize
D:\Download1\archive (1)\Corn Disease detection\Infected\20200701_090501.jpg,Infected,High_Risk,maize
D:\Download1\archive (1)\Corn Disease detection\Infected\20200701_090507.jpg,Infected,High_Risk,maize
D:\Download1\archive (1)\Corn Disease detection\Infected\20200701_090515.jpg,Infected,High_Risk,maize
D:\Download1\archive (1)\Corn Disease detection\Infected\20200701_090518.jpg,Infected,High_Risk,maize
D:\Download1\archive (1)\Corn Disease detection\Infected\20200701_090520.jpg,Infected,High_Risk,maize
D:\Download1\archive (1)\Corn Disease detection\Infected\20200701_090526.jpg,Infected,High_Risk,maize
D:\Download1\archive (1)\Corn Disease detection\Infected\20200701_090529.jpg,Infected,High_Risk,maize
D:\Download1\archive (1)\Corn Disease detection\Infected\20200701_090533.jpg,Infected,High_Risk,maize
D:\Download1\archive (1)\Corn Disease detection\Infected\20200701_090536.jpg,Infected,High_Risk,maize
D:\Download1\archive (1)\Corn Disease detection\Infected\20200701_090540.jpg,Infected,High_Risk,maize
D:\Download1\archive (1)\Corn Disease detection\Infected\20200701_090546.jpg,Infected,High_Risk,maize
D:\Download1\archive (1)\Corn Disease detection\Infected\20200701_090550.jpg,Infected,High_Risk,maize
D:\Download1\archive (1)\Corn Disease detection\Infected\20200701_090553.jpg,Infected,High_Risk,maize
D:\Download1\archive (1)\Corn Disease detection\Infected\20200701_090557.jpg,Infected,High_Risk,maize
D:\Download1\archive (1)\Corn Disease detection\Infected\20200701_090559.jpg,Infected,High_Risk,maize
D:\Download1\archive (1)\Corn Disease detection\Infected\20200701_090602.jpg,Infected,High_Risk,maize
D:\Download1\archive (1)\Corn Disease detection\Infected\20200701_090606.jpg,Infected,High_Risk,maize
D:\Download1\archive (1)\Corn Disease detection\Infected\20200701_090609.jpg,Infected,High_Risk,maize
D:\Download1\archive (1)\Corn Disease detection\Infected\20200701_090613.jpg,Infected,High_Risk,maize
D:\Download1\archive (1)\Corn Disease detection\Infected\20200701_090617.jpg,Infected,High_Risk,maize
D:\Download1\archive (1)\Corn Disease detection\Infected\20200701_090622.jpg,Infected,High_Risk,maize
D:\Download1\archive (1)\Corn Disease detection\Infected\20200701_090627.jpg,Infected,High_Risk,maize
D:\Download1\archive (1)\Corn Disease detection\Infected\20200701_090629.jpg,Infected,High_Risk,maize
D:\Download1\archive (1)\Corn Disease detection\Infected\20200701_090632.jpg,Infected,High_Risk,maize
D:\Download1\archive (1)\Corn Disease detection\Infected\20200701_090638.jpg,Infected,High_Risk,maize
D:\Download1\archive (1)\Corn Disease detection\Infected\20200701_090641.jpg,Infected,High_Risk,maize
D:\Download1\archive (1)\Corn Disease detection\Infected\20200701_090645.jpg,Infected,High_Risk,maize
D:\Download1\archive (1)\Corn Disease detection\Infected\20200701_090647.jpg,Infected,High_Risk,maize
D:\Download1\archive (1)\Corn Disease detection\Infected\20200701_090649.jpg,Infected,High_Risk,maize
D:\Download1\archive (1)\Corn Disease detection\Infected\20200701_090652.jpg,Infected,High_Risk,maize
D:\Download1\archive (1)\Corn Disease detection\Infected\20200701_090653.jpg,Infected,High_Risk,maize
D:\Download1\archive (1)\Corn Disease detection\Infected\20200701_090655.jpg,Infected,High_Risk,maize
D:\Download1\archive (1)\Corn Disease detection\Infected\20200701_090700.jpg,Infected,High_Risk,maize
D:\Download1\archive (1)\Corn Disease detection\Infected\20200701_090707.jpg,Infected,High_Risk,maize
D:\Download1\archive (1)\Corn Disease detection\Infected\20200701_090709.jpg,Infected,High_Risk,maize
D:\Download1\archive (1)\Corn Disease detection\Infected\20200701_090711.jpg,Infected,High_Risk,maize
D:\Download1\archive (1)\Corn Disease detection\Infected\20200701_090719.jpg,Infected,High_Risk,maize
D:\Download1\archive (1)\Corn Disease detection\Infected\20200701_090720.jpg,Infected,High_Risk,maize
D:\Download1\archive (1)\Corn Disease detection\Infected\20200701_090722.jpg,Infected,High_Risk,maize
D:\Download1\archive (1)\Corn Disease detection\Infected\20200701_090725.jpg,Infected,High_Risk,maize
D:\Download1\archive (1)\Corn Disease detection\Infected\20200701_090727.jpg,Infected,High_Risk,maize
D:\Download1\archive (1)\Corn Disease detection\Infected\20200701_090730.jpg,Infected,High_Risk,maize
D:\Download1\archive (1)\Corn Disease detection\Infected\20200701_090736.jpg,Infected,High_Risk,maize
D:\Download1\archive (1)\Corn Disease detection\Infected\20200701_090739.jpg,Infected,High_Risk,maize
D:\Download1\archive (1)\Corn Disease detection\Infected\20200701_090741.jpg,Infected,High_Risk,maize
D:\Download1\archive (1)\Corn Disease detection\Infected\20200701_090746.jpg,Infected,High_Risk,maize
D:\Download1\archive (1)\Corn Disease detection\Infected\20200701_090752.jpg,Infected,High_Risk,maize
D:\Download1\archive (1)\Corn Disease detection\Infected\20200701_090758.jpg,Infected,High_Risk,maize
D:\Download1\archive (1)\Corn Disease detection\Infected\20200701_090804.jpg,Infected,High_Risk,maize
D:\Download1\archive (1)\Corn Disease detection\Infected\20200701_090806.jpg,Infected,High_Risk,maize
D:\Download1\archive (1)\Corn Disease detection\Infected\20200701_090809.jpg,Infected,High_Risk,maize
D:\Download1\archive (1)\Corn Disease detection\Infected\20200701_090811.jpg,Infected,High_Risk,maize
D:\Download1\archive (1)\Corn Disease detection\Infected\20200701_090813.jpg,Infected,High_Risk,maize
D:\Download1\archive (1)\Corn Disease detection\Infected\20200701_090818.jpg,Infected,High_Risk,maize
D:\Download1\archive (1)\Corn Disease detection\Infected\20200701_090820.jpg,Infected,High_Risk,maize
D:\Download1\archive (1)\Corn Disease detection\Infected\20200701_090826.jpg,Infected,High_Risk,maize
D:\Download1\archive (1)\Corn Disease detection\Infected\20200701_090829.jpg,Infected,High_Risk,maize
D:\Download1\archive (1)\Corn Disease detection\Infected\20200701_090834.jpg,Infected,High_Risk,maize
D:\Download1\archive (1)\Corn Disease detection\Infected\20200701_090835.jpg,Infected,High_Risk,maize
D:\Download1\archive (1)\Corn Disease detection\Infected\20200701_090839.jpg,Infected,High_Risk,maize
D:\Download1\archive (1)\Corn Disease detection\Infected\20200701_090841.jpg,Infected,High_Risk,maize
D:\Download1\archive (1)\Corn Disease detection\Infected\20200701_090845.jpg,Infected,High_Risk,maize
D:\Download1\archive (1)\Corn Disease detection\Infected\20200701_090848.jpg,Infected,High_Risk,maize
D:\Download1\archive (1)\Corn Disease detection\Infected\20200701_090851.jpg,Infected,High_Risk,maize
D:\Download1\archive (1)\Corn Disease detection\Infected\20200701_090855.jpg,Infected,High_Risk,maize
D:\Download1\archive (1)\Corn Disease detection\Infected\20200701_090858.jpg,Infected,High_Risk,maize
D:\Download1\archive (1)\Corn Disease detection\Infected\20200701_090859.jpg,Infected,High_Risk,maize
D:\Download1\archive (1)\Corn Disease detection\Infected\20200701_090902.jpg,Infected,High_Risk,maize
D:\Download1\archive (1)\Corn Disease detection\Infected\20200701_090904.jpg,Infected,High_Risk,maize
D:\Download1\archive (1)\Corn Disease detection\Infected\20200701_090911.jpg,Infected,High_Risk,maize
D:\Download1\archive (1)\Corn Disease detection\Infected\20200701_090914.jpg,Infected,High_Risk,maize
D:\Download1\archive (1)\Corn Disease detection\Infected\20200701_090919.jpg,Infected,High_Risk,maize
D:\Download1\archive (1)\Corn Disease detection\Infected\20200701_090923.jpg,Infected,High_Risk,maize
D:\Download1\archive (1)\Corn Disease detection\Infected\20200701_090928.jpg,Infected,High_Risk,maize
D:\Download1\archive (1)\Corn Disease detection\Infected\20200701_090934.jpg,Infected,High_Risk,maize
D:\Download1\archive (1)\Corn Disease detection\Infected\20200701_090937.jpg,Infected,High_Risk,maize
D:\Download1\archive (1)\Corn Disease detection\Infected\20200701_090941.jpg,Infected,High_Risk,maize
D:\Download1\archive (1)\Corn Disease detection\Infected\20200701_090945.jpg,Infected,High_Risk,maize
D:\Download1\archive (1)\Corn Disease detection\Infected\20200701_090947.jpg,Infected,High_Risk,maize
D:\Download1\archive (1)\Corn Disease detection\Infected\20200701_090953.jpg,Infected,High_Risk,maize
D:\Download1\archive (1)\Corn Disease detection\Infected\20200701_090955.jpg,Infected,High_Risk,maize
D:\Download1\archive (1)\Corn Disease detection\Infected\20200701_090959.jpg,Infected,High_Risk,maize
D:\Download1\archive (1)\Corn Disease detection\Infected\20200701_091001.jpg,Infected,High_Risk,maize
D:\Download1\archive (1)\Corn Disease detection\Infected\20200701_091003.jpg,Infected,High_Risk,maize
D:\Download1\archive (1)\Corn Disease detection\Infected\20200701_091007.jpg,Infected,High_Risk,maize
D:\Download1\archive (1)\Corn Disease detection\Infected\20200701_091013.jpg,Infected,High_Risk,maize
D:\Download1\archive (1)\Corn Disease detection\Infected\20200701_091015.jpg,Infected,High_Risk,maize
D:\Download1\archive (1)\Corn Disease detection\Infected\20200701_091018.jpg,Infected,High_Risk,maize
D:\Download1\archive (1)\Corn Disease detection\Infected\20200701_091019.jpg,Infected,High_Risk,maize
D:\Download1\archive (1)\Corn Disease detection\Infected\20200701_091021.jpg,Infected,High_Risk,maize
D:\Download1\archive (1)\Corn Disease detection\Infected\20200701_091023.jpg,Infected,High_Risk,maize
D:\Download1\archive (1)\Corn Disease detection\Infected\20200701_091028.jpg,Infected,High_Risk,maize
D:\Download1\archive (1)\Corn Disease detection\Infected\20200701_091034.jpg,Infected,High_Risk,maize
D:\Download1\archive (1)\Corn Disease detection\Infected\20200701_091036.jpg,Infected,High_Risk,maize
D:\Download1\archive (1)\Corn Disease detection\Infected\20200701_091038.jpg,Infected,High_Risk,maize
D:\Download1\archive (1)\Corn Disease detection\Infected\20200701_091040.jpg,Infected,High_Risk,maize
D:\Download1\archive (1)\Corn Disease detection\Infected\20200701_091042.jpg,Infected,High_Risk,maize
D:\Download1\archive (1)\Corn Disease detection\Infected\20200701_091044.jpg,Infected,High_Risk,maize
D:\Download1\archive (1)\Corn Disease detection\Infected\20200701_091046.jpg,Infected,High_Risk,maize
D:\Download1\archive (1)\Corn Disease detection\Infected\20200701_091048.jpg,Infected,High_Risk,maize
D:\Download1\archive (1)\Corn Disease detection\Infected\20200701_091050.jpg,Infected,High_Risk,maize
D:\Download1\archive (1)\Corn Disease detection\Infected\20200701_091056.jpg,Infected,High_Risk,maize
D:\Download1\archive (1)\Corn Disease detection\Infected\20200701_091058.jpg,Infected,High_Risk,maize
D:\Download1\archive (1)\Corn Disease detection\Infected\20200701_091103.jpg,Infected,High_Risk,maize
D:\Download1\archive (1)\Corn Disease detection\Infected\20200701_091106.jpg,Infected,High_Risk,maize
D:\Download1\archive (1)\Corn Disease detection\Infected\20200701_091112.jpg,Infected,High_Risk,maize
D:\Download1\archive (1)\Corn Disease detection\Infected\20200701_091115.jpg,Infected,High_Risk,maize
D:\Download1\archive (1)\Corn Disease detection\Infected\20200701_091119.jpg,Infected,High_Risk,maize
D:\Download1\archive (1)\Corn Disease detection\Infected\20200701_091124.jpg,Infected,High_Risk,maize
D:\Download1\archive (1)\Corn Disease detection\Infected\20200701_091126.jpg,Infected,High_Risk,maize
D:\Download1\archive (1)\Corn Disease detection\Infected\20200701_091129.jpg,Infected,High_Risk,maize
D:\Download1\archive (1)\Corn Disease detection\Infected\20200701_091132.jpg,Infected,High_Risk,maize
D:\Download1\archive (1)\Corn Disease detection\Infected\20200701_091140.jpg,Infected,High_Risk,maize
D:\Download1\archive (1)\Corn Disease detection\Infected\20200701_091143.jpg,Infected,High_Risk,maize
D:\Download1\archive (1)\Corn Disease detection\Infected\20200701_091146.jpg,Infected,High_Risk,maize
D:\Download1\archive (1)\Corn Disease detection\Infected\20200701_091149.jpg,Infected,High_Risk,maize
D:\Download1\archive (1)\Corn Disease detection\Infected\20200701_091155.jpg,Infected,High_Risk,maize
D:\Download1\archive (1)\Corn Disease detection\Infected\20200701_091200.jpg,Infected,High_Risk,maize
D:\Download1\archive (1)\Corn Disease detection\Infected\20200701_091203.jpg,Infected,High_Risk,maize
D:\Download1\archive (1)\Corn Disease detection\Infected\20200701_091207.jpg,Infected,High_Risk,maize
D:\Download1\archive (1)\Corn Disease detection\Infected\20200701_091209.jpg,Infected,High_Risk,maize
D:\Download1\archive (1)\Corn Disease detection\Infected\20200701_091212.jpg,Infected,High_Risk,maize
D:\Download1\archive (1)\Corn Disease detection\Infected\20200701_091214.jpg,Infected,High_Risk,maize
D:\Download1\archive (1)\Corn Disease detection\Infected\20200701_091218.jpg,Infected,High_Risk,maize
D:\Download1\archive (1)\Corn Disease detection\Infected\20200701_091220.jpg,Infected,High_Risk,maize
D:\Download1\archive (1)\Corn Disease detection\Infected\20200701_091222.jpg,Infected,High_Risk,maize
D:\Download1\archive (1)\Corn Disease detection\Infected\20200701_091224.jpg,Infected,High_Risk,maize
D:\Download1\archive (1)\Corn Disease detection\Infected\20200701_091227.jpg,Infected,High_Risk,maize
D:\Download1\archive (1)\Corn Disease detection\Infected\20200701_091229.jpg,Infected,High_Risk,maize
D:\Download1\archive (1)\Corn Disease detection\Infected\20200701_091231.jpg,Infected,High_Risk,maize
D:\Download1\archive (1)\Corn Disease detection\Infected\20200701_091234.jpg,Infected,High_Risk,maize
D:\Download1\archive (1)\Corn Disease detection\Infected\20200701_091235.jpg,Infected,High_Risk,maize
D:\Download1\archive (1)\Corn Disease detection\Infected\20200701_091240.jpg,Infected,High_Risk,maize
D:\Download1\archive (1)\Corn Disease detection\Infected\20200701_091242.jpg,Infected,High_Risk,maize
D:\Download1\archive (1)\Corn Disease detection\Infected\20200701_091244.jpg,Infected,High_Risk,maize
D:\Download1\archive (1)\Corn Disease detection\Infected\20200701_091247.jpg,Infected,High_Risk,maize
D:\Download1\archive (1)\Corn Disease detection\Infected\20200701_091248.jpg,Infected,High_Risk,maize
D:\Download1\archive (1)\Corn Disease detection\Infected\20200701_091250.jpg,Infected,High_Risk,maize
D:\Download1\archive (1)\Corn Disease detection\Infected\20200701_091252.jpg,Infected,High_Risk,maize
D:\Download1\archive (1)\Corn Disease detection\Infected\20200701_091253.jpg,Infected,High_Risk,maize
D:\Download1\archive (1)\Corn Disease detection\Infected\20200701_091254.jpg,Infected,High_Risk,maize
D:\Download1\archive (1)\Corn Disease detection\Infected\20200701_091302.jpg,Infected,High_Risk,maize
D:\Download1\archive (1)\Corn Disease detection\Infected\20200701_091305.jpg,Infected,High_Risk,maize
D:\Download1\archive (1)\Corn Disease detection\Infected\20200701_091307.jpg,Infected,High_Risk,maize
D:\Download1\archive (1)\Corn Disease detection\Infected\20200701_091309.jpg,Infected,High_Risk,maize
D:\Download1\archive (1)\Corn Disease detection\Infected\20200701_091316.jpg,Infected,High_Risk,maize
D:\Download1\archive (1)\Corn Disease detection\Infected\20200701_091318.jpg,Infected,High_Risk,maize
D:\Download1\archive (1)\Corn Disease detection\Infected\20200701_091322.jpg,Infected,High_Risk,maize
D:\Download1\archive (1)\Corn Disease detection\Infected\20200701_091325.jpg,Infected,High_Risk,maize
D:\Download1\archive (1)\Corn Disease detection\Infected\20200701_091327.jpg,Infected,High_Risk,maize
D:\Download1\archive (1)\Corn Disease detection\Infected\20200701_091329.jpg,Infected,High_Risk,maize
D:\Download1\archive (1)\Corn Disease detection\Infected\20200701_091331.jpg,Infected,High_Risk,maize
D:\Download1\archive (1)\Corn Disease detection\Infected\20200701_091334.jpg,Infected,High_Risk,maize
D:\Download1\archive (1)\Corn Disease detection\Infected\20200701_091341.jpg,Infected,High_Risk,maize
D:\Download1\archive (1)\Corn Disease detection\Infected\20200701_091348.jpg,Infected,High_Risk,maize
D:\Download1\archive (1)\Corn Disease detection\Infected\20200701_091352.jpg,Infected,High_Risk,maize
D:\Download1\archive (1)\Corn Disease detection\Infected\20200701_091356.jpg,Infected,High_Risk,maize
D:\Download1\archive (1)\Corn Disease detection\Infected\20200701_091358.jpg,Infected,High_Risk,maize
D:\Download1\archive (1)\Corn Disease detection\Infected\20200701_091402.jpg,Infected,High_Risk,maize
D:\Download1\archive (1)\Corn Disease detection\Infected\20200701_091404.jpg,Infected,High_Risk,maize
D:\Download1\archive (1)\Corn Disease detection\Infected\20200701_091407.jpg,Infected,High_Risk,maize
D:\Download1\archive (1)\Corn Disease detection\Infected\20200701_091410.jpg,Infected,High_Risk,maize
D:\Download1\archive (1)\Corn Disease detection\Infected\20200701_091414.jpg,Infected,High_Risk,maize
D:\Download1\archive (1)\Corn Disease detection\Infected\20200701_091419.jpg,Infected,High_Risk,maize
D:\Download1\archive (1)\Corn Disease detection\Infected\20200701_091422.jpg,Infected,High_Risk,maize
D:\Download1\archive (1)\Corn Disease detection\Infected\20200701_091428.jpg,Infected,High_Risk,maize
D:\Download1\archive (1)\Corn Disease detection\Infected\20200701_091432.jpg,Infected,High_Risk,maize
D:\Download1\archive (1)\Corn Disease detection\Infected\20200701_091435.jpg,Infected,High_Risk,maize
D:\Download1\archive (1)\Corn Disease detection\Infected\20200701_091439.jpg,Infected,High_Risk,maize
D:\Download1\archive (1)\Corn Disease detection\Infected\20200701_091442.jpg,Infected,High_Risk,maize
D:\Download1\archive (1)\Corn Disease detection\Infected\20200701_091445.jpg,Infected,High_Risk,maize
D:\Download1\archive (1)\Corn Disease detection\Infected\20200701_091448.jpg,Infected,High_Risk,maize
D:\Download1\archive (1)\Corn Disease detection\Infected\20200701_091451.jpg,Infected,High_Risk,maize
D:\Download1\archive (1)\Corn Disease detection\Infected\20200701_091455.jpg,Infected,High_Risk,maize
D:\Download1\archive (1)\Corn Disease detection\Infected\20200701_091457.jpg,Infected,High_Risk,maize
D:\Download1\archive (1)\Corn Disease detection\Infected\20200701_091459.jpg,Infected,High_Risk,maize
D:\Download1\archive (1)\Corn Disease detection\Infected\20200701_091504.jpg,Infected,High_Risk,maize
D:\Download1\archive (1)\Corn Disease detection\Infected\20200701_091509.jpg,Infected,High_Risk,maize
D:\Download1\archive (1)\Corn Disease detection\Infected\20200701_091512.jpg,Infected,High_Risk,maize
D:\Download1\archive (1)\Corn Disease detection\Infected\20200701_091515.jpg,Infected,High_Risk,maize
D:\Download1\archive (1)\Corn Disease detection\Infected\20200701_091520.jpg,Infected,High_Risk,maize
D:\Download1\archive (1)\Corn Disease detection\Infected\20200701_091528.jpg,Infected,High_Risk,maize
D:\Download1\archive (1)\Corn Disease detection\Infected\20200701_091530.jpg,Infected,High_Risk,maize
D:\Download1\archive (1)\Corn Disease detection\Infected\20200701_091534.jpg,Infected,High_Risk,maize
D:\Download1\archive (1)\Corn Disease detection\Infected\20200701_091535.jpg,Infected,High_Risk,maize
D:\Download1\archive (1)\Corn Disease detection\Infected\20200701_091539.jpg,Infected,High_Risk,maize
D:\Download1\archive (1)\Corn Disease detection\Infected\20200701_091541.jpg,Infected,High_Risk,maize
D:\Download1\archive (1)\Corn Disease detection\Infected\20200701_091547.jpg,Infected,High_Risk,maize
D:\Download1\archive (1)\Corn Disease detection\Infected\20200701_091549.jpg,Infected,High_Risk,maize
D:\Download1\archive (1)\Corn Disease detection\Infected\20200701_091552.jpg,Infected,High_Risk,maize
D:\Download1\archive (1)\Corn Disease detection\Infected\20200701_091554.jpg,Infected,High_Risk,maize
D:\Download1\archive (1)\Corn Disease detection\Infected\20200701_091557.jpg,Infected,High_Risk,maize
D:\Download1\archive (1)\Corn Disease detection\Infected\20200701_091605.jpg,Infected,High_Risk,maize
D:\Download1\archive (1)\Corn Disease detection\Infected\20200701_091609.jpg,Infected,High_Risk,maize
D:\Download1\archive (1)\Corn Disease detection\Infected\20200701_091612.jpg,Infected,High_Risk,maize
D:\Download1\archive (1)\Corn Disease detection\Infected\20200701_091615.jpg,Infected,High_Risk,maize
D:\Download1\archive (1)\Corn Disease detection\Infected\20200701_091618.jpg,Infected,High_Risk,maize
D:\Download1\archive (1)\Corn Disease detection\Infected\20200701_091621.jpg,Infected,High_Risk,maize
D:\Download1\archive (1)\Corn Disease detection\Infected\20200701_091627.jpg,Infected,High_Risk,maize
D:\Download1\archive (1)\Corn Disease detection\Infected\20200701_091631.jpg,Infected,High_Risk,maize
D:\Download1\archive (1)\Corn Disease detection\Infected\20200701_091637.jpg,Infected,High_Risk,maize
D:\Download1\archive (1)\Corn Disease detection\Infected\20200701_091645.jpg,Infected,High_Risk,maize
D:\Download1\archive (1)\Corn Disease detection\Infected\20200701_091646.jpg,Infected,High_Risk,maize
D:\Download1\archive (1)\Corn Disease detection\Infected\20200701_091651.jpg,Infected,High_Risk,maize
D:\Download1\archive (1)\Corn Disease detection\Infected\20200701_091653.jpg,Infected,High_Risk,maize
D:\Download1\archive (1)\Corn Disease detection\Infected\20200701_091655.jpg,Infected,High_Risk,maize
D:\Download1\archive (1)\Corn Disease detection\Infected\20200701_091658.jpg,Infected,High_Risk,maize
D:\Download1\archive (1)\Corn Disease detection\Infected\20200701_091700.jpg,Infected,High_Risk,maize
D:\Download1\archive (1)\Corn Disease detection\Infected\20200701_091703.jpg,Infected,High_Risk,maize
D:\Download1\archive (1)\Corn Disease detection\Infected\20200701_091706.jpg,Infected,High_Risk,maize
D:\Download1\archive (1)\Corn Disease detection\Infected\20200701_091709.jpg,Infected,High_Risk,maize
D:\Download1\archive (1)\Corn Disease detection\Infected\20200701_091711.jpg,Infected,High_Risk,maize
D:\Download1\archive (1)\Corn Disease detection\Infected\20200701_091715.jpg,Infected,High_Risk,maize
D:\Download1\archive (1)\Corn Disease detection\Infected\20200701_091716.jpg,Infected,High_Risk,maize
D:\Download1\archive (1)\Corn Disease detection\Infected\20200701_091720.jpg,Infected,High_Risk,maize
D:\Download1\archive (1)\Corn Disease detection\Infected\20200701_091726.jpg,Infected,High_Risk,maize
D:\Download1\archive (1)\Corn Disease detection\Infected\20200701_091729.jpg,Infected,High_Risk,maize
D:\Download1\archive (1)\Corn Disease detection\Infected\20200701_091731.jpg,Infected,High_Risk,maize
D:\Download1\archive (1)\Corn Disease detection\Infected\20200701_091733.jpg,Infected,High_Risk,maize
D:\Download1\archive (1)\Corn Disease detection\Infected\20200701_091738.jpg,Infected,High_Risk,maize
D:\Download1\archive (1)\Corn Disease detection\Infected\20200701_091745.jpg,Infected,High_Risk,maize
D:\Download1\archive (1)\Corn Disease detection\Infected\20200701_091749.jpg,Infected,High_Risk,maize
D:\Download1\archive (1)\Corn Disease detection\Infected\20200701_091753.jpg,Infected,High_Risk,maize
D:\Download1\archive (1)\Corn Disease detection\Infected\20200701_091755.jpg,Infected,High_Risk,maize
D:\Download1\archive (1)\Corn Disease detection\Infected\20200701_091801.jpg,Infected,High_Risk,maize
D:\Download1\archive (1)\Corn Disease detection\Infected\20200701_091806.jpg,Infected,High_Risk,maize
D:\Download1\archive (1)\Corn Disease detection\Infected\20200701_091808.jpg,Infected,High_Risk,maize
D:\Download1\archive (1)\Corn Disease detection\Infected\20200701_091812.jpg,Infected,High_Risk,maize
D:\Download1\archive (1)\Corn Disease detection\Infected\20200701_091816.jpg,Infected,High_Risk,maize
D:\Download1\archive (1)\Corn Disease detection\Infected\20200701_091822.jpg,Infected,High_Risk,maize
D:\Download1\archive (1)\Corn Disease detection\Infected\20200701_091824.jpg,Infected,High_Risk,maize
D:\Download1\archive (1)\Corn Disease detection\Infected\20200701_091827.jpg,Infected,High_Risk,maize
D:\Download1\archive (1)\Corn Disease detection\Infected\20200701_091831.jpg,Infected,High_Risk,maize
D:\Download1\archive (1)\Corn Disease detection\Infected\20200701_091837.jpg,Infected,High_Risk,maize
D:\Download1\archive (1)\Corn Disease detection\Infected\20200701_091844.jpg,Infected,High_Risk,maize
D:\Download1\archive (1)\Corn Disease detection\Infected\20200701_091847.jpg,Infected,High_Risk,maize
D:\Download1\archive (1)\Corn Disease detection\Infected\20200701_091849.jpg,Infected,High_Risk,maize
D:\Download1\archive (1)\Corn Disease detection\Infected\20200701_091852.jpg,Infected,High_Risk,maize
D:\Download1\archive (1)\Corn Disease detection\Infected\20200701_091856.jpg,Infected,High_Risk,maize
D:\Download1\archive (1)\Corn Disease detection\Infected\20200701_091900.jpg,Infected,High_Risk,maize
D:\Download1\archive (1)\Corn Disease detection\Infected\20200701_091906.jpg,Infected,High_Risk,maize
D:\Download1\archive (1)\Corn Disease detection\Infected\20200701_091910.jpg,Infected,High_Risk,maize
D:\Download1\archive (1)\Corn Disease detection\Infected\20200701_091912.jpg,Infected,High_Risk,maize
D:\Download1\archive (1)\Corn Disease detection\Infected\20200701_092528.jpg,Infected,High_Risk,maize
D:\Download1\archive (1)\Corn Disease detection\Infected\20200701_092531.jpg,Infected,High_Risk,maize
D:\Download1\archive (1)\Corn Disease detection\Infected\20200701_092533.jpg,Infected,High_Risk,maize
D:\Download1\archive (1)\Corn Disease detection\Infected\20200701_092535.jpg,Infected,High_Risk,maize
D:\Download1\archive (1)\Corn Disease detection\Infected\20200701_092538.jpg,Infected,High_Risk,maize
D:\Download1\archive (1)\Corn Disease detection\Infected\20200701_092541.jpg,Infected,High_Risk,maize
D:\Download1\archive (1)\Corn Disease detection\Infected\20200701_092544.jpg,Infected,High_Risk,maize
D:\Download1\archive (1)\Corn Disease detection\Infected\20200701_092548.jpg,Infected,High_Risk,maize
D:\Download1\archive (1)\Corn Disease detection\Infected\20200701_092550.jpg,Infected,High_Risk,maize
D:\Download1\archive (1)\Corn Disease detection\Infected\20200701_092552.jpg,Infected,High_Risk,maize
D:\Download1\archive (1)\Corn Disease detection\Infected\20200701_092553.jpg,Infected,High_Risk,maize
D:\Download1\archive (1)\Corn Disease detection\Infected\20200701_092558.jpg,Infected,High_Risk,maize
D:\Download1\archive (1)\Corn Disease detection\Infected\20200701_092600.jpg,Infected,High_Risk,maize
D:\Download1\archive (1)\Corn Disease detection\Infected\20200701_092602.jpg,Infected,High_Risk,maize
D:\Download1\archive (1)\Corn Disease detection\Infected\20200701_092607.jpg,Infected,High_Risk,maize
D:\Download1\archive (1)\Corn Disease detection\Infected\20200701_092609.jpg,Infected,High_Risk,maize
D:\Download1\archive (1)\Corn Disease detection\Infected\20200701_092611.jpg,Infected,High_Risk,maize
D:\Download1\archive (1)\Corn Disease detection\Infected\20200701_092616.jpg,Infected,High_Risk,maize
D:\Download1\archive (1)\Corn Disease detection\Infected\20200701_092622.jpg,Infected,High_Risk,maize
D:\Download1\archive (1)\Corn Disease detection\Infected\20200701_092626.jpg,Infected,High_Risk,maize
D:\Download1\archive (1)\Corn Disease detection\Infected\20200701_092628.jpg,Infected,High_Risk,maize
D:\Download1\archive (1)\Corn Disease detection\Infected\20200701_092631.jpg,Infected,High_Risk,maize
D:\Download1\archive (1)\Corn Disease detection\Infected\20200701_092638.jpg,Infected,High_Risk,maize
D:\Download1\archive (1)\Corn Disease detection\Infected\20200701_092639.jpg,Infected,High_Risk,maize
D:\Download1\archive (1)\Corn Disease detection\Infected\20200701_092646.jpg,Infected,High_Risk,maize
D:\Download1\archive (1)\Corn Disease detection\Infected\20200701_092650.jpg,Infected,High_Risk,maize
D:\Download1\archive (1)\Corn Disease detection\Infected\20200701_092653.jpg,Infected,High_Risk,maize
D:\Download1\archive (1)\Corn Disease detection\Infected\20200701_092659.jpg,Infected,High_Risk,maize
D:\Download1\archive (1)\Corn Disease detection\Infected\20200701_092705.jpg,Infected,High_Risk,maize
D:\Download1\archive (1)\Corn Disease detection\Infected\20200701_092707.jpg,Infected,High_Risk,maize
D:\Download1\archive (1)\Corn Disease detection\Infected\20200701_092721.jpg,Infected,High_Risk,maize
D:\Download1\archive (1)\Corn Disease detection\Infected\20200701_092728.jpg,Infected,High_Risk,maize
D:\Download1\archive (1)\Corn Disease detection\Infected\20200701_092731.jpg,Infected,High_Risk,maize
D:\Download1\archive (1)\Corn Disease detection\Infected\20200701_092733.jpg,Infected,High_Risk,maize
D:\Download1\archive (1)\Corn Disease detection\Infected\20200701_092743.jpg,Infected,High_Risk,maize
D:\Download1\archive (1)\Corn Disease detection\Infected\20200701_092746.jpg,Infected,High_Risk,maize
D:\Download1\archive (1)\Corn Disease detection\Infected\20200701_092749.jpg,Infected,High_Risk,maize
D:\Download1\archive (1)\Corn Disease detection\Infected\20200701_092755.jpg,Infected,High_Risk,maize
D:\Download1\archive (1)\Corn Disease detection\Infected\20200701_092758.jpg,Infected,High_Risk,maize
D:\Download1\archive (1)\Corn Disease detection\Infected\20200701_092801.jpg,Infected,High_Risk,maize
D:\Download1\archive (1)\Corn Disease detection\Infected\20200701_092809.jpg,Infected,High_Risk,maize
D:\Download1\archive (1)\Corn Disease detection\Infected\20200701_092811.jpg,Infected,High_Risk,maize
D:\Download1\archive (1)\Corn Disease detection\Infected\20200701_092814.jpg,Infected,High_Risk,maize
D:\Download1\archive (1)\Corn Disease detection\Infected\20200701_092816.jpg,Infected,High_Risk,maize
D:\Download1\archive (1)\Corn Disease detection\Infected\20200701_092820.jpg,Infected,High_Risk,maize
D:\Download1\archive (1)\Corn Disease detection\Infected\20200701_092823.jpg,Infected,High_Risk,maize
D:\Download1\archive (1)\Corn Disease detection\Infected\20200701_092828.jpg,Infected,High_Risk,maize
D:\Download1\archive (1)\Corn Disease detection\Infected\20200701_092832.jpg,Infected,High_Risk,maize
D:\Download1\archive (1)\Corn Disease detection\Infected\20200701_092835.jpg,Infected,High_Risk,maize
D:\Download1\archive (1)\Corn Disease detection\Infected\20200701_092837.jpg,Infected,High_Risk,maize
D:\Download1\archive (1)\Corn Disease detection\Infected\20200701_092839.jpg,Infected,High_Risk,maize
D:\Download1\archive (1)\Corn Disease detection\Infected\20200701_092850.jpg,Infected,High_Risk,maize
D:\Download1\archive (1)\Corn Disease detection\Infected\20200701_092857.jpg,Infected,High_Risk,maize
D:\Download1\archive (1)\Corn Disease detection\Infected\20200701_092901.jpg,Infected,High_Risk,maize
D:\Download1\archive (1)\Corn Disease detection\Infected\20200701_092903.jpg,Infected,High_Risk,maize
D:\Download1\archive (1)\Corn Disease detection\Infected\20200701_092908.jpg,Infected,High_Risk,maize
D:\Download1\archive (1)\Corn Disease detection\Infected\20200701_092911.jpg,Infected,High_Risk,maize
D:\Download1\archive (1)\Corn Disease detection\Infected\20200701_092917.jpg,Infected,High_Risk,maize
D:\Download1\archive (1)\Corn Disease detection\Infected\20200701_092920.jpg,Infected,High_Risk,maize
D:\Download1\archive (1)\Corn Disease detection\Infected\20200701_092924.jpg,Infected,High_Risk,maize
D:\Download1\archive (1)\Corn Disease detection\Infected\20200701_092936.jpg,Infected,High_Risk,maize
D:\Download1\archive (1)\Corn Disease detection\Infected\20200701_092940.jpg,Infected,High_Risk,maize
D:\Download1\archive (1)\Corn Disease detection\Infected\20200701_092945.jpg,Infected,High_Risk,maize
D:\Download1\archive (1)\Corn Disease detection\Infected\20200701_092951.jpg,Infected,High_Risk,maize
D:\Download1\archive (1)\Corn Disease detection\Infected\20200701_092956.jpg,Infected,High_Risk,maize
D:\Download1\archive (1)\Corn Disease detection\Infected\20200701_093002.jpg,Infected,High_Risk,maize
D:\Download1\archive (1)\Corn Disease detection\Infected\20200701_093004.jpg,Infected,High_Risk,maize
D:\Download1\archive (1)\Corn Disease detection\Infected\20200701_093007.jpg,Infected,High_Risk,maize
D:\Download1\archive (1)\Corn Disease detection\Infected\20200701_093010.jpg,Infected,High_Risk,maize
D:\Download1\archive (1)\Corn Disease detection\Infected\20200701_093013.jpg,Infected,High_Risk,maize
D:\Download1\archive (1)\Corn Disease detection\Infected\20200701_093016.jpg,Infected,High_Risk,maize
D:\Download1\archive (1)\Corn Disease detection\Infected\20200701_093018.jpg,Infected,High_Risk,maize
D:\Download1\archive (1)\Corn Disease detection\Infected\20200701_093020.jpg,Infected,High_Risk,maize
D:\Download1\archive (1)\Corn Disease detection\Infected\20200701_093026.jpg,Infected,High_Risk,maize
D:\Download1\archive (1)\Corn Disease detection\Infected\20200701_093030.jpg,Infected,High_Risk,maize
D:\Download1\archive (1)\Corn Disease detection\Infected\20200701_093033.jpg,Infected,High_Risk,maize
D:\Download1\archive (1)\Corn Disease detection\Infected\20200701_093036.jpg,Infected,High_Risk,maize
D:\Download1\archive (1)\Corn Disease detection\Infected\20200701_093043.jpg,Infected,High_Risk,maize
D:\Download1\archive (1)\Corn Disease detection\Infected\20200701_093048.jpg,Infected,High_Risk,maize
D:\Download1\archive (1)\Corn Disease detection\Infected\20200701_093053.jpg,Infected,High_Risk,maize
D:\Download1\archive (1)\Corn Disease detection\Infected\20200701_093100.jpg,Infected,High_Risk,maize
D:\Download1\archive (1)\Corn Disease detection\Infected\20200701_093103.jpg,Infected,High_Risk,maize
D:\Download1\archive (1)\Corn Disease detection\Infected\20200701_093105.jpg,Infected,High_Risk,maize
D:\Download1\archive (1)\Corn Disease detection\Infected\20200701_093108.jpg,Infected,High_Risk,maize
D:\Download1\archive (1)\Corn Disease detection\Infected\20200701_093113.jpg,Infected,High_Risk,maize
D:\Download1\archive (1)\Corn Disease detection\Infected\20200701_093114.jpg,Infected,High_Risk,maize
D:\Download1\archive (1)\Corn Disease detection\Infected\20200701_093116.jpg,Infected,High_Risk,maize
D:\Download1\archive (1)\Corn Disease detection\Infected\20200701_093123.jpg,Infected,High_Risk,maize
D:\Download1\archive (1)\Corn Disease detection\Infected\20200701_093126.jpg,Infected,High_Risk,maize
D:\Download1\archive (1)\Corn Disease detection\Infected\20200701_093129.jpg,Infected,High_Risk,maize
D:\Download1\archive (1)\Corn Disease detection\Infected\20200701_093133.jpg,Infected,High_Risk,maize
D:\Download1\archive (1)\Corn Disease detection\Infected\20200701_093137.jpg,Infected,High_Risk,maize
D:\Download1\archive (1)\Corn Disease detection\Infected\20200701_093140.jpg,Infected,High_Risk,maize
D:\Download1\archive (1)\Corn Disease detection\Infected\20200701_093142.jpg,Infected,High_Risk,maize
D:\Download1\archive (1)\Corn Disease detection\Infected\20200701_093146.jpg,Infected,High_Risk,maize
D:\Download1\archive (1)\Corn Disease detection\Infected\20200701_093149.jpg,Infected,High_Risk,maize
D:\Download1\archive (1)\Corn Disease detection\Infected\20200701_093156.jpg,Infected,High_Risk,maize
D:\Download1\archive (1)\Corn Disease detection\Infected\20200701_093201.jpg,Infected,High_Risk,maize
D:\Download1\archive (1)\Corn Disease detection\Infected\20200701_093204.jpg,Infected,High_Risk,maize
D:\Download1\archive (1)\Corn Disease detection\Infected\20200701_093207.jpg,Infected,High_Risk,maize
D:\Download1\archive (1)\Corn Disease detection\Infected\20200701_093211.jpg,Infected,High_Risk,maize
D:\Download1\archive (1)\Corn Disease detection\Infected\20200701_093215.jpg,Infected,High_Risk,maize
D:\Download1\archive (1)\Corn Disease detection\Infected\20200701_093216.jpg,Infected,High_Risk,maize
D:\Download1\archive (1)\Corn Disease detection\Infected\20200701_093222.jpg,Infected,High_Risk,maize
D:\Download1\archive (1)\Corn Disease detection\Infected\20200701_093228.jpg,Infected,High_Risk,maize
D:\Download1\archive (1)\Corn Disease detection\Infected\20200701_093229.jpg,Infected,High_Risk,maize
D:\Download1\archive (1)\Corn Disease detection\Infected\20200701_093231.jpg,Infected,High_Risk,maize
D:\Download1\archive (1)\Corn Disease detection\Infected\20200701_093233.jpg,Infected,High_Risk,maize
D:\Download1\archive (1)\Corn Disease detection\Infected\20200701_093235.jpg,Infected,High_Risk,maize
D:\Download1\archive (1)\Corn Disease detection\Infected\20200701_093240.jpg,Infected,High_Risk,maize
D:\Download1\archive (1)\Corn Disease detection\Infected\20200701_093244.jpg,Infected,High_Risk,maize
D:\Download1\archive (1)\Corn Disease detection\Infected\20200701_093251.jpg,Infected,High_Risk,maize
D:\Download1\archive (1)\Corn Disease detection\Infected\20200701_093257.jpg,Infected,High_Risk,maize
D:\Download1\archive (1)\Corn Disease detection\Infected\20200701_093305.jpg,Infected,High_Risk,maize
D:\Download1\archive (1)\Corn Disease detection\Infected\20200701_093309.jpg,Infected,High_Risk,maize
D:\Download1\archive (1)\Corn Disease detection\Infected\20200701_093311.jpg,Infected,High_Risk,maize
D:\Download1\archive (1)\Corn Disease detection\Infected\20200701_093316.jpg,Infected,High_Risk,maize
D:\Download1\archive (1)\Corn Disease detection\Infected\20200701_093319.jpg,Infected,High_Risk,maize
D:\Download1\archive (1)\Corn Disease detection\Infected\20200701_093322.jpg,Infected,High_Risk,maize
D:\Download1\archive (1)\Corn Disease detection\Infected\20200701_093324.jpg,Infected,High_Risk,maize
D:\Download1\archive (1)\Corn Disease detection\Infected\20200701_093327.jpg,Infected,High_Risk,maize
D:\Download1\archive (1)\Corn Disease detection\Infected\20200701_093331.jpg,Infected,High_Risk,maize
D:\Download1\archive (1)\Corn Disease detection\Infected\20200701_093340.jpg,Infected,High_Risk,maize
D:\Download1\archive (1)\Corn Disease detection\Infected\20200701_093348.jpg,Infected,High_Risk,maize
D:\Download1\archive (1)\Corn Disease detection\Infected\20200701_093352.jpg,Infected,High_Risk,maize
D:\Download1\archive (1)\Corn Disease detection\Infected\20200701_093356.jpg,Infected,High_Risk,maize
D:\Download1\archive (1)\Corn Disease detection\Infected\20200701_093400.jpg,Infected,High_Risk,maize
D:\Download1\archive (1)\Corn Disease detection\Infected\20200701_093405.jpg,Infected,High_Risk,maize
D:\Download1\archive (1)\Corn Disease detection\Infected\20200701_093412.jpg,Infected,High_Risk,maize
D:\Download1\archive (1)\Corn Disease detection\Infected\20200701_093419.jpg,Infected,High_Risk,maize
D:\Download1\archive (1)\Corn Disease detection\Infected\20200701_093422.jpg,Infected,High_Risk,maize
D:\Download1\archive (1)\Corn Disease detection\Infected\20200701_093425.jpg,Infected,High_Risk,maize
D:\Download1\archive (1)\Corn Disease detection\Infected\20200701_093428.jpg,Infected,High_Risk,maize
D:\Download1\archive (1)\Corn Disease detection\Infected\20200701_093436.jpg,Infected,High_Risk,maize
D:\Download1\archive (1)\Corn Disease detection\Infected\20200701_093438.jpg,Infected,High_Risk,maize
D:\Download1\archive (1)\Corn Disease detection\Infected\20200701_093445.jpg,Infected,High_Risk,maize
D:\Download1\archive (1)\Corn Disease detection\Infected\20200701_093448.jpg,Infected,High_Risk,maize
D:\Download1\archive (1)\Corn Disease detection\Infected\20200701_093450.jpg,Infected,High_Risk,maize
D:\Download1\archive (1)\Corn Disease detection\Infected\20200701_093454.jpg,Infected,High_Risk,maize
D:\Download1\archive (1)\Corn Disease detection\Infected\20200701_093456.jpg,Infected,High_Risk,maize
D:\Download1\archive (1)\Corn Disease detection\Infected\20200701_093501.jpg,Infected,High_Risk,maize
D:\Download1\archive (1)\Corn Disease detection\Infected\20200701_093505.jpg,Infected,High_Risk,maize
D:\Download1\archive (1)\Corn Disease detection\Infected\20200701_093509.jpg,Infected,High_Risk,maize
D:\Download1\archive (1)\Corn Disease detection\Infected\20200701_093513.jpg,Infected,High_Risk,maize
D:\Download1\archive (1)\Corn Disease detection\Infected\20200701_093514.jpg,Infected,High_Risk,maize
D:\Download1\archive (1)\Corn Disease detection\Infected\20200701_093516.jpg,Infected,High_Risk,maize
D:\Download1\archive (1)\Corn Disease detection\Infected\20200701_093520.jpg,Infected,High_Risk,maize
D:\Download1\archive (1)\Corn Disease detection\Infected\20200701_093522.jpg,Infected,High_Risk,maize
D:\Download1\archive (1)\Corn Disease detection\Infected\20200701_093524.jpg,Infected,High_Risk,maize
D:\Download1\archive (1)\Corn Disease detection\Infected\20200701_093529.jpg,Infected,High_Risk,maize
D:\Download1\archive (1)\Corn Disease detection\Infected\20200701_093535.jpg,Infected,High_Risk,maize
D:\Download1\archive (1)\Corn Disease detection\Infected\20200701_093544.jpg,Infected,High_Risk,maize
D:\Download1\archive (1)\Corn Disease detection\Infected\20200701_093551.jpg,Infected,High_Risk,maize
D:\Download1\archive (1)\Corn Disease detection\Infected\20200701_093557.jpg,Infected,High_Risk,maize
D:\Download1\archive (1)\Corn Disease detection\Infected\20200701_093600.jpg,Infected,High_Risk,maize
D:\Download1\archive (1)\Corn Disease detection\Infected\20200701_093607.jpg,Infected,High_Risk,maize
D:\Download1\archive (1)\Corn Disease detection\Infected\20200701_093612.jpg,Infected,High_Risk,maize
D:\Download1\archive (1)\Corn Disease detection\Infected\20200701_093617.jpg,Infected,High_Risk,maize
D:\Download1\archive (1)\Corn Disease detection\Infected\20200701_093621.jpg,Infected,High_Risk,maize
D:\Download1\archive (1)\Corn Disease detection\Infected\20200701_093625.jpg,Infected,High_Risk,maize
D:\Download1\archive (1)\Corn Disease detection\Infected\20200701_093628.jpg,Infected,High_Risk,maize
D:\Download1\archive (1)\Corn Disease detection\Infected\20200701_093632.jpg,Infected,High_Risk,maize
D:\Download1\archive (1)\Corn Disease detection\Infected\20200701_093635.jpg,Infected,High_Risk,maize
D:\Download1\archive (1)\Corn Disease detection\Infected\20200701_093638.jpg,Infected,High_Risk,maize
D:\Download1\archive (1)\Corn Disease detection\Infected\20200701_093642.jpg,Infected,High_Risk,maize
D:\Download1\archive (1)\Corn Disease detection\Infected\20200701_093645.jpg,Infected,High_Risk,maize
D:\Download1\archive (1)\Corn Disease detection\Infected\20200701_093648.jpg,Infected,High_Risk,maize
D:\Download1\archive (1)\Corn Disease detection\Infected\20200701_093650.jpg,Infected,High_Risk,maize
D:\Download1\archive (1)\Corn Disease detection\Infected\20200701_093654.jpg,Infected,High_Risk,maize
D:\Download1\archive (1)\Corn Disease detection\Infected\20200701_093657.jpg,Infected,High_Risk,maize
D:\Download1\archive (1)\Corn Disease detection\Infected\20200701_093701.jpg,Infected,High_Risk,maize
D:\Download1\archive (1)\Corn Disease detection\Infected\20200701_093704.jpg,Infected,High_Risk,maize
D:\Download1\archive (1)\Corn Disease detection\Infected\20200701_093707.jpg,Infected,High_Risk,maize
D:\Download1\archive (1)\Corn Disease detection\Infected\20200701_093710.jpg,Infected,High_Risk,maize
D:\Download1\archive (1)\Corn Disease detection\Infected\20200701_093717.jpg,Infected,High_Risk,maize
D:\Download1\archive (1)\Corn Disease detection\Infected\20200701_093723.jpg,Infected,High_Risk,maize
D:\Download1\archive (1)\Corn Disease detection\Infected\20200701_093726.jpg,Infected,High_Risk,maize
D:\Download1\archive (1)\Corn Disease detection\Infected\20200701_093730.jpg,Infected,High_Risk,maize
D:\Download1\archive (1)\Corn Disease detection\Infected\20200701_093735.jpg,Infected,High_Risk,maize
D:\Download1\archive (1)\Corn Disease detection\Infected\20200701_093739.jpg,Infected,High_Risk,maize
D:\Download1\archive (1)\Corn Disease detection\Infected\20200701_093742.jpg,Infected,High_Risk,maize
D:\Download1\archive (1)\Corn Disease detection\Infected\20200701_093746.jpg,Infected,High_Risk,maize
D:\Download1\archive (1)\Corn Disease detection\Infected\20200701_093752.jpg,Infected,High_Risk,maize
D:\Download1\archive (1)\Corn Disease detection\Infected\20200701_093755.jpg,Infected,High_Risk,maize
D:\Download1\archive (1)\Corn Disease detection\Infected\20200701_093759.jpg,Infected,High_Risk,maize
D:\Download1\archive (1)\Corn Disease detection\Infected\20200701_093803.jpg,Infected,High_Risk,maize
D:\Download1\archive (1)\Corn Disease detection\Infected\20200701_093805.jpg,Infected,High_Risk,maize
D:\Download1\archive (1)\Corn Disease detection\Infected\20200701_093808.jpg,Infected,High_Risk,maize
D:\Download1\archive (1)\Corn Disease detection\Infected\20200701_093810.jpg,Infected,High_Risk,maize
D:\Download1\archive (1)\Corn Disease detection\Infected\20200701_093815.jpg,Infected,High_Risk,maize
D:\Download1\archive (1)\Corn Disease detection\Infected\20200701_093822.jpg,Infected,High_Risk,maize
D:\Download1\archive (1)\Corn Disease detection\Infected\20200701_093827.jpg,Infected,High_Risk,maize
D:\Download1\archive (1)\Corn Disease detection\Infected\20200701_093831.jpg,Infected,High_Risk,maize
D:\Download1\archive (1)\Corn Disease detection\Infected\20200701_093834.jpg,Infected,High_Risk,maize
D:\Download1\archive (1)\Corn Disease detection\Infected\20200701_093836.jpg,Infected,High_Risk,maize
D:\Download1\archive (1)\Corn Disease detection\Infected\20200701_093842.jpg,Infected,High_Risk,maize
D:\Download1\archive (1)\Corn Disease detection\Infected\20200701_093844.jpg,Infected,High_Risk,maize
D:\Download1\archive (1)\Corn Disease detection\Infected\20200701_093847.jpg,Infected,High_Risk,maize
D:\Download1\archive (1)\Corn Disease detection\Infected\20200701_093852.jpg,Infected,High_Risk,maize
D:\Download1\archive (1)\Corn Disease detection\Infected\20200701_093855.jpg,Infected,High_Risk,maize
D:\Download1\archive (1)\Corn Disease detection\Infected\20200701_093857.jpg,Infected,High_Risk,maize
D:\Download1\archive (1)\Corn Disease detection\Infected\20200701_093901.jpg,Infected,High_Risk,maize
D:\Download1\archive (1)\Corn Disease detection\Infected\20200701_093906.jpg,Infected,High_Risk,maize
D:\Download1\archive (1)\Corn Disease detection\Infected\20200701_093910.jpg,Infected,High_Risk,maize
D:\Download1\archive (1)\Corn Disease detection\Infected\20200701_093916.jpg,Infected,High_Risk,maize
D:\Download1\archive (1)\Corn Disease detection\Infected\20200701_093918.jpg,Infected,High_Risk,maize
D:\Download1\archive (1)\Corn Disease detection\Infected\20200701_093924.jpg,Infected,High_Risk,maize
D:\Download1\archive (1)\Corn Disease detection\Infected\20200701_093929.jpg,Infected,High_Risk,maize
D:\Download1\archive (1)\Corn Disease detection\Infected\20200701_093934.jpg,Infected,High_Risk,maize
D:\Download1\archive (1)\Corn Disease detection\Infected\20200701_093938.jpg,Infected,High_Risk,maize
D:\Download1\archive (1)\Corn Disease detection\Infected\20200701_093940.jpg,Infected,High_Risk,maize
D:\Download1\archive (1)\Corn Disease detection\Infected\20200701_093945.jpg,Infected,High_Risk,maize
D:\Download1\archive (1)\Corn Disease detection\Infected\20200701_093948.jpg,Infected,High_Risk,maize
D:\Download1\archive (1)\Corn Disease detection\Infected\20200701_093950.jpg,Infected,High_Risk,maize
D:\Download1\archive (1)\Corn Disease detection\Infected\20200701_093955.jpg,Infected,High_Risk,maize
D:\Download1\archive (1)\Corn Disease detection\Infected\20200701_094000.jpg,Infected,High_Risk,maize
D:\Download1\archive (1)\Corn Disease detection\Infected\20200701_094004.jpg,Infected,High_Risk,maize
D:\Download1\archive (1)\Corn Disease detection\Infected\20200701_094007.jpg,Infected,High_Risk,maize
D:\Download1\archive (1)\Corn Disease detection\Infected\20200701_094018.jpg,Infected,High_Risk,maize
D:\Download1\archive (1)\Corn Disease detection\Infected\20200701_094021.jpg,Infected,High_Risk,maize
D:\Download1\archive (1)\Corn Disease detection\Infected\20200701_094025.jpg,Infected,High_Risk,maize
D:\Download1\archive (1)\Corn Disease detection\Infected\20200701_094027.jpg,Infected,High_Risk,maize
D:\Download1\archive (1)\Corn Disease detection\Infected\20200701_094030.jpg,Infected,High_Risk,maize
D:\Download1\archive (1)\Corn Disease detection\Infected\20200701_094034.jpg,Infected,High_Risk,maize
D:\Download1\archive (1)\Corn Disease detection\Infected\20200701_094038.jpg,Infected,High_Risk,maize
D:\Download1\archive (1)\Corn Disease detection\Infected\20200701_094041.jpg,Infected,High_Risk,maize
D:\Download1\archive (1)\Corn Disease detection\Infected\20200701_094043.jpg,Infected,High_Risk,maize
D:\Download1\archive (1)\Corn Disease detection\Infected\20200701_094044.jpg,Infected,High_Risk,maize
D:\Download1\archive (1)\Corn Disease detection\Infected\20200701_094046.jpg,Infected,High_Risk,maize
D:\Download1\archive (1)\Corn Disease detection\Infected\20200701_094048.jpg,Infected,High_Risk,maize
D:\Download1\archive (1)\Corn Disease detection\Infected\20200701_094049.jpg,Infected,High_Risk,maize
D:\Download1\archive (1)\Corn Disease detection\Infected\20200701_094051.jpg,Infected,High_Risk,maize
D:\Download1\archive (1)\Corn Disease detection\Infected\20200701_094054.jpg,Infected,High_Risk,maize
D:\Download1\archive (1)\Corn Disease detection\Infected\20200701_094101(0).jpg,Infected,High_Risk,maize
D:\Download1\archive (1)\Corn Disease detection\Infected\20200701_094101.jpg,Infected,High_Risk,maize
D:\Download1\archive (1)\Corn Disease detection\Infected\20200701_094103.jpg,Infected,High_Risk,maize
D:\Download1\archive (1)\Corn Disease detection\Infected\20200701_094106.jpg,Infected,High_Risk,maize
D:\Download1\archive (1)\Corn Disease detection\Infected\20200701_094108.jpg,Infected,High_Risk,maize
D:\Download1\archive (1)\Corn Disease detection\Infected\20200701_094111.jpg,Infected,High_Risk,maize
D:\Download1\archive (1)\Corn Disease detection\Infected\20200701_094116.jpg,Infected,High_Risk,maize
D:\Download1\archive (1)\Corn Disease detection\Infected\20200701_094121.jpg,Infected,High_Risk,maize
D:\Download1\archive (1)\Corn Disease detection\Infected\20200701_094122.jpg,Infected,High_Risk,maize
D:\Download1\archive (1)\Corn Disease detection\Infected\20200701_094128.jpg,Infected,High_Risk,maize
D:\Download1\archive (1)\Corn Disease detection\Infected\20200701_094131.jpg,Infected,High_Risk,maize
D:\Download1\archive (1)\Corn Disease detection\Infected\20200701_094134.jpg,Infected,High_Risk,maize
D:\Download1\archive (1)\Corn Disease detection\Infected\20200701_094137.jpg,Infected,High_Risk,maize
D:\Download1\archive (1)\Corn Disease detection\Infected\20200701_094140.jpg,Infected,High_Risk,maize
D:\Download1\archive (1)\Corn Disease detection\Infected\20200701_094145.jpg,Infected,High_Risk,maize
D:\Download1\archive (1)\Corn Disease detection\Infected\20200701_094149.jpg,Infected,High_Risk,maize
D:\Download1\archive (1)\Corn Disease detection\Infected\20200701_094152.jpg,Infected,High_Risk,maize
D:\Download1\archive (1)\Corn Disease detection\Infected\20200701_094154.jpg,Infected,High_Risk,maize
D:\Download1\archive (1)\Corn Disease detection\Infected\20200701_094159.jpg,Infected,High_Risk,maize
D:\Download1\archive (1)\Corn Disease detection\Infected\20200701_094201.jpg,Infected,High_Risk,maize
D:\Download1\archive (1)\Corn Disease detection\Infected\20200701_094209.jpg,Infected,High_Risk,maize
D:\Download1\archive (1)\Corn Disease detection\Infected\20200701_094213.jpg,Infected,High_Risk,maize
D:\Download1\archive (1)\Corn Disease detection\Infected\20200701_094218.jpg,Infected,High_Risk,maize
D:\Download1\archive (1)\Corn Disease detection\Infected\20200701_094223.jpg,Infected,High_Risk,maize
D:\Download1\archive (1)\Corn Disease detection\Infected\20200701_094233.jpg,Infected,High_Risk,maize
D:\Download1\archive (1)\Corn Disease detection\Infected\20200701_094235.jpg,Infected,High_Risk,maize
D:\Download1\archive (1)\Corn Disease detection\Infected\20200701_094238.jpg,Infected,High_Risk,maize
D:\Download1\archive (1)\Corn Disease detection\Infected\20200701_094242.jpg,Infected,High_Risk,maize
D:\Download1\archive (1)\Corn Disease detection\Infected\20200701_094245.jpg,Infected,High_Risk,maize
D:\Download1\archive (1)\Corn Disease detection\Infected\20200701_094248.jpg,Infected,High_Risk,maize
D:\Download1\archive (1)\Corn Disease detection\Infected\20200701_094251.jpg,Infected,High_Risk,maize
D:\Download1\archive (1)\Corn Disease detection\Infected\20200701_094255.jpg,Infected,High_Risk,maize
D:\Download1\archive (1)\Corn Disease detection\Infected\20200701_094258.jpg,Infected,High_Risk,maize
D:\Download1\archive (1)\Corn Disease detection\Infected\20200701_094301.jpg,Infected,High_Risk,maize
D:\Download1\archive (1)\Corn Disease detection\Infected\20200701_094305.jpg,Infected,High_Risk,maize
D:\Download1\archive (1)\Corn Disease detection\Infected\20200701_094307.jpg,Infected,High_Risk,maize
D:\Download1\archive (1)\Corn Disease detection\Infected\20200701_094318.jpg,Infected,High_Risk,maize
D:\Download1\archive (1)\Corn Disease detection\Infected\20200701_094321.jpg,Infected,High_Risk,maize
D:\Download1\archive (1)\Corn Disease detection\Infected\20200701_094326.jpg,Infected,High_Risk,maize
D:\Download1\archive (1)\Corn Disease detection\Infected\20200701_094330.jpg,Infected,High_Risk,maize
D:\Download1\archive (1)\Corn Disease detection\Infected\20200701_094334.jpg,Infected,High_Risk,maize
D:\Download1\archive (1)\Corn Disease detection\Infected\20200701_094339.jpg,Infected,High_Risk,maize
D:\Download1\archive (1)\Corn Disease detection\Infected\20200701_094344.jpg,Infected,High_Risk,maize
D:\Download1\archive (1)\Corn Disease detection\Infected\20200701_094348.jpg,Infected,High_Risk,maize
D:\Download1\archive (1)\Corn Disease detection\Infected\20200701_094354.jpg,Infected,High_Risk,maize
D:\Download1\archive (1)\Corn Disease detection\Infected\20200701_094357.jpg,Infected,High_Risk,maize
D:\Download1\archive (1)\Corn Disease detection\Infected\20200701_094404.jpg,Infected,High_Risk,maize
D:\Download1\archive (1)\Corn Disease detection\Infected\20200701_094407.jpg,Infected,High_Risk,maize
D:\Download1\archive (1)\Corn Disease detection\Infected\20200701_094410.jpg,Infected,High_Risk,maize
D:\Download1\archive (1)\Corn Disease detection\Infected\20200701_094415.jpg,Infected,High_Risk,maize
D:\Download1\archive (1)\Corn Disease detection\Infected\20200701_094420.jpg,Infected,High_Risk,maize
D:\Download1\archive (1)\Corn Disease detection\Infected\20200701_094425.jpg,Infected,High_Risk,maize
D:\Download1\archive (1)\Corn Disease detection\Infected\20200701_094429.jpg,Infected,High_Risk,maize
D:\Download1\archive (1)\Corn Disease detection\Infected\20200701_094433.jpg,Infected,High_Risk,maize
D:\Download1\archive (1)\Corn Disease detection\Infected\20200701_094436.jpg,Infected,High_Risk,maize
D:\Download1\archive (1)\Corn Disease detection\Infected\20200701_094441.jpg,Infected,High_Risk,maize
D:\Download1\archive (1)\Corn Disease detection\Infected\20200701_094443.jpg,Infected,High_Risk,maize
D:\Download1\archive (1)\Corn Disease detection\Infected\20200701_094445.jpg,Infected,High_Risk,maize
D:\Download1\archive (1)\Corn Disease detection\Infected\20200701_094448.jpg,Infected,High_Risk,maize
D:\Download1\archive (1)\Corn Disease detection\Infected\20200701_094450.jpg,Infected,High_Risk,maize
D:\Download1\archive (1)\Corn Disease detection\Infected\20200701_094452.jpg,Infected,High_Risk,maize
D:\Download1\archive (1)\Corn Disease detection\Infected\20200701_094454.jpg,Infected,High_Risk,maize
D:\Download1\archive (1)\Corn Disease detection\Infected\20200701_094458.jpg,Infected,High_Risk,maize
D:\Download1\archive (1)\Corn Disease detection\Infected\20200701_094500.jpg,Infected,High_Risk,maize
D:\Download1\archive (1)\Corn Disease detection\Infected\20200701_094502.jpg,Infected,High_Risk,maize
D:\Download1\archive (1)\Corn Disease detection\Infected\20200701_094504.jpg,Infected,High_Risk,maize
D:\Download1\archive (1)\Corn Disease detection\Infected\20200701_094509.jpg,Infected,High_Risk,maize
D:\Download1\archive (1)\Corn Disease detection\Infected\20200701_094511.jpg,Infected,High_Risk,maize
D:\Download1\archive (1)\Corn Disease detection\Infected\20200701_094516.jpg,Infected,High_Risk,maize
D:\Download1\archive (1)\Corn Disease detection\Infected\20200701_094518.jpg,Infected,High_Risk,maize
D:\Download1\archive (1)\Corn Disease detection\Infected\20200701_094521.jpg,Infected,High_Risk,maize
D:\Download1\archive (1)\Corn Disease detection\Infected\20200701_094524.jpg,Infected,High_Risk,maize
D:\Download1\archive (1)\Corn Disease detection\Infected\20200701_094526.jpg,Infected,High_Risk,maize
D:\Download1\archive (1)\Corn Disease detection\Infected\20200701_094528.jpg,Infected,High_Risk,maize
D:\Download1\archive (1)\Corn Disease detection\Infected\20200701_094529.jpg,Infected,High_Risk,maize
D:\Download1\archive (1)\Corn Disease detection\Infected\20200701_094531.jpg,Infected,High_Risk,maize
D:\Download1\archive (1)\Corn Disease detection\Infected\20200701_094533.jpg,Infected,High_Risk,maize
D:\Download1\archive (1)\Corn Disease detection\Infected\20200701_094535.jpg,Infected,High_Risk,maize
D:\Download1\archive (1)\Corn Disease detection\Infected\20200701_094538.jpg,Infected,High_Risk,maize
D:\Download1\archive (1)\Corn Disease detection\Infected\20200701_094543.jpg,Infected,High_Risk,maize
D:\Download1\archive (1)\Corn Disease detection\Infected\20200701_094545.jpg,Infected,High_Risk,maize
D:\Download1\archive (1)\Corn Disease detection\Infected\20200701_094546.jpg,Infected,High_Risk,maize
D:\Download1\archive (1)\Corn Disease detection\Infected\20200701_094548.jpg,Infected,High_Risk,maize
D:\Download1\archive (1)\Corn Disease detection\Infected\20200701_094550.jpg,Infected,High_Risk,maize
D:\Download1\archive (1)\Corn Disease detection\Infected\20200701_094552.jpg,Infected,High_Risk,maize
D:\Download1\archive (1)\Corn Disease detection\Infected\20200701_094554.jpg,Infected,High_Risk,maize
D:\Download1\archive (1)\Corn Disease detection\Infected\20200701_094558.jpg,Infected,High_Risk,maize
D:\Download1\archive (1)\Corn Disease detection\Infected\20200701_094602.jpg,Infected,High_Risk,maize
D:\Download1\archive (1)\Corn Disease detection\Infected\20200701_094606.jpg,Infected,High_Risk,maize
D:\Download1\archive (1)\Corn Disease detection\Infected\20200701_094608.jpg,Infected,High_Risk,maize
D:\Download1\archive (1)\Corn Disease detection\Infected\20200701_094610.jpg,Infected,High_Risk,maize
D:\Download1\archive (1)\Corn Disease detection\Infected\20200701_094615.jpg,Infected,High_Risk,maize
D:\Download1\archive (1)\Corn Disease detection\Infected\20200701_094621.jpg,Infected,High_Risk,maize
D:\Download1\archive (1)\Corn Disease detection\Infected\20200701_094626.jpg,Infected,High_Risk,maize
D:\Download1\archive (1)\Corn Disease detection\Infected\20200701_094630.jpg,Infected,High_Risk,maize
D:\Download1\archive (1)\Corn Disease detection\Infected\20200701_094631.jpg,Infected,High_Risk,maize
D:\Download1\archive (1)\Corn Disease detection\Infected\20200701_094635.jpg,Infected,High_Risk,maize
D:\Download1\archive (1)\Corn Disease detection\Infected\20200701_094637.jpg,Infected,High_Risk,maize
D:\Download1\archive (1)\Corn Disease detection\Infected\20200701_094639.jpg,Infected,High_Risk,maize
D:\Download1\archive (1)\Corn Disease detection\Infected\20200701_094641.jpg,Infected,High_Risk,maize
D:\Download1\archive (1)\Corn Disease detection\Infected\20200701_094646.jpg,Infected,High_Risk,maize
D:\Download1\archive (1)\Corn Disease detection\Infected\20200701_094650.jpg,Infected,High_Risk,maize
D:\Download1\archive (1)\Corn Disease detection\Infected\20200701_094654.jpg,Infected,High_Risk,maize
D:\Download1\archive (1)\Corn Disease detection\Infected\20200701_094657.jpg,Infected,High_Risk,maize
D:\Download1\archive (1)\Corn Disease detection\Infected\20200701_094703.jpg,Infected,High_Risk,maize
D:\Download1\archive (1)\Corn Disease detection\Infected\20200701_094708.jpg,Infected,High_Risk,maize
D:\Download1\archive (1)\Corn Disease detection\Infected\20200701_094711.jpg,Infected,High_Risk,maize
D:\Download1\archive (1)\Corn Disease detection\Infected\20200701_094716.jpg,Infected,High_Risk,maize
D:\Download1\archive (1)\Corn Disease detection\Infected\20200701_094720.jpg,Infected,High_Risk,maize
D:\Download1\archive (1)\Corn Disease detection\Infected\20200701_094722.jpg,Infected,High_Risk,maize
D:\Download1\archive (1)\Corn Disease detection\Infected\20200701_094728.jpg,Infected,High_Risk,maize
D:\Download1\archive (1)\Corn Disease detection\Infected\20200701_094731.jpg,Infected,High_Risk,maize
D:\Download1\archive (1)\Corn Disease detection\Infected\20200701_094737.jpg,Infected,High_Risk,maize
D:\Download1\archive (1)\Corn Disease detection\Infected\20200701_094740.jpg,Infected,High_Risk,maize
D:\Download1\archive (1)\Corn Disease detection\Infected\20200701_094743.jpg,Infected,High_Risk,maize
D:\Download1\archive (1)\Corn Disease detection\Infected\20200701_094749.jpg,Infected,High_Risk,maize
D:\Download1\archive (1)\Corn Disease detection\Infected\20200701_094750.jpg,Infected,High_Risk,maize
D:\Download1\archive (1)\Corn Disease detection\Infected\20200701_094756.jpg,Infected,High_Risk,maize
D:\Download1\archive (1)\Corn Disease detection\Infected\20200701_094803.jpg,Infected,High_Risk,maize
D:\Download1\archive (1)\Corn Disease detection\Infected\20200701_094805.jpg,Infected,High_Risk,maize
D:\Download1\archive (1)\Corn Disease detection\Infected\20200701_094807.jpg,Infected,High_Risk,maize
D:\Download1\archive (1)\Corn Disease detection\Infected\20200701_094808.jpg,Infected,High_Risk,maize
D:\Download1\archive (1)\Corn Disease detection\Infected\20200701_094811.jpg,Infected,High_Risk,maize
D:\Download1\archive (1)\Corn Disease detection\Infected\20200701_094812.jpg,Infected,High_Risk,maize
D:\Download1\archive (1)\Corn Disease detection\Infected\20200701_094816.jpg,Infected,High_Risk,maize
D:\Download1\archive (1)\Corn Disease detection\Infected\20200701_094817.jpg,Infected,High_Risk,maize
D:\Download1\archive (1)\Corn Disease detection\Infected\20200701_094819.jpg,Infected,High_Risk,maize
D:\Download1\archive (1)\Corn Disease detection\Infected\20200701_094822.jpg,Infected,High_Risk,maize
D:\Download1\archive (1)\Corn Disease detection\Infected\20200701_094826.jpg,Infected,High_Risk,maize
D:\Download1\archive (1)\Corn Disease detection\Infected\20200701_094828.jpg,Infected,High_Risk,maize
D:\Download1\archive (1)\Corn Disease detection\Infected\20200701_094833.jpg,Infected,High_Risk,maize
D:\Download1\archive (1)\Corn Disease detection\Infected\20200701_094836.jpg,Infected,High_Risk,maize
D:\Download1\archive (1)\Corn Disease detection\Infected\20200701_094839.jpg,Infected,High_Risk,maize
D:\Download1\archive (1)\Corn Disease detection\Infected\20200701_094843.jpg,Infected,High_Risk,maize
D:\Download1\archive (1)\Corn Disease detection\Infected\20200701_094849.jpg,Infected,High_Risk,maize
D:\Download1\archive (1)\Corn Disease detection\Infected\20200701_094850.jpg,Infected,High_Risk,maize
D:\Download1\archive (1)\Corn Disease detection\Infected\20200701_094853.jpg,Infected,High_Risk,maize
D:\Download1\archive (1)\Corn Disease detection\Infected\20200701_094857(0).jpg,Infected,High_Risk,maize
D:\Download1\archive (1)\Corn Disease detection\Infected\20200701_094857.jpg,Infected,High_Risk,maize
D:\Download1\archive (1)\Corn Disease detection\Infected\20200701_094859.jpg,Infected,High_Risk,maize
D:\Download1\archive (1)\Corn Disease detection\Infected\20200701_094904.jpg,Infected,High_Risk,maize
D:\Download1\archive (1)\Corn Disease detection\Infected\20200701_094906.jpg,Infected,High_Risk,maize
D:\Download1\archive (1)\Corn Disease detection\Infected\20200701_094907.jpg,Infected,High_Risk,maize
D:\Download1\archive (1)\Corn Disease detection\Infected\20200701_094909.jpg,Infected,High_Risk,maize
D:\Download1\archive (1)\Corn Disease detection\Infected\20200701_094917.jpg,Infected,High_Risk,maize
D:\Download1\archive (1)\Corn Disease detection\Infected\20200701_094919.jpg,Infected,High_Risk,maize
D:\Download1\archive (1)\Corn Disease detection\Infected\20200701_094921.jpg,Infected,High_Risk,maize
D:\Download1\archive (1)\Corn Disease detection\Infected\20200701_094925.jpg,Infected,High_Risk,maize
D:\Download1\archive (1)\Corn Disease detection\Infected\20200701_094927.jpg,Infected,High_Risk,maize
D:\Download1\archive (1)\Corn Disease detection\Infected\20200701_094930.jpg,Infected,High_Risk,maize
D:\Download1\archive (1)\Corn Disease detection\Infected\20200701_094935.jpg,Infected,High_Risk,maize
D:\Download1\archive (1)\Corn Disease detection\Infected\20200701_094939.jpg,Infected,High_Risk,maize
D:\Download1\archive (1)\Corn Disease detection\Infected\20200701_094940.jpg,Infected,High_Risk,maize
D:\Download1\archive (1)\Corn Disease detection\Infected\20200701_094942.jpg,Infected,High_Risk,maize
D:\Download1\archive (1)\Corn Disease detection\Infected\20200701_094950.jpg,Infected,High_Risk,maize
D:\Download1\archive (1)\Corn Disease detection\Infected\20200701_094958.jpg,Infected,High_Risk,maize
D:\Download1\archive (1)\Corn Disease detection\Infected\20200701_095001.jpg,Infected,High_Risk,maize
D:\Download1\archive (1)\Corn Disease detection\Infected\20200701_095015.jpg,Infected,High_Risk,maize
D:\Download1\archive (1)\Corn Disease detection\Infected\20200701_095024.jpg,Infected,High_Risk,maize
D:\Download1\archive (1)\Corn Disease detection\Infected\20200701_095029.jpg,Infected,High_Risk,maize
D:\Download1\archive (1)\Corn Disease detection\Infected\20200701_095032.jpg,Infected,High_Risk,maize
D:\Download1\archive (1)\Corn Disease detection\Infected\20200701_095034.jpg,Infected,High_Risk,maize
D:\Download1\archive (1)\Corn Disease detection\Infected\20200701_095038.jpg,Infected,High_Risk,maize
D:\Download1\archive (1)\Corn Disease detection\Infected\20200701_095040.jpg,Infected,High_Risk,maize
D:\Download1\archive (1)\Corn Disease detection\Infected\20200701_095043.jpg,Infected,High_Risk,maize
D:\Download1\archive (1)\Corn Disease detection\Infected\20200701_095045.jpg,Infected,High_Risk,maize
D:\Download1\archive (1)\Corn Disease detection\Infected\20200701_095055.jpg,Infected,High_Risk,maize
D:\Download1\archive (1)\Corn Disease detection\Infected\20200701_095058.jpg,Infected,High_Risk,maize
D:\Download1\archive (1)\Corn Disease detection\Infected\20200701_095108.jpg,Infected,High_Risk,maize
D:\Download1\archive (1)\Corn Disease detection\Infected\20200701_095110.jpg,Infected,High_Risk,maize
D:\Download1\archive (1)\Corn Disease detection\Infected\20200701_095115.jpg,Infected,High_Risk,maize
D:\Download1\archive (1)\Corn Disease detection\Infected\20200701_095118.jpg,Infected,High_Risk,maize
D:\Download1\archive (1)\Corn Disease detection\Infected\20200701_095120.jpg,Infected,High_Risk,maize
D:\Download1\archive (1)\Corn Disease detection\Infected\20200701_095121.jpg,Infected,High_Risk,maize
D:\Download1\archive (1)\Corn Disease detection\Infected\20200701_095123.jpg,Infected,High_Risk,maize
D:\Download1\archive (1)\Corn Disease detection\Infected\20200701_095127.jpg,Infected,High_Risk,maize
D:\Download1\archive (1)\Corn Disease detection\Infected\20200701_095129.jpg,Infected,High_Risk,maize
D:\Download1\archive (1)\Corn Disease detection\Infected\20200701_095134.jpg,Infected,High_Risk,maize
D:\Download1\archive (1)\Corn Disease detection\Infected\20200701_095136.jpg,Infected,High_Risk,maize
D:\Download1\archive (1)\Corn Disease detection\Infected\20200701_095140.jpg,Infected,High_Risk,maize
D:\Download1\archive (1)\Corn Disease detection\Infected\20200701_095146.jpg,Infected,High_Risk,maize
D:\Download1\archive (1)\Corn Disease detection\Infected\20200701_095153.jpg,Infected,High_Risk,maize
D:\Download1\archive (1)\Corn Disease detection\Infected\20200701_095155.jpg,Infected,High_Risk,maize
D:\Download1\archive (1)\Corn Disease detection\Infected\20200701_095158.jpg,Infected,High_Risk,maize
D:\Download1\archive (1)\Corn Disease detection\Infected\20200701_095200.jpg,Infected,High_Risk,maize
D:\Download1\archive (1)\Corn Disease detection\Infected\20200701_095207.jpg,Infected,High_Risk,maize
D:\Download1\archive (1)\Corn Disease detection\Infected\20200701_095211.jpg,Infected,High_Risk,maize
D:\Download1\archive (1)\Corn Disease detection\Infected\20200701_095213.jpg,Infected,High_Risk,maize
D:\Download1\archive (1)\Corn Disease detection\Infected\20200701_095216.jpg,Infected,High_Risk,maize
D:\Download1\archive (1)\Corn Disease detection\Infected\20200701_095221.jpg,Infected,High_Risk,maize
D:\Download1\archive (1)\Corn Disease detection\Infected\20200701_095224.jpg,Infected,High_Risk,maize
D:\Download1\archive (1)\Corn Disease detection\Infected\20200701_095228.jpg,Infected,High_Risk,maize
D:\Download1\archive (1)\Corn Disease detection\Infected\20200701_095229.jpg,Infected,High_Risk,maize
D:\Download1\archive (1)\Corn Disease detection\Infected\20200701_095231.jpg,Infected,High_Risk,maize
D:\Download1\archive (1)\Corn Disease detection\Infected\20200701_095237.jpg,Infected,High_Risk,maize
D:\Download1\archive (1)\Corn Disease detection\Infected\20200701_095241.jpg,Infected,High_Risk,maize
D:\Download1\archive (1)\Corn Disease detection\Infected\20200701_095246.jpg,Infected,High_Risk,maize
D:\Download1\archive (1)\Corn Disease detection\Infected\20200701_095249.jpg,Infected,High_Risk,maize
D:\Download1\archive (1)\Corn Disease detection\Infected\20200701_095255.jpg,Infected,High_Risk,maize
D:\Download1\archive (1)\Corn Disease detection\Infected\20200701_095259.jpg,Infected,High_Risk,maize
D:\Download1\archive (1)\Corn Disease detection\Infected\20200701_095302.jpg,Infected,High_Risk,maize
D:\Download1\archive (1)\Corn Disease detection\Infected\20200701_095305.jpg,Infected,High_Risk,maize
D:\Download1\archive (1)\Corn Disease detection\Infected\20200701_095309.jpg,Infected,High_Risk,maize
D:\Download1\archive (1)\Corn Disease detection\Infected\20200701_095313.jpg,Infected,High_Risk,maize
D:\Download1\archive (1)\Corn Disease detection\Infected\20200701_095315.jpg,Infected,High_Risk,maize
D:\Download1\archive (1)\Corn Disease detection\Infected\20200701_095321.jpg,Infected,High_Risk,maize
D:\Download1\archive (1)\Corn Disease detection\Infected\20200701_095324.jpg,Infected,High_Risk,maize
D:\Download1\archive (1)\Corn Disease detection\Infected\20200701_095328.jpg,Infected,High_Risk,maize
D:\Download1\archive (1)\Corn Disease detection\Infected\20200701_095334.jpg,Infected,High_Risk,maize
D:\Download1\archive (1)\Corn Disease detection\Infected\20200701_095337.jpg,Infected,High_Risk,maize
D:\Download1\archive (1)\Corn Disease detection\Infected\20200701_095339.jpg,Infected,High_Risk,maize
D:\Download1\archive (1)\Corn Disease detection\Infected\20200701_095342.jpg,Infected,High_Risk,maize
D:\Download1\archive (1)\Corn Disease detection\Infected\20200701_095345.jpg,Infected,High_Risk,maize
D:\Download1\archive (1)\Corn Disease detection\Infected\20200701_095347.jpg,Infected,High_Risk,maize
D:\Download1\archive (1)\Corn Disease detection\Infected\20200701_095349.jpg,Infected,High_Risk,maize
D:\Download1\archive (1)\Corn Disease detection\Infected\20200701_095351.jpg,Infected,High_Risk,maize
D:\Download1\archive (1)\Corn Disease detection\Infected\20200701_095353.jpg,Infected,High_Risk,maize
D:\Download1\archive (1)\Corn Disease detection\Infected\20200701_095357.jpg,Infected,High_Risk,maize
D:\Download1\archive (1)\Corn Disease detection\Infected\20200701_095359.jpg,Infected,High_Risk,maize
D:\Download1\archive (1)\Corn Disease detection\Infected\20200701_095403.jpg,Infected,High_Risk,maize
D:\Download1\archive (1)\Corn Disease detection\Infected\20200701_095404.jpg,Infected,High_Risk,maize
D:\Download1\archive (1)\Corn Disease detection\Infected\20200701_095414.jpg,Infected,High_Risk,maize
D:\Download1\archive (1)\Corn Disease detection\Infected\20200701_095418.jpg,Infected,High_Risk,maize
D:\Download1\archive (1)\Corn Disease detection\Infected\20200701_095423.jpg,Infected,High_Risk,maize
D:\Download1\archive (1)\Corn Disease detection\Infected\20200701_095424.jpg,Infected,High_Risk,maize
D:\Download1\archive (1)\Corn Disease detection\Infected\20200701_095426.jpg,Infected,High_Risk,maize
D:\Download1\archive (1)\Corn Disease detection\Infected\20200701_095428.jpg,Infected,High_Risk,maize
D:\Download1\archive (1)\Corn Disease detection\Infected\20200701_095431.jpg,Infected,High_Risk,maize
D:\Download1\archive (1)\Corn Disease detection\Infected\20200701_095434.jpg,Infected,High_Risk,maize
D:\Download1\archive (1)\Corn Disease detection\Infected\20200701_095437.jpg,Infected,High_Risk,maize
D:\Download1\archive (1)\Corn Disease detection\Infected\20200701_095440.jpg,Infected,High_Risk,maize
D:\Download1\archive (1)\Corn Disease detection\Infected\20200701_095444.jpg,Infected,High_Risk,maize
D:\Download1\archive (1)\Corn Disease detection\Infected\20200701_095450.jpg,Infected,High_Risk,maize
D:\Download1\archive (1)\Corn Disease detection\Infected\20200701_095452.jpg,Infected,High_Risk,maize
D:\Download1\archive (1)\Corn Disease detection\Infected\20200701_095455.jpg,Infected,High_Risk,maize
D:\Download1\archive (1)\Corn Disease detection\Infected\20200701_095458.jpg,Infected,High_Risk,maize
D:\Download1\archive (1)\Corn Disease detection\Infected\20200701_095500.jpg,Infected,High_Risk,maize
D:\Download1\archive (1)\Corn Disease detection\Infected\20200701_095503.jpg,Infected,High_Risk,maize
D:\Download1\archive (1)\Corn Disease detection\Infected\20200701_095505.jpg,Infected,High_Risk,maize
D:\Download1\archive (1)\Corn Disease detection\Infected\20200701_095506.jpg,Infected,High_Risk,maize
D:\Download1\archive (1)\Corn Disease detection\Infected\20200701_095516.jpg,Infected,High_Risk,maize
D:\Download1\archive (1)\Corn Disease detection\Infected\20200701_095519.jpg,Infected,High_Risk,maize
D:\Download1\archive (1)\Corn Disease detection\Infected\20200701_095524.jpg,Infected,High_Risk,maize
D:\Download1\archive (1)\Corn Disease detection\Infected\20200701_095527.jpg,Infected,High_Risk,maize
D:\Download1\archive (1)\Corn Disease detection\Infected\20200701_095530.jpg,Infected,High_Risk,maize
D:\Download1\archive (1)\Corn Disease detection\Infected\20200701_095533.jpg,Infected,High_Risk,maize
D:\Download1\archive (1)\Corn Disease detection\Infected\20200701_095539.jpg,Infected,High_Risk,maize
D:\Download1\archive (1)\Corn Disease detection\Infected\20200701_095544.jpg,Infected,High_Risk,maize
D:\Download1\archive (1)\Corn Disease detection\Infected\20200701_095547.jpg,Infected,High_Risk,maize
D:\Download1\archive (1)\Corn Disease detection\Infected\20200701_095552.jpg,Infected,High_Risk,maize
D:\Download1\archive (1)\Corn Disease detection\Infected\20200701_095558.jpg,Infected,High_Risk,maize
D:\Download1\archive (1)\Corn Disease detection\Infected\20200701_095605.jpg,Infected,High_Risk,maize
D:\Download1\archive (1)\Corn Disease detection\Infected\20200701_095607.jpg,Infected,High_Risk,maize
D:\Download1\archive (1)\Corn Disease detection\Infected\20200701_095611.jpg,Infected,High_Risk,maize
D:\Download1\archive (1)\Corn Disease detection\Infected\20200701_095614.jpg,Infected,High_Risk,maize
D:\Download1\archive (1)\Corn Disease detection\Infected\20200701_095619.jpg,Infected,High_Risk,maize
D:\Download1\archive (1)\Corn Disease detection\Infected\20200701_095621.jpg,Infected,High_Risk,maize
D:\Download1\archive (1)\Corn Disease detection\Infected\20200701_095625.jpg,Infected,High_Risk,maize
D:\Download1\archive (1)\Corn Disease detection\Infected\20200701_095631.jpg,Infected,High_Risk,maize
D:\Download1\archive (1)\Corn Disease detection\Infected\20200701_095634.jpg,Infected,High_Risk,maize
D:\Download1\archive (1)\Corn Disease detection\Infected\20200701_095640.jpg,Infected,High_Risk,maize
D:\Download1\archive (1)\Corn Disease detection\Infected\20200701_095641.jpg,Infected,High_Risk,maize
D:\Download1\archive (1)\Corn Disease detection\Infected\20200701_095645.jpg,Infected,High_Risk,maize
D:\Download1\archive (1)\Corn Disease detection\Infected\20200701_095650.jpg,Infected,High_Risk,maize
D:\Download1\archive (1)\Corn Disease detection\Infected\20200701_095652.jpg,Infected,High_Risk,maize
D:\Download1\archive (1)\Corn Disease detection\Infected\20200701_095657.jpg,Infected,High_Risk,maize
D:\Download1\archive (1)\Corn Disease detection\Infected\20200701_095658.jpg,Infected,High_Risk,maize
D:\Download1\archive (1)\Corn Disease detection\Infected\20200701_095703.jpg,Infected,High_Risk,maize
D:\Download1\archive (1)\Corn Disease detection\Infected\20200701_095704.jpg,Infected,High_Risk,maize
D:\Download1\archive (1)\Corn Disease detection\Infected\20200701_095706.jpg,Infected,High_Risk,maize
D:\Download1\archive (1)\Corn Disease detection\Infected\20200701_095709.jpg,Infected,High_Risk,maize
D:\Download1\archive (1)\Corn Disease detection\Infected\20200701_095714.jpg,Infected,High_Risk,maize
D:\Download1\archive (1)\Corn Disease detection\Infected\20200701_095716.jpg,Infected,High_Risk,maize
D:\Download1\archive (1)\Corn Disease detection\Infected\20200701_095718.jpg,Infected,High_Risk,maize
D:\Download1\archive (1)\Corn Disease detection\Infected\20200701_095724.jpg,Infected,High_Risk,maize
D:\Download1\archive (1)\Corn Disease detection\Infected\20200701_095725.jpg,Infected,High_Risk,maize
D:\Download1\archive (1)\Corn Disease detection\Infected\20200701_095727.jpg,Infected,High_Risk,maize
D:\Download1\archive (1)\Corn Disease detection\Infected\20200701_095728.jpg,Infected,High_Risk,maize
D:\Download1\archive (1)\Corn Disease detection\Infected\20200701_095733.jpg,Infected,High_Risk,maize
D:\Download1\archive (1)\Corn Disease detection\Infected\20200701_095736.jpg,Infected,High_Risk,maize
D:\Download1\archive (1)\Corn Disease detection\Infected\20200701_095738.jpg,Infected,High_Risk,maize
D:\Download1\archive (1)\Corn Disease detection\Infected\20200701_095743.jpg,Infected,High_Risk,maize
D:\Download1\archive (1)\Corn Disease detection\Infected\20200701_095745.jpg,Infected,High_Risk,maize
D:\Download1\archive (1)\Corn Disease detection\Infected\20200701_095748.jpg,Infected,High_Risk,maize
D:\Download1\archive (1)\Corn Disease detection\Infected\20200701_095751.jpg,Infected,High_Risk,maize
D:\Download1\archive (1)\Corn Disease detection\Infected\20200701_095753.jpg,Infected,High_Risk,maize
D:\Download1\archive (1)\Corn Disease detection\Infected\20200701_095758.jpg,Infected,High_Risk,maize
D:\Download1\archive (1)\Corn Disease detection\Infected\20200701_095800.jpg,Infected,High_Risk,maize
D:\Download1\archive (1)\Corn Disease detection\Infected\20200701_095804.jpg,Infected,High_Risk,maize
D:\Download1\archive (1)\Corn Disease detection\Infected\20200701_095808.jpg,Infected,High_Risk,maize
D:\Download1\archive (1)\Corn Disease detection\Infected\20200701_095812.jpg,Infected,High_Risk,maize
D:\Download1\archive (1)\Corn Disease detection\Infected\20200701_095817.jpg,Infected,High_Risk,maize
D:\Download1\archive (1)\Corn Disease detection\Infected\20200701_095822.jpg,Infected,High_Risk,maize
D:\Download1\archive (1)\Corn Disease detection\Infected\20200701_095828.jpg,Infected,High_Risk,maize
D:\Download1\archive (1)\Corn Disease detection\Infected\20200701_095834.jpg,Infected,High_Risk,maize
D:\Download1\archive (1)\Corn Disease detection\Infected\20200701_095838.jpg,Infected,High_Risk,maize
D:\Download1\archive (1)\Corn Disease detection\Infected\20200701_095841.jpg,Infected,High_Risk,maize
D:\Download1\archive (1)\Corn Disease detection\Infected\20200701_095848.jpg,Infected,High_Risk,maize
D:\Download1\archive (1)\Corn Disease detection\Infected\20200701_095852.jpg,Infected,High_Risk,maize
D:\Download1\archive (1)\Corn Disease detection\Infected\20200701_095856.jpg,Infected,High_Risk,maize
D:\Download1\archive (1)\Corn Disease detection\Infected\20200701_095900.jpg,Infected,High_Risk,maize
D:\Download1\archive (1)\Corn Disease detection\Infected\20200701_095904.jpg,Infected,High_Risk,maize
D:\Download1\archive (1)\Corn Disease detection\Infected\20200701_095910.jpg,Infected,High_Risk,maize
D:\Download1\archive (1)\Corn Disease detection\Infected\20200701_095916.jpg,Infected,High_Risk,maize
D:\Download1\archive (1)\Corn Disease detection\Infected\20200701_095918.jpg,Infected,High_Risk,maize
D:\Download1\archive (1)\Corn Disease detection\Infected\20200701_095925.jpg,Infected,High_Risk,maize
D:\Download1\archive (1)\Corn Disease detection\Infected\20200701_095927.jpg,Infected,High_Risk,maize
D:\Download1\archive (1)\Corn Disease detection\Infected\20200701_095932.jpg,Infected,High_Risk,maize
D:\Download1\archive (1)\Corn Disease detection\Infected\20200701_095936.jpg,Infected,High_Risk,maize
D:\Download1\archive (1)\Corn Disease detection\Infected\20200701_095940.jpg,Infected,High_Risk,maize
D:\Download1\archive (1)\Corn Disease detection\Infected\20200701_095945.jpg,Infected,High_Risk,maize
D:\Download1\archive (1)\Corn Disease detection\Infected\20200701_095948.jpg,Infected,High_Risk,maize
D:\Download1\archive (1)\Corn Disease detection\Infected\20200701_095954.jpg,Infected,High_Risk,maize
D:\Download1\archive (1)\Corn Disease detection\Infected\20200701_100003.jpg,Infected,High_Risk,maize
D:\Download1\archive (1)\Corn Disease detection\Infected\20200701_100008.jpg,Infected,High_Risk,maize
D:\Download1\archive (1)\Corn Disease detection\Infected\20200701_100012.jpg,Infected,High_Risk,maize
D:\Download1\archive (1)\Corn Disease detection\Infected\20200701_100016.jpg,Infected,High_Risk,maize
D:\Download1\archive (1)\Corn Disease detection\Infected\20200701_100020.jpg,Infected,High_Risk,maize
D:\Download1\archive (1)\Corn Disease detection\Infected\20200701_100022.jpg,Infected,High_Risk,maize
D:\Download1\archive (1)\Corn Disease detection\Infected\20200701_100025.jpg,Infected,High_Risk,maize
D:\Download1\archive (1)\Corn Disease detection\Infected\20200701_100030.jpg,Infected,High_Risk,maize
D:\Download1\archive (1)\Corn Disease detection\Infected\20200701_100032.jpg,Infected,High_Risk,maize
D:\Download1\archive (1)\Corn Disease detection\Infected\20200701_100034.jpg,Infected,High_Risk,maize
D:\Download1\archive (1)\Corn Disease detection\Infected\20200701_100039.jpg,Infected,High_Risk,maize
D:\Download1\archive (1)\Corn Disease detection\Infected\20200701_100043.jpg,Infected,High_Risk,maize
D:\Download1\archive (1)\Corn Disease detection\Infected\20200701_100046.jpg,Infected,High_Risk,maize
D:\Download1\archive (1)\Corn Disease detection\Infected\20200701_100052.jpg,Infected,High_Risk,maize
D:\Download1\archive (1)\Corn Disease detection\Infected\20200701_100057.jpg,Infected,High_Risk,maize
D:\Download1\archive (1)\Corn Disease detection\Infected\20200701_100102.jpg,Infected,High_Risk,maize
D:\Download1\archive (1)\Corn Disease detection\Infected\20200701_100105.jpg,Infected,High_Risk,maize
D:\Download1\archive (1)\Corn Disease detection\Infected\20200701_100109.jpg,Infected,High_Risk,maize
D:\Download1\archive (1)\Corn Disease detection\Infected\20200701_100111.jpg,Infected,High_Risk,maize
D:\Download1\archive (1)\Corn Disease detection\Infected\20200701_100113.jpg,Infected,High_Risk,maize
D:\Download1\archive (1)\Corn Disease detection\Infected\20200701_100116.jpg,Infected,High_Risk,maize
D:\Download1\archive (1)\Corn Disease detection\Infected\20200701_100119.jpg,Infected,High_Risk,maize
D:\Download1\archive (1)\Corn Disease detection\Infected\20200701_100124.jpg,Infected,High_Risk,maize
D:\Download1\archive (1)\Corn Disease detection\Infected\20200701_100126.jpg,Infected,High_Risk,maize
D:\Download1\archive (1)\Corn Disease detection\Infected\20200701_100129.jpg,Infected,High_Risk,maize
D:\Download1\archive (1)\Corn Disease detection\Infected\20200701_100131.jpg,Infected,High_Risk,maize
D:\Download1\archive (1)\Corn Disease detection\Infected\20200701_100146.jpg,Infected,High_Risk,maize
D:\Download1\archive (1)\Corn Disease detection\Infected\20200701_100149.jpg,Infected,High_Risk,maize
D:\Download1\archive (1)\Corn Disease detection\Infected\20200701_100156.jpg,Infected,High_Risk,maize
D:\Download1\archive (1)\Corn Disease detection\Infected\20200701_100159.jpg,Infected,High_Risk,maize
D:\Download1\archive (1)\Corn Disease detection\Infected\20200701_100203.jpg,Infected,High_Risk,maize
D:\Download1\archive (1)\Corn Disease detection\Infected\20200701_100209.jpg,Infected,High_Risk,maize
D:\Download1\archive (1)\Corn Disease detection\Infected\20200701_100212.jpg,Infected,High_Risk,maize
D:\Download1\archive (1)\Corn Disease detection\Infected\20200701_100215.jpg,Infected,High_Risk,maize
D:\Download1\archive (1)\Corn Disease detection\Infected\20200701_100218.jpg,Infected,High_Risk,maize
D:\Download1\archive (1)\Corn Disease detection\Infected\20200701_100222.jpg,Infected,High_Risk,maize
D:\Download1\archive (1)\Corn Disease detection\Infected\20200701_100224.jpg,Infected,High_Risk,maize
D:\Download1\archive (1)\Corn Disease detection\Infected\20200701_100225.jpg,Infected,High_Risk,maize
D:\Download1\archive (1)\Corn Disease detection\Infected\20200701_100228.jpg,Infected,High_Risk,maize
D:\Download1\archive (1)\Corn Disease detection\Infected\20200701_100240.jpg,Infected,High_Risk,maize
D:\Download1\archive (1)\Corn Disease detection\Infected\20200701_100243.jpg,Infected,High_Risk,maize
D:\Download1\archive (1)\Corn Disease detection\Infected\20200701_100247.jpg,Infected,High_Risk,maize
D:\Download1\archive (1)\Corn Disease detection\Infected\20200701_100251.jpg,Infected,High_Risk,maize
D:\Download1\archive (1)\Corn Disease detection\Infected\20200701_100256.jpg,Infected,High_Risk,maize
D:\Download1\archive (1)\Corn Disease detection\Infected\20200701_100303.jpg,Infected,High_Risk,maize
D:\Download1\archive (1)\Corn Disease detection\Infected\20200701_100306.jpg,Infected,High_Risk,maize
D:\Download1\archive (1)\Corn Disease detection\Infected\20200701_100310.jpg,Infected,High_Risk,maize
D:\Download1\archive (1)\Corn Disease detection\Infected\20200701_100314.jpg,Infected,High_Risk,maize
D:\Download1\archive (1)\Corn Disease detection\Infected\20200701_100316.jpg,Infected,High_Risk,maize
D:\Download1\archive (1)\Corn Disease detection\Infected\20200701_100321.jpg,Infected,High_Risk,maize
D:\Download1\archive (1)\Corn Disease detection\Infected\20200701_100327.jpg,Infected,High_Risk,maize
D:\Download1\archive (1)\Corn Disease detection\Infected\20200701_100332.jpg,Infected,High_Risk,maize
D:\Download1\archive (1)\Corn Disease detection\Infected\20200701_100334.jpg,Infected,High_Risk,maize
D:\Download1\archive (1)\Corn Disease detection\Infected\20200701_100335.jpg,Infected,High_Risk,maize
D:\Download1\archive (1)\Corn Disease detection\Infected\20200701_100341.jpg,Infected,High_Risk,maize
D:\Download1\archive (1)\Corn Disease detection\Infected\20200701_100345.jpg,Infected,High_Risk,maize
D:\Download1\archive (1)\Corn Disease detection\Infected\20200701_100350.jpg,Infected,High_Risk,maize
D:\Download1\archive (1)\Corn Disease detection\Infected\20200701_100352.jpg,Infected,High_Risk,maize
D:\Download1\archive (1)\Corn Disease detection\Infected\20200701_100403.jpg,Infected,High_Risk,maize
D:\Download1\archive (1)\Corn Disease detection\Infected\20200701_100408.jpg,Infected,High_Risk,maize
D:\Download1\archive (1)\Corn Disease detection\Infected\20200701_100415.jpg,Infected,High_Risk,maize
D:\Download1\archive (1)\Corn Disease detection\Infected\20200701_100418.jpg,Infected,High_Risk,maize
D:\Download1\archive (1)\Corn Disease detection\Infected\20200701_100426.jpg,Infected,High_Risk,maize
D:\Download1\archive (1)\Corn Disease detection\Infected\20200701_100430.jpg,Infected,High_Risk,maize
D:\Download1\archive (1)\Corn Disease detection\Infected\20200701_100437.jpg,Infected,High_Risk,maize
D:\Download1\archive (1)\Corn Disease detection\Infected\20200701_100441.jpg,Infected,High_Risk,maize
D:\Download1\archive (1)\Corn Disease detection\Infected\20200701_100443.jpg,Infected,High_Risk,maize
D:\Download1\archive (1)\Corn Disease detection\Infected\20200701_100447.jpg,Infected,High_Risk,maize
D:\Download1\archive (1)\Corn Disease detection\Infected\20200701_100450.jpg,Infected,High_Risk,maize
D:\Download1\archive (1)\Corn Disease detection\Infected\20200701_100455.jpg,Infected,High_Risk,maize
D:\Download1\archive (1)\Corn Disease detection\Infected\20200701_100502.jpg,Infected,High_Risk,maize
D:\Download1\archive (1)\Corn Disease detection\Infected\20200701_100504.jpg,Infected,High_Risk,maize
D:\Download1\archive (1)\Corn Disease detection\Infected\20200701_100508.jpg,Infected,High_Risk,maize
D:\Download1\archive (1)\Corn Disease detection\Infected\20200701_100512.jpg,Infected,High_Risk,maize
D:\Download1\archive (1)\Corn Disease detection\Infected\20200701_100515.jpg,Infected,High_Risk,maize
D:\Download1\archive (1)\Corn Disease detection\Infected\20200701_100519.jpg,Infected,High_Risk,maize
D:\Download1\archive (1)\Corn Disease detection\Infected\20200701_100522.jpg,Infected,High_Risk,maize
D:\Download1\archive (1)\Corn Disease detection\Infected\20200701_100527.jpg,Infected,High_Risk,maize
D:\Download1\archive (1)\Corn Disease detection\Infected\20200701_100532.jpg,Infected,High_Risk,maize
D:\Download1\archive (1)\Corn Disease detection\Infected\20200701_100538.jpg,Infected,High_Risk,maize
D:\Download1\archive (1)\Corn Disease detection\Infected\20200701_100544.jpg,Infected,High_Risk,maize
D:\Download1\archive (1)\Corn Disease detection\Infected\20200701_100545.jpg,Infected,High_Risk,maize
D:\Download1\archive (1)\Corn Disease detection\Infected\20200701_100551.jpg,Infected,High_Risk,maize
D:\Download1\archive (1)\Corn Disease detection\Infected\20200701_100556.jpg,Infected,High_Risk,maize
D:\Download1\archive (1)\Corn Disease detection\Infected\20200701_100558.jpg,Infected,High_Risk,maize
D:\Download1\archive (1)\Corn Disease detection\Infected\20200701_100609.jpg,Infected,High_Risk,maize
D:\Download1\archive (1)\Corn Disease detection\Infected\20200701_100611.jpg,Infected,High_Risk,maize
D:\Download1\archive (1)\Corn Disease detection\Infected\20200701_100614.jpg,Infected,High_Risk,maize
D:\Download1\archive (1)\Corn Disease detection\Infected\20200701_100616.jpg,Infected,High_Risk,maize
D:\Download1\archive (1)\Corn Disease detection\Infected\20200701_100621.jpg,Infected,High_Risk,maize
D:\Download1\archive (1)\Corn Disease detection\Infected\20200701_100626.jpg,Infected,High_Risk,maize
D:\Download1\archive (1)\Corn Disease detection\Infected\20200701_100627.jpg,Infected,High_Risk,maize
D:\Download1\archive (1)\Corn Disease detection\Infected\20200701_100631.jpg,Infected,High_Risk,maize
D:\Download1\archive (1)\Corn Disease detection\Infected\20200701_100636.jpg,Infected,High_Risk,maize
D:\Download1\archive (1)\Corn Disease detection\Infected\20200701_100649.jpg,Infected,High_Risk,maize
D:\Download1\archive (1)\Corn Disease detection\Infected\20200701_100656.jpg,Infected,High_Risk,maize
D:\Download1\archive (1)\Corn Disease detection\Infected\20200701_100658.jpg,Infected,High_Risk,maize
D:\Download1\archive (1)\Corn Disease detection\Infected\20200701_100703.jpg,Infected,High_Risk,maize
D:\Download1\archive (1)\Corn Disease detection\Infected\20200701_100708.jpg,Infected,High_Risk,maize
D:\Download1\archive (1)\Corn Disease detection\Infected\20200701_100712.jpg,Infected,High_Risk,maize
D:\Download1\archive (1)\Corn Disease detection\Infected\20200701_100715.jpg,Infected,High_Risk,maize
D:\Download1\archive (1)\Corn Disease detection\Infected\20200701_100718.jpg,Infected,High_Risk,maize
D:\Download1\archive (1)\Corn Disease detection\Infected\20200701_100722.jpg,Infected,High_Risk,maize
D:\Download1\archive (1)\Corn Disease detection\Infected\20200701_100733.jpg,Infected,High_Risk,maize
D:\Download1\archive (1)\Corn Disease detection\Infected\20200701_100755.jpg,Infected,High_Risk,maize
D:\Download1\archive (1)\Corn Disease detection\Infected\20200701_100759.jpg,Infected,High_Risk,maize
D:\Download1\archive (1)\Corn Disease detection\Infected\20200701_100814.jpg,Infected,High_Risk,maize
D:\Download1\archive (1)\Corn Disease detection\Infected\20200701_100818.jpg,Infected,High_Risk,maize
D:\Download1\archive (1)\Corn Disease detection\Infected\20200701_100820.jpg,Infected,High_Risk,maize
D:\Download1\archive (1)\Corn Disease detection\Infected\20200701_100827.jpg,Infected,High_Risk,maize
D:\Download1\archive (1)\Corn Disease detection\Infected\20200701_100831.jpg,Infected,High_Risk,maize
