image_path,leaf_label,N,P,K,temperature,humidity,ph,rainfall,soil_moisture,soil_type,sunlight_exposure,wind_speed,co2_concentration,organic_matter,irrigation_frequency,crop_density,pest_pressure,fertilizer_usage,growth_stage,urban_area_proximity,water_source_type,frost_risk,water_usage_efficiency,NDVI_Mean,NDVI_Std,NDRE_Mean,NDRE_Std,crop_health
D:\Download1\Multi_Crop_Leaves_Disease\Multi_Crop_Leaves_Disease\Brinjal\Healthy_brinjal\Brinjal flower.jpg,Healthy,32,78,22,23.97081395,62.35557553,7.007037515,53.40906048,22.618112514277907,1,9.304473950112495,13.06476411981668,398.43322172548886,2.886499308278208,1,8.339240910824124,38.70730457812781,91.361134262089,3,18.32270354268609,1,36.936743581037234,1.182907505315807,0.2494944491031584,0.2472753539679069,0.0887038256173828,0.2331922771358601,Healthy
D:\Download1\Multi_Crop_Leaves_Disease\Multi_Crop_Leaves_Disease\Brinjal\Healthy_brinjal\Brinjal Plant !!!.jpg,Healthy,11,124,204,13.42988625,80.06633966,6.361141107,71.40043037,13.617083412408157,3,9.313099372779435,8.312904500697812,366.80669690745,9.218050237827851,6,5.78881231493316,3.259690907889623,107.027406624033,2,26.966940784868417,3,74.15920454286797,2.9874734314720066,0.1156567940639901,0.2056236129515778,0.0556674268444078,0.1825078192829755,Healthy
D:\Download1\Multi_Crop_Leaves_Disease\Multi_Crop_Leaves_Disease\Brinjal\Healthy_brinjal\download (11).jpg,Healthy,11,36,31,27.92063282,51.77965917,6.47544932,100.2585673,12.462926012823116,2,6.658189512274884,17.56580147150928,358.47897699870185,7.029844640440521,6,8.366348050685712,85.70078117389967,73.28630513993075,1,25.616852287575348,1,98.8771974052362,2.767887042693355,0.2681071271830937,0.2498300159000555,0.1257797620439329,0.2371310480228829,Healthy
D:\Download1\Multi_Crop_Leaves_Disease\Multi_Crop_Leaves_Disease\Brinjal\Healthy_brinjal\IMG-20260325-WA0004.jpg,Healthy,108,94,47,27.35911627,84.54625006,6.387431383,90.81250457,20.64717442786585,3,7.020558825761817,16.95137583935374,357.4229701866576,8.955251938936522,1,13.301019792094548,78.83700795458655,135.84359887193932,2,42.027669326339925,3,65.27968116971184,2.3332934790040865,0.2587702011005153,0.2462995326646494,0.0950281639118361,0.2354249306057356,Healthy
D:\Download1\Multi_Crop_Leaves_Disease\Multi_Crop_Leaves_Disease\Brinjal\Healthy_brinjal\IMG-20260325-WA0005.jpg,Healthy,10,5,5,21.21306973,91.35349216,7.817846496,112.9834361,29.417382729870795,2,8.858378115096784,11.423919834585725,418.10824529855466,8.876126817210217,5,14.951419950917282,66.84309430569877,147.03936237480713,1,13.968036875310307,1,12.857864249253137,2.257118014353904,0.3387237250640951,0.2395379315006084,0.1833302031987643,0.2306836281692489,Healthy
D:\Download1\Multi_Crop_Leaves_Disease\Multi_Crop_Leaves_Disease\Brinjal\Healthy_brinjal\IMG-20260325-WA0006.jpg,Healthy,111,28,26,27.77363343,64.47858698,6.937352845,192.7121236,10.701686070933352,1,7.780727629804778,15.228052697719969,354.518088205616,2.766148119518961,4,11.985369986207589,32.284062561735524,64.62505399434005,2,13.439963235932211,1,4.5597034587093415,3.667517259737037,0.0766061996929917,0.2023292184492215,0.0031377798630309,0.1617083262720572,Healthy
D:\Download1\Multi_Crop_Leaves_Disease\Multi_Crop_Leaves_Disease\Brinjal\Healthy_brinjal\IMG-20260325-WA0007.jpg,Healthy,29,78,25,19.95991719,59.33157782,5.982854523,195.787103,29.57944517574392,2,11.51368180516924,19.164810724013684,360.36853014280257,5.197559446172972,2,8.641981225225265,45.60880989017204,189.57989571154047,2,17.280263379839646,1,51.97521725244837,2.4190333319256627,0.2494944491031584,0.2472753539679069,0.0887038256173828,0.2331922771358601,Healthy
D:\Download1\Multi_Crop_Leaves_Disease\Multi_Crop_Leaves_Disease\Brinjal\Healthy_brinjal\IMG-20260325-WA0008.jpg,Healthy,14,131,198,33.4641162,83.86742974,5.562790949,67.92204319,22.70373097856308,2,11.277909607976037,2.4007763796901798,377.1429785845643,9.446816909302862,1,12.13034679726718,49.4791239109173,189.4695040897273,3,0.6069531234466463,3,83.68687215004906,4.266625817700119,0.2704736251939677,0.2493630118727416,0.1316149149195679,0.2329566673373792,Healthy
D:\Download1\Multi_Crop_Leaves_Disease\Multi_Crop_Leaves_Disease\Brinjal\Healthy_brinjal\IMG-20260325-WA0010.jpg,Healthy,17,77,23,24.51324787,20.81527638,5.670062975,64.19497947,29.59891522667612,3,6.881596136998308,5.829400501126997,396.7110919595346,4.747525614127909,4,8.556008376552274,3.3658861848583688,183.56553503648823,1,25.52351568110463,2,55.23343305698195,3.971081543496998,0.2557328745175416,0.2640159299519048,0.1297730635455898,0.2362678608317673,Healthy
D:\Download1\Multi_Crop_Leaves_Disease\Multi_Crop_Leaves_Disease\Brinjal\Healthy_brinjal\IMG-20260325-WA0011.jpg,Healthy,117,25,54,28.68275966,92.50969311,6.150686364,29.11187663,15.361999194858749,1,8.159323380818503,8.644988194826361,373.30580541351753,3.876341580506856,1,7.263364751911627,5.851772047107251,144.8429930713454,2,1.9631792354564137,3,19.68073993332523,4.040309246362766,0.1649147999197402,0.1712233769522657,0.0073862524550418,0.1549899526629197,Healthy
D:\Download1\Multi_Crop_Leaves_Disease\Multi_Crop_Leaves_Disease\Brinjal\Healthy_brinjal\IMG-20260325-WA0014.jpg,Healthy,88,35,35,27.55906475,58.45742907,6.784460602,117.9389993,23.33584732483188,1,11.370563794545754,6.908108887612245,390.0262964148799,4.262605739254374,6,5.304437832189704,44.01276031533013,82.73182407679495,1,46.11475082967226,3,32.82728208766051,2.9921160009964383,0.1501879768939351,0.1880062967533963,0.0411624714371798,0.1630920143884414,Healthy
D:\Download1\Multi_Crop_Leaves_Disease\Multi_Crop_Leaves_Disease\Brinjal\Healthy_brinjal\IMG-20260325-WA0016.jpg,Healthy,87,35,25,21.44526922,63.1621551,6.178056304,65.88951188,12.024365136909855,2,7.025473918542891,9.636454275820574,437.6674881049109,9.09043841303276,1,5.136479448650119,1.4722843513942374,138.7770689068788,2,8.463016371367049,3,76.41745343467062,3.8996705146629873,0.2963066657866235,0.2415583300002743,0.185033926444594,0.2226061559692754,Healthy
D:\Download1\Multi_Crop_Leaves_Disease\Multi_Crop_Leaves_Disease\Brinjal\Healthy_brinjal\IMG-20260325-WA0017.jpg,Healthy,18,23,8,21.49118657,93.43949693,6.41354791,101.4819888,25.316237537597253,3,11.179797230921327,19.133791324607024,446.61504908231177,6.433390896154507,6,8.654212700613044,13.416580343785734,117.6780472521611,3,2.6096072744295764,1,45.81780590631021,1.2630426338034582,0.1454227494311894,0.2791234531723869,0.027560993805829,0.2291233030580269,Healthy
D:\Download1\Multi_Crop_Leaves_Disease\Multi_Crop_Leaves_Disease\Brinjal\Healthy_brinjal\IMG-20260325-WA0020.jpg,Healthy,42,58,25,27.45853567,62.90020977,6.513620918,69.46020927,11.114582318756035,2,5.837217962483831,11.389073514300998,395.2662198464169,4.670532084776915,4,14.067756854706236,17.707709113916504,53.69999432609255,2,23.43365999859892,1,96.75594181928476,4.412940503819076,0.2510437944074032,0.2396628380683336,0.1009937459209953,0.2252502164866279,Healthy
D:\Download1\Multi_Crop_Leaves_Disease\Multi_Crop_Leaves_Disease\Brinjal\Healthy_brinjal\IMG-20260325-WA0022.jpg,Healthy,30,143,199,23.76881552,90.59810302,5.7983508,102.2648546,12.078995269273094,3,5.36518580284117,14.45362947753797,374.4447056460166,1.286929694763968,6,19.747971755547184,69.81154264110334,164.8600279221189,3,14.03033476838912,3,46.7770812954997,4.478685780045687,0.229544050912481,0.2405137897899892,0.1440477038058586,0.2058136743823639,Healthy
D:\Download1\Multi_Crop_Leaves_Disease\Multi_Crop_Leaves_Disease\Brinjal\Healthy_brinjal\IMG-20260325-WA0026.jpg,Healthy,22,138,195,27.83487131,83.51444973,6.208196881,73.02882766,14.947970460124813,3,11.274838151798434,11.861619528005267,366.9060355774936,7.382527541925609,5,13.411083618687115,33.31182540659876,119.91495334365248,2,46.64284780125082,2,96.1727687900866,4.591922307636116,0.1755391967456433,0.2297807130733123,0.0769026872317468,0.1966602432870653,Healthy
D:\Download1\Multi_Crop_Leaves_Disease\Multi_Crop_Leaves_Disease\Brinjal\Healthy_brinjal\IMG-20260325-WA0027.jpg,Healthy,27,24,41,24.32770134,90.88292835,6.610251186,110.4606459,20.375739681026285,2,11.563781374089327,6.437053249595399,369.5111214581714,4.96189866187818,6,19.478730822827657,1.488883089532167,131.12639719611798,1,44.024537937792246,2,98.4608641902676,2.8839897959638328,0.264145394927437,0.2438675656749681,0.1046819245543362,0.2328539300626018,Healthy
D:\Download1\Multi_Crop_Leaves_Disease\Multi_Crop_Leaves_Disease\Brinjal\Healthy_brinjal\IMG-20260325-WA0028.jpg,Healthy,0,36,26,34.13072188,51.25786185,5.101206389,96.38808001,16.15189052261151,1,7.25953424692906,9.920568708081433,382.8159231677604,2.721206886248256,5,19.72209528664425,66.70104494797708,180.78760129111865,2,3.5504123429854872,1,99.3411806677498,1.5630711405574722,0.1896986295113412,0.2627679911307793,0.0912000755218301,0.2169741923817529,Healthy
D:\Download1\Multi_Crop_Leaves_Disease\Multi_Crop_Leaves_Disease\Brinjal\Healthy_brinjal\IMG-20260325-WA0029.jpg,Healthy,25,64,20,33.15122581,32.45974539,4.807776749,105.0380275,11.14442455105382,2,7.732339428681231,12.418490607253943,371.64069736070303,8.471443713043529,4,7.370538842074502,96.82422518944526,177.58432507769277,2,30.505387034970067,2,80.38203716999492,1.5086974737716083,0.2117347907194374,0.161021680290316,0.1180226604043384,0.1414566435911778,Healthy
D:\Download1\Multi_Crop_Leaves_Disease\Multi_Crop_Leaves_Disease\Brinjal\Healthy_brinjal\IMG-20260325-WA0030.jpg,Healthy,76,40,43,25.15745531,83.11713476,5.070175667,231.3843163,16.92544358289537,2,7.193711117792186,16.94274790637595,380.1545777290284,3.757578539131919,6,11.439381139697474,43.70821709513933,69.95604214677172,3,9.150663021420286,3,94.38189733419962,3.672312161909824,0.1740446321096135,0.2654496340665807,0.068135077164609,0.2222339198088719,Healthy
D:\Download1\Multi_Crop_Leaves_Disease\Multi_Crop_Leaves_Disease\Brinjal\Healthy_brinjal\IMG_20260222_183048.jpg,Healthy,55,67,16,34.37329112,69.69366426,6.596719015,70.27184748,25.06094807513915,2,10.62770979144067,7.663871227056315,409.055467938469,6.003239505117515,4,9.90236847942932,17.370140302455006,156.08010202144814,2,13.469121041077544,2,95.79365135392923,4.84773923508363,0.0262155449077294,0.1919721506224202,-0.018864395536896,0.1568379110146954,Healthy
D:\Download1\Multi_Crop_Leaves_Disease\Multi_Crop_Leaves_Disease\Brinjal\Healthy_brinjal\IMG_20260222_183359.jpg,Healthy,9,59,24,20.43517772,39.37252634,4.747352458,137.2279662,24.11837034334575,3,7.102052572222014,0.5626128041366352,430.9584213685999,8.345998421077478,6,9.078079062885616,52.15080048409772,139.96582279338912,1,22.076318465169432,1,26.803205066647998,2.608225250711364,0.3541961519299905,0.2242827254676467,0.2029977269366428,0.2175530067916621,Healthy
D:\Download1\Multi_Crop_Leaves_Disease\Multi_Crop_Leaves_Disease\Brinjal\Healthy_brinjal\IMG_20260222_183414.jpg,Healthy,90,86,55,27.96236771,84.15403614,5.644486582,97.55986676,11.229387089027805,2,11.767631229377928,3.2862505131953057,448.3374528334263,1.4111762562105594,2,9.407386730695462,22.477539321637185,96.5890597807709,3,3.673418204666034,3,97.15802378676288,4.306572500486806,0.1943180053544262,0.2537562011949136,0.0838573413359265,0.2318885596445652,Healthy
D:\Download1\Multi_Crop_Leaves_Disease\Multi_Crop_Leaves_Disease\Brinjal\Healthy_brinjal\IMG_20260222_183447.jpg,Healthy,62,56,35,25.97825807,81.65769588,6.235357638,163.3488091,26.30656244046749,1,7.48385675944597,13.639386482609092,431.9402962828727,9.616125223275146,5,19.510352840424616,38.33685412106932,139.84111070565928,1,32.81934165726439,1,65.82511491607632,4.114013671651049,0.272529697007993,0.2466382194387443,0.1213267829398904,0.233380450517768,Healthy
D:\Download1\Multi_Crop_Leaves_Disease\Multi_Crop_Leaves_Disease\Brinjal\Healthy_brinjal\IMG_20260222_183452.jpg,Healthy,0,5,36,24.35193812,90.88612388,6.152906502,105.529185,11.56419431173771,2,9.735640518588152,7.702485639858178,371.1079938008926,4.267526339095509,6,7.629371158931173,69.02426740678733,179.47937353077538,1,43.94395777445992,1,45.84160573795389,3.2376751878933607,0.2430625370639732,0.2545635177212461,0.1246337347128341,0.231146488739679,Healthy
D:\Download1\Multi_Crop_Leaves_Disease\Multi_Crop_Leaves_Disease\Brinjal\Healthy_brinjal\IMG_20260222_183505.jpg,Healthy,39,5,31,27.10134661,93.69979946,5.551963184,150.9502632,16.73073733205308,3,11.717986457524564,11.297318191302148,360.5390239229956,9.397210307914763,2,16.40720175617409,21.12991713381044,65.63500131260565,2,35.97203078390796,3,16.279393942759334,1.3168933038965631,0.3410463720405699,0.230250159543514,0.1473552699228697,0.2315287262301106,Healthy
D:\Download1\Multi_Crop_Leaves_Disease\Multi_Crop_Leaves_Disease\Brinjal\Healthy_brinjal\IMG_20260222_183530.jpg,Healthy,92,60,23,18.66746724,71.516474,5.721667141,69.93293255,29.79614445339352,1,9.157163231052252,8.015793974322424,370.5752005160799,7.763379453224758,6,19.39015242122025,56.43846684781507,113.78725148276588,1,26.338107092766077,1,68.43907762157919,1.401792744961284,0.1156567940639901,0.2056236129515778,0.0556674268444078,0.1825078192829755,Healthy
D:\Download1\Multi_Crop_Leaves_Disease\Multi_Crop_Leaves_Disease\Brinjal\Healthy_brinjal\IMG_20260222_183549.jpg,Healthy,17,56,17,27.94293692,45.41393636,5.9565851,69.66289997,13.351745529739055,1,7.160445134450459,19.010130309102703,424.595452083842,7.951117757939804,2,16.721682918005015,46.59621541754919,197.86721849164235,1,20.44994482077998,2,31.727080435722183,3.207565569137837,0.3089701373329916,0.2449624670841136,0.1812037378173581,0.2234614513867075,Healthy
D:\Download1\Multi_Crop_Leaves_Disease\Multi_Crop_Leaves_Disease\Brinjal\Healthy_brinjal\IMG_20260222_183552.jpg,Healthy,19,26,29,26.93141945,98.80313612,5.67154928,166.5712879,28.987565067884525,1,10.619209385938056,15.579491168432185,401.73191600635,7.534615691431686,5,16.455495153147222,11.126372266143449,102.93148149286117,3,11.067760834809388,2,77.30143834522663,3.458323601691806,0.1320160113048539,0.2172510438507035,0.0611801739314082,0.1816800809854713,Healthy
D:\Download1\Multi_Crop_Leaves_Disease\Multi_Crop_Leaves_Disease\Brinjal\Healthy_brinjal\IMG_20260222_183605.jpg,Healthy,40,132,202,24.57558351,80.70695797,5.971813006,69.706113,11.329050465502029,1,11.331680324553712,6.840271860012413,364.4129481860432,5.623231912882943,3,12.471518969288198,34.168194443420965,70.88071344821763,2,8.24992608246513,2,63.2677275393563,2.979517587232062,0.2335999928496786,0.2545037641668573,0.1048587621248318,0.2324677992866287,Healthy
D:\Download1\Multi_Crop_Leaves_Disease\Multi_Crop_Leaves_Disease\Brinjal\Healthy_brinjal\IMG_20260222_183609.jpg,Healthy,9,137,200,21.12152071,90.6878768,5.636687393,102.8017203,28.391716965545516,2,10.955960365197551,6.003783567289429,422.0754293900455,1.468437255879936,6,6.248347757070528,64.4069494125463,196.5687514513752,2,37.4829693480207,1,79.83734609510363,4.052848503796176,0.1307040583805123,0.2622328044610446,0.0724181085754962,0.2105028924608214,Healthy
D:\Download1\Multi_Crop_Leaves_Disease\Multi_Crop_Leaves_Disease\Brinjal\Healthy_brinjal\IMG_20260222_183617.jpg,Healthy,27,40,24,27.84026517,89.99615558,7.063022095,52.84626009,27.779577050348035,1,8.026831395105756,6.146631510110295,436.299443944315,1.8548389583460048,1,7.168881959560198,33.08342578107543,53.97530155063081,2,16.583109723706784,2,46.700413258832455,2.6734670274434427,0.2017832488285371,0.2586770767016541,0.0695360567702387,0.221735108383091,Healthy
D:\Download1\Multi_Crop_Leaves_Disease\Multi_Crop_Leaves_Disease\Brinjal\Healthy_brinjal\IMG_20260222_183624.jpg,Healthy,62,59,41,24.2248758,74.89465426,7.175170657,192.4931257,11.922048094408044,2,7.621747158783365,11.884933241875718,431.35107778622665,1.120510222551913,6,5.386530687181983,94.48427266266204,62.499750155210734,2,3.94187966560135,3,62.40100760454808,4.060180132901364,0.1454227494311894,0.2791234531723869,0.027560993805829,0.2291233030580269,Healthy
D:\Download1\Multi_Crop_Leaves_Disease\Multi_Crop_Leaves_Disease\Brinjal\Healthy_brinjal\IMG_20260222_183650.jpg,Healthy,6,142,202,27.23708304,82.94573346,6.224542938,70.42508897,29.968617484794752,3,10.555048085917589,12.362612093517551,382.6860282655047,2.5818124859462848,4,15.980734383080032,29.77239252138999,69.26566539091439,2,39.95702601380175,3,36.5853936743491,3.041394154068765,0.3368702723031191,0.247178841951299,0.2096562292954268,0.2251554366562076,Healthy
D:\Download1\Multi_Crop_Leaves_Disease\Multi_Crop_Leaves_Disease\Brinjal\Healthy_brinjal\IMG_20260222_183659.jpg,Healthy,19,55,20,27.43329405,87.80507732,7.18530147,54.73367631,18.500345321383342,3,10.063063870844449,13.423075517640353,386.28011862144,3.9603879007253537,6,12.057229630946686,13.634623686314573,194.12622174805483,1,44.80130741269004,3,64.98613402529895,3.784947840954921,0.0766061996929917,0.2023292184492215,0.0031377798630309,0.1617083262720572,Healthy
D:\Download1\Multi_Crop_Leaves_Disease\Multi_Crop_Leaves_Disease\Brinjal\Healthy_brinjal\IMG_20260222_183713.jpg,Healthy,84,40,43,25.01157559,88.3313023,7.228268228,169.4168014,12.080064187509754,3,9.056126892858863,11.848274025860402,428.2111580281057,7.938710883539316,4,14.818179279707111,37.62304480665454,114.7675902185968,1,21.268610740007603,2,91.48876486051678,1.7687145425439246,0.2542221785336879,0.2612676417100988,0.1044442691694678,0.2385753112491586,Healthy
D:\Download1\Multi_Crop_Leaves_Disease\Multi_Crop_Leaves_Disease\Brinjal\Healthy_brinjal\IMG_20260222_183726.jpg,Healthy,59,55,79,20.36720401,16.89574311,8.766128654,82.2545577,27.082363240405464,3,9.78106760211675,10.683573288033912,412.4025684073879,4.068531778380055,6,19.781030483746207,94.17638438111074,142.9774075782269,3,11.978986265868796,2,83.35936421613933,4.662246593692281,0.2147969487180266,0.2421553405379465,0.1283722322151212,0.2173374356962753,Healthy
D:\Download1\Multi_Crop_Leaves_Disease\Multi_Crop_Leaves_Disease\Brinjal\Healthy_brinjal\IMG_20260222_183743.jpg,Healthy,80,52,39,26.41915161,76.85691248,7.165696848,197.2101782,12.025555160607496,3,11.502773055482097,18.3362417244968,429.6499234756257,9.12541851147823,2,19.04888314690641,9.732517356502036,191.9222335308865,1,20.86266450103737,3,3.1224825676689494,3.591886705824868,0.2228420720237106,0.1860162670663663,0.1353412628267272,0.1560960921993875,Healthy
D:\Download1\Multi_Crop_Leaves_Disease\Multi_Crop_Leaves_Disease\Brinjal\Healthy_brinjal\IMG_20260222_183748.jpg,Healthy,107,10,49,25.83202912,89.00481725,6.755192025,45.24690619,23.978503476769937,2,8.744513600914036,14.169677783622785,445.0462371426793,1.4063224928628262,3,15.801012853654711,92.25161079977724,168.959420004097,1,32.2988607252579,3,91.40107787698408,4.3797881987250165,0.2731323500682599,0.2392941669106476,0.1217847154772177,0.2293273275541327,Healthy
D:\Download1\Multi_Crop_Leaves_Disease\Multi_Crop_Leaves_Disease\Brinjal\Healthy_brinjal\IMG_4874.jpg,Healthy,113,21,33,26.02241444,55.83288958,7.277422738,176.9020924,18.46564171808544,1,7.609507154217084,10.481325821629678,404.8419881713641,5.217395888061986,2,15.2863285902774,8.034086025467534,65.68642913016697,3,24.946083650105177,1,42.50795108554677,2.9301700188220696,0.1194579363886923,0.2270891232081161,-0.0471363110572283,0.1615135672187046,Healthy
D:\Download1\Multi_Crop_Leaves_Disease\Multi_Crop_Leaves_Disease\Brinjal\Healthy_brinjal\IMG_4892.jpg,Healthy,89,25,54,24.69368934,85.56967628,6.353107393,48.99390828,22.332135681504607,2,5.078649659286884,11.724172184659526,360.18439569556733,1.8876527078043372,3,14.092267306969012,73.2126689844116,63.11008006764848,1,17.752561594949224,3,90.20202131627772,2.453828107857343,0.2287641505636737,0.2468274117063623,0.0891191881167733,0.2285542250185999,Healthy
D:\Download1\Multi_Crop_Leaves_Disease\Multi_Crop_Leaves_Disease\Brinjal\Healthy_brinjal\IMG_4893.jpg,Healthy,113,28,48,28.87726019,92.48839665,6.170520518,24.44267592,13.269824653078503,1,11.9152319816753,10.071935571636445,437.0707352736042,5.5387191846109545,1,15.822031700037668,30.38958236119702,167.24947652345196,1,36.779909768035054,3,87.70096231705094,1.290468254845465,0.1098579175989218,0.1938677018558514,0.0264283273523151,0.1640345053857025,Healthy
D:\Download1\Multi_Crop_Leaves_Disease\Multi_Crop_Leaves_Disease\Brinjal\Healthy_brinjal\IMG_8746.jpg,Healthy,43,61,20,26.87187036,61.61367264,6.804253866,63.51822045,16.694120968506276,2,5.832731402971343,10.774680800355716,442.4324842912114,3.1009939844083334,5,12.251138053974117,88.59112310691435,67.9321834390274,1,17.21659492700586,2,93.49342720795008,3.996515781327503,0.3009015997760803,0.2495582271901875,0.1321721853589529,0.2408648298882668,Healthy
D:\Download1\Multi_Crop_Leaves_Disease\Multi_Crop_Leaves_Disease\Brinjal\Healthy_brinjal\IMG_8747.jpg,Healthy,88,54,44,25.7354293,83.88266234,6.149410611,233.1321372,23.33402741040184,3,11.435795412825094,1.123597347821832,428.43707637137913,5.118385270098012,5,8.58871956139635,2.002447204415725,127.80651505647134,1,2.910249616931365,1,71.06733199806864,3.478428457663009,0.2358949181794206,0.2370842163367019,0.087568812691916,0.2143335830488853,Healthy
D:\Download1\Multi_Crop_Leaves_Disease\Multi_Crop_Leaves_Disease\Brinjal\Healthy_brinjal\IMG_8748.jpg,Healthy,103,51,20,22.80213132,84.14668447,7.046607434,91.6389565,23.597865975941374,2,8.2678961751759,2.871317121556445,360.12789074603444,1.8288906005972985,1,6.684298590669576,31.242267525532974,165.65608019107017,2,3.853887383258292,2,10.576808559063576,2.9959695625912515,0.2893795479460609,0.1906915147484287,0.1288556813902201,0.1684951579369566,Healthy
D:\Download1\Multi_Crop_Leaves_Disease\Multi_Crop_Leaves_Disease\Brinjal\Healthy_brinjal\IMG_8749.jpg,Healthy,35,142,203,21.17089176,90.23730166,5.895319002,123.6495149,14.060726060721125,3,10.027869635696282,19.778642777029397,366.41008229688754,1.4471587504560397,4,12.1878176893312,25.59572346156054,57.50181445050095,1,48.57396125250497,1,62.2063515233653,1.5499472505052103,0.0608393412825283,0.1880308636550547,-0.0084407003452388,0.1510990399403412,Healthy
D:\Download1\Multi_Crop_Leaves_Disease\Multi_Crop_Leaves_Disease\Brinjal\Healthy_brinjal\IMG_8750.jpg,Healthy,110,78,50,25.93730186,78.89864446,5.915568968,98.21747528,29.30871124087917,3,10.236894497591765,14.84169747055332,381.8517062073429,2.7209767054791123,6,19.405844805993556,46.255193140033846,189.5841508572656,2,7.528830971671247,1,17.976945599728676,4.6141049698722085,0.2637546044295197,0.2480075367308772,0.1754485353333754,0.2285554776985267,Healthy
D:\Download1\Multi_Crop_Leaves_Disease\Multi_Crop_Leaves_Disease\Brinjal\Healthy_brinjal\IMG_8751.jpg,Healthy,34,16,25,30.07202564,50.96040505,6.10729559,92.09609766,20.715076606168907,3,11.357735837490596,12.868205321779758,411.23663209182325,7.187704113845516,4,16.0936163429313,15.06515034204944,133.2872655603867,3,15.268934476082936,1,24.769198947326053,4.071821805484809,0.2494401440027579,0.2416987512452846,0.1103069437793367,0.2290102725873092,Healthy
D:\Download1\Multi_Crop_Leaves_Disease\Multi_Crop_Leaves_Disease\Brinjal\Healthy_brinjal\IMG_8752.jpg,Healthy,24,128,196,22.75088787,90.69489172,5.521466996,110.4317855,26.113409078104365,3,5.621583404334913,16.669208892696112,379.08411221752937,6.984264351462168,3,17.074309034166177,9.285506758817776,150.12815322700828,1,27.90621993963222,3,15.502632603083022,3.0578455868655303,0.1888089508254469,0.1821024141150078,0.1270084255358297,0.1730777327506774,Healthy
D:\Download1\Multi_Crop_Leaves_Disease\Multi_Crop_Leaves_Disease\Brinjal\Healthy_brinjal\IMG_8887.jpg,Healthy,42,61,22,26.27274407,62.28814857,7.418650668,70.23207557,17.847875103559108,1,5.606756913903757,6.503058374370316,423.6303973199391,7.098344554741495,2,11.783802400828565,17.83712989970797,73.98434354427917,1,46.22534285362784,2,90.85330432584584,3.788237438066084,0.1647878396996178,0.2470896998851705,0.0559796976397417,0.2064885365761578,Healthy
D:\Download1\Multi_Crop_Leaves_Disease\Multi_Crop_Leaves_Disease\Brinjal\Healthy_brinjal\IMG_8888.jpg,Healthy,18,125,203,22.44307715,91.59234006,6.160267496,102.5565807,26.033503023353923,3,5.535032968970341,3.0752172523507526,392.2084427211176,4.049705621882335,2,6.097864783254899,47.6643685600168,185.20976571402215,3,37.80246307201909,1,13.409580698445687,1.7679611069396648,0.2447768144506669,0.2481279098017598,0.1101090478398456,0.2340463749985691,Healthy
D:\Download1\Multi_Crop_Leaves_Disease\Multi_Crop_Leaves_Disease\Brinjal\Healthy_brinjal\IMG_8889.jpg,Healthy,72,60,25,18.52510753,69.0276233,5.773454729,88.10234397,18.104902150279425,1,8.233334952892696,3.1383006712790062,436.45429971958566,8.915273023719175,6,12.35777406031272,14.65827099700151,111.92986900866882,1,3.287193052337367,2,79.35478134213156,1.045298115698056,0.2746427329900849,0.2273588960513272,0.1264506191986833,0.2178794722800705,Healthy
D:\Download1\Multi_Crop_Leaves_Disease\Multi_Crop_Leaves_Disease\Brinjal\Healthy_brinjal\IMG_8890.jpg,Healthy,23,72,84,19.02061277,17.13159126,6.920251378,79.92698081,27.05509317878045,3,11.878308835344855,2.815813462829515,416.79872503934456,3.5492663410517467,6,9.493220478777127,33.115625927157,59.70228819804632,3,38.376003590536605,3,10.03302386589996,3.307460131083072,0.2798559329483415,0.2404500481752604,0.1727346032296613,0.2279523065289345,Healthy
D:\Download1\Multi_Crop_Leaves_Disease\Multi_Crop_Leaves_Disease\Brinjal\Healthy_brinjal\Little white eggplant has big leaves_.jpg,Healthy,121,53,19,23.51308653,76.72621429,7.976889498,80.11272117,28.914272623918485,1,7.931491404456913,1.0831561350996188,414.5398333736644,7.9765460438031965,4,12.862438027581144,93.42653644843072,59.97389337799559,3,40.8434161056684,1,67.05678364391477,4.855826023576963,0.2560103776977602,0.2401027672046924,0.1232370839366175,0.231265954356447,Healthy
D:\Download1\Multi_Crop_Leaves_Disease\Multi_Crop_Leaves_Disease\Brinjal\Healthy_brinjal\WhatsApp Image 2026-03-31 at 10.56.10 AM.jpeg,Healthy,33,23,45,20.00218987,85.83618191,7.116538883,112.337046,28.83400218978235,3,11.378909982042412,18.742899809578304,405.89842378246186,5.599919189589377,1,14.536901818208296,24.445940854869875,77.79460668512309,2,10.76132110859755,1,44.505996897925485,4.330322544034911,0.2330809849463707,0.2638559957925448,0.0605912922500093,0.2414275863479965,Healthy
D:\Download1\Multi_Crop_Leaves_Disease\Multi_Crop_Leaves_Disease\Brinjal\Healthy_brinjal\WhatsApp Image 2026-03-31 at 10.56.12 AM.jpeg,Healthy,40,79,17,21.12695586,63.18738532,6.403683619,38.71834464,18.49230232182243,1,10.00278861587699,13.56269634844844,423.734602857772,7.387340726592608,4,13.09506767519924,76.77591920593886,164.9275724718721,2,26.712135205444334,1,35.32776859431765,2.947503898953036,0.1736640641575071,0.169856684872427,0.0421607975103885,0.1571915703035355,Healthy
D:\Download1\Multi_Crop_Leaves_Disease\Multi_Crop_Leaves_Disease\Brinjal\Healthy_brinjal\WhatsApp Image 2026-03-31 at 10.56.19 AM.jpeg,Healthy,37,77,17,36.20970524,31.94550613,5.617122801,191.0658531,23.44738660801529,1,6.942108449147423,12.744894614392637,440.6651640687926,8.530714437243448,5,8.554081150991994,72.18538639341287,77.03901767446263,2,35.63747536716709,1,87.11738363584031,3.079811692737201,0.3084980971943827,0.2604660044915257,0.1780076627381013,0.2296548869587603,Healthy
D:\Download1\Multi_Crop_Leaves_Disease\Multi_Crop_Leaves_Disease\Brinjal\Healthy_brinjal\WhatsApp Image 2026-03-31 at 10.56.33 AM (1).jpeg,Healthy,8,136,201,41.65602996,82.22118237,5.609255992,74.19664838,24.439522388269975,2,8.993371822317629,5.693625193255554,350.1129099284737,9.479764546641643,4,17.32232250193894,20.11965630041336,52.96484560113024,3,8.651581224393556,1,95.33081102689184,3.1837057272320517,-0.1584452286848346,0.1725793484284205,-0.3024683695484409,0.1361562597649335,Healthy
D:\Download1\Multi_Crop_Leaves_Disease\Multi_Crop_Leaves_Disease\Brinjal\Unhealthy_brinjal\Cercospora\21175817939_f04ffb822c_o.jpg,Cercospora,85,95,47,25.94019018,78.3422098,6.211833161,119.84797,27.518603511688376,3,6.531625356232604,2.425486443119098,407.3452617931469,7.459031045433743,1,12.322578874135328,69.3040563424938,153.76497951273336,2,12.708021714042022,1,62.55921928632674,4.725838354795833,0.1156567940639901,0.2056236129515778,0.0556674268444078,0.1825078192829755,High_Risk
D:\Download1\Multi_Crop_Leaves_Disease\Multi_Crop_Leaves_Disease\Brinjal\Unhealthy_brinjal\Cercospora\21371018861_42fd0d4585_o.jpg,Cercospora,6,62,22,20.53052663,18.09224048,5.824090984,120.4509288,15.118545496371134,1,10.690606846019747,12.314004532827248,406.71985990295485,8.548523896934508,1,15.164022803636726,11.375687885418596,89.51464708720701,1,45.2743383074135,1,80.07291499408315,3.2279843128492924,0.2557328745175416,0.2640159299519048,0.1297730635455898,0.2362678608317673,High_Risk
D:\Download1\Multi_Crop_Leaves_Disease\Multi_Crop_Leaves_Disease\Brinjal\Unhealthy_brinjal\Cercospora\cercospora12.png,Cercospora,0,74,17,23.33375853,64.50515776,7.240988401,47.01510708,11.911879522102389,2,7.914023130622338,11.94318729709434,354.5057013408468,7.680509515846121,2,12.683016127147482,42.68945995710794,73.73495527144723,1,47.131885286021685,2,16.07976342466276,3.276836937163461,0.1224027948746228,0.1807391846185329,0.1058905565544218,0.1495139545635362,High_Risk
D:\Download1\Multi_Crop_Leaves_Disease\Multi_Crop_Leaves_Disease\Brinjal\Unhealthy_brinjal\Cercospora\cercospora13.png,Cercospora,89,91,55,25.08347445,80.261731,6.275572298,94.32961456,19.839832895229613,1,10.95310827300801,15.301841934099446,380.8661048749861,1.413298621923211,1,9.040540649593346,61.514992963163614,177.5520904594253,3,2.75202209842233,3,94.9865095839756,4.086551780180214,0.3089701373329916,0.2449624670841136,0.1812037378173581,0.2234614513867075,High_Risk
D:\Download1\Multi_Crop_Leaves_Disease\Multi_Crop_Leaves_Disease\Brinjal\Unhealthy_brinjal\Cercospora\cercospora14.png,Cercospora,59,58,17,28.546224,66.31394098,7.368318809,62.83469851,27.280009662050613,2,8.145861163325478,16.12653639295363,361.8935983115696,1.2612962159319565,2,17.997585864689952,20.90282928731833,146.76750770069083,3,37.10629113887449,1,22.596087517644225,1.6268254069890529,0.2188437778472488,0.2063325243038297,0.1300130933028308,0.177674427916176,High_Risk
D:\Download1\Multi_Crop_Leaves_Disease\Multi_Crop_Leaves_Disease\Brinjal\Unhealthy_brinjal\Cercospora\cercospora15.png,Cercospora,35,64,15,28.47442276,63.53604453,6.500144962,69.5274407,20.113293079539623,1,5.063887239785832,3.878962623720412,371.2992317284297,7.598530598745731,6,12.64317568134402,24.72035450108878,135.49984369999714,3,46.23666004424658,2,57.24122257162016,2.7098829578931527,0.2783905430999636,0.2529842305066487,0.1147753508485719,0.2331810038788872,High_Risk
D:\Download1\Multi_Crop_Leaves_Disease\Multi_Crop_Leaves_Disease\Brinjal\Unhealthy_brinjal\Cercospora\cercospora16.png,Cercospora,5,65,16,21.32776028,18.48522915,5.866744372,109.1013261,21.161898388489256,2,7.246797566094891,14.64186372444648,443.5440481589047,4.549911215008955,5,19.212214052172943,47.85163722224974,122.69279795628792,3,25.38821718785312,1,32.73359236832509,3.925440588826343,0.0716836083397783,0.194227348162265,0.0047602307989865,0.1524215589081096,High_Risk
D:\Download1\Multi_Crop_Leaves_Disease\Multi_Crop_Leaves_Disease\Brinjal\Unhealthy_brinjal\Cercospora\cercospora17.png,Cercospora,20,67,19,19.24462755,50.54495302,5.671419084,180.6465282,14.831856249968643,1,7.841199551983227,14.694132912947095,422.6342923059257,6.620653760993394,5,16.097174434644288,15.733637607200937,114.74736875201228,2,13.659378242123916,3,79.09846833731524,1.4890945348193356,0.3392465239593991,0.2275202987527341,0.2015317896544669,0.2170903853757409,High_Risk
D:\Download1\Multi_Crop_Leaves_Disease\Multi_Crop_Leaves_Disease\Brinjal\Unhealthy_brinjal\Cercospora\cercospora18.png,Cercospora,1,29,29,27.32961444,49.30347234,6.052026047,93.53197359,16.82892056563115,3,7.869854686964746,6.960873360697624,368.48532778182687,3.300031143922392,4,16.226513427836117,15.74260257996899,79.52362590478475,3,8.179879735331468,3,93.01664336616857,4.858995155757364,0.1098579175989218,0.1938677018558514,0.0264283273523151,0.1640345053857025,High_Risk
D:\Download1\Multi_Crop_Leaves_Disease\Multi_Crop_Leaves_Disease\Brinjal\Unhealthy_brinjal\Cercospora\cercospora19.png,Cercospora,98,43,35,25.40785911,76.44048625,7.319952206,188.6372826,10.667365708154236,2,7.770554294053623,0.5772072600864209,380.3170050509744,9.973918015413116,2,7.86732542323147,91.51431149859158,152.24530754196064,3,44.68888808879602,2,23.758428463079373,3.334200790718736,0.0843195498765195,0.2366691737931782,-0.0243944324422046,0.1755565268516987,High_Risk
D:\Download1\Multi_Crop_Leaves_Disease\Multi_Crop_Leaves_Disease\Brinjal\Unhealthy_brinjal\Cercospora\cercospora20.png,Cercospora,76,47,42,20.08369642,83.29114712,5.739175027,263.6372176,12.798551225078883,1,8.493220515439155,14.79314574382678,361.02091567323566,1.985335032598622,4,7.303002128148399,13.445380845596954,134.0076579778979,2,42.93040374466491,3,66.24336098308976,3.4540275931594837,0.2417466386153199,0.2499797695316607,0.0907289917289768,0.2320499714768009,High_Risk
D:\Download1\Multi_Crop_Leaves_Disease\Multi_Crop_Leaves_Disease\Brinjal\Unhealthy_brinjal\Cercospora\cercospora21.png,Cercospora,91,12,46,24.64458469,85.49938185,6.343942518,48.31219031,13.53062773626413,3,5.8303837928129045,0.7098699023932831,417.3830129356597,9.486207446286786,1,9.064528156230402,26.318748624131207,106.4400803141661,3,49.7999586356249,2,66.73347194425764,4.0594028089210346,0.1224027948746228,0.1807391846185329,0.1058905565544218,0.1495139545635362,High_Risk
D:\Download1\Multi_Crop_Leaves_Disease\Multi_Crop_Leaves_Disease\Brinjal\Unhealthy_brinjal\Cercospora\cercospora22.png,Cercospora,37,36,27,27.5529736,47.90859131,5.910634533,90.40332704,10.783959311288562,3,6.699745250130075,15.849165893429504,380.7558763974026,5.694371470707981,4,15.45580205149215,95.34139445636002,89.17570909603396,3,16.09283478874064,2,96.91403704874678,1.597657975646214,0.3410463720405699,0.230250159543514,0.1473552699228697,0.2315287262301106,High_Risk
D:\Download1\Multi_Crop_Leaves_Disease\Multi_Crop_Leaves_Disease\Brinjal\Unhealthy_brinjal\Cercospora\cercospora23.png,Cercospora,76,44,45,25.4879684,84.48235878,6.740947635,168.7848886,26.664930509052184,1,5.263525883776876,17.44817398431784,416.7253694620193,1.8445663680715212,4,11.12617812642248,22.36745214112261,116.41522335611764,3,26.63894046543474,2,41.91785585791475,2.154479839742195,0.2408681720142856,0.2439769244527121,0.1370431233801596,0.2094020755892864,High_Risk
D:\Download1\Multi_Crop_Leaves_Disease\Multi_Crop_Leaves_Disease\Brinjal\Unhealthy_brinjal\Cercospora\IMG_8793.jpg,Cercospora,96,13,55,29.5275305,94.57459443,6.700337732,21.13545688,16.849234899690444,1,8.837008119081315,3.323558859844724,394.9634588682946,3.4318479194479736,4,15.281466133607982,32.91850237563174,185.74288171329476,2,29.53262229675718,3,2.648883649212097,4.944745176741174,0.2684385621491004,0.1453727636755912,0.1411981911734598,0.1410657746090677,High_Risk
D:\Download1\Multi_Crop_Leaves_Disease\Multi_Crop_Leaves_Disease\Brinjal\Unhealthy_brinjal\Cercospora\no(17).jpg,Cercospora,1,35,34,30.79375683,46.69536813,6.27339822,92.21318555,28.64394564828418,1,6.33286251838077,2.3240261152923014,435.1973475036425,4.066302104353758,2,11.192610803061935,43.29270424757342,153.4998724982956,2,31.21216102332393,3,7.751729397669282,2.189608036522272,0.282525961070738,0.2352376342952635,0.1217911523325992,0.2264963251412972,High_Risk
D:\Download1\Multi_Crop_Leaves_Disease\Multi_Crop_Leaves_Disease\Brinjal\Unhealthy_brinjal\Cercospora\no(19).jpg,Cercospora,2,143,196,22.71271308,90.45261746,5.669489065,109.8852597,10.188538529844916,1,9.333151503509018,9.638197433384985,381.72369348023176,1.4416871933951954,1,17.816396140708523,52.624550258489975,141.78113696913422,3,4.85770616327591,3,11.87071216461797,1.6979442528415398,0.2353515183612222,0.1738256971600038,0.1800627644596147,0.1587579343829829,High_Risk
D:\Download1\Multi_Crop_Leaves_Disease\Multi_Crop_Leaves_Disease\Brinjal\Unhealthy_brinjal\Early_Leaf_spot\leaf spor.jpg,Early_Leaf_spot,40,78,20,19.18572809,20.83398341,5.669236258,80.15293435,26.038360544951527,2,8.069194135841734,14.68859661918306,398.2563054665093,9.3520986282443,3,17.64626014503473,4.342274444716232,167.21439823918263,1,48.26408267157923,1,7.083514310218897,3.927596153401768,0.1430175762516661,0.1800497282773631,0.0334165232615572,0.1572763763367763,High_Risk
D:\Download1\Multi_Crop_Leaves_Disease\Multi_Crop_Leaves_Disease\Brinjal\Unhealthy_brinjal\Early_Leaf_spot\no(1).jpg,Early_Leaf_spot,40,17,15,21.35093384,90.9492967,7.871063004,107.0862095,21.39328988700335,1,8.711074061499891,4.518362357829813,410.6515834598084,1.220154370379202,4,9.362445434811187,43.869084369758326,175.70639527144527,2,30.447488064278883,1,22.997895059095384,2.147489768866198,0.3415415726563713,0.244512235959752,0.1709606309786425,0.2213734316873143,High_Risk
D:\Download1\Multi_Crop_Leaves_Disease\Multi_Crop_Leaves_Disease\Brinjal\Unhealthy_brinjal\Early_Leaf_spot\no(10).jpg,Early_Leaf_spot,26,67,24,36.97794384,37.73992903,5.642813116,161.4812963,19.804437899305963,2,7.156592165400795,16.710165326170618,370.3365544913563,7.485819466577953,2,6.174961410389539,19.956112935827807,175.59666308434575,3,49.91377799311904,1,35.91753981796405,2.6608782397173907,0.160852732014372,0.2111317286405189,0.0662280043266891,0.1744212931386752,High_Risk
D:\Download1\Multi_Crop_Leaves_Disease\Multi_Crop_Leaves_Disease\Brinjal\Unhealthy_brinjal\Early_Leaf_spot\no(12).jpg,Early_Leaf_spot,36,68,20,17.06104474,23.77201471,5.86442953,81.83420522,17.906917426643606,2,5.329953219128357,5.658148571421286,418.1176724431083,6.638963800079786,2,5.450547799159866,18.582171647334565,101.15413851521564,1,26.42750297698336,1,55.06134486163885,1.5611786785707222,0.3538895799000042,0.2427065187446233,0.1498499206072622,0.2364734568357472,High_Risk
D:\Download1\Multi_Crop_Leaves_Disease\Multi_Crop_Leaves_Disease\Brinjal\Unhealthy_brinjal\Early_Leaf_spot\no(16).jpg,Early_Leaf_spot,43,64,47,38.58954491,91.58076549,6.825664782,102.2708231,27.92906065152072,2,10.729712021368185,4.043928290608672,428.95427221803067,9.713981867311643,6,7.711800955757495,78.24936784611874,127.77157188414058,2,22.688049789306387,3,43.83212859302196,3.159455868493706,0.2730136608807161,0.1637667555702561,0.1342792353045481,0.1509888344817751,High_Risk
D:\Download1\Multi_Crop_Leaves_Disease\Multi_Crop_Leaves_Disease\Brinjal\Unhealthy_brinjal\Early_Leaf_spot\no(17).jpg,Early_Leaf_spot,82,46,41,23.3250131,79.79609448,6.581693772,187.3096148,19.674002504009135,3,7.194031324863888,18.727523567556258,351.5400665170053,6.911860841091031,6,13.585421861314131,11.24183505642453,191.4007487508728,2,36.637408573008585,3,91.09228252614432,3.744575882995673,0.173143359435536,0.2129469926099184,0.1117669853197192,0.1690017332031815,High_Risk
D:\Download1\Multi_Crop_Leaves_Disease\Multi_Crop_Leaves_Disease\Brinjal\Unhealthy_brinjal\Early_Leaf_spot\no(19).jpg,Early_Leaf_spot,103,33,33,26.71717393,50.50148528,7.131435858,126.8073984,27.90183973869437,1,11.66215282517514,2.324002312151414,438.3686605750282,6.266938412264151,3,19.346227666480704,81.89223232175623,105.9968443526586,1,6.007991296173759,1,39.23306104212055,3.472756440751938,0.2637546044295197,0.2480075367308772,0.1754485353333754,0.2285554776985267,High_Risk
D:\Download1\Multi_Crop_Leaves_Disease\Multi_Crop_Leaves_Disease\Brinjal\Unhealthy_brinjal\Early_Leaf_spot\no(2).jpg,Early_Leaf_spot,40,72,77,17.02498456,16.98861173,7.485996067,88.55123143,17.883769647178593,1,11.450264999979892,4.008740762379432,395.2805561659712,4.175852139267892,3,19.53813764810585,84.21808845378636,62.12247787492086,3,4.404796040752751,3,88.59923610206668,4.254476758311473,0.1676629069574048,0.2131145573261431,0.0566184255085184,0.173740981263448,High_Risk
D:\Download1\Multi_Crop_Leaves_Disease\Multi_Crop_Leaves_Disease\Brinjal\Unhealthy_brinjal\Early_Leaf_spot\no(22).jpg,Early_Leaf_spot,1,12,30,27.754298,95.94643831,5.56222383,131.0900076,28.400944581202737,3,8.072236813128825,1.4322560741361845,376.5711259758857,3.849708705957164,2,6.928370597781435,58.79904825883016,142.4222220056953,3,9.76322669578053,1,39.4079691721129,2.3161492475171714,0.1543886316108725,0.1691032886225796,0.0882189739370302,0.1494257136908455,High_Risk
D:\Download1\Multi_Crop_Leaves_Disease\Multi_Crop_Leaves_Disease\Brinjal\Unhealthy_brinjal\Early_Leaf_spot\no(3).jpg,Early_Leaf_spot,47,63,16,27.44003279,67.10464369,6.661870999,72.50669768,25.808793266961025,2,10.51790295984596,17.650773074589207,421.3095140869937,4.805309922062655,5,17.96337479595145,60.24211492581443,73.18220250888163,2,31.08707776909348,3,23.71197042376647,2.45412717182445,0.3074891051102645,0.2397546784971338,0.1660608241123589,0.2191039356040942,High_Risk
D:\Download1\Multi_Crop_Leaves_Disease\Multi_Crop_Leaves_Disease\Brinjal\Unhealthy_brinjal\Early_Leaf_spot\no(4).jpg,Early_Leaf_spot,36,58,25,28.66024187,59.3189118,8.399135958,36.92629678,17.12723207972995,2,9.417667784971666,10.874538512061804,390.1517519482007,2.802286344947758,2,11.969687372725884,25.72878538527653,113.9790573587542,1,40.09185576982474,3,49.66884655041955,1.7731919365727995,0.0019490522359646,0.1897723449101753,-0.065063426712582,0.1509606675054114,High_Risk
D:\Download1\Multi_Crop_Leaves_Disease\Multi_Crop_Leaves_Disease\Brinjal\Unhealthy_brinjal\Early_Leaf_spot\no(5).jpg,Early_Leaf_spot,33,47,46,29.20300896,93.96834049,6.839443833,209.4083305,27.67820147200708,2,8.521516084785803,17.702169238439,402.7840041902042,7.89188269914041,3,9.043884867843012,57.977666047433566,94.00318740089084,1,29.77358446231071,2,60.166297257067136,3.6237414558172927,0.2408681720142856,0.2439769244527121,0.1370431233801596,0.2094020755892864,High_Risk
D:\Download1\Multi_Crop_Leaves_Disease\Multi_Crop_Leaves_Disease\Brinjal\Unhealthy_brinjal\Early_Leaf_spot\no(6).jpg,Early_Leaf_spot,37,71,16,26.28663931,68.51966729,7.324863481,46.13833007,14.45817986156172,3,9.626370641021136,17.55861119160324,411.5870428765159,4.772328614297107,5,5.886138622888223,68.65614250772512,95.91380501974996,1,22.547897579239063,1,62.37843674736327,1.2991179532158543,0.2458360165738611,0.2583816460757159,0.1331471351454263,0.2364737576218877,High_Risk
D:\Download1\Multi_Crop_Leaves_Disease\Multi_Crop_Leaves_Disease\Brinjal\Unhealthy_brinjal\Early_Leaf_spot\no(7).jpg,Early_Leaf_spot,98,29,30,25.64004392,61.03273481,6.217974349,199.4735636,14.9647460866055,2,7.202522250308457,8.289854153350635,422.852472559832,1.1760837129932753,3,16.518957370572725,32.482353803212995,126.57700672097238,3,1.8233206878226824,1,97.633666009013,2.232463278343964,0.3368702723031191,0.247178841951299,0.2096562292954268,0.2251554366562076,High_Risk
D:\Download1\Multi_Crop_Leaves_Disease\Multi_Crop_Leaves_Disease\Brinjal\Unhealthy_brinjal\Early_Leaf_spot\no(8).jpg,Early_Leaf_spot,22,8,33,28.43572863,95.8840407,5.665785202,203.9283708,29.45772492848779,2,5.597789328109737,5.501089929048042,379.3502566085638,8.492168647316173,1,9.294338660707552,74.8422898426792,67.75173160506834,1,0.650495067016188,3,95.74661550951494,2.8964688658012023,0.2999908218418688,0.2600072790984676,0.1969379833748096,0.2264746608813793,High_Risk
D:\Download1\Multi_Crop_Leaves_Disease\Multi_Crop_Leaves_Disease\Brinjal\Unhealthy_brinjal\Early_Leaf_spot\no(9).jpg,Early_Leaf_spot,15,123,204,22.52709326,92.54780429,6.365972688,115.3830068,18.906002562998392,2,11.657186547471447,15.91233696366806,398.8980954455944,6.458582998782504,1,18.789972239712483,48.538228806963126,98.17994985320148,1,8.447824591652909,1,92.38368920499522,2.262732701697352,0.1700672275850901,0.2472078447567685,0.0214765413346806,0.2158262153267885,High_Risk
D:\Download1\Multi_Crop_Leaves_Disease\Multi_Crop_Leaves_Disease\Brinjal\Unhealthy_brinjal\Early_Leaf_spot\test12.jpg,Early_Leaf_spot,1,27,36,23.98598756,93.34236582,5.684995235,104.991282,28.65626092875943,2,9.142501828732785,15.391525782167086,437.9228767298965,9.924951777926776,4,13.773738903765036,6.171702411391133,63.98318110736047,1,46.0472280062448,1,27.973358277861596,3.0338913306873785,0.315553342061823,0.2475809719930307,0.1408641818327258,0.2239677736293182,High_Risk
D:\Download1\Multi_Crop_Leaves_Disease\Multi_Crop_Leaves_Disease\Brinjal\Unhealthy_brinjal\Leaf_curl\leaf curl12.png,Leaf_Curl,111,5,50,27.59350075,91.79742953,6.399891457,24.84266123,24.993083810404304,3,11.465098626995124,7.567065933176145,439.4052439943528,9.209966342708796,1,9.055768001059771,48.86042981668879,173.2205530986008,3,0.586265820331483,2,47.41226499599159,4.158826968788709,0.1583248650057994,0.2622390521792176,0.0636647445047789,0.2337878815026823,High_Risk
D:\Download1\Multi_Crop_Leaves_Disease\Multi_Crop_Leaves_Disease\Brinjal\Unhealthy_brinjal\Leaf_curl\leaf curl13.png,Leaf_Curl,111,87,48,26.3985515,81.36028902,5.571401169,98.16752001,13.1171819705369,2,11.66973852884568,9.358851369750337,359.7621466453938,4.073651432951074,1,14.675004970702997,33.32442009921718,58.29583581205883,1,26.377474033021205,1,64.45809371881758,2.276637738972317,0.2739914727553982,0.2281002962763569,0.1579339609079376,0.2037544412801399,High_Risk
D:\Download1\Multi_Crop_Leaves_Disease\Multi_Crop_Leaves_Disease\Brinjal\Unhealthy_brinjal\Leaf_curl\leaf curl14.png,Leaf_Curl,36,58,25,28.66024187,59.3189118,8.399135958,36.92629678,17.12723207972995,2,9.417667784971666,10.874538512061804,390.1517519482007,2.802286344947758,2,11.969687372725884,25.72878538527653,113.9790573587542,1,40.09185576982474,3,49.66884655041955,1.7731919365727995,0.2894168993435805,0.2322952849386064,0.1629572359269513,0.2130998517782692,High_Risk
D:\Download1\Multi_Crop_Leaves_Disease\Multi_Crop_Leaves_Disease\Brinjal\Unhealthy_brinjal\Leaf_curl\leaf curl15.png,Leaf_Curl,37,70,25,19.73136909,24.89487354,5.819403771,84.06354115,11.653781873535564,3,5.739923237503676,0.6941571304388505,381.7360655651895,5.982346450055076,1,19.18676189867034,22.343136772083383,126.76347682996813,1,31.925982141161917,1,28.616658063607737,1.6314936158736382,0.1882210250999246,0.2365162712893856,0.0806401602464727,0.198462092551099,High_Risk
D:\Download1\Multi_Crop_Leaves_Disease\Multi_Crop_Leaves_Disease\Brinjal\Unhealthy_brinjal\Leaf_curl\leaf curl16.png,Leaf_Curl,26,66,22,18.06486101,65.1034354,6.300479414,51.54922825,16.70909070992215,2,6.329312056580471,13.77580785489586,409.9927393924568,1.4536083030102742,4,14.82536904733736,71.4881409713671,89.31210914127567,2,42.96153583612492,1,58.73846493687744,2.7015081822804365,0.1748292157307427,0.2180924153472521,0.0621720804300831,0.1939771046683829,High_Risk
D:\Download1\Multi_Crop_Leaves_Disease\Multi_Crop_Leaves_Disease\Brinjal\Unhealthy_brinjal\Leaf_curl\leaf curl17.png,Leaf_Curl,27,72,23,19.92889503,21.79992115,5.961934481,64.02640797,29.00728658906845,3,5.42506449360833,16.233653377779248,378.2673886036657,4.3157693757291655,2,13.942214232591114,66.32758467602986,74.1463654486272,2,39.52265052248517,1,84.74650386257538,3.521859537716317,0.2276694425180183,0.2518450579399788,0.1018696366332767,0.2299291849293738,High_Risk
D:\Download1\Multi_Crop_Leaves_Disease\Multi_Crop_Leaves_Disease\Brinjal\Unhealthy_brinjal\Leaf_curl\leaf curl18.png,Leaf_Curl,58,70,84,20.6543203,16.60820843,6.231049028,74.6631118,11.86449934520388,1,8.081814024118177,14.878447975920649,370.4081608733405,4.925810774280869,5,19.776496152204476,44.93988022978135,97.3670638513376,3,44.804873553847926,2,38.356629199866575,2.0813051934295324,0.2832262587939204,0.2512812314367264,0.1359671552617357,0.2298675403049009,High_Risk
D:\Download1\Multi_Crop_Leaves_Disease\Multi_Crop_Leaves_Disease\Brinjal\Unhealthy_brinjal\Leaf_curl\leaf curl19.png,Leaf_Curl,99,73,53,26.29039046,81.06003778,5.871702211,118.6730366,12.082360233995129,3,9.685712911894925,0.8883129337517204,410.9714503350251,6.992504467903647,5,7.808888292184088,90.97542950929282,146.9055825803878,1,34.10184531493009,1,19.40643850994081,3.42009562238864,0.2893795479460609,0.1906915147484287,0.1288556813902201,0.1684951579369566,High_Risk
D:\Download1\Multi_Crop_Leaves_Disease\Multi_Crop_Leaves_Disease\Brinjal\Unhealthy_brinjal\Leaf_curl\leaf_curl.jpg,Leaf_Curl,19,30,30,29.56549169,91.40896307,5.826381164,224.8315729,15.895201313092835,1,9.894367062593885,0.9061640540828586,419.8671922494208,2.1768988819001738,3,9.53158569565441,59.88238023447008,64.1520826617105,3,32.16457332286512,1,84.56037123735092,3.943953628367089,0.3159543342442221,0.2448971475198212,0.21842126100375,0.2269726565970364,High_Risk
D:\Download1\Multi_Crop_Leaves_Disease\Multi_Crop_Leaves_Disease\Brinjal\Unhealthy_brinjal\Leaf_curl\leaf_curl1.jpg,Leaf_Curl,120,16,51,27.99901833,91.64193051,6.547041903,23.28618248,27.211679894626176,3,10.77387706506159,1.514685825955171,373.0234971301738,9.861717075859454,1,12.791451058527269,91.3489736746868,122.47174379802878,2,15.870121676044802,2,60.88704193758638,2.466909482668857,0.1780428442033461,0.2384425106578979,0.0672394132036362,0.2055380728336911,High_Risk
D:\Download1\Multi_Crop_Leaves_Disease\Multi_Crop_Leaves_Disease\Brinjal\Unhealthy_brinjal\Leaf_curl\leaf_curl2.jpg,Leaf_Curl,28,69,16,29.77013109,66.29327012,6.547361618,35.69674138,27.093874300113924,2,9.875342098314055,1.335826471093513,437.1446180832128,8.832227883615587,3,16.706238759488983,18.660956862827728,123.08791682710324,3,42.34130136657068,1,84.2370450757781,3.321662161799542,0.1454227494311894,0.2791234531723869,0.027560993805829,0.2291233030580269,High_Risk
D:\Download1\Multi_Crop_Leaves_Disease\Multi_Crop_Leaves_Disease\Brinjal\Unhealthy_brinjal\Leaf_curl\test5.jpg,Leaf_Curl,28,57,17,30.47757686,61.58245338,9.416003106,61.86633917,11.737787437312106,1,11.121880747799414,6.969204722991755,418.64734462121606,8.571635824099062,4,8.622915328121376,40.14150557522558,159.72780159724152,2,20.443456199193637,2,20.286454207902903,3.6536123231119455,0.1720918289714374,0.1901855429374129,0.087714490624889,0.1689706593974808,High_Risk
D:\Download1\Multi_Crop_Leaves_Disease\Multi_Crop_Leaves_Disease\Brinjal\Unhealthy_brinjal\Leaf_curl\test6.jpg,Leaf_Curl,114,94,53,26.33544853,76.8532006,6.190757459,118.6858263,23.49247275808871,3,6.042544369567898,10.41130759750546,399.3878558253665,1.0421816862274451,6,14.08824937603403,53.533726878739984,122.57117304040804,3,4.4529646545517725,2,10.03879291701294,2.8998168638567923,0.1885150979295672,0.1807468629298206,0.1272944738931642,0.1728083247877492,High_Risk
D:\Download1\Multi_Crop_Leaves_Disease\Multi_Crop_Leaves_Disease\Brinjal\Unhealthy_brinjal\Little_leaf\IMG_8905.jpg,Little_leaf,88,46,42,22.68319059,83.46358271,6.604993475,194.2651719,23.81684773602596,1,5.122433172035966,13.975935842613731,357.582393683782,4.551065766778282,1,7.284444179427627,88.79185465173238,118.59008039681912,3,29.93185195556929,2,48.16128032944297,2.4927184961230173,0.2560103776977602,0.2401027672046924,0.1232370839366175,0.231265954356447,High_Risk
D:\Download1\Multi_Crop_Leaves_Disease\Multi_Crop_Leaves_Disease\Brinjal\Unhealthy_brinjal\Little_leaf\little leaf.jpg,Little_leaf,100,41,22,22.4204752,84.55794703,7.318802162,93.46595573,28.371856639154164,3,9.210787081190144,18.542511827064803,431.7404550138395,3.4765659547602974,2,11.61445808470716,37.23698618973456,81.23566601135084,2,20.022704668355264,1,31.807785395596365,1.4878121571954348,0.0171458001389119,0.2167142538193813,-0.099822786944663,0.1670723714442358,High_Risk
D:\Download1\Multi_Crop_Leaves_Disease\Multi_Crop_Leaves_Disease\Brinjal\Unhealthy_brinjal\Little_leaf\little leaf1.jpg,Little_leaf,65,63,50,31.88342554,91.3256535,6.524459342,79.27201575,21.22727358628693,1,10.850690165679472,9.535915588450738,383.7154492040982,7.417555386326712,4,16.06754447979937,42.766874691805015,94.1873355775962,2,19.516590325948258,2,65.79516897785618,1.1782839230453748,0.2836385915322745,0.2342608634816543,0.1265983849350097,0.2228744401321093,High_Risk
D:\Download1\Multi_Crop_Leaves_Disease\Multi_Crop_Leaves_Disease\Brinjal\Unhealthy_brinjal\Little_leaf\little leaf11.png,Little_leaf,26,15,6,17.22034507,94.78797376,6.912033409,108.0054343,11.861813428727714,2,10.729333831577774,0.8399640912733086,360.1742264957766,7.666731264334597,6,5.712658741012413,71.63868014748995,87.60129437319478,2,1.4795347064884223,2,2.528538799708624,3.594436144785529,0.0491342517970188,0.1642324558509376,-0.0101583425000225,0.1430541457295534,High_Risk
D:\Download1\Multi_Crop_Leaves_Disease\Multi_Crop_Leaves_Disease\Brinjal\Unhealthy_brinjal\Little_leaf\little leaf12.png,Little_leaf,25,51,24,25.5042419,61.66852372,9.392694614,65.07981523,23.430910355174166,3,5.4761975243938,4.202151055088914,382.680430336379,4.223864135743031,5,14.698367051670084,71.51866914165048,72.11757015862318,1,18.17645519276208,1,93.58967974215268,2.801284532121414,0.282525961070738,0.2352376342952635,0.1217911523325992,0.2264963251412972,High_Risk
D:\Download1\Multi_Crop_Leaves_Disease\Multi_Crop_Leaves_Disease\Brinjal\Unhealthy_brinjal\Little_leaf\little leaf13.png,Little_leaf,117,86,53,25.19640218,83.55829874,5.703381728,115.8586081,28.325902456647423,1,7.199617397932129,6.013541915655642,407.0695846633312,9.62648803047828,2,6.16603146531418,29.08195864131342,75.60097227870389,2,10.439229790470478,1,35.134174584043954,3.441071815491098,0.2380330500471622,0.251096895966468,0.0766092419764407,0.2338118412627398,High_Risk
D:\Download1\Multi_Crop_Leaves_Disease\Multi_Crop_Leaves_Disease\Brinjal\Unhealthy_brinjal\Little_leaf\little leaf14.png,Little_leaf,7,28,35,30.02086169,46.78393776,4.66910839,96.63721027,11.55177333359918,1,9.679904877439435,15.596502100812696,368.8228913451877,9.576864099342774,4,16.147271561864763,6.7471469456108935,154.80948645235458,3,21.27736766887064,3,87.2346352307003,2.229721270632325,0.2350462586605806,0.2428981086735192,0.1243748048977572,0.2281194381818902,High_Risk
D:\Download1\Multi_Crop_Leaves_Disease\Multi_Crop_Leaves_Disease\Brinjal\Unhealthy_brinjal\Little_leaf\little leaf15.png,Little_leaf,61,64,52,43.30204933,92.83405443,6.641098708,110.562229,15.672019150218633,2,10.030074710130776,13.44020869618549,448.4191630291825,9.840912677984292,2,12.660968660407129,47.59342342240968,114.86358735953718,1,5.142477751892111,3,2.3462482287189723,2.059647720907197,0.2730136608807161,0.1637667555702561,0.1342792353045481,0.1509888344817751,High_Risk
D:\Download1\Multi_Crop_Leaves_Disease\Multi_Crop_Leaves_Disease\Brinjal\Unhealthy_brinjal\Little_leaf\little leaf16.png,Little_leaf,31,6,26,29.12859129,91.30924833,5.741367375,157.2388553,27.681269146344203,1,5.374747741644067,14.716859870449351,393.7850278283644,6.06728532238868,4,11.361140170733789,55.20479783507155,66.86053887350167,3,44.135838513048455,2,29.49503294394119,2.4923597381904417,0.0019490522359646,0.1897723449101753,-0.065063426712582,0.1509606675054114,High_Risk
D:\Download1\Multi_Crop_Leaves_Disease\Multi_Crop_Leaves_Disease\Brinjal\Unhealthy_brinjal\Little_leaf\little leaf2.jpg,Little_leaf,31,137,196,22.14464104,93.82567435,6.400321212,120.6310784,10.617323465665304,1,11.973004902774925,4.8751400201390505,436.19679470873456,8.209662804245049,6,10.913120518138854,60.90004993194691,61.13385788468252,3,32.598381934034535,2,50.7534858423501,1.3075454952884908,0.1389053744354498,0.1739706927886039,0.042972522587691,0.1654618085519455,High_Risk
D:\Download1\Multi_Crop_Leaves_Disease\Multi_Crop_Leaves_Disease\Brinjal\Unhealthy_brinjal\Little_leaf\PHYP62_15931.jpg,Little_leaf,58,73,16,33.36984395,65.67718163,6.874142175,64.89517488,27.92743382889407,1,8.045813170613412,4.596843033736104,437.7171319343028,7.118478301673552,1,10.064723772412728,6.702505032170791,98.8434458998906,3,20.38684044094284,3,95.4328586284362,4.700004167711239,0.1236305743733896,0.2241608162675485,0.0416176328148616,0.1932673449461761,High_Risk
D:\Download1\Multi_Crop_Leaves_Disease\Multi_Crop_Leaves_Disease\Brinjal\Unhealthy_brinjal\Little_leaf\PHYP62_15932.jpg,Little_leaf,116,81,55,26.42313317,83.6995044,5.915546415,95.12322062,11.295995627972912,1,7.012549120672988,15.689063888491654,354.81605892779373,7.999526207771023,4,6.012772304163915,92.99352217404262,180.70842699158237,3,48.19911711989498,3,52.85291915538481,3.9393246604491834,0.2755969741872947,0.2399890389012656,0.1469595464474191,0.2262117701791685,High_Risk
D:\Download1\Multi_Crop_Leaves_Disease\Multi_Crop_Leaves_Disease\Brinjal\Unhealthy_brinjal\Little_leaf\PHYP62_15933.jpg,Little_leaf,36,11,13,17.34083741,93.04897191,7.1917274,112.7194284,15.44449160051871,3,11.795494183700711,13.783475710201564,387.8222179503325,2.5771201356813056,6,15.72625617903873,96.01580620642608,75.79029387760536,3,3.4513361573214327,3,72.4814574786914,4.9623749661681344,0.2682147107187177,0.2390683046637486,0.1020274918850525,0.2362159499391597,High_Risk
D:\Download1\Multi_Crop_Leaves_Disease\Multi_Crop_Leaves_Disease\Brinjal\Unhealthy_brinjal\Little_leaf\PHYP62_8912.jpg,Little_leaf,107,10,49,25.83202912,89.00481725,6.755192025,45.24690619,23.978503476769937,2,8.744513600914036,14.169677783622785,445.0462371426793,1.4063224928628262,3,15.801012853654711,92.25161079977724,168.959420004097,1,32.2988607252579,3,91.40107787698408,4.3797881987250165,0.0019490522359646,0.1897723449101753,-0.065063426712582,0.1509606675054114,High_Risk
D:\Download1\Multi_Crop_Leaves_Disease\Multi_Crop_Leaves_Disease\Brinjal\Unhealthy_brinjal\Magnessium\magne12.png,Magnesium_Deficiency,121,53,19,23.51308653,76.72621429,7.976889498,80.11272117,28.914272623918485,1,7.931491404456913,1.0831561350996188,414.5398333736644,7.9765460438031965,4,12.862438027581144,93.42653644843072,59.97389337799559,3,40.8434161056684,1,67.05678364391477,4.855826023576963,0.3392465239593991,0.2275202987527341,0.2015317896544669,0.2170903853757409,Moderate_Risk
D:\Download1\Multi_Crop_Leaves_Disease\Multi_Crop_Leaves_Disease\Brinjal\Unhealthy_brinjal\Magnessium\magne13.png,Magnesium_Deficiency,82,25,51,24.31334971,87.47409052,6.074209622,48.11248366,12.29387392612072,2,5.712298604428518,11.536306544655076,423.2452181368836,5.710090453010161,5,5.738641538938908,0.0664443234503209,65.1315118703144,3,26.7606117073044,3,66.62767715411536,1.120195667766963,0.0443018902928554,0.1871085733193785,-0.0311996700547237,0.1564030020199493,Moderate_Risk
D:\Download1\Multi_Crop_Leaves_Disease\Multi_Crop_Leaves_Disease\Brinjal\Unhealthy_brinjal\Magnessium\magne14.png,Magnesium_Deficiency,26,11,11,13.70319166,90.95589386,7.609348255,106.2944879,20.54809814425508,2,6.444050705537716,4.149650513655145,367.19701820321575,7.463924406158924,6,7.142349060158192,50.36402731589222,132.56550711881744,1,34.72324376152116,3,96.0895920184774,1.8285835461149416,0.2141129034440985,0.2396873329667701,0.1004537600988383,0.2204657345662688,Moderate_Risk
D:\Download1\Multi_Crop_Leaves_Disease\Multi_Crop_Leaves_Disease\Brinjal\Unhealthy_brinjal\Magnessium\magne15.png,Magnesium_Deficiency,6,144,198,21.11478672,90.31528693,5.559363609,104.5086618,24.857790589963248,1,10.543174492945898,6.646143277085765,397.5003899609742,4.692630550808789,6,19.931017152656267,65.23134862893664,59.82756219742466,3,11.520506194214148,3,86.06387188638928,3.91880479900406,0.2821980866268685,0.2617641536726705,0.1529881293695949,0.2360331456603751,Moderate_Risk
D:\Download1\Multi_Crop_Leaves_Disease\Multi_Crop_Leaves_Disease\Brinjal\Unhealthy_brinjal\Magnessium\magne16.png,Magnesium_Deficiency,62,49,37,24.21744605,82.85284045,7.479248124,166.1365886,11.875862812343083,3,9.194175525919777,12.078937651326488,377.6270610977994,8.852485971004233,3,14.906872718034846,17.29066392277635,82.71159650091977,3,49.751257587928535,1,38.574184427302185,2.8957400988965825,0.277307261343369,0.144664194428088,0.1717730013633613,0.1289819655214998,Moderate_Risk
D:\Download1\Multi_Crop_Leaves_Disease\Multi_Crop_Leaves_Disease\Brinjal\Unhealthy_brinjal\Magnessium\magne17.png,Magnesium_Deficiency,82,26,47,28.50416396,93.46806467,6.565312653,24.20007242,15.657421669721185,1,11.676280822703465,2.377220350584097,366.5140054861114,8.399343299512463,4,5.072500815542467,25.59491076272401,185.8120390273185,1,14.429855160047268,2,46.01182656696574,2.9974512535123834,0.3023325399209414,0.2444755220740902,0.1368173942667024,0.2333491151251259,Moderate_Risk
D:\Download1\Multi_Crop_Leaves_Disease\Multi_Crop_Leaves_Disease\Brinjal\Unhealthy_brinjal\Magnessium\magnessium1.jpg,Magnesium_Deficiency,113,6,52,27.76317235,90.35567642,6.740983646,25.21609113,10.423127337590763,2,9.452678285421902,7.112187164652786,429.2625994355992,1.7435717491639868,2,17.09626896369859,89.99534546775618,132.41378417742283,3,26.962124619137978,3,79.57749911981355,1.1081705417334264,0.1509165754910009,0.1723905031643897,0.0318214685301151,0.1514718093963294,Moderate_Risk
D:\Download1\Multi_Crop_Leaves_Disease\Multi_Crop_Leaves_Disease\Brinjal\Unhealthy_brinjal\Magnessium\magnessium2.jpg,Magnesium_Deficiency,115,17,55,27.57826922,94.11878202,6.776533055,28.08253201,13.61459930168156,1,8.374898673496014,1.2989541223854006,380.1620337858732,9.032898780909,5,14.63257214102336,81.29325655350875,64.81147079120959,3,5.658761975512938,1,82.49201546672697,2.411655012860871,0.1933973162897838,0.2433654367139655,0.0980130871224033,0.1873698002403342,Moderate_Risk
D:\Download1\Multi_Crop_Leaves_Disease\Multi_Crop_Leaves_Disease\Brinjal\Unhealthy_brinjal\Magnessium\magnessium3.jpg,Magnesium_Deficiency,85,27,45,26.0713757,88.7285657,6.467095849,57.79652846,23.830453659792354,3,7.850181282368382,17.03606065616996,379.2687004119619,8.289147416341635,5,6.606951476626887,10.193711226253644,122.21610525792188,1,41.96179721013296,3,70.62777844750879,2.516279113240213,0.064214524021812,0.2431909590771235,0.0452580329812334,0.1908368234253522,Moderate_Risk
D:\Download1\Multi_Crop_Leaves_Disease\Multi_Crop_Leaves_Disease\Brinjal\Unhealthy_brinjal\Magnessium\magnessium4.jpg,Magnesium_Deficiency,18,21,35,23.2801227,94.94330457,6.368560522,111.1382096,22.5984525465593,2,6.971033442504762,14.012332504150828,430.8181701393216,1.3804447930054118,4,18.229010346185262,73.96699686754609,89.53170937255086,2,33.81461205325007,1,23.24873575888352,1.743232615753267,0.077686179427063,0.1761553494283008,-0.0250783526965248,0.1616432107128303,Moderate_Risk
D:\Download1\Multi_Crop_Leaves_Disease\Multi_Crop_Leaves_Disease\Brinjal\Unhealthy_brinjal\Magnessium\magnessium5.jpg,Magnesium_Deficiency,66,69,47,23.69212243,93.61055571,6.912299695,87.53393983,18.989186141616887,3,10.481355952176196,4.5855337152387925,441.5363105686713,5.275658090605019,4,14.934250291623254,87.67793720687128,160.90684564463436,1,10.16398553599242,3,58.91784880309253,3.85447289874224,0.3911039454712699,0.2187199361260266,0.1984446706395731,0.232121548545276,Moderate_Risk
D:\Download1\Multi_Crop_Leaves_Disease\Multi_Crop_Leaves_Disease\Brinjal\Unhealthy_brinjal\Magnessium\magnessium6.jpg,Magnesium_Deficiency,1,132,200,16.27852801,82.94270065,5.620745638,66.57462809,17.186455084550587,2,5.55954068390443,6.707939734563597,441.0045955654954,3.862613625906442,3,10.224465999460472,52.38547729055938,176.2615802492927,3,47.00922795224749,1,51.7454180936964,2.164823646160302,0.21718666513193,0.2008740443580465,0.1332677610005972,0.1833320104489287,Moderate_Risk
D:\Download1\Multi_Crop_Leaves_Disease\Multi_Crop_Leaves_Disease\Brinjal\Unhealthy_brinjal\Magnessium\magnessium7.jpg,Magnesium_Deficiency,50,74,17,27.10053268,63.36085585,6.5408208,73.84949872,15.369051103041096,1,9.591871830187705,2.631042772258354,399.3824738253012,1.5399400895889173,6,11.229805851617144,30.086582644205507,144.0582826092894,1,46.14562639181224,2,44.09536957821069,1.6797021112964434,0.2430625370639732,0.2545635177212461,0.1246337347128341,0.231146488739679,Moderate_Risk
D:\Download1\Multi_Crop_Leaves_Disease\Multi_Crop_Leaves_Disease\Brinjal\Unhealthy_brinjal\Magnessium\no(2).jpg,Magnesium_Deficiency,115,18,53,29.17052093,94.19790371,6.012480351,22.06994464,10.46651067931968,1,11.674130478799595,7.8166714465501075,388.4641805196774,2.3277365922955138,2,19.009974476649692,21.22330543948724,191.2534211555187,1,48.10492068014467,1,35.34728303248589,3.4645696453671584,0.2431500706247747,0.2604373356087065,0.0730191718906847,0.2382376646453108,Moderate_Risk
D:\Download1\Multi_Crop_Leaves_Disease\Multi_Crop_Leaves_Disease\Brinjal\Unhealthy_brinjal\Magnessium\no(20).jpg,Magnesium_Deficiency,98,26,52,27.33897716,90.69759008,6.150090899,28.69113835,17.276004022599764,2,9.381572324379013,12.501276558513158,357.04673209926955,6.418925587904132,3,6.8125564812920585,67.13482843140206,133.24279479028075,2,21.34579603434077,3,60.12253684150461,4.120247848707674,0.2739914727553982,0.2281002962763569,0.1579339609079376,0.2037544412801399,Moderate_Risk
D:\Download1\Multi_Crop_Leaves_Disease\Multi_Crop_Leaves_Disease\Brinjal\Unhealthy_brinjal\Mosaic\mosaic.jpg,Mosaic,4,59,25,27.68515114,81.94268594,6.227134139,54.62243308,23.293865898642444,2,7.987059038012418,8.505165616009776,414.7284233440208,7.926112389978731,5,19.06789013453228,71.12434142606327,78.241680550386,3,19.06835774200267,1,83.06274285044593,3.662312902587261,0.2790406971763748,0.2540273270785183,0.1793634519074465,0.2272297890977019,High_Risk
D:\Download1\Multi_Crop_Leaves_Disease\Multi_Crop_Leaves_Disease\Brinjal\Unhealthy_brinjal\Mosaic\mosaic1.jpg,Mosaic,27,80,15,19.07096165,21.21092266,5.788386951,86.21917578,28.75197472595325,2,5.356433858095645,5.549910977295733,376.7975400024399,3.664391261787356,4,14.212065037215805,16.411257491631627,118.48322037922809,1,37.32390526077624,3,25.75968849566118,4.241539636932313,0.3911039454712699,0.2187199361260266,0.1984446706395731,0.232121548545276,High_Risk
D:\Download1\Multi_Crop_Leaves_Disease\Multi_Crop_Leaves_Disease\Brinjal\Unhealthy_brinjal\Mosaic\mosaic11.jpg,Mosaic,19,120,195,18.73932187,81.12109244,5.931538447,73.55807954,10.27446969830681,3,6.245597846771007,13.972374523228428,406.93069399013314,4.285511109385019,5,18.02001091891493,48.852104201198365,50.60435372748454,3,39.91705440640124,2,57.15418309356334,3.927713711846432,0.2458360165738611,0.2583816460757159,0.1331471351454263,0.2364737576218877,High_Risk
D:\Download1\Multi_Crop_Leaves_Disease\Multi_Crop_Leaves_Disease\Brinjal\Unhealthy_brinjal\Mosaic\mosaic2.jpg,Mosaic,24,44,17,29.8596912,80.03499648,6.666380512,50.66487502,29.146111076779214,1,11.150097755717368,16.73248106535018,376.885585353395,5.69317678348879,3,5.493859357593379,31.02748591627984,95.19039742906912,2,46.217059729561946,1,67.08881550406021,4.696934795491084,0.2460002779840601,0.2589211134909003,0.1396865914549624,0.2323048772942461,High_Risk
D:\Download1\Multi_Crop_Leaves_Disease\Multi_Crop_Leaves_Disease\Brinjal\Unhealthy_brinjal\Mosaic\no.jpg,Mosaic,9,48,22,27.77076285,87.09979549,6.402926221,49.50812624,25.49440692183775,1,9.742414481339951,7.826374104067371,406.5249893272392,7.3174679087956305,3,8.058816799601235,35.68583590696458,78.32041495933046,2,17.460285209265574,3,20.31212812983124,1.3884052850005073,0.2330809849463707,0.2638559957925448,0.0605912922500093,0.2414275863479965,High_Risk
D:\Download1\Multi_Crop_Leaves_Disease\Multi_Crop_Leaves_Disease\Brinjal\Unhealthy_brinjal\Mosaic\test1.jpg,Mosaic,107,58,15,23.73868041,75.77503808,7.55606399,76.63669195,17.976434107611972,1,10.027443505191568,16.66741740873986,408.1755344769629,1.639757824131599,6,19.25478146862218,98.53229078954443,132.68552470180828,1,45.02552451204915,1,99.62994129270884,4.005809101831249,0.2406021588420057,0.2328317529636904,0.1193663330965081,0.2056884453002807,High_Risk
D:\Download1\Multi_Crop_Leaves_Disease\Multi_Crop_Leaves_Disease\Brinjal\Unhealthy_brinjal\Mosaic\test11.jpg,Mosaic,33,12,15,30.25578031,92.03272799,6.052318465,116.7173125,25.18414908131166,2,8.841332956391252,7.096222161608314,393.2208465382737,6.286496728226956,3,16.92965587233621,71.83185882714704,50.575000290818906,2,34.75748936939234,1,52.71860897017806,3.598348174635466,0.1547054064158144,0.276694549880376,0.055888561344636,0.2284224039063615,High_Risk
D:\Download1\Multi_Crop_Leaves_Disease\Multi_Crop_Leaves_Disease\Brinjal\Unhealthy_brinjal\Mosaic\test15.jpg,Mosaic,96,13,55,29.5275305,94.57459443,6.700337732,21.13545688,16.849234899690444,1,8.837008119081315,3.323558859844724,394.9634588682946,3.4318479194479736,4,15.281466133607982,32.91850237563174,185.74288171329476,2,29.53262229675718,3,2.648883649212097,4.944745176741174,0.0019490522359646,0.1897723449101753,-0.065063426712582,0.1509606675054114,High_Risk
D:\Download1\Multi_Crop_Leaves_Disease\Multi_Crop_Leaves_Disease\Brinjal\Unhealthy_brinjal\Nitrogen\Nitrogen1.jpg,Nitrogen_Deficiency,16,35,31,32.27652024,50.19368841,5.316875978,95.99487068,28.945067869860168,3,8.603667156833987,0.2065913675047537,410.579476517807,8.719099950312973,5,8.22380143738097,4.353965185209818,104.300861506187,2,33.32488885527923,3,0.6804897443117186,2.238705243812902,0.3089701373329916,0.2449624670841136,0.1812037378173581,0.2234614513867075,Moderate_Risk
D:\Download1\Multi_Crop_Leaves_Disease\Multi_Crop_Leaves_Disease\Brinjal\Unhealthy_brinjal\Nitrogen\Nitrogen2.jpg,Nitrogen_Deficiency,24,27,34,28.87862994,95.11320315,6.203376525,145.0583117,23.206261667690804,2,7.848375167905652,1.716926895215927,362.84787910823246,3.609374567204117,3,9.577223449035564,53.046189167257786,50.31997772500782,1,9.47207576865824,3,46.79608631867072,1.572903397315621,0.3440804061597403,0.2281597786484006,0.2045010326783086,0.2173975308412228,Moderate_Risk
D:\Download1\Multi_Crop_Leaves_Disease\Multi_Crop_Leaves_Disease\Brinjal\Unhealthy_brinjal\Nitrogen\Nitrogen3.jpg,Nitrogen_Deficiency,35,128,205,21.07273439,93.56585985,6.041053829,107.8737015,19.771778480633905,2,10.171859964204776,3.784421171922141,381.1252362188088,6.442526438876141,1,10.684494248150756,32.34621816218971,160.5700206671807,2,5.1861040797590965,3,37.81441834547138,1.5703249892899636,0.2836385915322745,0.2342608634816543,0.1265983849350097,0.2228744401321093,Moderate_Risk
D:\Download1\Multi_Crop_Leaves_Disease\Multi_Crop_Leaves_Disease\Brinjal\Unhealthy_brinjal\Nitrogen\Nitrogen4.jpg,Nitrogen_Deficiency,28,57,17,30.47757686,61.58245338,9.416003106,61.86633917,11.737787437312106,1,11.121880747799414,6.969204722991755,418.64734462121606,8.571635824099062,4,8.622915328121376,40.14150557522558,159.72780159724152,2,20.443456199193637,2,20.286454207902903,3.6536123231119455,0.2732179438138949,0.2483949634943881,0.1346063305226855,0.2313399403736322,Moderate_Risk
D:\Download1\Multi_Crop_Leaves_Disease\Multi_Crop_Leaves_Disease\Brinjal\Unhealthy_brinjal\Nitrogen\Nitrogen5.jpg,Nitrogen_Deficiency,14,121,203,9.724457611,83.74765639,6.158689406,74.46411148,23.4975844784642,1,10.793036903829783,19.83304689701284,405.18074459836185,2.9796519112185127,5,8.16905154879666,26.505881165945567,140.33962000081482,1,44.31777615804294,1,83.82672727648202,3.936387707998109,0.1881799811803496,0.2177736994238945,0.1020953444519946,0.1784505531640862,Moderate_Risk
D:\Download1\Multi_Crop_Leaves_Disease\Multi_Crop_Leaves_Disease\Brinjal\Unhealthy_brinjal\Nitrogen\Nitrogen6.jpg,Nitrogen_Deficiency,5,25,6,30.72119881,94.01331956,6.011302181,106.8118019,22.79244210343155,3,9.748895290710369,6.315816079954568,424.7288607368821,7.337118380898586,6,6.296548795435126,95.35509045270324,125.19015966383434,3,26.80547937139637,1,47.33684442247203,1.7692104742850447,0.2822329655462026,0.245481484018449,0.1908338404292954,0.2087397729690293,Moderate_Risk
D:\Download1\Multi_Crop_Leaves_Disease\Multi_Crop_Leaves_Disease\Brinjal\Unhealthy_brinjal\Nitrogen\Nitrogen7.jpg,Nitrogen_Deficiency,23,45,23,28.77653519,86.69133979,6.983130466,56.12443206,26.96349884726317,3,6.358876678063082,8.737910097302361,397.7465295272182,1.8892128620285544,6,17.070357510114743,7.996987706132952,160.16413606534178,1,0.5905335264858425,2,12.960066683772196,1.169250477571831,0.2449503170655981,0.2374728808700787,0.1028266327682163,0.2239510727181713,Moderate_Risk
D:\Download1\Multi_Crop_Leaves_Disease\Multi_Crop_Leaves_Disease\Brinjal\Unhealthy_brinjal\Nitrogen\Nitrogen8.jpg,Nitrogen_Deficiency,94,26,27,26.36629861,52.25738495,7.456460375,177.3176161,14.924920535153532,3,5.051497384979205,16.50105882482992,406.9730796778742,3.552977353389375,3,6.534388460632296,73.42347271310275,196.27523976474484,1,49.17493606668759,3,10.712846420267674,3.783307479052532,0.2378029825833369,0.2661363931867267,0.1253992620083461,0.2322630797830034,Moderate_Risk
D:\Download1\Multi_Crop_Leaves_Disease\Multi_Crop_Leaves_Disease\Brinjal\Unhealthy_brinjal\Nitrogen\no(13).jpg,Nitrogen_Deficiency,85,58,41,21.77046169,80.31964408,7.038096361,226.6555374,12.851182636936995,3,5.754287955222303,12.048049798316915,401.45185974634256,2.142020928535281,4,16.797101236780506,74.73687900741903,70.96362942364794,1,4.714427327225068,2,77.26569365523096,1.7526716815799783,0.2463117728991833,0.2598577218723472,0.077194008685668,0.2339880189348139,Moderate_Risk
D:\Download1\Multi_Crop_Leaves_Disease\Multi_Crop_Leaves_Disease\Brinjal\Unhealthy_brinjal\Nitrogen\no(16).jpg,Nitrogen_Deficiency,10,59,15,29.83040388,89.30428305,6.32400451,58.86687093,18.34078535944638,2,5.134806685277974,10.82294034301275,399.47427214786944,2.426137392646901,1,5.352734210300366,17.985366253138167,56.42574427700407,2,23.4552584868176,2,64.07716683225043,4.904711635175548,0.2696265869102576,0.2471832387901456,0.1529573854065015,0.2068291141128475,Moderate_Risk
D:\Download1\Multi_Crop_Leaves_Disease\Multi_Crop_Leaves_Disease\Brinjal\Unhealthy_brinjal\Nitrogen\no(2).jpg,Nitrogen_Deficiency,31,121,201,23.15791104,90.34396882,5.731535258,110.712841,14.993177552546504,1,7.52662385848792,9.379228764543557,352.94057503769005,2.2339431431866714,1,15.509559029965102,10.989172234264032,188.62834720899727,1,28.420708151164916,2,93.32479361009588,2.914949385299296,0.3440804061597403,0.2281597786484006,0.2045010326783086,0.2173975308412228,Moderate_Risk
D:\Download1\Multi_Crop_Leaves_Disease\Multi_Crop_Leaves_Disease\Brinjal\Unhealthy_brinjal\Nitrogen\no(20).jpg,Nitrogen_Deficiency,6,68,18,24.388717,62.50453062,6.711341147,47.26052494,28.348238943330266,2,7.124887638232765,17.759181717624518,402.6386194379623,9.377079677854862,5,12.211252769786212,38.55566511027472,117.30724455676926,1,22.4678921273072,3,63.376262585810586,4.178196401125927,0.3462129200299929,0.2295269813135617,0.2277892818179806,0.2203590797020855,Moderate_Risk
D:\Download1\Multi_Crop_Leaves_Disease\Multi_Crop_Leaves_Disease\Brinjal\Unhealthy_brinjal\Nitrogen\no(6).jpg,Nitrogen_Deficiency,42,53,48,23.11407669,94.31994776,6.758479569,231.5153161,17.999723092851553,3,5.892382831145507,9.475687317503992,403.20816847270726,8.565270869918454,3,17.045972180827384,52.453433320175336,80.62705005038588,1,20.244674119406664,2,3.0887146513079555,4.022441244895647,0.2276694425180183,0.2518450579399788,0.1018696366332767,0.2299291849293738,Moderate_Risk
D:\Download1\Multi_Crop_Leaves_Disease\Multi_Crop_Leaves_Disease\Brinjal\Unhealthy_brinjal\Nitrogen\no(7).jpg,Nitrogen_Deficiency,12,6,8,30.84835031,92.86773675,6.388617138,107.4142681,12.740281803182636,2,9.340071976673787,7.302321716095683,438.1066017903882,6.992863044569792,2,17.542047890482092,51.36085243080865,194.57941698092668,2,17.423743826131428,1,76.82174145174606,4.213638731828076,0.2963066657866235,0.2415583300002743,0.185033926444594,0.2226061559692754,Moderate_Risk
D:\Download1\Multi_Crop_Leaves_Disease\Multi_Crop_Leaves_Disease\Brinjal\Unhealthy_brinjal\pest_damage\How To Grow Eggplant And Tricks To Get More Fruit.jpg,Pest_Damage,23,23,30,32.82141065,47.45553843,4.755273631,90.89173106,26.92493135810683,3,10.608561658907384,10.840999312272505,352.91785640617684,9.38755779624438,3,9.912014991984902,14.02201019292596,151.02006458177112,1,30.72540176084994,2,67.14698558757331,3.2050186837580985,0.1509165754910009,0.1723905031643897,0.0318214685301151,0.1514718093963294,Moderate_Risk
D:\Download1\Multi_Crop_Leaves_Disease\Multi_Crop_Leaves_Disease\Brinjal\Unhealthy_brinjal\pest_damage\no(1).jpeg,Pest_Damage,89,91,55,25.08347445,80.261731,6.275572298,94.32961456,19.839832895229613,1,10.95310827300801,15.301841934099446,380.8661048749861,1.413298621923211,1,9.040540649593346,61.514992963163614,177.5520904594253,3,2.75202209842233,3,94.9865095839756,4.086551780180214,0.2755969741872947,0.2399890389012656,0.1469595464474191,0.2262117701791685,Moderate_Risk
D:\Download1\Multi_Crop_Leaves_Disease\Multi_Crop_Leaves_Disease\Brinjal\Unhealthy_brinjal\pest_damage\no.jpg,Pest_Damage,34,65,47,23.48546973,93.71043692,6.833768535,191.7760562,24.362217189717786,3,5.037598914860304,0.9506230913500092,357.86444260247777,4.444785569908624,3,5.407246224312809,95.99603278086792,59.53224919680108,1,32.62218355104567,1,50.81909003287165,1.7630783986805638,0.2822329655462026,0.245481484018449,0.1908338404292954,0.2087397729690293,Moderate_Risk
D:\Download1\Multi_Crop_Leaves_Disease\Multi_Crop_Leaves_Disease\Brinjal\Unhealthy_brinjal\pest_damage\pest.jpg,Pest_Damage,27,30,5,32.71748548,90.54608254,7.656978112,113.328978,11.768006354308664,1,6.9699264699318935,11.316674401678116,359.4114741118136,9.716501139302675,4,16.31744074513373,9.89526588465981,166.71645261209306,2,37.6103865050852,3,75.31940044338373,1.6113025466327913,0.271857662818706,0.2579144089682887,0.1170754087122319,0.2403265062939086,Moderate_Risk
D:\Download1\Multi_Crop_Leaves_Disease\Multi_Crop_Leaves_Disease\Brinjal\Unhealthy_brinjal\pest_damage\pest_damage1.jpg,Pest_Damage,39,70,52,26.26559543,90.79668055,6.65149129,59.49373381,20.285976168436644,1,5.609673138826256,5.010912993994965,393.7095905892368,4.65996897605013,1,15.703495896172328,73.95022853040551,82.84986088221976,1,2.1014026676201114,1,62.829604346663125,3.210794024330161,0.2354893529628829,0.1572933472543721,0.1402368932221714,0.147387833343762,Moderate_Risk
D:\Download1\Multi_Crop_Leaves_Disease\Multi_Crop_Leaves_Disease\Brinjal\Unhealthy_brinjal\pest_damage\pest_damage11.jpg,Pest_Damage,108,22,47,28.53545677,91.72742702,6.161123579,25.1290048,28.982135482995226,2,9.161602080461757,11.159358022978616,438.81787687651047,7.234406108355488,4,10.814514667268414,80.21306913962447,71.60138048904422,1,48.01634816729275,2,94.934806572571,2.337972107732756,0.1236305743733896,0.2241608162675485,0.0416176328148616,0.1932673449461761,Moderate_Risk
D:\Download1\Multi_Crop_Leaves_Disease\Multi_Crop_Leaves_Disease\Brinjal\Unhealthy_brinjal\pest_damage\pest_damage111.jpg,Pest_Damage,39,65,23,25.43459777,69.12613376,7.685959305,41.02682925,10.668559319782968,3,6.391909834526754,7.958084854078242,420.24264650324176,1.743894977004242,6,10.232154749531146,95.80187666395142,97.79828414472313,3,39.00088379504362,1,45.98289268382856,1.673029754855631,0.1700672275850901,0.2472078447567685,0.0214765413346806,0.2158262153267885,Moderate_Risk
D:\Download1\Multi_Crop_Leaves_Disease\Multi_Crop_Leaves_Disease\Brinjal\Unhealthy_brinjal\pest_damage\pest_damage112.jpg,Pest_Damage,39,58,85,17.88776475,15.40589717,5.996932037,68.54932919,10.333280500159196,3,9.041096449529492,18.26306122279912,386.1343574840493,9.379368392579806,3,17.48414845121379,38.18364849343664,144.33491944585325,2,41.70058183062172,3,81.63991031531191,3.851439578709019,0.2215173692271541,0.2493660454341426,0.1038821674189442,0.2107735326470975,Moderate_Risk
D:\Download1\Multi_Crop_Leaves_Disease\Multi_Crop_Leaves_Disease\Brinjal\Unhealthy_brinjal\pest_damage\pest_damage2.jpg,Pest_Damage,74,56,22,18.28362235,66.65952796,6.829199275,80.97573281,10.557327891943224,3,10.83192583282395,17.988080048208047,364.679340186274,5.316890644844102,6,5.201145336322493,83.78298076978213,58.47081771157484,1,10.753839484866251,3,46.47527079661836,4.466445884409916,0.2354893529628829,0.1572933472543721,0.1402368932221714,0.147387833343762,Moderate_Risk
D:\Download1\Multi_Crop_Leaves_Disease\Multi_Crop_Leaves_Disease\Brinjal\Unhealthy_brinjal\pest_damage\spider_mite14.jpg,Pest_Damage,3,72,24,36.51268371,57.92887167,6.03160778,122.6539694,12.300796996218914,1,5.072280482284679,2.659512966080706,413.1667094807197,5.483977498461362,3,13.235678121410562,97.17837194002,120.16398859301589,1,48.71899841386766,3,0.4118913242861399,2.1496913420145503,0.1780428442033461,0.2384425106578979,0.0672394132036362,0.2055380728336911,Moderate_Risk
D:\Download1\Multi_Crop_Leaves_Disease\Multi_Crop_Leaves_Disease\Brinjal\Unhealthy_brinjal\pest_damage\test13.jpg,Pest_Damage,34,66,19,32.97030511,60.18122078,7.586642101,73.44678678,29.784502645239744,1,9.530569812064543,4.669588993648468,434.9618214861572,3.164770027185559,1,6.5260159269639,0.6390887070379714,127.71224823901218,1,18.885532720592277,3,48.236477578324376,3.1804356774603937,0.2354893529628829,0.1572933472543721,0.1402368932221714,0.147387833343762,Moderate_Risk
D:\Download1\Multi_Crop_Leaves_Disease\Multi_Crop_Leaves_Disease\Brinjal\Unhealthy_brinjal\Pottasium\download (12).jpg,Potassium_Deficiency,35,63,76,17.81564548,17.60756635,7.714153038,90.82097601,22.86506219543244,2,8.562131836120892,12.37534192699465,445.5145991858032,7.242635841534607,5,19.386381920212447,41.908834460254354,132.28741642007822,1,8.148822504837966,1,44.14971996991248,2.165712295561095,0.2637546044295197,0.2480075367308772,0.1754485353333754,0.2285554776985267,Moderate_Risk
D:\Download1\Multi_Crop_Leaves_Disease\Multi_Crop_Leaves_Disease\Brinjal\Unhealthy_brinjal\Pottasium\early_stage_spider_mite.jpg,Potassium_Deficiency,60,54,19,18.74826712,62.49878458,6.417820493,70.23401597,27.443328277090263,1,7.0227758283696,19.398892142744344,427.49133042636936,8.568352691783055,3,5.1944866892726616,99.42325184651747,129.96462966860045,1,9.082351746830067,1,45.15901144503276,2.778748669210386,0.1933973162897838,0.2433654367139655,0.0980130871224033,0.1873698002403342,Moderate_Risk
D:\Download1\Multi_Crop_Leaves_Disease\Multi_Crop_Leaves_Disease\Brinjal\Unhealthy_brinjal\Pottasium\How To Grow Eggplant And Tricks To Get More Fruit.jpg,Potassium_Deficiency,118,45,23,23.37044424,77.43198948,7.977651226,71.67870701,27.146712359936515,1,7.048998021004702,9.663174629190683,386.2054331027368,6.300996280001526,4,6.90310627082483,52.73674984778831,198.2633189264652,1,48.29346606170724,1,36.62356957228623,1.1517124601557778,0.2354893529628829,0.1572933472543721,0.1402368932221714,0.147387833343762,Moderate_Risk
D:\Download1\Multi_Crop_Leaves_Disease\Multi_Crop_Leaves_Disease\Brinjal\Unhealthy_brinjal\Pottasium\no(23).jpg,Potassium_Deficiency,118,31,34,27.54823036,62.88179198,6.123796057,181.4170812,13.508814256108518,1,11.133205665256488,19.49430607118484,408.1436896431313,7.900318350468376,2,11.986324682910077,18.598826821563087,146.35756501438993,2,22.823900390909053,3,17.753445252430023,4.132128235196412,0.1888089508254469,0.1821024141150078,0.1270084255358297,0.1730777327506774,Moderate_Risk
D:\Download1\Multi_Crop_Leaves_Disease\Multi_Crop_Leaves_Disease\Brinjal\Unhealthy_brinjal\Pottasium\no(3).jpg,Potassium_Deficiency,0,49,18,29.68361658,87.93598094,6.990095452,41.82490236,15.221686107949465,1,10.04335523058245,11.297550322606275,403.1459617278921,8.119511928465847,6,14.738475118870456,35.71652959075706,191.4140284485437,2,3.1538141216433893,2,91.52597075144595,2.509883975598188,0.095049986151353,0.2488170831959682,0.0107543954245907,0.2034377102270907,Moderate_Risk
D:\Download1\Multi_Crop_Leaves_Disease\Multi_Crop_Leaves_Disease\Brinjal\Unhealthy_brinjal\Pottasium\no(4).jpg,Potassium_Deficiency,7,17,26,34.89226666,48.75613373,6.414526606,91.63074547,17.71277351180151,1,5.325111925681399,3.4765201330276096,375.25961144540406,6.222592932148673,4,10.00877819645267,70.56134789190057,103.9023372108404,2,6.836079498180775,1,46.58566333826983,2.267363205542213,0.0609933615357023,0.2670108481498826,-0.031795968545849,0.1819224416740979,Moderate_Risk
D:\Download1\Multi_Crop_Leaves_Disease\Multi_Crop_Leaves_Disease\Brinjal\Unhealthy_brinjal\Pottasium\no(5).jpg,Potassium_Deficiency,65,60,22,25.36768364,72.52054555,6.606984086,107.9124111,15.390627022479428,1,11.342605622109431,13.228410890052553,408.2629918504056,7.741397000539391,2,16.914679824672614,83.86720481900898,163.20158796758875,2,43.69142349568697,1,31.129592541073205,4.86315181451786,0.1647878396996178,0.2470896998851705,0.0559796976397417,0.2064885365761578,Moderate_Risk
D:\Download1\Multi_Crop_Leaves_Disease\Multi_Crop_Leaves_Disease\Brinjal\Unhealthy_brinjal\Pottasium\no.jpg,Potassium_Deficiency,68,70,54,31.29986342,92.76039164,6.986228647,54.77830202,12.158081008876223,1,7.188123807435622,7.541698335706233,445.296645879074,5.219172619797352,4,14.760684097783846,9.717404684582032,54.97336759069617,2,41.26265107376678,1,53.70979089693826,2.361947237546152,0.3325162156401922,0.2438143442032926,0.1986120384299744,0.2295495292154637,Moderate_Risk
D:\Download1\Multi_Crop_Leaves_Disease\Multi_Crop_Leaves_Disease\Brinjal\Unhealthy_brinjal\Pottasium\pottasium1.jpg,Potassium_Deficiency,36,38,15,28.36363858,87.59810657,6.320662012,57.99524359,10.419889465405207,2,6.884132627238562,13.266390532950725,383.6512922648041,2.7280096516060537,3,14.82858880096748,84.23016970287026,152.79123219406466,1,20.259843710324333,3,71.05751756121816,4.128275988692238,0.3440804061597403,0.2281597786484006,0.2045010326783086,0.2173975308412228,Moderate_Risk
D:\Download1\Multi_Crop_Leaves_Disease\Multi_Crop_Leaves_Disease\Brinjal\Unhealthy_brinjal\Pottasium\pottasium2.jpg,Potassium_Deficiency,103,51,20,22.80213132,84.14668447,7.046607434,91.6389565,23.597865975941374,2,8.2678961751759,2.871317121556445,360.12789074603444,1.8288906005972985,1,6.684298590669576,31.242267525532974,165.65608019107017,2,3.853887383258292,2,10.576808559063576,2.9959695625912515,0.2971892578054474,0.24863258095887,0.1866152340696324,0.2243119947317406,Moderate_Risk
D:\Download1\Multi_Crop_Leaves_Disease\Multi_Crop_Leaves_Disease\Brinjal\Unhealthy_brinjal\Pottasium\pottasium3.jpg,Potassium_Deficiency,113,19,46,25.41864024,81.12122989,6.286387658,49.52320689,27.82512177638609,3,11.475216516480904,18.4941250256491,446.4255462848621,2.133570547520861,2,10.847954209252826,11.084107717682256,142.36409571467544,3,43.94957927534123,2,40.58998088573156,4.417890694735801,0.095049986151353,0.2488170831959682,0.0107543954245907,0.2034377102270907,Moderate_Risk
D:\Download1\Multi_Crop_Leaves_Disease\Multi_Crop_Leaves_Disease\Brinjal\Unhealthy_brinjal\Pottasium\pottasium_spider mite (1).jpg,Potassium_Deficiency,118,44,23,22.08458267,82.82904143,6.691690476,67.06459777,11.97656288098738,3,9.932916505559009,10.411331323890469,428.9127337715887,4.46972997760623,4,11.417062100772055,82.30579120911639,188.86501570851527,2,3.976749933629992,2,53.784179222459926,1.7567328842269223,0.1098579175989218,0.1938677018558514,0.0264283273523151,0.1640345053857025,Moderate_Risk
D:\Download1\Multi_Crop_Leaves_Disease\Multi_Crop_Leaves_Disease\Brinjal\Unhealthy_brinjal\Pottasium\pottasium_spider mite (10).jpg,Potassium_Deficiency,24,142,202,22.53779727,91.48135786,5.710819862,101.8474768,22.457282140177888,1,9.640734746097454,4.425803199160702,390.6865748319925,5.832870126857847,3,7.218131493967207,80.65324973090013,60.91262251652109,3,27.37464051611036,3,77.26682352728022,1.832747512667677,0.2276694425180183,0.2518450579399788,0.1018696366332767,0.2299291849293738,Moderate_Risk
D:\Download1\Multi_Crop_Leaves_Disease\Multi_Crop_Leaves_Disease\Brinjal\Unhealthy_brinjal\Pottasium\pottasium_spider mite (2).jpg,Potassium_Deficiency,61,60,15,24.87502824,68.74248334,6.265564338,91.26056654,21.26041449846777,3,7.077418010925226,18.38791521505286,444.7979525227851,4.640238746835432,2,14.25565105036076,8.67008251978656,107.43116395731514,3,37.54157773631281,3,46.6022956628057,2.424669745784972,0.2560103776977602,0.2401027672046924,0.1232370839366175,0.231265954356447,Moderate_Risk
D:\Download1\Multi_Crop_Leaves_Disease\Multi_Crop_Leaves_Disease\Brinjal\Unhealthy_brinjal\Pottasium\pottasium_spider mite (3).jpg,Potassium_Deficiency,34,61,49,28.12971499,93.3210737,6.502675132,117.8201907,20.130745125682004,2,6.564028474815308,16.534473966776076,375.65245835940925,5.087438590623886,1,8.905278575896794,73.68068397665377,163.98884187683456,3,40.36432662227764,3,15.017200746442194,2.788066871961795,0.1509165754910009,0.1723905031643897,0.0318214685301151,0.1514718093963294,Moderate_Risk
D:\Download1\Multi_Crop_Leaves_Disease\Multi_Crop_Leaves_Disease\Brinjal\Unhealthy_brinjal\Pottasium\pottasium_spider mite (4).jpg,Potassium_Deficiency,30,30,35,25.00872392,95.59224018,6.001936419,165.8092179,11.009555763380677,1,7.12754520742984,14.119915343746596,403.9513641256721,7.809220331832718,6,14.221272592623643,48.76937550860684,167.7721023607175,3,11.2935824687049,1,40.26866798805755,3.914909181777554,0.2378029825833369,0.2661363931867267,0.1253992620083461,0.2322630797830034,Moderate_Risk
D:\Download1\Multi_Crop_Leaves_Disease\Multi_Crop_Leaves_Disease\Brinjal\Unhealthy_brinjal\Pottasium\pottasium_spider mite (5).jpg,Potassium_Deficiency,27,71,24,31.46417866,48.17631461,7.064973419,165.405354,16.833088612854667,1,9.719712245085152,9.207350550530762,386.8054235053354,6.415453096399448,2,10.810086805519596,7.863461668268989,79.9700454526329,1,16.15480066483172,2,44.31711482019029,2.104668243475422,0.2859045636145876,0.2411248677935974,0.1610134472505438,0.2133056951871573,Moderate_Risk
D:\Download1\Multi_Crop_Leaves_Disease\Multi_Crop_Leaves_Disease\Brinjal\Unhealthy_brinjal\Pottasium\pottasium_spider mite (6).jpg,Potassium_Deficiency,114,40,23,25.53676123,81.13668716,6.753978061,95.4262599,19.537341490138356,3,8.211086305922594,9.614688279037209,354.1407482579642,3.732395355357436,5,18.66929705929652,29.6847401708668,187.63211963423333,1,0.8228097238958176,2,15.602045354034244,4.055317019746899,0.3406615696774503,0.2429330008423081,0.2047800157328925,0.227093049422024,Moderate_Risk
D:\Download1\Multi_Crop_Leaves_Disease\Multi_Crop_Leaves_Disease\Brinjal\Unhealthy_brinjal\Pottasium\pottasium_spider mite (7).jpg,Potassium_Deficiency,26,11,11,13.70319166,90.95589386,7.609348255,106.2944879,20.54809814425508,2,6.444050705537716,4.149650513655145,367.19701820321575,7.463924406158924,6,7.142349060158192,50.36402731589222,132.56550711881744,1,34.72324376152116,3,96.0895920184774,1.8285835461149416,0.0491492487357046,0.1811684285935536,-0.0029244675899617,0.151944493087541,Moderate_Risk
D:\Download1\Multi_Crop_Leaves_Disease\Multi_Crop_Leaves_Disease\Brinjal\Unhealthy_brinjal\Pottasium\pottasium_spider mite (8).jpg,Potassium_Deficiency,11,60,23,27.33684386,88.50229102,7.033012777,51.09802625,16.993429954823718,2,9.895989418026428,12.357501399148472,366.05096457463696,7.105378195397041,6,13.303504772930207,62.516098268209085,178.86914690043935,3,41.95858344665193,3,23.42928900309569,2.954418827793757,0.2824402931464675,0.2453419073742973,0.1294679759880817,0.2329868779945205,Moderate_Risk
D:\Download1\Multi_Crop_Leaves_Disease\Multi_Crop_Leaves_Disease\Brinjal\Unhealthy_brinjal\Pottasium\pottasium_spider mite (9).jpg,Potassium_Deficiency,13,28,33,28.130115,95.64807631,5.686972967,151.0761899,14.66127783457232,3,11.823272625945926,19.09420673941376,361.8024913756128,8.031681659150008,4,13.56591281931902,69.65648569264833,67.56219982028082,3,47.78866496692866,1,57.92638043160563,3.295214526946238,0.0171458001389119,0.2167142538193813,-0.099822786944663,0.1670723714442358,Moderate_Risk
D:\Download1\Multi_Crop_Leaves_Disease\Multi_Crop_Leaves_Disease\Brinjal\Unhealthy_brinjal\Pottasium\spider_mite (2).jpg,Potassium_Deficiency,100,48,17,23.7805123,83.03878838,7.827877818,66.26555904,28.177092280000103,2,7.245895374782523,16.83879083610578,411.75945998901545,9.85472497317278,2,8.10484183197612,99.216638493547,98.6687847794456,2,14.355624187448962,2,34.8257502963094,3.2106785765750288,0.1755391967456433,0.2297807130733123,0.0769026872317468,0.1966602432870653,Moderate_Risk
D:\Download1\Multi_Crop_Leaves_Disease\Multi_Crop_Leaves_Disease\Brinjal\Unhealthy_brinjal\Pottasium\spider_mite.jpg,Potassium_Deficiency,117,32,34,26.2724184,52.12739421,6.758792552,127.1752928,13.642304736922634,2,8.097337065880122,16.537830888139748,415.5143138839929,8.934076932532399,6,16.86813051240768,31.00715649291702,72.19142098690531,2,8.395497784784894,3,49.619791249176885,4.1193880040029285,0.0843195498765195,0.2366691737931782,-0.0243944324422046,0.1755565268516987,Moderate_Risk
D:\Download1\Multi_Crop_Leaves_Disease\Multi_Crop_Leaves_Disease\Brinjal\Unhealthy_brinjal\Pottasium\spider_mite1.jpg,Potassium_Deficiency,95,13,46,29.84070774,93.76312893,6.126019932,23.28207838,13.581078241216552,1,10.356894887745415,5.584744465888081,427.5032202032053,4.357710182303956,3,18.246982499564147,27.353748570185445,145.11760033124744,2,28.693320911572258,1,71.62385606318146,4.436371646894983,0.2088278431302827,0.2721049099514991,0.0903689676484796,0.229466606340237,Moderate_Risk
D:\Download1\Multi_Crop_Leaves_Disease\Multi_Crop_Leaves_Disease\Brinjal\Unhealthy_brinjal\Pottasium\spider_mite11.jpg,Potassium_Deficiency,16,7,8,22.79196751,90.60901895,6.420457311,116.5084074,24.5955387307174,1,9.580872817965432,5.330284110429218,363.9307984592116,4.527172622611916,2,18.36532659824169,37.41668013521304,136.83634986946586,3,15.21701936811713,3,10.862265201735378,1.1207582795350195,0.2378029825833369,0.2661363931867267,0.1253992620083461,0.2322630797830034,Moderate_Risk
D:\Download1\Multi_Crop_Leaves_Disease\Multi_Crop_Leaves_Disease\Brinjal\Unhealthy_brinjal\Pottasium\spider_mite13.jpg,Potassium_Deficiency,57,73,85,18.49311205,14.72115044,7.358099622,91.94595352,24.037268835277036,3,7.385095763010439,15.690749108817098,353.548727718767,1.0715680112887729,5,15.045096317237084,33.676846936167216,117.32934165021186,3,44.44932814010678,2,39.925280914533005,2.56867121154816,0.2485617124730027,0.2590325506816395,0.0939180050786174,0.2274439236497007,Moderate_Risk
D:\Download1\Multi_Crop_Leaves_Disease\Multi_Crop_Leaves_Disease\Brinjal\Unhealthy_brinjal\Pottasium\spider_mite14.jpg,Potassium_Deficiency,53,55,55,33.32315744,91.25271223,6.709668804,234.496633,24.095735927477847,1,6.613956303206415,8.198115035106019,410.4029842986661,4.493367579564108,1,15.912671018677674,9.13870491309382,95.49500531647568,3,20.466353553402044,2,30.023342556457656,4.296252487702731,0.1774924631679791,0.208722154121505,0.0895066590102822,0.1681969598024925,Moderate_Risk
D:\Download1\Multi_Crop_Leaves_Disease\Multi_Crop_Leaves_Disease\Brinjal\Unhealthy_brinjal\Pottasium\spider_mite15.jpg,Potassium_Deficiency,118,31,34,27.54823036,62.88179198,6.123796057,181.4170812,13.508814256108518,1,11.133205665256488,19.49430607118484,408.1436896431313,7.900318350468376,2,11.986324682910077,18.598826821563087,146.35756501438993,2,22.823900390909053,3,17.753445252430023,4.132128235196412,0.2962242091222865,0.2408966826950365,0.1573499591961334,0.2271900570011316,Moderate_Risk
D:\Download1\Multi_Crop_Leaves_Disease\Multi_Crop_Leaves_Disease\Brinjal\Unhealthy_brinjal\Pottasium\spider_mite2.jpg,Potassium_Deficiency,31,37,21,27.23924995,86.404241,6.713410626,37.31236904,24.38779630113764,1,5.365232708100329,7.539806865431437,410.4670240035616,3.9413545681230846,5,8.624616941496363,21.98784782998433,160.4323649637663,1,2.190211023804012,2,86.96029693351545,3.0737056419770705,0.2999908218418688,0.2600072790984676,0.1969379833748096,0.2264746608813793,Moderate_Risk
D:\Download1\Multi_Crop_Leaves_Disease\Multi_Crop_Leaves_Disease\Brinjal\Unhealthy_brinjal\Pottasium\spider_mite3.jpg,Potassium_Deficiency,85,95,47,25.94019018,78.3422098,6.211833161,119.84797,27.518603511688376,3,6.531625356232604,2.425486443119098,407.3452617931469,7.459031045433743,1,12.322578874135328,69.3040563424938,153.76497951273336,2,12.708021714042022,1,62.55921928632674,4.725838354795833,0.2751745599595044,0.2497856173925187,0.1304078537035997,0.233031176480799,Moderate_Risk
D:\Download1\Multi_Crop_Leaves_Disease\Multi_Crop_Leaves_Disease\Brinjal\Unhealthy_brinjal\Pottasium\spider_mite31.jpg,Potassium_Deficiency,7,63,24,19.55750776,64.45268309,6.818681086,53.04669416,28.703481602002075,1,6.989636769606996,18.27946227694952,384.88349336278617,2.670690451669968,6,6.679976796214723,79.41792450521413,157.9013663391306,1,44.86167898991568,3,30.40239450327969,1.0848313235463038,0.1933973162897838,0.2433654367139655,0.0980130871224033,0.1873698002403342,Moderate_Risk
D:\Download1\Multi_Crop_Leaves_Disease\Multi_Crop_Leaves_Disease\Brinjal\Unhealthy_brinjal\Pottasium\spider_mite41.jpg,Potassium_Deficiency,100,56,40,26.38905406,83.31240346,7.433313409,176.1516409,11.006101701812238,2,9.17961839567448,2.296052054917568,427.3508020333488,4.504569519073457,3,8.305587074015538,56.60715839324294,83.12536483820415,3,23.717992316796288,3,2.1151469236361358,1.819994263453362,0.2449503170655981,0.2374728808700787,0.1028266327682163,0.2239510727181713,Moderate_Risk
D:\Download1\Multi_Crop_Leaves_Disease\Multi_Crop_Leaves_Disease\Brinjal\Unhealthy_brinjal\Pottasium\test16.jpg,Potassium_Deficiency,116,5,54,25.37601283,80.99313508,6.65398725,57.23028471,18.08431334081383,1,7.478626433876013,7.120855149425889,394.6132745782334,9.088694148318243,5,9.57679867302351,47.20326685878504,85.98139515218116,1,48.87996712188805,3,75.40355689788854,4.036225568416358,0.2965555332514688,0.2385864811485526,0.1475167677072713,0.2258643973188226,Moderate_Risk
D:\Download1\Multi_Crop_Leaves_Disease\Multi_Crop_Leaves_Disease\Castor\Healthy_castor\caster_he11.jpg,Healthy,17,67,18,31.2192752,56.46868874,5.611510977,129.2028653,28.584563960000423,1,10.665537972205671,7.90816136550053,449.9733068383365,7.890303208779609,6,11.063283449677373,88.478642925792,158.88715414329522,3,27.7935243892657,2,18.574318282464557,1.9606372188415877,0.1224027948746228,0.1807391846185329,0.1058905565544218,0.1495139545635362,Healthy
D:\Download1\Multi_Crop_Leaves_Disease\Multi_Crop_Leaves_Disease\Castor\Healthy_castor\castor_he1.png,Healthy,7,28,35,30.02086169,46.78393776,4.66910839,96.63721027,11.55177333359918,1,9.679904877439435,15.596502100812696,368.8228913451877,9.576864099342774,4,16.147271561864763,6.7471469456108935,154.80948645235458,3,21.27736766887064,3,87.2346352307003,2.229721270632325,0.2802488492880624,0.2586593377261879,0.1150609730584037,0.2397907824102081,Healthy
D:\Download1\Multi_Crop_Leaves_Disease\Multi_Crop_Leaves_Disease\Castor\Healthy_castor\castor_hea.jpeg,Healthy,72,42,43,26.56767277,80.90424543,6.352771037,181.2915605,17.892974836777494,3,9.933301211672209,9.862542721168593,371.1748826617812,8.008564755023752,6,5.838973087826488,91.73647020818817,135.55711637823214,1,41.48127831159649,3,38.567315745934735,4.086867740684302,0.2965555332514688,0.2385864811485526,0.1475167677072713,0.2258643973188226,Healthy
D:\Download1\Multi_Crop_Leaves_Disease\Multi_Crop_Leaves_Disease\Castor\Healthy_castor\castor_hea.jpg,Healthy,28,7,9,34.5917846,92.13229786,6.730757538,115.5650287,24.740204926385942,2,10.047253504017728,17.88530992724566,376.5914856638108,6.5549251413833804,4,16.802034184765375,30.887002304879484,101.21400155139924,2,19.07171393255254,2,14.492699234510342,2.0984153728082933,0.2353081718379482,0.2609374967593129,0.1415543481135563,0.2228968284235307,Healthy
D:\Download1\Multi_Crop_Leaves_Disease\Multi_Crop_Leaves_Disease\Castor\Healthy_castor\castor_hea2.png,Healthy,36,26,26,30.17294105,51.0845903,6.814630246,95.23444287,22.368035030771573,3,7.485103077973636,1.8876236472418009,374.9701394223415,3.7599811337865754,6,16.076365350984737,42.01228869217829,148.86119798149065,1,11.66797274068636,3,50.47434443163694,4.059820122907609,0.1547054064158144,0.276694549880376,0.055888561344636,0.2284224039063615,Healthy
D:\Download1\Multi_Crop_Leaves_Disease\Multi_Crop_Leaves_Disease\Castor\Healthy_castor\castor_hea3.png,Healthy,27,57,24,27.33534897,43.35795962,6.09186275,142.3303677,11.836692557738576,1,8.876881648355596,9.850233002657417,361.7105540134821,8.276828900517847,5,15.236328991418173,70.15409225544983,52.31099106975566,1,16.97113869873069,3,8.27716646724056,2.147404514546297,0.2633293767453621,0.1506667560915206,0.1698849363328183,0.1366967575116895,Healthy
D:\Download1\Multi_Crop_Leaves_Disease\Multi_Crop_Leaves_Disease\Castor\Healthy_castor\castor_hea4.png,Healthy,104,18,30,23.60301571,60.39647474,6.779832611,140.9370415,23.911727578408552,3,8.639741540157758,14.481756579084475,413.1237161382283,6.401993710119095,3,14.652123227033409,3.5741911097655232,175.10424061806972,3,26.78499618369713,2,47.27126705890273,2.758819113898633,0.160852732014372,0.2111317286405189,0.0662280043266891,0.1744212931386752,Healthy
D:\Download1\Multi_Crop_Leaves_Disease\Multi_Crop_Leaves_Disease\Castor\Healthy_castor\castor_hea5.png,Healthy,107,21,26,26.45288458,55.32222678,7.235070264,144.6861336,20.00090771188006,2,5.997592758159894,16.67279126837885,376.59011332198287,1.3365686620541266,5,15.997287220851982,0.9548984428930374,62.746796299975976,2,34.5724475577184,2,7.240345838789219,2.2841433635883246,0.2489956433917029,0.238795804168451,0.0722113933560209,0.232945111968667,Healthy
D:\Download1\Multi_Crop_Leaves_Disease\Multi_Crop_Leaves_Disease\Castor\Healthy_castor\castor_heal.png,Healthy,13,8,12,25.16296632,92.54736032,7.105904818,114.3117197,27.860009940953976,1,9.97886116575005,17.831446868567294,374.3814059451658,6.873719327038133,6,9.360785218696265,62.68066235280879,180.4699161363673,3,9.696227166782394,3,33.693318780117146,1.6513751622031072,0.2964907953867713,0.2368123150748913,0.1094602855069457,0.2319985564055466,Healthy
D:\Download1\Multi_Crop_Leaves_Disease\Multi_Crop_Leaves_Disease\Castor\Healthy_castor\download (4).jpg,Healthy,33,57,17,27.89636126,88.71782287,6.78415271,57.79863368,24.226219456379617,3,9.028249261393054,5.093254843308943,406.3792329022429,8.43296945919506,6,8.576779103512461,47.00759237518491,90.36997909549744,3,3.635956750207081,3,14.179006534016326,4.761542857710241,0.0249617870025769,0.1844345723559574,-0.0171750458513315,0.1525501215101347,Healthy
D:\Download1\Multi_Crop_Leaves_Disease\Multi_Crop_Leaves_Disease\Castor\Healthy_castor\download (5).jpg,Healthy,15,54,15,29.97604322,57.03184356,8.35495812,44.86052932,17.703594353008477,3,6.443115865208169,0.8687224153222006,423.1969075462426,6.2513514609607554,5,6.707538382234297,91.08972100916836,69.92985117485986,3,29.583167016363728,3,0.1060403376656915,1.4392762964837358,0.1748292157307427,0.2180924153472521,0.0621720804300831,0.1939771046683829,Healthy
D:\Download1\Multi_Crop_Leaves_Disease\Multi_Crop_Leaves_Disease\Castor\Healthy_castor\download (6).jpg,Healthy,13,16,8,34.74004942,93.12316972,6.949838549,100.1967854,28.58072392236164,1,11.706888410405456,5.717466966588169,415.10146996862863,9.1137955145022,6,5.875869792731601,42.450731077778215,91.57575487446012,1,36.18637295440541,2,15.609798534695884,3.413619340137101,0.2657973769285071,0.2323409336614176,0.1356319277734597,0.2139202087074921,Healthy
D:\Download1\Multi_Crop_Leaves_Disease\Multi_Crop_Leaves_Disease\Castor\Healthy_castor\download (7).jpg,Healthy,95,23,45,27.82424457,90.56698742,6.266208727,21.19014526,13.658592603368296,3,9.371350580902709,11.675449618541132,419.06948423077495,8.353611243907975,1,19.535852324570804,54.88757526727608,138.2029020239989,3,35.25117231362394,1,52.742064722170845,3.183261428873679,0.1224027948746228,0.1807391846185329,0.1058905565544218,0.1495139545635362,Healthy
D:\Download1\Multi_Crop_Leaves_Disease\Multi_Crop_Leaves_Disease\Castor\Healthy_castor\download (8).jpg,Healthy,99,12,52,28.69708334,94.30759855,6.002927293,22.21807088,24.19127296156037,3,7.951066458267496,8.524233400098124,359.3369194705196,3.282177951726664,3,5.117686057188358,9.620473115710826,147.22444635798695,2,49.61712706314814,3,30.97323830389641,1.3471739254093211,0.1774924631679791,0.208722154121505,0.0895066590102822,0.1681969598024925,Healthy
D:\Download1\Multi_Crop_Leaves_Disease\Multi_Crop_Leaves_Disease\Castor\Healthy_castor\download (9).jpg,Healthy,73,58,21,19.97215954,57.68272924,6.596060648,60.65171481,27.03065827167512,2,6.344720978162365,16.29883251302163,409.4140461799825,5.081608308320408,3,7.358802371161817,52.054374876759866,121.56979071519592,1,11.182231203060228,2,67.65339695294185,3.565479847440921,0.1247902368954538,0.173935149966424,0.040673401352505,0.1473221170160742,Healthy
D:\Download1\Multi_Crop_Leaves_Disease\Multi_Crop_Leaves_Disease\Castor\Healthy_castor\IMG-20260325-WA0039.jpg,Healthy,29,77,75,17.50361137,15.48083156,7.778591618,72.9446671,21.73801419770495,1,6.0010352531995945,13.047696607894215,396.7579187759338,9.068331969319036,3,16.136981326205238,73.04698140420949,150.56251841857284,1,15.717363309940907,1,94.3862133483835,1.233230609621645,0.2690557490062853,0.2493070609255795,0.1135139444676804,0.2340620431950353,Healthy
D:\Download1\Multi_Crop_Leaves_Disease\Multi_Crop_Leaves_Disease\Castor\Healthy_castor\IMG-20260325-WA0042.jpg,Healthy,82,26,47,28.50416396,93.46806467,6.565312653,24.20007242,15.657421669721185,1,11.676280822703465,2.377220350584097,366.5140054861114,8.399343299512463,4,5.072500815542467,25.59491076272401,185.8120390273185,1,14.429855160047268,2,46.01182656696574,2.9974512535123834,0.1888089508254469,0.1821024141150078,0.1270084255358297,0.1730777327506774,Healthy
D:\Download1\Multi_Crop_Leaves_Disease\Multi_Crop_Leaves_Disease\Castor\Healthy_castor\IMG_4940.jpg,Healthy,78,35,44,26.54348085,84.67353597,7.072655622,183.6222657,14.7774823617743,1,6.99683917257488,14.834502651212183,388.5297715339604,2.054593533311688,3,15.945053506781145,5.211421652847859,172.4208991438148,1,24.699916131253584,2,19.9188175750872,2.7611641386973265,0.1258312962693759,0.204009051408237,-0.0005041590191805,0.1720191944070367,Healthy
D:\Download1\Multi_Crop_Leaves_Disease\Multi_Crop_Leaves_Disease\Castor\Healthy_castor\IMG_4942.jpg,Healthy,2,30,30,26.00175125,94.79998418,6.331051715,209.540094,28.69534537930209,2,9.939970884906234,0.3768794452922686,366.2566965778691,8.59041779106591,5,16.131165328719682,46.28842713838526,186.4145156277011,2,15.436361578757564,3,49.956619223883706,1.177737955429058,0.0661852402749651,0.1822034083535635,0.0101991396644785,0.147237096574956,Healthy
D:\Download1\Multi_Crop_Leaves_Disease\Multi_Crop_Leaves_Disease\Castor\Healthy_castor\IMG_4943.jpg,Healthy,117,56,15,25.99237426,77.0543546,7.368258226,89.1188212,10.904882585409904,1,6.611569616474132,12.188095014964828,405.7825221380586,8.764136830392598,3,12.279267875031955,86.53946101505369,161.77995862720428,2,10.903805385839672,2,7.615969274712652,2.2728908168651176,0.2702202145769914,0.1493343137040025,0.1748427968565398,0.1442294902038189,Healthy
D:\Download1\Multi_Crop_Leaves_Disease\Multi_Crop_Leaves_Disease\Castor\Healthy_castor\IMG_4944.jpg,Healthy,30,61,18,27.14911056,67.02664337,6.157782589,52.50812701,16.86115814260713,3,9.636014556966886,7.536925250971455,440.0246880479634,8.73373455899779,5,5.309411245547835,87.167564959173,187.0996702339672,3,13.319585444892343,1,58.780479549872034,1.5954873621414327,0.1509165754910009,0.1723905031643897,0.0318214685301151,0.1514718093963294,Healthy
D:\Download1\Multi_Crop_Leaves_Disease\Multi_Crop_Leaves_Disease\Castor\Healthy_castor\IMG_8844.jpg,Healthy,6,62,22,20.53052663,18.09224048,5.824090984,120.4509288,15.118545496371134,1,10.690606846019747,12.314004532827248,406.71985990295485,8.548523896934508,1,15.164022803636726,11.375687885418596,89.51464708720701,1,45.2743383074135,1,80.07291499408315,3.2279843128492924,0.3415415726563713,0.244512235959752,0.1709606309786425,0.2213734316873143,Healthy
D:\Download1\Multi_Crop_Leaves_Disease\Multi_Crop_Leaves_Disease\Castor\Healthy_castor\IMG_8845.jpg,Healthy,7,23,35,19.75088482,88.71691157,7.054313823,102.5538035,18.843079670742284,1,11.092604125141976,6.947505305185954,396.9251895746729,8.942793901246446,5,9.662298263096144,88.90534364943925,123.44943016901335,1,43.71507878770812,3,75.40749005777026,3.0558927471892328,0.2822329655462026,0.245481484018449,0.1908338404292954,0.2087397729690293,Healthy
D:\Download1\Multi_Crop_Leaves_Disease\Multi_Crop_Leaves_Disease\Castor\Healthy_castor\IMG_8846.jpg,Healthy,31,68,45,42.92325255,90.07600528,6.938313356,196.2408242,15.801002180552723,2,6.026434694085877,14.078401611270516,400.4953542179545,8.991706634831914,3,17.860215516125063,48.90689955107425,69.10336413976074,1,11.878644674996808,1,87.64536289421878,1.7044095180990748,0.1748292157307427,0.2180924153472521,0.0621720804300831,0.1939771046683829,Healthy
D:\Download1\Multi_Crop_Leaves_Disease\Multi_Crop_Leaves_Disease\Castor\Healthy_castor\IMG_8847.jpg,Healthy,79,45,20,23.80546189,59.24537979,5.715208817,89.9622014,20.040852237917964,3,9.79578208333223,3.486653634704993,361.7889226115452,1.946336142127029,3,12.647647546034134,10.364412091450523,129.4272078394163,2,24.95214587934916,3,49.070343250123415,3.832164311714721,0.2802488492880624,0.2586593377261879,0.1150609730584037,0.2397907824102081,Healthy
D:\Download1\Multi_Crop_Leaves_Disease\Multi_Crop_Leaves_Disease\Castor\Healthy_castor\IMG_8858.jpg,Healthy,7,16,9,18.87957654,92.04304496,7.813916603,114.6659511,13.866481527972097,2,10.802391219180112,14.028277080832376,372.56224301660006,7.684275746046994,5,10.525476626469793,38.99639196828688,170.58868315984253,2,24.20564883987074,3,58.09406660342895,2.584127200433268,0.0716836083397783,0.194227348162265,0.0047602307989865,0.1524215589081096,Healthy
D:\Download1\Multi_Crop_Leaves_Disease\Multi_Crop_Leaves_Disease\Castor\Healthy_castor\Mamona uma planta vistosa mas perigosa.jpg,Healthy,37,70,25,19.73136909,24.89487354,5.819403771,84.06354115,11.653781873535564,3,5.739923237503676,0.6941571304388505,381.7360655651895,5.982346450055076,1,19.18676189867034,22.343136772083383,126.76347682996813,1,31.925982141161917,1,28.616658063607737,1.6314936158736382,0.1454227494311894,0.2791234531723869,0.027560993805829,0.2291233030580269,Healthy
D:\Download1\Multi_Crop_Leaves_Disease\Multi_Crop_Leaves_Disease\Castor\Healthy_castor\My garden.jpg,Healthy,119,25,51,26.47330219,80.92254421,6.283818329,53.65742581,15.08057143272421,1,8.027283110067453,14.96982191349759,414.22599700584624,1.344140889128729,6,14.523878245032089,22.364049487884763,161.28518180011326,2,18.5315340878856,3,33.02319610973146,2.08080145911473,0.2963066657866235,0.2415583300002743,0.185033926444594,0.2226061559692754,Healthy
"D:\Download1\Multi_Crop_Leaves_Disease\Multi_Crop_Leaves_Disease\Castor\Healthy_castor\Organic Castor Leaves, Ricinus Plant, Large Leaf (8-15 inch).jpg",Healthy,40,79,17,21.12695586,63.18738532,6.403683619,38.71834464,18.49230232182243,1,10.00278861587699,13.56269634844844,423.734602857772,7.387340726592608,4,13.09506767519924,76.77591920593886,164.9275724718721,2,26.712135205444334,1,35.32776859431765,2.947503898953036,0.1647878396996178,0.2470896998851705,0.0559796976397417,0.2064885365761578,Healthy
D:\Download1\Multi_Crop_Leaves_Disease\Multi_Crop_Leaves_Disease\Castor\Healthy_castor\papa_caster.jpeg,Healthy,25,143,198,22.81212536,91.51861705,6.027314401,107.855225,14.077575939367344,3,6.5681385624156485,7.836216597319532,391.0671375866932,1.6916636269243086,6,9.10851640616632,67.62454758726645,169.86674221726693,1,22.13056015887715,3,44.01389950896366,1.4740639459763911,0.2862356098449636,0.2459593606942146,0.1457284312031339,0.2320967449386751,Healthy
D:\Download1\Multi_Crop_Leaves_Disease\Multi_Crop_Leaves_Disease\Castor\Healthy_castor\PHOTO By CARO.jpg,Healthy,117,56,15,25.99237426,77.0543546,7.368258226,89.1188212,10.904882585409904,1,6.611569616474132,12.188095014964828,405.7825221380586,8.764136830392598,3,12.279267875031955,86.53946101505369,161.77995862720428,2,10.903805385839672,2,7.615969274712652,2.2728908168651176,0.2117347907194374,0.161021680290316,0.1180226604043384,0.1414566435911778,Healthy
D:\Download1\Multi_Crop_Leaves_Disease\Multi_Crop_Leaves_Disease\Castor\Healthy_castor\Ricinus Communis (1).jpg,Healthy,95,27,55,28.47212559,91.21322065,6.160414414,20.88620369,14.00298223280621,1,5.046102745823626,6.30203864310036,356.0818357392836,4.987546025694768,6,15.10068947163066,45.72398640406542,92.89077549599833,3,33.901855825751824,1,20.86706021172852,1.5127578880135737,0.1881799811803496,0.2177736994238945,0.1020953444519946,0.1784505531640862,Healthy
D:\Download1\Multi_Crop_Leaves_Disease\Multi_Crop_Leaves_Disease\Castor\Healthy_castor\Ricinus Communis.jpg,Healthy,11,34,32,29.14305008,49.40983294,6.831706773,97.55155537,15.677192302870695,1,10.214782987424837,10.981876870916414,404.2140329337621,6.103912941643716,6,8.35833418435517,67.61513092498616,109.44631453871511,3,10.523572644714124,1,5.370390900236,1.202665947913653,0.1328361738850855,0.191398789771291,0.031284515295905,0.1575182606612566,Healthy
D:\Download1\Multi_Crop_Leaves_Disease\Multi_Crop_Leaves_Disease\Castor\Healthy_castor\TOP 5 castor oil benefits.jpg,Healthy,28,122,197,19.89363946,82.73366439,5.856575335,69.66256816,21.913312119485408,2,6.598409695714603,13.960380820535976,446.62675043442425,7.506281103953085,6,5.008420799267784,40.0785001460237,139.84672168339898,3,22.08136439551593,3,32.87276082058441,2.4748215350067517,0.2354893529628829,0.1572933472543721,0.1402368932221714,0.147387833343762,Healthy
"D:\Download1\Multi_Crop_Leaves_Disease\Multi_Crop_Leaves_Disease\Castor\Healthy_castor\_If I wasn_t singing, I_d probably be, probably an accountant__  ~Janet Jackson.jpg",Healthy,3,72,24,36.51268371,57.92887167,6.03160778,122.6539694,12.300796996218914,1,5.072280482284679,2.659512966080706,413.1667094807197,5.483977498461362,3,13.235678121410562,97.17837194002,120.16398859301589,1,48.71899841386766,3,0.4118913242861399,2.1496913420145503,0.2264241136066709,0.2424117896575513,0.0851711418077959,0.2293237878923609,Healthy
D:\Download1\Multi_Crop_Leaves_Disease\Multi_Crop_Leaves_Disease\Castor\Unhealthy_castor\Alternia Leaf Blight\alternaria leaf (1).jpg,Alternaria_Blight,14,57,15,29.8757015,83.14796296,6.623438282,40.12044158,22.5801603262697,2,5.025547869988459,8.100873807047721,416.7675209413258,5.522106363309658,2,15.987857721154445,59.03383567581408,157.988831977907,2,26.67278554558684,1,76.25061192971717,4.673019202613975,0.1258312962693759,0.204009051408237,-0.0005041590191805,0.1720191944070367,High_Risk
D:\Download1\Multi_Crop_Leaves_Disease\Multi_Crop_Leaves_Disease\Castor\Unhealthy_castor\Alternia Leaf Blight\alternaria leaf (2).jpg,Alternaria_Blight,25,64,20,33.15122581,32.45974539,4.807776749,105.0380275,11.14442455105382,2,7.732339428681231,12.418490607253943,371.64069736070303,8.471443713043529,4,7.370538842074502,96.82422518944526,177.58432507769277,2,30.505387034970067,2,80.38203716999492,1.5086974737716083,0.3159543342442221,0.2448971475198212,0.21842126100375,0.2269726565970364,High_Risk
D:\Download1\Multi_Crop_Leaves_Disease\Multi_Crop_Leaves_Disease\Castor\Unhealthy_castor\Alternia Leaf Blight\alternaria leaf (3).jpg,Alternaria_Blight,5,13,37,22.34375696,89.7870345,5.648243649,103.3183074,11.442336684911844,1,7.360179707114042,10.427818577162292,353.53652362048416,4.927833957471779,5,9.25855920440238,99.94570244673972,159.78335427298515,2,15.502997018505091,3,81.73559359754438,4.724939119339368,0.1247902368954538,0.173935149966424,0.040673401352505,0.1473221170160742,High_Risk
D:\Download1\Multi_Crop_Leaves_Disease\Multi_Crop_Leaves_Disease\Castor\Unhealthy_castor\Alternia Leaf Blight\alternaria leaf (4).jpg,Alternaria_Blight,19,57,23,23.6734328,47.2879691,7.342409555,141.1250722,24.70216545099768,3,5.038039970731716,6.990036156706598,355.5609497016683,8.029519026462346,5,13.501224634817897,13.998744811462306,143.4011115741675,2,18.44668106360808,2,47.07600971836663,2.6667848452473466,0.1748292157307427,0.2180924153472521,0.0621720804300831,0.1939771046683829,High_Risk
D:\Download1\Multi_Crop_Leaves_Disease\Multi_Crop_Leaves_Disease\Castor\Unhealthy_castor\Alternia Leaf Blight\alternaria leaf (5).jpg,Alternaria_Blight,82,78,46,25.05802193,84.97323747,5.738678895,110.4408803,25.338599941106796,1,11.71661708047704,2.2904373355138308,442.9742594775492,7.9696037959651,6,17.697653333120083,66.45150425361285,125.26639085731208,2,4.65409925376663,3,38.85078133130989,1.1616141766776955,0.1303953115767055,0.2649999128963884,0.0425355213793325,0.2144187671602639,High_Risk
D:\Download1\Multi_Crop_Leaves_Disease\Multi_Crop_Leaves_Disease\Castor\Unhealthy_castor\Alternia Leaf Blight\alternaria leaf (6).jpg,Alternaria_Blight,34,10,14,34.05296914,92.05811721,6.725600855,116.8020848,17.506104900338258,3,9.114820452651497,8.45336227560044,358.2793320388245,8.035496694272082,3,17.141056005643904,46.767643466717104,170.98431012417248,2,22.35500151470561,3,80.9470779703431,1.2580828402296014,0.2025014512434804,0.2747500306875793,0.055762394331197,0.2365481627891832,High_Risk
D:\Download1\Multi_Crop_Leaves_Disease\Multi_Crop_Leaves_Disease\Castor\Unhealthy_castor\Alternia Leaf Blight\alternaria leaf (7).jpg,Alternaria_Blight,87,48,38,23.81579631,80.94023552,7.161865733,190.312216,18.557868625019392,3,11.65546072136413,13.538593785585496,422.0592725568684,3.9405173164145446,5,12.579110202036654,95.46660912035786,138.0230653907572,3,31.897183482156056,2,46.074354531794334,4.704657227625956,0.1676629069574048,0.2131145573261431,0.0566184255085184,0.173740981263448,High_Risk
D:\Download1\Multi_Crop_Leaves_Disease\Multi_Crop_Leaves_Disease\Castor\Unhealthy_castor\Alternia Leaf Blight\alternaria leaf (8).jpg,Alternaria_Blight,17,56,17,27.94293692,45.41393636,5.9565851,69.66289997,13.351745529739055,1,7.160445134450459,19.010130309102703,424.595452083842,7.951117757939804,2,16.721682918005015,46.59621541754919,197.86721849164235,1,20.44994482077998,2,31.727080435722183,3.207565569137837,0.0716836083397783,0.194227348162265,0.0047602307989865,0.1524215589081096,High_Risk
D:\Download1\Multi_Crop_Leaves_Disease\Multi_Crop_Leaves_Disease\Castor\Unhealthy_castor\Alternia Leaf Blight\alternaria leaf spot1.jpg,Alternaria_Blight,39,64,53,23.0124018,91.07355541,6.598860305,208.3357976,28.859922890212687,1,9.247626207408471,16.40353425714151,394.44898774360695,5.6302071582870825,1,18.82540871985608,62.06961459548421,175.53791354036383,3,32.71855246345728,1,60.53873964236536,1.566720672407286,0.2610819486810454,0.2375827031219733,0.1396509778648565,0.2217332921801829,High_Risk
D:\Download1\Multi_Crop_Leaves_Disease\Multi_Crop_Leaves_Disease\Castor\Unhealthy_castor\Alternia Leaf Blight\alternaria leaf spot2.jpg,Alternaria_Blight,73,43,42,26.58361011,78.00774772,6.310699968,154.8238864,15.963386244910325,3,6.860736818152619,19.734880531005665,381.4761389743183,2.953499534536744,1,5.053442809642982,55.06142002484171,126.8376477754022,3,16.562645375218505,2,82.15709750124108,4.645126134000405,0.2117347907194374,0.161021680290316,0.1180226604043384,0.1414566435911778,High_Risk
D:\Download1\Multi_Crop_Leaves_Disease\Multi_Crop_Leaves_Disease\Castor\Unhealthy_castor\Alternia Leaf Blight\alternaria leaf spot22.jpg,Alternaria_Blight,22,67,78,17.16606398,14.42457525,6.204090835,72.32667516,12.749978307351926,2,5.253313913059135,8.10095786697239,435.3218480028378,7.738915752519131,4,13.63673071192061,78.92375477593997,174.6626620899322,2,37.322627004007934,3,45.04181595380484,2.7486067592081973,0.2432456946606368,0.2520350311446376,0.1245494482936554,0.2282231069922261,High_Risk
D:\Download1\Multi_Crop_Leaves_Disease\Multi_Crop_Leaves_Disease\Castor\Unhealthy_castor\Alternia Leaf Blight\alternaria leaf spot23.jpg,Alternaria_Blight,42,79,23,27.71678273,63.29103387,6.781841984,68.56507978,22.86476639253589,1,7.823688077135046,10.042828630982964,400.4204948323379,7.178226476036309,6,9.110924137466132,84.85260998467434,87.89464619059336,2,30.85724309238017,3,75.28169110914124,3.340848900190254,0.1543886316108725,0.1691032886225796,0.0882189739370302,0.1494257136908455,High_Risk
D:\Download1\Multi_Crop_Leaves_Disease\Multi_Crop_Leaves_Disease\Castor\Unhealthy_castor\Alternia Leaf Blight\alternaria leaf spot24.jpg,Alternaria_Blight,3,9,45,23.89162561,89.61850203,6.535244251,104.617522,19.872746998326967,1,9.61421688801782,11.418204127586389,419.2781059556932,3.332157965515905,3,9.155164483401924,29.47993716060585,176.2155671139116,1,28.69233807347351,1,58.0879042749414,2.747644997708924,0.1896986295113412,0.2627679911307793,0.0912000755218301,0.2169741923817529,High_Risk
D:\Download1\Multi_Crop_Leaves_Disease\Multi_Crop_Leaves_Disease\Castor\Unhealthy_castor\Alternia Leaf Blight\alternaria leaf spot25.jpg,Alternaria_Blight,20,129,201,23.41044706,91.69913296,5.587905967,116.0777931,24.791169815355325,2,6.308866921643073,11.533330444463571,399.65657603669626,7.811191525128098,3,15.831761013185616,95.53222858557848,59.18255794147022,1,32.814371371326914,3,66.96640907922003,3.5565165151724907,0.3368702723031191,0.247178841951299,0.2096562292954268,0.2251554366562076,High_Risk
D:\Download1\Multi_Crop_Leaves_Disease\Multi_Crop_Leaves_Disease\Castor\Unhealthy_castor\Alternia Leaf Blight\alternaria leaf spot3.jpg,Alternaria_Blight,17,67,18,31.2192752,56.46868874,5.611510977,129.2028653,28.584563960000423,1,10.665537972205671,7.90816136550053,449.9733068383365,7.890303208779609,6,11.063283449677373,88.478642925792,158.88715414329522,3,27.7935243892657,2,18.574318282464557,1.9606372188415877,0.0653912030156667,0.2342812306276182,-0.0044855716610556,0.1892532619299455,High_Risk
D:\Download1\Multi_Crop_Leaves_Disease\Multi_Crop_Leaves_Disease\Castor\Unhealthy_castor\Alternia Leaf Blight\alternaria leaf spot4.jpg,Alternaria_Blight,40,79,17,21.12695586,63.18738532,6.403683619,38.71834464,18.49230232182243,1,10.00278861587699,13.56269634844844,423.734602857772,7.387340726592608,4,13.09506767519924,76.77591920593886,164.9275724718721,2,26.712135205444334,1,35.32776859431765,2.947503898953036,0.1547054064158144,0.276694549880376,0.055888561344636,0.2284224039063615,High_Risk
D:\Download1\Multi_Crop_Leaves_Disease\Multi_Crop_Leaves_Disease\Castor\Unhealthy_castor\Alternia Leaf Blight\alternaria leaf spot5.jpg,Alternaria_Blight,37,49,25,29.9145443,85.85384444,6.415459592,41.39081525,19.16214327775684,1,10.73964675235138,14.960746236835682,416.9776633168782,9.346502114619849,3,10.3701312040501,51.666657553156114,120.18236790224748,2,33.89136361203388,1,25.843721635757653,3.8113346263089785,0.315553342061823,0.2475809719930307,0.1408641818327258,0.2239677736293182,High_Risk
D:\Download1\Multi_Crop_Leaves_Disease\Multi_Crop_Leaves_Disease\Castor\Unhealthy_castor\Alternia Leaf Blight\alternaria leaf spot6.jpg,Alternaria_Blight,25,51,18,27.77799528,54.82130787,9.45949344,50.28438729,12.141741565541352,1,6.08755579213822,8.926745765566771,421.63354182281824,9.685597516954669,3,7.17052391030479,41.786773298656655,109.12063987880084,3,14.593600827653669,2,18.82304361846331,1.3803628798257823,0.179842586031255,0.2542868796830589,0.0767317170602655,0.2144997639518997,High_Risk
D:\Download1\Multi_Crop_Leaves_Disease\Multi_Crop_Leaves_Disease\Castor\Unhealthy_castor\Alternia Leaf Blight\Alternaria.jpg,Alternaria_Blight,22,138,195,27.83487131,83.51444973,6.208196881,73.02882766,14.947970460124813,3,11.274838151798434,11.861619528005267,366.9060355774936,7.382527541925609,5,13.411083618687115,33.31182540659876,119.91495334365248,2,46.64284780125082,2,96.1727687900866,4.591922307636116,0.1740446321096135,0.2654496340665807,0.068135077164609,0.2222339198088719,High_Risk
D:\Download1\Multi_Crop_Leaves_Disease\Multi_Crop_Leaves_Disease\Castor\Unhealthy_castor\Alternia Leaf Blight\alternaria11.jpg,Alternaria_Blight,85,38,41,21.58711777,82.7883708,6.249050656,276.6552459,12.287843010348428,1,10.748001538790213,18.99798488965525,435.4804751841295,8.55056918740796,1,15.303243639522,31.42938168793934,182.0508467996191,3,14.486082459985944,2,38.68300438556499,1.1359236150294585,0.3262757630901458,0.2467496545237943,0.2275766159605105,0.2260798946571846,High_Risk
D:\Download1\Multi_Crop_Leaves_Disease\Multi_Crop_Leaves_Disease\Castor\Unhealthy_castor\Alternia Leaf Blight\Alternaria_(1).jpg,Alternaria_Blight,0,137,195,22.4359017,80.18612085,6.329499832,65.3973168,10.18596245452054,3,6.374898764779577,8.234247249946765,361.4719190971964,4.17996434585633,3,5.736138588625649,12.141341159915864,81.17487461980579,1,49.2775838078464,2,70.49484985269643,2.3781468933416363,0.0787603805506426,0.1381401711065125,0.048074318863292,0.1204795931937266,High_Risk
D:\Download1\Multi_Crop_Leaves_Disease\Multi_Crop_Leaves_Disease\Castor\Unhealthy_castor\Alternia Leaf Blight\Alternaria_(2).jpg,Alternaria_Blight,120,87,52,28.0764455,76.05522115,5.905494703,118.9923573,18.36933270131416,1,10.090547545606888,11.78645798521096,449.88834668983736,9.441879465338175,1,12.896648792314544,19.245261551592428,98.77029643768734,2,10.247071453295604,2,42.48301492655317,1.5227509843265343,0.2606588854472506,0.1473993862857039,0.1697164839827572,0.1445798220555312,High_Risk
D:\Download1\Multi_Crop_Leaves_Disease\Multi_Crop_Leaves_Disease\Castor\Unhealthy_castor\Alternia Leaf Blight\Alternaria_(3).jpg,Alternaria_Blight,98,29,30,25.64004392,61.03273481,6.217974349,199.4735636,14.9647460866055,2,7.202522250308457,8.289854153350635,422.852472559832,1.1760837129932753,3,16.518957370572725,32.482353803212995,126.57700672097238,3,1.8233206878226824,1,97.633666009013,2.232463278343964,0.0465480147004527,0.1732751593447344,0.0313649930069231,0.1478412106168322,High_Risk
D:\Download1\Multi_Crop_Leaves_Disease\Multi_Crop_Leaves_Disease\Castor\Unhealthy_castor\Alternia Leaf Blight\Alternaria_(4).jpg,Alternaria_Blight,66,69,47,23.69212243,93.61055571,6.912299695,87.53393983,18.989186141616887,3,10.481355952176196,4.5855337152387925,441.5363105686713,5.275658090605019,4,14.934250291623254,87.67793720687128,160.90684564463436,1,10.16398553599242,3,58.91784880309253,3.85447289874224,0.2335999928496786,0.2545037641668573,0.1048587621248318,0.2324677992866287,High_Risk
D:\Download1\Multi_Crop_Leaves_Disease\Multi_Crop_Leaves_Disease\Castor\Unhealthy_castor\Alternia Leaf Blight\Alternaria_.jpg,Alternaria_Blight,111,79,53,28.31193338,75.77363772,6.165001278,119.695765,12.565318535077452,3,9.114565337533463,18.21709815672202,401.88530786264056,3.5428000871505034,5,10.9809515539667,36.841457540188905,190.8154419389171,2,5.77573688980903,1,59.34889982136383,2.847714632133924,0.2358949181794206,0.2370842163367019,0.087568812691916,0.2143335830488853,High_Risk
D:\Download1\Multi_Crop_Leaves_Disease\Multi_Crop_Leaves_Disease\Castor\Unhealthy_castor\Alternia Leaf Blight\castor_unh.jpeg,Alternaria_Blight,25,70,16,19.63474332,18.90705639,5.759237003,106.3598183,24.96345299589259,2,6.231957785769042,19.75539730061336,352.227210564526,8.216576162766309,5,8.925164988687051,61.75227883321031,196.43177752092893,2,43.89646255403537,2,97.72894797864237,2.6654565724375163,0.2836385915322745,0.2342608634816543,0.1265983849350097,0.2228744401321093,High_Risk
D:\Download1\Multi_Crop_Leaves_Disease\Multi_Crop_Leaves_Disease\Castor\Unhealthy_castor\Alternia Leaf Blight\cast_un.jpeg,Alternaria_Blight,90,52,25,25.97482359,69.36385721,6.822586546,103.2234212,21.989640068600732,1,10.342484070593438,16.583664875326335,442.5406299173002,4.599840117844138,2,7.911198715414407,50.71018392194593,117.7791919535364,3,42.68537362266174,3,89.51313080277625,2.874749671453941,0.2582947244368569,0.2495048951141917,0.1380386846995684,0.2306598483761681,High_Risk
D:\Download1\Multi_Crop_Leaves_Disease\Multi_Crop_Leaves_Disease\Castor\Unhealthy_castor\Alternia Leaf Blight\IMG-20260324-WA0050.jpg,Alternaria_Blight,34,59,23,28.56212158,83.24855855,6.935804256,56.48265193,23.4678268698822,1,10.874354105994058,4.259003457389081,401.9774933621847,2.75805852779861,1,18.887037508553423,95.82161749524474,166.60087881602348,1,25.69269867132838,2,99.9392715862464,4.598664157540444,0.3450320747145614,0.2332864709581808,0.2033250395947737,0.2218247467402564,High_Risk
D:\Download1\Multi_Crop_Leaves_Disease\Multi_Crop_Leaves_Disease\Castor\Unhealthy_castor\Alternia Leaf Blight\IMG-20260325-WA0043.jpg,Alternaria_Blight,25,48,21,28.438097,83.48991368,6.267684328,52.55469976,18.612922244354976,2,10.030710261274812,11.36428209901161,406.8325454466031,4.205619608621003,1,11.273380826937686,53.50598470610687,113.34548329158793,1,11.700079038499617,1,80.96126386478558,2.5448077798919084,0.1896986295113412,0.2627679911307793,0.0912000755218301,0.2169741923817529,High_Risk
D:\Download1\Multi_Crop_Leaves_Disease\Multi_Crop_Leaves_Disease\Castor\Unhealthy_castor\Alternia Leaf Blight\IMG_4968.jpg,Alternaria_Blight,40,9,41,24.37766782,85.4017118,5.78270695,106.128338,10.429540377920024,3,10.01602388609432,15.993900320416383,389.2446168753697,8.2230605000939,3,13.444873018602962,62.96852601184318,91.48132388761478,3,43.5199352254557,2,37.741890848545,2.827791752711013,0.2406021588420057,0.2328317529636904,0.1193663330965081,0.2056884453002807,High_Risk
D:\Download1\Multi_Crop_Leaves_Disease\Multi_Crop_Leaves_Disease\Castor\Unhealthy_castor\Alternia Leaf Blight\WhatsApp Image 2026-03-31 at 11.05.09 AM (1).jpeg,Alternaria_Blight,9,29,34,29.38471637,45.88744691,5.72742254,100.8124659,13.32250068553737,3,10.103222279475569,3.76417346751299,376.32439864922185,7.763583681282601,5,18.617006975803307,24.950538210796022,167.65971112990937,3,47.372567878371285,3,70.11381187351641,3.855181652623689,0.2962242091222865,0.2408966826950365,0.1573499591961334,0.2271900570011316,High_Risk
D:\Download1\Multi_Crop_Leaves_Disease\Multi_Crop_Leaves_Disease\Castor\Unhealthy_castor\Bacterial Leaf Blight\Bacterial 111.jpg,Bacterial_Disease,79,59,17,20.37999665,63.73849998,6.644205485,108.5054416,22.52220633019757,2,9.02671098190191,11.163760408298602,377.1710347331981,6.831260208833757,2,15.069717386741758,76.4686880037692,79.49257075458524,3,24.74026417240806,2,44.73949871069311,3.245678594622081,0.3911039454712699,0.2187199361260266,0.1984446706395731,0.232121548545276,High_Risk
D:\Download1\Multi_Crop_Leaves_Disease\Multi_Crop_Leaves_Disease\Castor\Unhealthy_castor\Bacterial Leaf Blight\Bacterial blight1.jpg,Bacterial_Disease,10,5,42,20.24104904,91.08706822,6.887005997,109.2537734,22.169247906066875,3,8.149083032265233,3.815287447205351,434.81812933671006,7.191391591935223,2,18.33025305821705,59.5555455410242,137.22047165016235,1,44.43138353018881,3,28.534513479081813,2.5808837098755864,0.2802488492880624,0.2586593377261879,0.1150609730584037,0.2397907824102081,High_Risk
D:\Download1\Multi_Crop_Leaves_Disease\Multi_Crop_Leaves_Disease\Castor\Unhealthy_castor\Bacterial Leaf Blight\Bacterial blight114.jpg,Bacterial_Disease,63,37,43,23.41798979,85.08640476,6.661957897,185.7446728,26.249124348998212,3,5.626831309488358,15.877737264026162,386.76453970930186,8.401675895564635,3,8.339141467465225,56.88373015104903,123.14717910109164,2,3.622663818946792,1,35.404079381607104,2.976793938377692,0.1882903351410832,0.1811742683725615,0.1268019275129848,0.1728570954582213,High_Risk
D:\Download1\Multi_Crop_Leaves_Disease\Multi_Crop_Leaves_Disease\Castor\Unhealthy_castor\Bacterial Leaf Blight\Bacterial blight12.jpg,Bacterial_Disease,0,36,26,34.13072188,51.25786185,5.101206389,96.38808001,16.15189052261151,1,7.25953424692906,9.920568708081433,382.8159231677604,2.721206886248256,5,19.72209528664425,66.70104494797708,180.78760129111865,2,3.5504123429854872,1,99.3411806677498,1.5630711405574722,0.2893795479460609,0.1906915147484287,0.1288556813902201,0.1684951579369566,High_Risk
D:\Download1\Multi_Crop_Leaves_Disease\Multi_Crop_Leaves_Disease\Castor\Unhealthy_castor\Bacterial Leaf Blight\Bacterial blight122.jpg,Bacterial_Disease,75,49,15,21.53574127,71.50905983,5.918263801,102.4852929,13.366998531307289,2,5.212174170651337,0.4351669681668157,393.0346068562641,4.107909745784703,6,15.237957415469394,9.183958155483774,109.0361329204643,1,3.224739326113818,3,9.174379745815454,2.468851284186345,0.264145394927437,0.2438675656749681,0.1046819245543362,0.2328539300626018,High_Risk
D:\Download1\Multi_Crop_Leaves_Disease\Multi_Crop_Leaves_Disease\Castor\Unhealthy_castor\Bacterial Leaf Blight\Bacterial blight15.jpg,Bacterial_Disease,91,41,37,24.48556447,83.20630007,6.132570523,192.2316221,13.212868150613586,1,11.625648002961777,11.779330983841996,421.681766610136,3.5460593367695408,2,6.079580245001063,46.52277116668753,109.46797305121976,1,0.0177564878703462,3,73.80931189845381,3.8113204210435168,0.1943180053544262,0.2537562011949136,0.0838573413359265,0.2318885596445652,High_Risk
D:\Download1\Multi_Crop_Leaves_Disease\Multi_Crop_Leaves_Disease\Castor\Unhealthy_castor\Bacterial Leaf Blight\Bacterial blight_.jpg,Bacterial_Disease,31,20,26,25.56567803,97.61361544,6.443168642,199.7936345,25.891091923669727,1,6.854979293600513,2.4419349254374434,376.7681591658557,8.28943947037218,6,7.298792305001493,83.3875693178738,151.77160143792923,2,18.550187281459053,3,61.52344248654544,4.481283984224433,0.2903870760005039,0.2386778444802194,0.1238422362080034,0.2330357922076502,High_Risk
D:\Download1\Multi_Crop_Leaves_Disease\Multi_Crop_Leaves_Disease\Castor\Unhealthy_castor\Bacterial Leaf Blight\bcatrial leaf blight12.png,Bacterial_Disease,40,49,47,42.93368602,91.1756748,6.501521192,246.3613268,16.915447591455198,3,8.372122167960576,15.785627987640789,374.6563668485717,6.25128424837692,4,12.740502778581202,79.19836974154278,182.8726454614149,3,27.23682986930511,1,91.72068723163248,4.9260926731668615,0.2276694425180183,0.2518450579399788,0.1018696366332767,0.2299291849293738,High_Risk
D:\Download1\Multi_Crop_Leaves_Disease\Multi_Crop_Leaves_Disease\Castor\Unhealthy_castor\Bacterial Leaf Blight\bcatrial leaf blight13.png,Bacterial_Disease,40,45,20,29.37687468,57.69622912,6.878498176,38.34303462,26.6498226819409,2,8.716148169141324,3.0422280078014,382.0353649013901,8.642639870580592,3,9.847961214232347,52.11400095137779,180.83173704297076,2,35.538894391052054,1,52.15619989734045,1.9822284053132555,0.0609933615357023,0.2670108481498826,-0.031795968545849,0.1819224416740979,High_Risk
D:\Download1\Multi_Crop_Leaves_Disease\Multi_Crop_Leaves_Disease\Castor\Unhealthy_castor\Bacterial Leaf Blight\bcatrial leaf blight131.png,Bacterial_Disease,85,25,47,26.11440416,87.64081095,6.29542477,58.48160844,23.720900193686727,3,6.525308812483548,16.426194003955853,405.43714661959547,7.319309478237056,3,11.208862013084785,58.58890101322156,185.4124677488549,1,42.93869185152409,3,14.72689880925695,2.2429487551550404,0.0787603805506426,0.1381401711065125,0.048074318863292,0.1204795931937266,High_Risk
D:\Download1\Multi_Crop_Leaves_Disease\Multi_Crop_Leaves_Disease\Castor\Unhealthy_castor\Bacterial Leaf Blight\bcatrial leaf blight132.png,Bacterial_Disease,22,8,33,28.43572863,95.8840407,5.665785202,203.9283708,29.45772492848779,2,5.597789328109737,5.501089929048042,379.3502566085638,8.492168647316173,1,9.294338660707552,74.8422898426792,67.75173160506834,1,0.650495067016188,3,95.74661550951494,2.8964688658012023,0.241891911423136,0.2529161088300949,0.1102360972575072,0.2303027437988696,High_Risk
D:\Download1\Multi_Crop_Leaves_Disease\Multi_Crop_Leaves_Disease\Castor\Unhealthy_castor\Bacterial Leaf Blight\bcatrial leaf blight133.png,Bacterial_Disease,34,45,21,28.18837136,82.60629652,6.287380117,37.01110438,10.77252582021304,3,11.56761169012288,8.152309371772192,372.0802844708968,7.696929150821766,2,14.345131576386107,35.37943431984395,54.50653012316506,2,22.910995786199408,1,58.735612789192736,3.3673702638166607,0.2973245641592897,0.1379085582488776,0.209730293735097,0.1219559162239451,High_Risk
D:\Download1\Multi_Crop_Leaves_Disease\Multi_Crop_Leaves_Disease\Castor\Unhealthy_castor\Bacterial Leaf Blight\bcatrial leaf blight134.png,Bacterial_Disease,7,20,12,16.53460397,94.76759975,6.475275337,110.0447896,28.583340186150693,2,9.864223862655276,1.734824222199054,355.3336258630668,4.61309432041703,2,12.636172350267554,85.08895259939267,169.56510545966745,3,35.08375395186483,2,1.04188272944995,4.035454753770956,0.1748292157307427,0.2180924153472521,0.0621720804300831,0.1939771046683829,High_Risk
D:\Download1\Multi_Crop_Leaves_Disease\Multi_Crop_Leaves_Disease\Castor\Unhealthy_castor\Bacterial Leaf Blight\IMG_4965.jpg,Bacterial_Disease,94,54,17,23.39128187,61.74427165,5.871647806,107.3198135,20.17302945406609,1,5.311372444842171,2.148343142310252,387.5190857000952,3.814075766569502,5,15.9843322606809,11.17464953993984,148.77804162927305,1,45.40735517488133,1,37.40208752815976,2.3117452723016947,0.2822329655462026,0.245481484018449,0.1908338404292954,0.2087397729690293,High_Risk
D:\Download1\Multi_Crop_Leaves_Disease\Multi_Crop_Leaves_Disease\Castor\Unhealthy_castor\Bacterial Leaf Blight\IMG_4967.jpg,Bacterial_Disease,108,26,52,28.82629037,94.26765349,6.201797639,26.23838511,17.188346404755414,3,6.341198491117228,0.5159105806061071,378.0450413782895,1.683145618841167,2,8.311690455784124,62.06594461901515,149.5442802314285,3,4.004620039881656,2,53.904543538709504,4.742539627299169,0.2702202145769914,0.1493343137040025,0.1748427968565398,0.1442294902038189,High_Risk
D:\Download1\Multi_Crop_Leaves_Disease\Multi_Crop_Leaves_Disease\Castor\Unhealthy_castor\Bacterial Leaf Blight\IMG_8851.jpg,Bacterial_Disease,27,62,24,28.63005477,66.770943,7.353876754,62.2737345,22.58134340424461,3,7.599815801414351,9.691422887456005,422.9710236570852,3.293886166008625,5,6.233908928608468,64.07349102064501,83.3625975461365,2,39.52727734043711,1,4.2681271028335965,3.942374802650465,0.0843195498765195,0.2366691737931782,-0.0243944324422046,0.1755565268516987,High_Risk
D:\Download1\Multi_Crop_Leaves_Disease\Multi_Crop_Leaves_Disease\Castor\Unhealthy_castor\Cercospera Leaf Spot\cercospera Leaf spot.jpg,Cercospera Leaf Spot,35,64,78,17.92845928,14.27327988,7.496645259,85.37378769,22.78968891335932,3,8.819669834648794,12.09481971203267,386.6132603612104,6.9422815465434295,6,18.49712625938062,85.52825243705855,139.34980036646454,1,6.893873320551536,2,2.0558238807251272,3.3481021864237444,0.2387087677833997,0.1725599560076585,0.1825309892650998,0.1589317109189142,High_Risk
D:\Download1\Multi_Crop_Leaves_Disease\Multi_Crop_Leaves_Disease\Castor\Unhealthy_castor\Cercospera Leaf Spot\cercospera Leaf spot1.jpg,Cercospera Leaf Spot,24,128,196,22.75088787,90.69489172,5.521466996,110.4317855,26.113409078104365,3,5.621583404334913,16.669208892696112,379.08411221752937,6.984264351462168,3,17.074309034166177,9.285506758817776,150.12815322700828,1,27.90621993963222,3,15.502632603083022,3.0578455868655303,0.3271736790311613,0.2444634525432452,0.1459429598751901,0.2388039085769651,High_Risk
D:\Download1\Multi_Crop_Leaves_Disease\Multi_Crop_Leaves_Disease\Castor\Unhealthy_castor\Cercospera Leaf Spot\cercospera Leaf spot11.jpg,Cercospera Leaf Spot,70,68,45,33.83508569,92.85470152,6.991626158,203.4044028,28.51272102702705,2,9.54255101337206,9.224507775402422,434.0869495846282,5.254636730080238,2,17.59844998412885,32.77240037238561,154.32569950263985,3,21.54590010236976,2,58.583438221532006,2.187542885444324,0.2783548785805821,0.2336903425027017,0.1582969971528675,0.2241844096923986,High_Risk
D:\Download1\Multi_Crop_Leaves_Disease\Multi_Crop_Leaves_Disease\Castor\Unhealthy_castor\Cercospera Leaf Spot\cercospera Leaf spot2.jpg,Cercospera Leaf Spot,17,57,20,28.50677929,45.20094476,3.793575185,66.1761456,27.57426251263818,2,10.755912510707798,7.463916927219911,404.4048518098975,9.144692149246444,6,19.441137990364037,10.368168190678972,186.93661598195615,3,37.18194275523605,3,14.765475560231977,4.498958863951639,0.1748292157307427,0.2180924153472521,0.0621720804300831,0.1939771046683829,High_Risk
D:\Download1\Multi_Crop_Leaves_Disease\Multi_Crop_Leaves_Disease\Castor\Unhealthy_castor\Cercospera Leaf Spot\cercospera Leaf spot3.jpg,Cercospera Leaf Spot,27,10,33,27.81132822,97.48410555,6.465906333,154.0621221,14.741278343993498,3,9.328639984893313,1.1935742562762996,446.7417610640879,7.491005407145096,6,11.820608315775583,47.98496554990229,188.716862852116,1,47.607017618485855,2,42.27702823438512,1.6881469038288903,0.3410463720405699,0.230250159543514,0.1473552699228697,0.2315287262301106,High_Risk
D:\Download1\Multi_Crop_Leaves_Disease\Multi_Crop_Leaves_Disease\Castor\Unhealthy_castor\Cercospera Leaf Spot\cercospera Leaf spot4.jpg,Cercospera Leaf Spot,40,5,29,28.48444906,97.76865458,5.820978791,160.389421,25.65831556186053,2,9.340298445388672,5.352605401219861,350.0019704275458,2.697532528386203,4,11.736979605440796,16.588145587948343,174.81614704427233,3,13.275442141524325,1,26.14688170791749,2.342886968272908,0.1881799811803496,0.2177736994238945,0.1020953444519946,0.1784505531640862,High_Risk
D:\Download1\Multi_Crop_Leaves_Disease\Multi_Crop_Leaves_Disease\Castor\Unhealthy_castor\Cercospera Leaf Spot\cercospera Leaf spot5.jpg,Cercospera Leaf Spot,9,8,40,22.48720144,89.9224883,6.553509673,111.6631582,11.74268614956109,3,5.265638783236493,5.687718549226686,364.69659923546897,9.773097176584038,4,18.96030604185022,61.06804863785102,187.56723975298007,3,40.33473055869141,2,38.26410271219438,1.639145330735337,0.2798559329483415,0.2404500481752604,0.1727346032296613,0.2279523065289345,High_Risk
D:\Download1\Multi_Crop_Leaves_Disease\Multi_Crop_Leaves_Disease\Castor\Unhealthy_castor\Cercospera Leaf Spot\cercospera Leaf spot6.jpg,Cercospera Leaf Spot,26,50,19,27.3179125,51.66921088,6.005242945,32.55919573,19.018076572832356,1,7.933340132247877,18.42835587199551,422.6072932484013,9.26126035445728,1,13.44969647878644,52.39873541599045,70.07485656858276,3,33.94955012853916,3,66.3630567879059,2.0856150709311345,0.0262155449077294,0.1919721506224202,-0.018864395536896,0.1568379110146954,High_Risk
D:\Download1\Multi_Crop_Leaves_Disease\Multi_Crop_Leaves_Disease\Castor\Unhealthy_castor\Cercospera Leaf Spot\cercospera Leaf spot7.jpg,Cercospera Leaf Spot,6,144,198,21.11478672,90.31528693,5.559363609,104.5086618,24.857790589963248,1,10.543174492945898,6.646143277085765,397.5003899609742,4.692630550808789,6,19.931017152656267,65.23134862893664,59.82756219742466,3,11.520506194214148,3,86.06387188638928,3.91880479900406,0.2117347907194374,0.161021680290316,0.1180226604043384,0.1414566435911778,High_Risk
D:\Download1\Multi_Crop_Leaves_Disease\Multi_Crop_Leaves_Disease\Castor\Unhealthy_castor\Cercospera Leaf Spot\cercospera Leaf spot8.jpg,Cercospera Leaf Spot,95,55,42,26.79533926,82.1480873,5.950660556,193.3473987,23.978828255346407,3,11.40265470663751,14.23982332784258,440.2770546568698,2.8606047983092937,6,19.940179865130624,18.592823085504907,148.6785351076055,1,29.808356985813404,3,87.44669457509315,4.937106996587655,0.0594643148665171,0.1895202072675048,-0.0356885945748043,0.1659279141245568,High_Risk
D:\Download1\Multi_Crop_Leaves_Disease\Multi_Crop_Leaves_Disease\Castor\Unhealthy_castor\Cercospera Leaf Spot\Cercospora alternaria_.jpg,Cercospera Leaf Spot,25,59,19,29.06631494,83.6869203,6.626629798,43.95183726,14.239136974517791,1,8.79932911515087,0.3331277200397187,418.6148778863097,6.95444629128521,1,6.013455775344818,58.65137527891166,155.6591529376839,1,16.3777903965291,2,72.42722090829294,2.096714133819357,0.1547054064158144,0.276694549880376,0.055888561344636,0.2284224039063615,High_Risk
D:\Download1\Multi_Crop_Leaves_Disease\Multi_Crop_Leaves_Disease\Castor\Unhealthy_castor\Cercospera Leaf Spot\Cercospora Phytophthora_(1).jpg,Cercospera Leaf Spot,88,35,40,23.57943626,83.58760316,5.85393208,291.2986618,25.75100657263861,1,5.156131899329995,11.966922691518535,387.84517226922674,8.826688210121965,6,13.41922724517027,21.42755696379507,87.37678676139276,2,24.83894964192667,2,49.834587199231606,1.3075942280167938,0.2809395945641511,0.2458529506312597,0.1472844339094041,0.2328123237301221,High_Risk
D:\Download1\Multi_Crop_Leaves_Disease\Multi_Crop_Leaves_Disease\Castor\Unhealthy_castor\Cercospera Leaf Spot\Cercospora Phytophthora_.jpg,Cercospera Leaf Spot,22,60,24,18.78226261,20.24768314,5.630664753,104.2570723,13.799752224936125,2,8.61189739966737,0.8378713950750472,413.45329994220447,6.063635782609917,6,18.817036846960388,56.97130643330688,148.88355226995742,1,31.785218060311955,1,1.4820518232845248,2.5423063669422707,0.0211711152297491,0.2124610276390996,-0.0426414365362648,0.1678590873781146,High_Risk
D:\Download1\Multi_Crop_Leaves_Disease\Multi_Crop_Leaves_Disease\Castor\Unhealthy_castor\Cercospera Leaf Spot\cercospora.jpg,Cercospera Leaf Spot,32,14,37,22.73031253,88.48567856,6.825256236,104.6843243,17.099713366928857,2,8.62107815709467,1.2867164656501662,412.2146229615919,1.5786048400228232,1,18.04950857157175,22.34021929025988,146.48202857459376,2,2.2960246088567504,1,69.49096922280833,1.8356024922443288,0.2634503304927241,0.2509421190101485,0.127249811774945,0.230534455122915,High_Risk
D:\Download1\Multi_Crop_Leaves_Disease\Multi_Crop_Leaves_Disease\Castor\Unhealthy_castor\Cercospera Leaf Spot\Cercospora_(1).jpg,Cercospera Leaf Spot,113,41,20,25.0017188,80.53965818,7.256877571,96.32600992,16.55843681624998,2,8.579862214019014,16.405636456180986,395.5142655898112,7.794219005255698,5,5.819710634487638,31.63598794615073,178.67179927151457,1,10.835636642198264,3,36.0268631433922,4.556578168541916,0.1647878396996178,0.2470896998851705,0.0559796976397417,0.2064885365761578,High_Risk
D:\Download1\Multi_Crop_Leaves_Disease\Multi_Crop_Leaves_Disease\Castor\Unhealthy_castor\Cercospera Leaf Spot\Cercospora_(2).jpg,Cercospera Leaf Spot,3,18,31,31.65333432,48.20662669,6.392313973,91.09745581,12.045818537223123,2,11.17854575729728,14.462440173864788,382.93352075275385,7.031637447651523,2,8.012454116402086,41.62839697955012,130.46750481159933,3,4.009759647512462,1,64.45514156303686,1.8340978457647608,0.224360041499199,0.2661713489458572,0.0952616811061475,0.2421252033465766,High_Risk
D:\Download1\Multi_Crop_Leaves_Disease\Multi_Crop_Leaves_Disease\Castor\Unhealthy_castor\Cercospera Leaf Spot\Cercospora_(3).jpg,Cercospera Leaf Spot,3,28,33,30.33723921,48.88704844,5.755049971,94.42850522,10.56729998261652,1,9.880710218674665,13.569236952013902,427.7502731111899,2.2029134070542766,1,13.724713379591968,31.958326477339305,156.11533701288172,1,8.888352949390587,3,40.23011805392112,4.148243441893429,0.1384576523070153,0.2550529830074309,0.0526329690450422,0.2090233461679804,High_Risk
D:\Download1\Multi_Crop_Leaves_Disease\Multi_Crop_Leaves_Disease\Castor\Unhealthy_castor\Cercospera Leaf Spot\Cercospora_(4).jpg,Cercospera Leaf Spot,10,78,18,18.54141834,62.70637578,6.296976913,44.07819743,11.619596564199044,2,6.901399450119246,1.2319557546458235,427.2043867618712,7.343510048139393,5,17.357632210629852,35.99340273357855,92.2156358266072,2,13.91828346241214,1,14.064688357293075,1.3959887328666332,0.0843195498765195,0.2366691737931782,-0.0243944324422046,0.1755565268516987,High_Risk
D:\Download1\Multi_Crop_Leaves_Disease\Multi_Crop_Leaves_Disease\Castor\Unhealthy_castor\Cercospera Leaf Spot\Cercospora_(5).jpg,Cercospera Leaf Spot,31,13,33,27.63834933,95.48763389,5.85971872,205.5463111,12.574152069211795,2,10.7480932106707,7.610724490453656,422.4297040073561,8.401641427601552,5,5.5423792205635785,21.559675242408115,80.29805841517742,3,25.129455553620797,3,49.655719050317735,2.339315172874972,0.2372677007228192,0.1643595737240934,0.1135598278957504,0.1594514320760194,High_Risk
D:\Download1\Multi_Crop_Leaves_Disease\Multi_Crop_Leaves_Disease\Castor\Unhealthy_castor\Cercospera Leaf Spot\Cercospora_(6).jpg,Cercospera Leaf Spot,108,60,17,22.75805656,76.75768356,6.558902588,97.76600619,27.198144361077667,2,9.352468944495424,3.474253862975638,408.6695069597138,1.4167656776265622,4,7.39685945679343,67.16843519724114,128.67267650647986,2,17.095188460778875,3,22.64489584716195,1.7986080328796237,0.2312050898314885,0.2329325333473289,0.1251034894366806,0.2073777625023294,High_Risk
D:\Download1\Multi_Crop_Leaves_Disease\Multi_Crop_Leaves_Disease\Castor\Unhealthy_castor\Cercospera Leaf Spot\Cercospora_(7).jpg,Cercospera Leaf Spot,32,79,22,27.60195453,63.46170674,5.91645379,54.37814199,15.708845879449388,3,5.945760731909819,17.61623053743278,447.8918003891608,6.266976310580807,6,8.332525369685673,18.008088330203176,110.47108043166624,1,25.48596351364297,3,51.43406180629421,2.356452031383673,0.2964907953867713,0.2368123150748913,0.1094602855069457,0.2319985564055466,High_Risk
D:\Download1\Multi_Crop_Leaves_Disease\Multi_Crop_Leaves_Disease\Castor\Unhealthy_castor\Cercospera Leaf Spot\Cercospora_.jpg,Cercospera Leaf Spot,60,36,43,23.43121862,83.06310136,5.286203711,219.9048349,24.8121987674652,1,7.1699310899608175,7.122173780010099,409.3179306793328,2.264515487202005,6,14.054509318880132,41.56000215352197,90.25123166275117,1,4.335156741635321,3,40.45347159293695,1.179476422724584,0.2125678694290099,0.2793464098580453,0.0476808168818649,0.242436582702494,High_Risk
D:\Download1\Multi_Crop_Leaves_Disease\Multi_Crop_Leaves_Disease\Castor\Unhealthy_castor\Peast_disease\IMG-20260325-WA0039.jpg,Pest_Damage,39,42,20,29.3499706,61.25353851,8.055908858,40.82840673,23.75561074964405,2,8.956207885682948,19.22907807749616,442.07756872320806,7.776503450647754,3,18.115890936466958,55.74187844546535,117.35881103358966,1,44.29208440798587,2,97.50584753088542,4.747570543314918,0.0447658965772075,0.2601192833712283,-0.0376678591457771,0.1837902059435234,Moderate_Risk
D:\Download1\Multi_Crop_Leaves_Disease\Multi_Crop_Leaves_Disease\Castor\Unhealthy_castor\Peast_disease\IMG_8861.jpg,Pest_Damage,38,15,27,33.7462686,48.50387598,6.777788126,92.26439205,20.50207888167642,1,8.842771318745514,15.283105507044304,432.9567580075293,1.964330878345144,1,5.617528391220695,10.444626282556158,53.8175605751648,2,37.49104231272193,3,61.88928289240951,2.253294618242708,0.2410820942981961,0.2584242088061317,0.0854876801628593,0.2382301328301563,Moderate_Risk
D:\Download1\Multi_Crop_Leaves_Disease\Multi_Crop_Leaves_Disease\Castor\Unhealthy_castor\Peast_disease\pest_disease1.jpg,Pest_Damage,118,33,30,24.13179691,67.22512329,6.362607851,173.3228386,28.98917552954813,3,11.097182116394928,13.842015985356811,360.48260538132587,1.5996140522008162,5,12.95667508217523,79.67865796464093,86.72438065470436,2,38.80588845091605,3,41.78272921121084,2.4470104278279448,0.2264241136066709,0.2424117896575513,0.0851711418077959,0.2293237878923609,Moderate_Risk
D:\Download1\Multi_Crop_Leaves_Disease\Multi_Crop_Leaves_Disease\Castor\Unhealthy_castor\Peast_disease\pest_disease11.jpg,Pest_Damage,56,58,49,37.13165026,94.60761797,6.69215564,172.4788062,21.47270928827209,3,5.2166001960276125,14.25633099653329,439.94582557217785,9.936981461252437,1,8.781959167896172,85.18943562238923,120.40306872208537,3,5.459624815826652,1,17.40881027102068,2.805362862489642,0.2340409858677553,0.1741344784010496,0.1788212923506627,0.159145236099502,Moderate_Risk
D:\Download1\Multi_Crop_Leaves_Disease\Multi_Crop_Leaves_Disease\Castor\Unhealthy_castor\Peast_disease\pest_disesase12.png,Pest_Damage,6,37,17,28.08657178,80.35005927,6.760694228,38.14476781,29.354737294445616,3,11.087007992721738,9.664957262331916,415.82741129992985,1.3176951734269078,1,8.173172837667805,54.55277276325282,133.9913064665919,2,40.87672355012186,3,85.86355701417385,4.369280660848471,0.2585691650308123,0.2421276134553817,0.1275398666094243,0.2201743041611157,Moderate_Risk
D:\Download1\Multi_Crop_Leaves_Disease\Multi_Crop_Leaves_Disease\Castor\Unhealthy_castor\Peast_disease\pest_disesase13.png,Pest_Damage,18,57,21,27.37659643,63.93927841,6.155915975,49.47371773,26.331670808980757,1,8.3511594270818,11.6093037343694,388.10945127226273,1.586407904011544,5,12.301091477402878,19.469523617499995,148.70915148085135,1,25.106384489821327,2,67.77301236402458,1.4793824668129307,0.179842586031255,0.2542868796830589,0.0767317170602655,0.2144997639518997,Moderate_Risk
D:\Download1\Multi_Crop_Leaves_Disease\Multi_Crop_Leaves_Disease\Castor\Unhealthy_castor\Peast_disease\pest_disesase14.png,Pest_Damage,89,85,55,26.6719835,76.48541655,6.275384607,91.73358569,23.961921889132327,2,9.489963537005456,6.471867507081958,434.6634446272299,7.132663443718712,5,14.230284349836808,14.554253532748984,169.99995393891058,3,3.0680263490406534,3,1.1244899065431468,1.8627753862482053,0.2633293767453621,0.1506667560915206,0.1698849363328183,0.1366967575116895,Moderate_Risk
D:\Download1\Multi_Crop_Leaves_Disease\Multi_Crop_Leaves_Disease\Castor\Unhealthy_castor\Peast_disease\pest_disesase15.png,Pest_Damage,40,120,197,23.80593812,92.48879468,5.889480679,119.6335548,14.299331698195829,3,8.044799744625099,18.76804693578339,353.2111378568333,5.695483977278562,6,8.449351067734415,95.83670165151942,119.64704260314237,2,49.352523407384105,1,7.621344726971746,2.443336663502381,0.2430625370639732,0.2545635177212461,0.1246337347128341,0.231146488739679,Moderate_Risk
D:\Download1\Multi_Crop_Leaves_Disease\Multi_Crop_Leaves_Disease\Castor\Unhealthy_castor\Peast_disease\pest_disesase16.png,Pest_Damage,78,42,42,20.13017482,81.60487287,7.628472891,262.7173405,28.236236135835615,2,8.12051188272924,19.264133422858432,410.35645777701023,5.202285434682235,3,13.852910054226465,38.811481435085696,185.25970154082896,2,47.19077674711596,3,25.466498927055326,2.578671084995216,0.2859045636145876,0.2411248677935974,0.1610134472505438,0.2133056951871573,Moderate_Risk
D:\Download1\Multi_Crop_Leaves_Disease\Multi_Crop_Leaves_Disease\Castor\Unhealthy_castor\Peast_disease\pest_disesase17.png,Pest_Damage,38,19,31,34.73823882,49.08864345,5.855119268,90.65022183,25.96472700919952,2,9.974807388350705,3.619421649099097,426.9053221336568,6.234116023415303,2,17.60026116214953,77.24229548343284,83.20248043139586,2,41.60946104160847,3,79.09408939355859,4.310243370995706,0.2457429900572205,0.2567671385347508,0.1500086834832507,0.2320798510524112,Moderate_Risk
D:\Download1\Multi_Crop_Leaves_Disease\Multi_Crop_Leaves_Disease\Castor\Unhealthy_castor\Peast_disease\WhatsApp Image 2026-03-31 at 11.04.48 AM.jpeg,Pest_Damage,4,136,204,29.93707596,81.77713468,5.898944282,65.52279323,12.661393448287384,1,6.272751682423989,11.963985908137785,359.9507870743375,7.854175747491036,2,14.10140289237103,56.88557046207761,77.83189227854476,2,15.654898788290266,2,67.28258087046977,2.299443904511152,0.3023325399209414,0.2444755220740902,0.1368173942667024,0.2333491151251259,Moderate_Risk
D:\Download1\Multi_Crop_Leaves_Disease\Multi_Crop_Leaves_Disease\Castor\Unhealthy_castor\Peast_disease\WhatsApp Image 2026-03-31 at 11.05.09 AM (2).jpeg,Pest_Damage,56,76,16,28.27265858,61.18956161,7.513151076,63.29900785,23.69212809400546,1,11.494125703307342,4.132629667025885,406.61388084726906,3.752811102969332,4,11.642250662882413,31.41998747971848,155.85935528792442,2,45.90979430963916,1,49.25854292423458,1.0399064943927474,0.277307261343369,0.144664194428088,0.1717730013633613,0.1289819655214998,Moderate_Risk
D:\Download1\Multi_Crop_Leaves_Disease\Multi_Crop_Leaves_Disease\Castor\Unhealthy_castor\Peast_disease\WhatsApp Image 2026-03-31 at 12.44.35 PM.jpeg,Pest_Damage,10,75,17,18.43966037,68.05394959,7.732194788,39.00992137,10.27365136861986,2,8.474102929447048,2.715976683101875,372.4430642398528,6.013797166523013,2,15.723457893185447,82.07842976595529,117.79350826302276,1,36.501071460514304,1,73.93491461744216,3.270412719818772,0.2797334149340327,0.2474070144215017,0.1358257043264674,0.2227036774694979,Moderate_Risk
D:\Download1\Multi_Crop_Leaves_Disease\Multi_Crop_Leaves_Disease\Castor\Unhealthy_castor\Pottassium\IMG_4939.jpg,Potassium_Deficiency,30,20,38,22.59890174,93.16343942,7.058222596,110.0932899,28.200468303177807,2,7.949219313735513,4.478250958611425,360.5996920027907,7.962657276686905,4,10.119523525457872,36.81586793492953,90.98925686543431,2,17.192061472415315,3,37.97070711999056,2.3206819533459075,0.0853276461400136,0.2239265326313127,0.0159940017616863,0.1838662648923174,Moderate_Risk
D:\Download1\Multi_Crop_Leaves_Disease\Multi_Crop_Leaves_Disease\Castor\Unhealthy_castor\Pottassium\IMG_4941.jpg,Potassium_Deficiency,76,49,42,24.958779,84.47963372,5.206373153,196.9560008,15.672750919557645,3,10.14681184399114,9.895260931811752,423.0962709665236,6.42222247707992,3,6.765426686979041,88.5524671721141,87.01920348090971,2,5.510014012877839,3,18.33425108498282,2.243055952362575,0.2358949181794206,0.2370842163367019,0.087568812691916,0.2143335830488853,Moderate_Risk
D:\Download1\Multi_Crop_Leaves_Disease\Multi_Crop_Leaves_Disease\Castor\Unhealthy_castor\Pottassium\IMG_4947.jpg,Potassium_Deficiency,52,56,85,20.1187446,14.44228303,6.81712422,88.68168643,11.656547185356438,2,10.4822757686118,15.711767524414558,364.3128827047885,3.923412629894676,5,14.953278737396838,79.01579291080839,197.01967181900736,2,45.74301912923368,3,48.79919369825747,4.46227898298532,0.1685546876480365,0.1655391649895669,0.0309696309495351,0.1472350515955142,Moderate_Risk
D:\Download1\Multi_Crop_Leaves_Disease\Multi_Crop_Leaves_Disease\Castor\Unhealthy_castor\Pottassium\IMG_4948.jpg,Potassium_Deficiency,4,67,25,23.78709569,24.35679348,5.948164454,119.6404412,29.676942328809936,3,10.509278509472324,3.8787404725077335,389.0243582070784,1.0135505223405297,6,11.474576084093766,77.29511142154314,162.8530689133645,1,43.60277061675277,3,13.95272581532926,1.3349461335052468,0.0443018902928554,0.1871085733193785,-0.0311996700547237,0.1564030020199493,Moderate_Risk
D:\Download1\Multi_Crop_Leaves_Disease\Multi_Crop_Leaves_Disease\Castor\Unhealthy_castor\Pottassium\IMG_4953.jpg,Potassium_Deficiency,14,48,21,29.24598976,84.80084105,6.991242362,53.43228915,19.57807918709891,1,10.914421376849694,19.65807546294472,357.8642892123429,4.632358651620411,1,5.741850218873673,36.62305958108599,153.95309928980754,1,43.47985417292708,2,72.74584219996268,4.082057289838618,0.3009015997760803,0.2495582271901875,0.1321721853589529,0.2408648298882668,Moderate_Risk
D:\Download1\Multi_Crop_Leaves_Disease\Multi_Crop_Leaves_Disease\Castor\Unhealthy_castor\Pottassium\IMG_4954.jpg,Potassium_Deficiency,34,16,25,30.07202564,50.96040505,6.10729559,92.09609766,20.715076606168907,3,11.357735837490596,12.868205321779758,411.23663209182325,7.187704113845516,4,16.0936163429313,15.06515034204944,133.2872655603867,3,15.268934476082936,1,24.769198947326053,4.071821805484809,0.2312050898314885,0.2329325333473289,0.1251034894366806,0.2073777625023294,Moderate_Risk
D:\Download1\Multi_Crop_Leaves_Disease\Multi_Crop_Leaves_Disease\Castor\Unhealthy_castor\Pottassium\IMG_4955.jpg,Potassium_Deficiency,34,10,14,34.05296914,92.05811721,6.725600855,116.8020848,17.506104900338258,3,9.114820452651497,8.45336227560044,358.2793320388245,8.035496694272082,3,17.141056005643904,46.767643466717104,170.98431012417248,2,22.35500151470561,3,80.9470779703431,1.2580828402296014,0.2557328745175416,0.2640159299519048,0.1297730635455898,0.2362678608317673,Moderate_Risk
D:\Download1\Multi_Crop_Leaves_Disease\Multi_Crop_Leaves_Disease\Castor\Unhealthy_castor\Pottassium\IMG_4956.jpg,Potassium_Deficiency,28,7,9,34.5917846,92.13229786,6.730757538,115.5650287,24.740204926385942,2,10.047253504017728,17.88530992724566,376.5914856638108,6.5549251413833804,4,16.802034184765375,30.887002304879484,101.21400155139924,2,19.07171393255254,2,14.492699234510342,2.0984153728082933,0.2335999928496786,0.2545037641668573,0.1048587621248318,0.2324677992866287,Moderate_Risk
D:\Download1\Multi_Crop_Leaves_Disease\Multi_Crop_Leaves_Disease\Castor\Unhealthy_castor\Pottassium\IMG_4957.jpg,Potassium_Deficiency,2,38,18,27.53632932,89.92908171,6.619891498,45.48591922,22.575228491367987,1,7.443793519035861,8.666745176496258,400.7704377996208,5.221483058041268,1,14.854601615602014,37.48095352646765,154.56542616742786,1,7.129856308733756,2,29.235572164910597,3.298679928538759,0.1303953115767055,0.2649999128963884,0.0425355213793325,0.2144187671602639,Moderate_Risk
D:\Download1\Multi_Crop_Leaves_Disease\Multi_Crop_Leaves_Disease\Castor\Unhealthy_castor\Pottassium\IMG_4958.jpg,Potassium_Deficiency,74,55,19,18.05033737,62.89366992,6.28886807,84.23613484,28.361883052679257,3,7.681525712895155,18.632775176054334,380.7963324132751,2.640846091740541,4,13.71699861924386,86.71488486432531,55.12069480853036,3,16.071264008579654,1,49.73906723092462,2.04522576754565,0.0409677799958357,0.1819086387048688,-0.033709415627995,0.1502057124382393,Moderate_Risk
D:\Download1\Multi_Crop_Leaves_Disease\Multi_Crop_Leaves_Disease\Castor\Unhealthy_castor\Pottassium\IMG_4959.jpg,Potassium_Deficiency,30,79,22,18.28766124,69.48515056,6.254216611,48.60449438,16.20968329584451,2,8.436000761536494,12.340733181986396,361.27339326022417,9.090789724056382,3,11.872016789150674,19.57497777052133,118.1412619908518,2,8.084026512388931,2,79.71969105200336,1.9455433789884853,0.2730136608807161,0.1637667555702561,0.1342792353045481,0.1509888344817751,Moderate_Risk
D:\Download1\Multi_Crop_Leaves_Disease\Multi_Crop_Leaves_Disease\Castor\Unhealthy_castor\Pottassium\IMG_4960.jpg,Potassium_Deficiency,16,18,26,28.43647052,91.81320717,5.568365926,145.5414413,26.40740953331289,3,11.297603687864656,15.56613650254012,353.12362330738256,9.389334451498408,1,13.821696720786909,44.87018346856762,175.23213079211382,3,38.76295223048526,3,30.1754582629694,2.775337736329966,0.3089701373329916,0.2449624670841136,0.1812037378173581,0.2234614513867075,Moderate_Risk
D:\Download1\Multi_Crop_Leaves_Disease\Multi_Crop_Leaves_Disease\Castor\Unhealthy_castor\Pottassium\IMG_4962.jpg,Potassium_Deficiency,82,77,46,28.9470467,82.1888998,5.901100841,95.83016448,15.141719267175484,2,8.403345806940486,14.53839243752452,387.63327926352514,6.605467721607468,6,12.972721837493198,46.54558529644929,192.4755319175036,2,31.90734794186067,3,83.60219831303561,3.510788251320101,0.2643356522087341,0.2417619147700754,0.1764428165510036,0.223120929850777,Moderate_Risk
D:\Download1\Multi_Crop_Leaves_Disease\Multi_Crop_Leaves_Disease\Castor\Unhealthy_castor\Pottassium\IMG_4964.jpg,Potassium_Deficiency,136,36,24,22.74446976,80.41198458,7.59781958,90.07326633,13.467257051310288,1,6.062233006437458,15.5188307016596,400.3356827960958,9.79535812948036,6,6.641312474685122,72.7151523464044,182.09581558472436,3,47.59362168428595,1,75.95540772356551,4.143892130743773,0.2510437944074032,0.2396628380683336,0.1009937459209953,0.2252502164866279,Moderate_Risk
D:\Download1\Multi_Crop_Leaves_Disease\Multi_Crop_Leaves_Disease\Castor\Unhealthy_castor\Pottassium\pottasium1.jpg,Potassium_Deficiency,113,19,46,25.41864024,81.12122989,6.286387658,49.52320689,27.82512177638609,3,11.475216516480904,18.4941250256491,446.4255462848621,2.133570547520861,2,10.847954209252826,11.084107717682256,142.36409571467544,3,43.94957927534123,2,40.58998088573156,4.417890694735801,0.224360041499199,0.2661713489458572,0.0952616811061475,0.2421252033465766,Moderate_Risk
D:\Download1\Multi_Crop_Leaves_Disease\Multi_Crop_Leaves_Disease\Castor\Unhealthy_castor\Pottassium\WhatsApp Image 2026-03-31 at 11.04.52 AM.jpeg,Potassium_Deficiency,24,80,19,29.67892453,69.0854554,6.808041722,65.66436565,27.821200046958005,1,10.81188343557905,19.591857181532543,388.7133963215799,2.5841719012644924,6,6.510280534957897,59.20285623028199,64.29046029603937,3,9.183066681075214,1,63.81996924079986,3.250484355243185,0.271857662818706,0.2579144089682887,0.1170754087122319,0.2403265062939086,Moderate_Risk
D:\Download1\Multi_Crop_Leaves_Disease\Multi_Crop_Leaves_Disease\Castor\Unhealthy_castor\Pottassium\WhatsApp Image 2026-03-31 at 11.04.55 AM.jpeg,Potassium_Deficiency,70,47,17,24.6129118,70.4162444,6.600827017,104.1626147,20.02109254320799,1,10.772228518270596,12.045762640050942,392.7139043478131,6.401624076069764,5,10.867535362615891,12.799899994777451,111.69765438364496,2,31.736820786813357,2,64.72764247946668,1.4137416188734484,0.2430625370639732,0.2545635177212461,0.1246337347128341,0.231146488739679,Moderate_Risk
D:\Download1\Multi_Crop_Leaves_Disease\Multi_Crop_Leaves_Disease\Castor\Unhealthy_castor\Wilt\wilt1.jpg,Wilt,24,27,34,28.87862994,95.11320315,6.203376525,145.0583117,23.206261667690804,2,7.848375167905652,1.716926895215927,362.84787910823246,3.609374567204117,3,9.577223449035564,53.046189167257786,50.31997772500782,1,9.47207576865824,3,46.79608631867072,1.572903397315621,0.1156567940639901,0.2056236129515778,0.0556674268444078,0.1825078192829755,High_Risk
D:\Download1\Multi_Crop_Leaves_Disease\Multi_Crop_Leaves_Disease\Castor\Unhealthy_castor\Wilt\wilt10.jpg,Wilt,37,36,26,32.89300162,52.61323969,4.650536197,94.49161372,13.856105173905371,3,9.00089293536961,7.164931954363516,391.5108101186137,5.017660610549315,4,9.046370893924117,51.84114767210608,175.51582967415646,1,48.35737911211418,1,56.69439997342949,4.739084650469469,0.1647878396996178,0.2470896998851705,0.0559796976397417,0.2064885365761578,High_Risk
D:\Download1\Multi_Crop_Leaves_Disease\Multi_Crop_Leaves_Disease\Castor\Unhealthy_castor\Wilt\wilt12.png,Wilt,107,51,22,24.86560781,78.22080815,5.983075895,79.56866268,20.29456309019759,3,7.672901302405044,19.64294876319872,403.0252003615748,5.50922576933047,6,14.96591701276284,24.919602686303865,94.53131341632512,2,31.291900239037496,1,14.897813856217043,2.794146792100462,0.1780428442033461,0.2384425106578979,0.0672394132036362,0.2055380728336911,High_Risk
D:\Download1\Multi_Crop_Leaves_Disease\Multi_Crop_Leaves_Disease\Castor\Unhealthy_castor\Wilt\wilt13.png,Wilt,95,75,50,28.08166093,75.26429821,5.623615687,118.2761894,16.534598306057312,1,9.463407442063788,5.4011667664317,435.9291904710045,2.399819997925447,2,17.95836540713945,60.92001050806009,123.60563924023644,3,13.675491050790225,3,34.1684314009776,3.8345997594243855,0.2358949181794206,0.2370842163367019,0.087568812691916,0.2143335830488853,High_Risk
D:\Download1\Multi_Crop_Leaves_Disease\Multi_Crop_Leaves_Disease\Castor\Unhealthy_castor\Wilt\wilt14.png,Wilt,19,24,15,20.48954522,93.72485075,7.137136973,111.8391951,16.501703945706403,3,8.659614756162684,17.63063548516436,386.49150599849855,9.228068662016668,1,8.687252019497576,76.67992739258796,145.50793722437163,3,28.562472633108264,3,92.8078915111719,3.0121732861924264,0.1098579175989218,0.1938677018558514,0.0264283273523151,0.1640345053857025,High_Risk
D:\Download1\Multi_Crop_Leaves_Disease\Multi_Crop_Leaves_Disease\Castor\Unhealthy_castor\Wilt\wilt15.png,Wilt,82,77,46,28.9470467,82.1888998,5.901100841,95.83016448,15.141719267175484,2,8.403345806940486,14.53839243752452,387.63327926352514,6.605467721607468,6,12.972721837493198,46.54558529644929,192.4755319175036,2,31.90734794186067,3,83.60219831303561,3.510788251320101,0.2690557490062853,0.2493070609255795,0.1135139444676804,0.2340620431950353,High_Risk
D:\Download1\Multi_Crop_Leaves_Disease\Multi_Crop_Leaves_Disease\Castor\Unhealthy_castor\Wilt\wilt16.png,Wilt,4,36,22,27.60887393,86.13316408,7.012740397,43.80041104,16.45921434868169,1,6.2076552045069615,0.925312450755622,407.31598174320334,8.891255748517732,6,7.476394966668346,59.30618127352312,183.3286736782044,1,16.388658966697694,2,12.966578148841034,3.077457453669723,0.2460002779840601,0.2589211134909003,0.1396865914549624,0.2323048772942461,High_Risk
D:\Download1\Multi_Crop_Leaves_Disease\Multi_Crop_Leaves_Disease\Castor\Unhealthy_castor\Wilt\wilt2.jpg,Wilt,27,43,23,31.70447482,56.85420099,5.875333778,44.94317432,27.806659233164098,1,6.806429734997205,12.728098015724791,417.4658934608411,2.230219092953507,6,16.878948078837034,83.00983292599187,64.04657307232945,1,48.44172253704666,3,14.033001317224658,3.017817883113476,0.1885150979295672,0.1807468629298206,0.1272944738931642,0.1728083247877492,High_Risk
D:\Download1\Multi_Crop_Leaves_Disease\Multi_Crop_Leaves_Disease\Castor\Unhealthy_castor\Wilt\wilt3.jpg,Wilt,40,16,35,34.16438906,54.16482251,4.954739564,98.33351125,15.520950459783,2,9.684546547948212,4.076746117295156,412.3004424652216,7.87537917555961,6,16.313046278511273,16.380641315099275,188.34717771095097,1,18.586115288438563,2,71.08536366851826,4.587714776398959,0.2494944491031584,0.2472753539679069,0.0887038256173828,0.2331922771358601,High_Risk
D:\Download1\Multi_Crop_Leaves_Disease\Multi_Crop_Leaves_Disease\Castor\Unhealthy_castor\Wilt\wilt4.jpg,Wilt,26,32,32,30.91471455,49.92963856,6.810186079,90.14047759,18.13417431721645,2,10.786094478493714,12.165794691961953,391.15060316805,1.7447592480205665,4,12.203680850445496,66.37333138441791,123.88094527863902,1,18.86352112637033,2,17.774300117131304,3.315351680940747,0.0689213517983947,0.2534853272940611,-0.0089910028801879,0.1763904234165237,High_Risk
D:\Download1\Multi_Crop_Leaves_Disease\Multi_Crop_Leaves_Disease\Castor\Unhealthy_castor\Wilt\wilt5.jpg,Wilt,35,57,25,27.0956288,42.26206161,8.340398059,71.1271039,23.56947337146422,2,9.033133507510382,5.90323133755575,441.9474144587645,9.757850622065066,3,12.5669954395322,99.03135775148684,170.27179532513938,3,23.52476165963116,2,55.96148132094464,2.5024541391159563,0.3069765376510726,0.2268549974670556,0.166885246673478,0.2138988733736606,High_Risk
D:\Download1\Multi_Crop_Leaves_Disease\Multi_Crop_Leaves_Disease\Castor\Unhealthy_castor\Wilt\wilt6.jpg,Wilt,13,75,20,30.55992394,35.29006485,6.979540061,178.8998611,11.99450787833964,2,9.72952489364852,10.08290175539778,378.2325483923352,4.519431539600638,2,13.24111529061029,76.03519712258641,104.24454508478487,3,46.41671992721479,1,31.291135751010167,2.0864030250017445,0.2336637208899354,0.2588044966161348,0.107313985034398,0.2397968207136967,High_Risk
D:\Download1\Multi_Crop_Leaves_Disease\Multi_Crop_Leaves_Disease\Castor\Unhealthy_castor\Wilt\wilt7.jpg,Wilt,9,77,17,21.65845777,63.58337146,6.280725549,38.07659414,14.924898117590468,1,6.712965179303653,15.559355250182248,350.623168984658,8.830728960574737,2,18.932097039352666,40.35355917750029,135.40246335772966,1,34.72027668961286,2,5.626124369170904,4.790774302077372,0.1774924631679791,0.208722154121505,0.0895066590102822,0.1681969598024925,High_Risk
D:\Download1\Multi_Crop_Leaves_Disease\Multi_Crop_Leaves_Disease\Castor\Unhealthy_castor\Wilt\wilt8.jpg,Wilt,9,122,201,29.58748357,80.91934392,5.570290539,68.06417307,15.125943929784174,2,11.68043481447691,10.401621923211646,351.8697653908431,3.2481087816261347,1,19.521609034369742,30.790299768514405,53.28686107745293,3,28.286154706873194,3,91.29478551750368,4.524707521019794,0.0884077040464537,0.1835930236859138,0.0402936814558673,0.1639772128986324,High_Risk
D:\Download1\Multi_Crop_Leaves_Disease\Multi_Crop_Leaves_Disease\Castor\Unhealthy_castor\Wilt\wilt9.jpg,Wilt,42,73,25,34.03679184,67.21113844,6.501869314,73.23573601,20.5781345707444,2,10.983093574913802,10.894159173350124,385.3885687092665,3.585402074437731,4,10.571228796753877,11.01176860295554,85.18682216924896,3,11.9019897672917,2,10.255749061908448,2.934417933282647,0.2751745599595044,0.2497856173925187,0.1304078537035997,0.233031176480799,High_Risk
"D:\Download1\Multi_Crop_Leaves_Disease\Multi_Crop_Leaves_Disease\Cumin\Healthy_Cumin\Common, Cumin Seeds _ Cumin.jpg",Healthy,115,12,52,27.51492243,94.96218673,6.685553129,21.01796432,15.20174118005942,1,5.256058673700498,16.342121781354454,404.3035439399996,6.276861146759016,6,19.204765782556567,11.75591866793776,187.6483667148349,1,48.10154275920858,1,52.11910234784583,1.8439422002739527,0.2447768144506669,0.2481279098017598,0.1101090478398456,0.2340463749985691,Healthy
D:\Download1\Multi_Crop_Leaves_Disease\Multi_Crop_Leaves_Disease\Cumin\Healthy_Cumin\Cumin (Cuminum cyminum) organically grown flower seeds_  Floral Encounters_.jpg,Healthy,20,45,16,29.93964907,54.61813464,4.626212446,45.43669946,26.74203318602375,2,11.563319189513368,7.045532781697674,436.0627098453489,4.828964833623635,4,14.486563402533127,57.06282847095188,111.58437942852538,2,41.17808626492882,1,45.71340072674512,4.908421322722964,0.0787603805506426,0.1381401711065125,0.048074318863292,0.1204795931937266,Healthy
D:\Download1\Multi_Crop_Leaves_Disease\Multi_Crop_Leaves_Disease\Cumin\Healthy_Cumin\cumin crop.jpg,Healthy,60,38,17,18.41932981,64.23580251,6.474476516,76.41312437,20.860039409441107,2,9.47085517222036,13.718946933245252,385.2710083445663,3.246225075939655,5,16.156766220071802,52.33152627394014,53.06463216807005,3,8.562627921297716,1,46.64749572651732,1.8470540287088064,0.2802488492880624,0.2586593377261879,0.1150609730584037,0.2397907824102081,Healthy
D:\Download1\Multi_Crop_Leaves_Disease\Multi_Crop_Leaves_Disease\Cumin\Healthy_Cumin\Cumin Sed Production GC and GC 5 (1).JPG,Healthy,13,22,5,19.667056,90.50096668,7.764040111,100.1737964,10.355936537780083,1,11.750802012423376,13.274567256926307,397.22509852364834,3.682255047114548,2,15.296518295046582,2.2147900278036814,136.52812950472273,2,22.710003136056127,2,52.40966895683095,2.6155018300008064,0.3294352234607689,0.2400163840159289,0.180367134677727,0.2079749048874892,Healthy
D:\Download1\Multi_Crop_Leaves_Disease\Multi_Crop_Leaves_Disease\Cumin\Healthy_Cumin\Cumin Sed Production GC and GC 5 (2).JPG,Healthy,4,14,41,19.85139326,89.80732335,6.430163481,102.8186358,20.662950993546588,2,7.037216999939602,16.196263854123487,401.4095761669354,4.483171717945397,2,17.173627332291556,82.52167444268808,161.20814345370042,2,4.452168951636715,3,67.85394957840779,2.098904310554943,0.2862356098449636,0.2459593606942146,0.1457284312031339,0.2320967449386751,Healthy
D:\Download1\Multi_Crop_Leaves_Disease\Multi_Crop_Leaves_Disease\Cumin\Healthy_Cumin\Cumin seed production (2024-25)-SDAU-Jagudan (GUJ) (10).jpeg,Healthy,0,137,195,22.4359017,80.18612085,6.329499832,65.3973168,10.18596245452054,3,6.374898764779577,8.234247249946765,361.4719190971964,4.17996434585633,3,5.736138588625649,12.141341159915864,81.17487461980579,1,49.2775838078464,2,70.49484985269643,2.3781468933416363,0.2981932297169608,0.2362680659813726,0.1607028671438028,0.2208686406514513,Healthy
D:\Download1\Multi_Crop_Leaves_Disease\Multi_Crop_Leaves_Disease\Cumin\Healthy_Cumin\Cumin seed production (2024-25)-SDAU-Jagudan (GUJ) (10).jpg,Healthy,113,85,45,27.94972463,76.63713353,6.037430836,109.0921631,26.975793549868214,3,11.754585700765285,8.563171198028305,355.354567254719,8.583765283529544,4,19.97037131235514,32.859956069984065,132.5031800088976,2,15.61699181865593,3,94.6260442009146,2.9685500696425047,0.3009015997760803,0.2495582271901875,0.1321721853589529,0.2408648298882668,Healthy
D:\Download1\Multi_Crop_Leaves_Disease\Multi_Crop_Leaves_Disease\Cumin\Healthy_Cumin\Cumin seed production (2024-25)-SDAU-Jagudan (GUJ) (2).png,Healthy,108,88,55,26.28845991,83.390039,5.891458107,113.8729798,13.938658325440157,2,6.202810781836392,17.513247589983102,350.7000511818338,5.116649990091593,5,12.69127655699791,62.56677286013839,127.77659063440504,3,23.25453909578706,1,48.78311561511849,1.889993430885759,0.224360041499199,0.2661713489458572,0.0952616811061475,0.2421252033465766,Healthy
D:\Download1\Multi_Crop_Leaves_Disease\Multi_Crop_Leaves_Disease\Cumin\Healthy_Cumin\Cumin seed production (2024-25)-SDAU-Jagudan (GUJ) (3).jpeg,Healthy,80,30,25,26.24092174,65.64381357,7.487266991,148.3771202,17.74077642660384,3,10.06869948232751,5.179562507387647,376.2624448280993,2.4385856988018517,2,8.238429011489572,16.818533029190462,182.681854889132,3,31.490926881752102,3,8.85472183645084,1.571257851929254,0.0495070425231881,0.1976372496814825,-0.0376271156063185,0.1547027575768042,Healthy
D:\Download1\Multi_Crop_Leaves_Disease\Multi_Crop_Leaves_Disease\Cumin\Healthy_Cumin\Cumin seed production (2024-25)-SDAU-Jagudan (GUJ) (3).jpg,Healthy,56,50,52,33.08706051,92.25197542,6.770384816,88.1300769,20.75032364103968,3,10.036085975127882,12.680488209745754,431.42833870235,2.521669263174357,2,11.448820808894716,60.81698725418547,70.42554517173872,2,46.86041868326887,1,94.12762043342872,4.6137593476509,0.2549774906890572,0.2528321174806279,0.1026093290502521,0.2335308674249872,Healthy
D:\Download1\Multi_Crop_Leaves_Disease\Multi_Crop_Leaves_Disease\Cumin\Healthy_Cumin\Cumin seed production (2024-25)-SDAU-Jagudan (GUJ) (4).jpeg,Healthy,12,20,39,19.86173586,86.19740917,6.026999326,111.0217929,19.679920824644235,2,6.3233267358718965,16.442019652120322,405.1330777653061,6.858904794367301,3,10.278835704867513,92.28329676089052,161.2377189490994,3,12.681232810623776,3,31.95788225627343,2.4113815120326536,0.158136197341111,0.1997381301868876,0.1012995724983129,0.1726779890613985,Healthy
D:\Download1\Multi_Crop_Leaves_Disease\Multi_Crop_Leaves_Disease\Cumin\Healthy_Cumin\Cumin seed production (2024-25)-SDAU-Jagudan (GUJ) (4).jpg,Healthy,17,67,18,31.2192752,56.46868874,5.611510977,129.2028653,28.584563960000423,1,10.665537972205671,7.90816136550053,449.9733068383365,7.890303208779609,6,11.063283449677373,88.478642925792,158.88715414329522,3,27.7935243892657,2,18.574318282464557,1.9606372188415877,0.2125678694290099,0.2793464098580453,0.0476808168818649,0.242436582702494,Healthy
D:\Download1\Multi_Crop_Leaves_Disease\Multi_Crop_Leaves_Disease\Cumin\Healthy_Cumin\Cumin seed production (2024-25)-SDAU-Jagudan (GUJ) (7).jpeg,Healthy,5,126,197,12.80000387,81.20876367,6.417500829,67.10439401,11.388349185657002,1,5.305920704380046,16.811210883275766,439.44387905158175,9.03584021230964,2,7.314279476569183,52.1248138321187,139.6791809291173,2,33.10709879124295,1,79.6415303797557,2.41152849030084,0.160852732014372,0.2111317286405189,0.0662280043266891,0.1744212931386752,Healthy
D:\Download1\Multi_Crop_Leaves_Disease\Multi_Crop_Leaves_Disease\Cumin\Healthy_Cumin\Cumin seed production (2024-25)-SDAU-Jagudan (GUJ) (7).jpg,Healthy,3,58,21,25.36140526,46.82652785,9.160691747,55.60523179,16.426411491519072,1,8.094934602230964,10.607060194366191,410.7766900630419,5.506651969878731,3,12.073077050973264,86.77419076748542,120.10039387658452,3,26.43983204921637,2,36.55805684308399,2.7232063881458197,0.224360041499199,0.2661713489458572,0.0952616811061475,0.2421252033465766,Healthy
D:\Download1\Multi_Crop_Leaves_Disease\Multi_Crop_Leaves_Disease\Cumin\Healthy_Cumin\Cumin Seed Production field viewField.JPG,Healthy,0,12,7,20.18432263,90.65458473,6.969249676,116.8130969,26.909881697175123,3,10.559544927778472,14.572726228000326,398.78482592988223,4.4651282492677975,5,16.02713438900652,22.68732429880928,96.9527603057806,1,23.46979064359252,2,74.24751874738308,2.033096744375815,0.2704736251939677,0.2493630118727416,0.1316149149195679,0.2329566673373792,Healthy
D:\Download1\Multi_Crop_Leaves_Disease\Multi_Crop_Leaves_Disease\Cumin\Healthy_Cumin\Cumin Seed Production GC4 and 5 (1).JPG,Healthy,101,10,47,25.5421695,83.31883376,6.936997681,57.57343233,21.08846327859752,1,7.243667984919472,9.836275473120022,388.9748623511061,1.1802005614026998,2,5.958716120730546,92.03340144377708,165.42229088622418,3,18.918563426276386,2,94.24733640915572,1.0307288884131989,0.1885767502785817,0.1819479701930119,0.1267917885907425,0.1730957228839017,Healthy
D:\Download1\Multi_Crop_Leaves_Disease\Multi_Crop_Leaves_Disease\Cumin\Healthy_Cumin\Cumin Seed Production GC4 and 5 (2).JPG,Healthy,65,63,50,31.88342554,91.3256535,6.524459342,79.27201575,21.22727358628693,1,10.850690165679472,9.535915588450738,383.7154492040982,7.417555386326712,4,16.06754447979937,42.766874691805015,94.1873355775962,2,19.516590325948258,2,65.79516897785618,1.1782839230453748,0.3191698996701315,0.2262528184812811,0.1352674817310186,0.2318159983447971,Healthy
D:\Download1\Multi_Crop_Leaves_Disease\Multi_Crop_Leaves_Disease\Cumin\Healthy_Cumin\Cumin Seed Production GC4 and 5 (3).JPG,Healthy,31,79,25,23.18864385,22.3104551,5.902033406,63.38208822,10.971919704895674,2,5.285055627683736,11.373709564668504,435.43268551919294,7.072003085363502,6,11.554714840801967,6.779701711148323,147.2642965500864,3,47.74448602994492,2,17.00948274452522,4.360350780667897,0.1497547589442677,0.1983323678015881,0.0761178608769238,0.1702180293258532,Healthy
D:\Download1\Multi_Crop_Leaves_Disease\Multi_Crop_Leaves_Disease\Cumin\Healthy_Cumin\CUMIN-4 field  High resolution.jpg,Healthy,61,41,35,24.97178693,79.47557931,6.842966479,195.7571622,11.984999511463448,1,9.932451794794478,14.753736567493318,405.1681447131298,1.6883070937097573,3,19.803971639011,82.47447413212741,60.08990062055904,2,39.09496142337822,2,55.03750739272601,3.004056953262844,0.2755969741872947,0.2399890389012656,0.1469595464474191,0.2262117701791685,Healthy
D:\Download1\Multi_Crop_Leaves_Disease\Multi_Crop_Leaves_Disease\Cumin\Healthy_Cumin\cumin_1.jpg,Healthy,48,57,54,29.02328049,90.20396783,6.617703178,126.8069869,16.968561324686164,3,11.572935894240398,3.038221665352012,433.1599342778494,5.301945095584878,4,13.554681942403231,85.3941027991614,100.96652717377616,3,31.05676248378557,2,4.238608443518288,4.171586465264122,0.2971892578054474,0.24863258095887,0.1866152340696324,0.2243119947317406,Healthy
D:\Download1\Multi_Crop_Leaves_Disease\Multi_Crop_Leaves_Disease\Cumin\Healthy_Cumin\cumin_2.png,Healthy,32,55,51,29.60718808,93.15642801,6.57398033,62.68710535,12.691603799052496,2,9.53448807748208,6.994659512948386,446.6578846141623,2.124489139822238,6,15.985269952696695,4.854128851179185,134.14889439761612,1,29.301132801214635,3,48.220711649934834,4.01847793069694,0.2305391693870946,0.2634813252975512,0.1192872328038457,0.2342047376460404,Healthy
D:\Download1\Multi_Crop_Leaves_Disease\Multi_Crop_Leaves_Disease\Cumin\Healthy_Cumin\cumin_3.png,Healthy,33,12,15,30.25578031,92.03272799,6.052318465,116.7173125,25.18414908131166,2,8.841332956391252,7.096222161608314,393.2208465382737,6.286496728226956,3,16.92965587233621,71.83185882714704,50.575000290818906,2,34.75748936939234,1,52.71860897017806,3.598348174635466,0.1583248650057994,0.2622390521792176,0.0636647445047789,0.2337878815026823,Healthy
D:\Download1\Multi_Crop_Leaves_Disease\Multi_Crop_Leaves_Disease\Cumin\Healthy_Cumin\cumin_6.png,Healthy,83,79,55,25.14748006,83.34688193,5.565028635,98.66679427,14.839741894819548,3,8.229272115930936,8.447847791888147,398.40373300846505,5.865943543700374,4,12.451451190437556,33.02576539189007,89.3992975284932,1,32.199225982384434,1,96.26877197099832,2.7865279125394364,0.2228420720237106,0.1860162670663663,0.1353412628267272,0.1560960921993875,Healthy
D:\Download1\Multi_Crop_Leaves_Disease\Multi_Crop_Leaves_Disease\Cumin\Healthy_Cumin\cumin_7.png,Healthy,102,28,54,25.15623099,80.27525115,6.862157042,55.49541453,27.38774484090488,3,11.276675440303718,17.339316236520553,438.7868955281861,2.084818748022684,2,15.68029500501044,72.42898304601184,154.60800348787296,3,34.12604122373445,2,37.200254639651256,4.885916153854552,0.3392465239593991,0.2275202987527341,0.2015317896544669,0.2170903853757409,Healthy
D:\Download1\Multi_Crop_Leaves_Disease\Multi_Crop_Leaves_Disease\Cumin\Healthy_Cumin\cumin_he1.jpeg,Healthy,29,57,20,25.60973447,50.7330069,5.87707519,53.39249517,29.169742921783516,2,6.9757150372072125,6.323442573401032,392.053457650311,3.651611546213713,5,11.292955818708386,6.343705855618975,53.50160477378381,2,10.945680895513998,2,88.44335936984376,2.358239129325595,0.3259217123732905,0.2305220530920034,0.1815518611614839,0.2255395128747177,Healthy
D:\Download1\Multi_Crop_Leaves_Disease\Multi_Crop_Leaves_Disease\Cumin\Healthy_Cumin\cumin_he10.jpeg,Healthy,33,59,22,22.64236876,21.59396123,5.946999529,122.3886015,11.968096013573623,2,8.692602329140563,17.740115393218737,407.6770221531585,5.972307285777767,6,16.840705606211028,48.70216635798267,197.8552941549168,1,31.09104827543325,3,90.1951639349122,1.6579424927215287,0.3387237250640951,0.2395379315006084,0.1833302031987643,0.2306836281692489,Healthy
D:\Download1\Multi_Crop_Leaves_Disease\Multi_Crop_Leaves_Disease\Cumin\Healthy_Cumin\cumin_he3.jpeg,Healthy,48,62,47,25.34756111,93.02871078,6.803094965,174.4012337,22.17965115410852,1,11.265646666045278,18.654104117601072,396.6818245994328,4.231152880520806,3,6.775329697182644,93.70777460410218,175.09407966380385,2,9.1722701878795,2,13.063397614844108,4.912017992681892,0.264145394927437,0.2438675656749681,0.1046819245543362,0.2328539300626018,Healthy
D:\Download1\Multi_Crop_Leaves_Disease\Multi_Crop_Leaves_Disease\Cumin\Healthy_Cumin\cumin_he4.jpeg,Healthy,11,72,22,29.37735586,44.82294584,6.842744374,172.40168,11.165825145074,1,6.4850700400982495,2.729360502483018,413.4459209944144,2.042361929768016,3,8.332613524276688,85.29931509617745,140.4591296447267,3,43.30828590240738,1,8.4472925798584,4.18667506021106,0.2306078647188103,0.2426777673133649,0.1171359323569603,0.2190488735434985,Healthy
D:\Download1\Multi_Crop_Leaves_Disease\Multi_Crop_Leaves_Disease\Cumin\Healthy_Cumin\cumin_he6.jpeg,Healthy,26,56,22,23.05276444,60.424786,7.011121216,52.60285259,23.13943859421852,3,11.118981359251332,3.254042724435857,423.95901923397565,3.5616146697169304,3,18.173097313156013,96.9323932789592,147.45909433889156,1,29.138211158644765,1,39.28076862122148,4.620146393687778,0.2692181481785973,0.2346541694954766,0.152500690699076,0.214006589276527,Healthy
D:\Download1\Multi_Crop_Leaves_Disease\Multi_Crop_Leaves_Disease\Cumin\Healthy_Cumin\cumin_he7.jpeg,Healthy,6,64,23,23.33565221,67.40460704,7.065264073,36.18678721,22.03811390384275,2,5.669890526083501,13.156988843374398,431.522831368868,1.1670529693550002,6,9.092995030783625,62.98278627508687,97.9659991903941,2,38.02906610726529,2,72.1528698741107,4.681176112910903,0.2859045636145876,0.2411248677935974,0.1610134472505438,0.2133056951871573,Healthy
D:\Download1\Multi_Crop_Leaves_Disease\Multi_Crop_Leaves_Disease\Cumin\Healthy_Cumin\cumin_he8.jpeg,Healthy,20,23,11,31.8520694,90.12220323,6.407715561,109.9455062,20.02249345533638,3,6.874258310635085,18.666201351896497,409.484642538185,3.116208477313757,4,15.21157318702248,57.326149065205314,182.2686981342696,3,14.551559803824404,3,37.82239711955726,4.965341750901319,0.1734604818559174,0.2561292909081141,0.1269561198731732,0.2091489759723276,Healthy
D:\Download1\Multi_Crop_Leaves_Disease\Multi_Crop_Leaves_Disease\Cumin\Healthy_Cumin\cumin_he9.jpeg,Healthy,107,51,22,24.86560781,78.22080815,5.983075895,79.56866268,20.29456309019759,3,7.672901302405044,19.64294876319872,403.0252003615748,5.50922576933047,6,14.96591701276284,24.919602686303865,94.53131341632512,2,31.291900239037496,1,14.897813856217043,2.794146792100462,0.0988172372302153,0.2463542999561128,0.0254100396297218,0.1857333922565455,Healthy
D:\Download1\Multi_Crop_Leaves_Disease\Multi_Crop_Leaves_Disease\Cumin\Healthy_Cumin\cumin_hea2.jpeg,Healthy,29,145,205,22.81227579,92.12992101,6.212302608,109.3383552,25.836797345128105,3,7.311129495677685,1.6620239247414914,447.4824053438202,7.287522466873409,6,17.883587633694255,89.64286722954043,86.89475594378672,3,24.29705238384437,1,99.1324200085192,4.112970017914007,0.1774924631679791,0.208722154121505,0.0895066590102822,0.1681969598024925,Healthy
D:\Download1\Multi_Crop_Leaves_Disease\Multi_Crop_Leaves_Disease\Cumin\Healthy_Cumin\cumin_heal.jpg,Healthy,7,23,35,19.75088482,88.71691157,7.054313823,102.5538035,18.843079670742284,1,11.092604125141976,6.947505305185954,396.9251895746729,8.942793901246446,5,9.662298263096144,88.90534364943925,123.44943016901335,1,43.71507878770812,3,75.40749005777026,3.0558927471892328,0.077686179427063,0.1761553494283008,-0.0250783526965248,0.1616432107128303,Healthy
D:\Download1\Multi_Crop_Leaves_Disease\Multi_Crop_Leaves_Disease\Cumin\Healthy_Cumin\cumin_healthy11.jpg,Healthy,5,25,6,30.72119881,94.01331956,6.011302181,106.8118019,22.79244210343155,3,9.748895290710369,6.315816079954568,424.7288607368821,7.337118380898586,6,6.296548795435126,95.35509045270324,125.19015966383434,3,26.80547937139637,1,47.33684442247203,1.7692104742850447,0.2814120575956633,0.152397766984854,0.3615022176307494,0.1279022936639081,Healthy
D:\Download1\Multi_Crop_Leaves_Disease\Multi_Crop_Leaves_Disease\Cumin\Healthy_Cumin\Field view of cumin seed production plot.JPG,Healthy,14,121,203,9.724457611,83.74765639,6.158689406,74.46411148,23.4975844784642,1,10.793036903829783,19.83304689701284,405.18074459836185,2.9796519112185127,5,8.16905154879666,26.505881165945567,140.33962000081482,1,44.31777615804294,1,83.82672727648202,3.936387707998109,0.2282754767845496,0.2385723510742532,0.0994754127110431,0.2182391190234186,Healthy
D:\Download1\Multi_Crop_Leaves_Disease\Multi_Crop_Leaves_Disease\Cumin\Healthy_Cumin\GC 5.JPG,Healthy,82,13,52,27.11535046,94.86907886,6.442810053,26.51924782,12.471833841614878,2,8.822223113474395,16.01375504998059,426.2179151056364,6.281998363559654,1,6.520176680415888,22.707522638224287,103.12848262273968,3,12.90665156736392,2,93.130495011934,2.7054272005527893,0.0609933615357023,0.2670108481498826,-0.031795968545849,0.1819224416740979,Healthy
D:\Download1\Multi_Crop_Leaves_Disease\Multi_Crop_Leaves_Disease\Cumin\Healthy_Cumin\GC-4 Plant copy (2).jpg,Healthy,29,34,26,33.88004781,54.39416048,6.273953676,89.29147581,13.912195781612864,1,11.645756294396625,4.297113802966452,425.223361667504,8.772105460548104,4,16.38686156151737,28.65755244537877,113.78180183756136,3,17.76189656722772,2,6.940524022604977,2.6724517434338284,0.2306078647188103,0.2426777673133649,0.1171359323569603,0.2190488735434985,Healthy
D:\Download1\Multi_Crop_Leaves_Disease\Multi_Crop_Leaves_Disease\Cumin\Healthy_Cumin\Healthy cumin.JPG,Healthy,103,72,51,26.12643374,81.81365007,6.099478745,104.4812858,17.411591381515123,1,8.370201790706803,1.4533845395745917,425.4770705078466,6.620878441116255,2,9.750358665345214,30.038942423895097,50.47950098293671,3,1.2198301621376029,2,98.30492670992926,1.1492373572882335,0.2336637208899354,0.2588044966161348,0.107313985034398,0.2397968207136967,Healthy
D:\Download1\Multi_Crop_Leaves_Disease\Multi_Crop_Leaves_Disease\Cumin\Healthy_Cumin\IMG_8810.jpg,Healthy,45,61,78,19.48649305,16.06240074,6.489389282,81.5284269,22.84477059004342,3,8.671086425745088,15.886427846506027,421.3965292522829,2.216153032529057,5,18.066052688847243,24.98202532059447,72.44552108567827,3,19.88342270384856,3,9.489527802817188,2.3725706962308117,0.2509472681217918,0.2465034252081344,0.145036873362065,0.2294440305192494,Healthy
D:\Download1\Multi_Crop_Leaves_Disease\Multi_Crop_Leaves_Disease\Cumin\Healthy_Cumin\IMG_8827.jpg,Healthy,90,46,42,23.97898217,81.45061596,7.50283396,250.0832336,15.404600446017936,2,8.554866438403772,3.5335211917178566,387.838957847824,3.312374645893745,2,6.024622352933802,65.42929939559889,162.39579093341422,1,36.39975138070278,2,79.21176901091427,4.956311495518364,0.3262757630901458,0.2467496545237943,0.2275766159605105,0.2260798946571846,Healthy
D:\Download1\Multi_Crop_Leaves_Disease\Multi_Crop_Leaves_Disease\Cumin\Healthy_Cumin\IMG_8828.jpg,Healthy,29,25,14,30.49183837,90.4582865,7.781988584,113.3302105,15.540157561344648,1,11.38975876585445,2.6953499542897297,363.7281182779157,5.2822752983622,4,15.758517471143774,83.86533690705689,176.2610977771576,3,2.9100869578331245,3,94.02367370079484,4.8340036312968975,0.314763509687343,0.2410967282340456,0.2062071162599847,0.1902052232851994,Healthy
D:\Download1\Multi_Crop_Leaves_Disease\Multi_Crop_Leaves_Disease\Cumin\Healthy_Cumin\IMG_8868.jpg,Healthy,33,75,21,33.04687968,68.93875631,6.690655045,62.30278274,12.644838590168144,1,10.770374927879171,19.344046055152127,363.7065451285466,7.978737149951488,5,15.221322943397007,6.363183448273757,145.85744220412107,2,19.011270952029307,2,78.06274051764883,2.1861297971506404,0.2560103776977602,0.2401027672046924,0.1232370839366175,0.231265954356447,Healthy
D:\Download1\Multi_Crop_Leaves_Disease\Multi_Crop_Leaves_Disease\Cumin\Healthy_Cumin\not cumin--Its Ajwain plant.jpg,Healthy,86,39,43,26.14576648,71.23690851,6.432051512,193.1007598,12.48595862613647,2,7.565290591076894,5.88187837312309,436.8874430350763,9.208335246905436,1,9.470339439382071,98.88813288802014,159.0952197795702,1,36.304976747221644,2,51.42155791592455,2.233196702121453,0.2633293767453621,0.1506667560915206,0.1698849363328183,0.1366967575116895,Healthy
D:\Download1\Multi_Crop_Leaves_Disease\Multi_Crop_Leaves_Disease\Cumin\Unhealthy_Cumin\Alternatia Blight\4.0.jpg,Alternaria_Blight,91,50,40,20.82477109,84.1341879,6.462391607,230.2242223,12.50657530419173,2,10.671771298160095,4.410430124774289,396.471249525371,6.972058538748989,5,11.432461995579867,45.20504156684125,136.02909931446464,2,2.854875355888659,2,52.18373864732552,1.1669671425606056,0.1501879768939351,0.1880062967533963,0.0411624714371798,0.1630920143884414,High_Risk
D:\Download1\Multi_Crop_Leaves_Disease\Multi_Crop_Leaves_Disease\Cumin\Unhealthy_Cumin\Alternatia Blight\Alteria Blight and Thrips insect damage of cumin.JPG,Alternaria_Blight,43,61,20,26.87187036,61.61367264,6.804253866,63.51822045,16.694120968506276,2,5.832731402971343,10.774680800355716,442.4324842912114,3.1009939844083334,5,12.251138053974117,88.59112310691435,67.9321834390274,1,17.21659492700586,2,93.49342720795008,3.996515781327503,0.1543886316108725,0.1691032886225796,0.0882189739370302,0.1494257136908455,High_Risk
D:\Download1\Multi_Crop_Leaves_Disease\Multi_Crop_Leaves_Disease\Cumin\Unhealthy_Cumin\Alternatia Blight\Alternaria blight cumin.JPG,Alternaria_Blight,30,7,15,33.23453301,91.06053924,7.825531916,115.7659902,21.33762498122857,1,5.629478435234409,16.23092226312683,421.896809621528,6.431777015677185,6,17.799332411860593,52.03743417568446,177.4639238170444,2,19.568101778880976,3,88.86018715331524,1.859056522156811,0.1258312962693759,0.204009051408237,-0.0005041590191805,0.1720191944070367,High_Risk
D:\Download1\Multi_Crop_Leaves_Disease\Multi_Crop_Leaves_Disease\Cumin\Unhealthy_Cumin\Alternatia Blight\Alternaria Blight of cumin.jpeg,Alternaria_Blight,3,68,16,18.31910448,34.69776639,4.964887857,107.4721605,10.839354431342027,2,11.422137829218888,13.888238606828724,397.6246814044396,1.961767823821801,3,5.378781001946435,71.78760706149521,82.24074584436177,2,42.44243973977503,3,18.50400233818218,4.851682854767699,0.2682147107187177,0.2390683046637486,0.1020274918850525,0.2362159499391597,High_Risk
D:\Download1\Multi_Crop_Leaves_Disease\Multi_Crop_Leaves_Disease\Cumin\Unhealthy_Cumin\Alternatia Blight\alternatie1.png,Alternaria_Blight,66,54,21,25.19008683,60.2001687,5.919045532,72.12375573,20.220159164922585,2,7.423576255500406,19.145718543100244,351.65914469014217,1.6325832025301086,2,14.146164946984475,70.05089554978348,163.91622978418593,3,5.792494299249879,1,52.42581981447745,4.794256796005639,0.235829727679894,0.2637893871152011,0.1504675487620481,0.2294901950734217,High_Risk
D:\Download1\Multi_Crop_Leaves_Disease\Multi_Crop_Leaves_Disease\Cumin\Unhealthy_Cumin\Alternatia Blight\alternatie2.jpg,Alternaria_Blight,19,53,22,27.8640132,80.4513142,6.852884643,42.83053902,19.957376005563702,2,9.633042533123344,6.55950191062761,425.0386265093776,1.7263230114163943,3,8.362095885260166,16.392675947257363,164.09135101732903,1,6.759563076506714,3,14.883474121746351,3.310672610506021,0.2335763198084511,0.2522154900368587,0.1556568271103493,0.217776237846572,High_Risk
D:\Download1\Multi_Crop_Leaves_Disease\Multi_Crop_Leaves_Disease\Cumin\Unhealthy_Cumin\Alternatia Blight\alternitia_blight12.png,Alternaria_Blight,18,66,22,25.87990287,67.55109024,6.347379185,47.89645224,20.91114093424476,2,7.744262254749348,16.732080641813322,359.25528858152137,9.605752222904432,2,11.911153453403193,95.40023529375566,120.62724331766952,1,39.21285245968853,2,78.1171023446337,4.252812624022077,0.3492290058126367,0.2335340248631689,0.2038051225413373,0.2273267375812586,High_Risk
D:\Download1\Multi_Crop_Leaves_Disease\Multi_Crop_Leaves_Disease\Cumin\Unhealthy_Cumin\Alternatia Blight\alternitia_blight13.png,Alternaria_Blight,15,9,11,11.54785707,94.14861001,7.907956251,108.8289171,17.11827360971662,1,11.971045780920512,6.847881058209369,404.43869739904096,1.129856704252913,6,10.281415302889291,78.48717442795412,107.88225859661672,2,16.503529694818848,2,70.68077128376137,3.842921815268941,0.2585691650308123,0.2421276134553817,0.1275398666094243,0.2201743041611157,High_Risk
D:\Download1\Multi_Crop_Leaves_Disease\Multi_Crop_Leaves_Disease\Cumin\Unhealthy_Cumin\Alternatia Blight\alternitia_blight14.png,Alternaria_Blight,36,140,198,23.34386401,91.47684705,6.28188384,104.4267991,22.234432314251368,1,7.749101906311659,19.243673442870705,431.4571659736606,4.479488173631107,5,12.448982638638237,97.75357442077552,169.1939008270801,1,38.11390775644986,1,36.96948720572648,1.1282867068574314,0.1501879768939351,0.1880062967533963,0.0411624714371798,0.1630920143884414,High_Risk
D:\Download1\Multi_Crop_Leaves_Disease\Multi_Crop_Leaves_Disease\Cumin\Unhealthy_Cumin\Alternatia Blight\alternitia_blight15.png,Alternaria_Blight,31,72,17,28.69180475,49.47225353,5.833031708,96.36222901,18.977267616760244,2,11.370115045005678,3.307362590781109,378.28710444374553,1.4123175373500525,3,10.013186934416405,45.21671170869025,116.73738171867416,2,18.88078132072368,2,72.35378543457223,2.535596847973458,0.1497547589442677,0.1983323678015881,0.0761178608769238,0.1702180293258532,High_Risk
D:\Download1\Multi_Crop_Leaves_Disease\Multi_Crop_Leaves_Disease\Cumin\Unhealthy_Cumin\Alternatia Blight\alternitia_blight16.png,Alternaria_Blight,32,66,17,34.9466155,65.26774011,7.162357641,70.1415139,22.106012685551185,3,8.208097998451727,5.439752819005874,387.0913481904231,8.055024166004337,6,11.03150677420312,67.17379583940122,73.37568349208142,3,40.71251087468033,3,18.11935145051259,2.3992154977540703,0.271857662818706,0.2579144089682887,0.1170754087122319,0.2403265062939086,High_Risk
D:\Download1\Multi_Crop_Leaves_Disease\Multi_Crop_Leaves_Disease\Cumin\Unhealthy_Cumin\Alternatia Blight\cumin_alternatie_blight.png,Alternaria_Blight,5,45,21,28.36291385,88.00989267,6.487124217,43.05130077,27.361352207263565,3,9.510164739539354,1.0869656059702848,360.6948344284867,4.405542851544904,1,14.58284157754409,10.165241920978518,136.8778857054766,2,38.0633226592188,2,6.158653855694862,1.4956908918261074,0.2634503304927241,0.2509421190101485,0.127249811774945,0.230534455122915,High_Risk
D:\Download1\Multi_Crop_Leaves_Disease\Multi_Crop_Leaves_Disease\Cumin\Unhealthy_Cumin\Alternatia Blight\cumin_alternitia.png,Alternaria_Blight,3,9,35,26.91641934,99.84671638,6.318552973,225.6323656,16.93443790337816,2,10.888459274360963,9.809974863905165,368.7938768970136,2.2267925402219277,5,17.694079774630737,80.45711705179862,86.26157186087448,3,18.827792340580235,2,29.765104493625586,3.9225139607847455,0.2335763198084511,0.2522154900368587,0.1556568271103493,0.217776237846572,High_Risk
D:\Download1\Multi_Crop_Leaves_Disease\Multi_Crop_Leaves_Disease\Cumin\Unhealthy_Cumin\Alternatia Blight\IMG_8864.JPG,Alternaria_Blight,30,17,31,31.20478173,54.49960506,6.804437106,94.62954663,18.59303977657086,1,9.908640214566317,18.19988965173189,353.1559946853126,5.333513437293568,3,6.615898559690987,81.87523500271139,115.42511319876527,2,20.44369038769103,1,83.69461211291572,4.32765545321964,0.2802488492880624,0.2586593377261879,0.1150609730584037,0.2397907824102081,High_Risk
D:\Download1\Multi_Crop_Leaves_Disease\Multi_Crop_Leaves_Disease\Cumin\Unhealthy_Cumin\insect_infection\Black shooty Mood (1).jpg,Pest_Damage,5,136,195,22.35628673,91.92360477,6.264202804,107.7697413,20.416138917943663,1,9.769855539005494,12.73541000594503,378.7577992835709,7.934085643947292,4,11.851252902103,60.13613001589574,110.10457348712976,1,48.317640004432455,1,35.83278739097322,4.988039444453781,0.2755969741872947,0.2399890389012656,0.1469595464474191,0.2262117701791685,Moderate_Risk
D:\Download1\Multi_Crop_Leaves_Disease\Multi_Crop_Leaves_Disease\Cumin\Unhealthy_Cumin\insect_infection\Black sooty Mould (2).jpg,Pest_Damage,14,8,43,21.92513945,94.46485312,7.051654924,111.7162016,24.56033083321641,2,5.449703854999377,15.00652577093619,425.0348091986685,1.3646291908135129,4,13.71347913221117,26.84773446828848,123.855756723629,3,48.51869626951365,2,45.05589178223855,2.646806424163198,0.1720918289714374,0.1901855429374129,0.087714490624889,0.1689706593974808,Moderate_Risk
D:\Download1\Multi_Crop_Leaves_Disease\Multi_Crop_Leaves_Disease\Cumin\Unhealthy_Cumin\insect_infection\Black sooty Mould 3.jpg,Pest_Damage,108,88,55,26.28845991,83.390039,5.891458107,113.8729798,13.938658325440157,2,6.202810781836392,17.513247589983102,350.7000511818338,5.116649990091593,5,12.69127655699791,62.56677286013839,127.77659063440504,3,23.25453909578706,1,48.78311561511849,1.889993430885759,0.1882903351410832,0.1811742683725615,0.1268019275129848,0.1728570954582213,Moderate_Risk
D:\Download1\Multi_Crop_Leaves_Disease\Multi_Crop_Leaves_Disease\Cumin\Unhealthy_Cumin\insect_infection\cumin_un1.jpeg,Pest_Damage,113,33,34,26.00373964,62.1445102,6.559817161,153.477776,13.805697759104326,3,7.008864400801875,0.0272667302007212,444.2434818025607,7.539755744879675,5,8.38950345486913,84.17840066530927,124.50062155154735,3,10.786827216800743,2,65.7283546353167,4.889080257735876,0.2836367148172173,0.234768326815795,0.1208677897297048,0.2272420402885306,Moderate_Risk
D:\Download1\Multi_Crop_Leaves_Disease\Multi_Crop_Leaves_Disease\Cumin\Unhealthy_Cumin\insect_infection\IMG_8815.jpg,Pest_Damage,20,23,11,31.8520694,90.12220323,6.407715561,109.9455062,20.02249345533638,3,6.874258310635085,18.666201351896497,409.484642538185,3.116208477313757,4,15.21157318702248,57.326149065205314,182.2686981342696,3,14.551559803824404,3,37.82239711955726,4.965341750901319,0.0843195498765195,0.2366691737931782,-0.0243944324422046,0.1755565268516987,Moderate_Risk
D:\Download1\Multi_Crop_Leaves_Disease\Multi_Crop_Leaves_Disease\Cumin\Unhealthy_Cumin\insect_infection\IMG_8819.jpg,Pest_Damage,99,57,35,26.75754171,81.17734011,5.960370061,272.2999056,20.463412227529027,1,6.288513600129082,15.68068087321974,414.95432438786736,9.040013385591829,6,6.191903207615072,2.7200192410222424,185.9919749922708,2,2.1033043307092605,1,97.66742866354488,3.86799401207321,0.2859045636145876,0.2411248677935974,0.1610134472505438,0.2133056951871573,Moderate_Risk
D:\Download1\Multi_Crop_Leaves_Disease\Multi_Crop_Leaves_Disease\Cumin\Unhealthy_Cumin\insect_infection\insect12.png,Pest_Damage,16,143,204,23.71475278,91.53331177,5.631333387,121.8961665,27.2985938720396,2,9.430529081424169,1.6642757523000928,422.4427235699408,2.83791485985693,4,13.969935388821282,16.629013552660744,98.52467306064544,2,34.99512828000616,1,75.11843265111946,2.2605698471333278,0.229544050912481,0.2405137897899892,0.1440477038058586,0.2058136743823639,Moderate_Risk
D:\Download1\Multi_Crop_Leaves_Disease\Multi_Crop_Leaves_Disease\Cumin\Unhealthy_Cumin\insect_infection\insect13.png,Pest_Damage,14,59,22,23.82723528,67.89815262,6.76660668,46.90725077,12.58014397703456,3,5.640233975690396,9.272559366739133,396.2863056159336,1.995847090284123,1,7.270986292908939,12.116362071525998,59.967085749731545,1,36.059081687586186,2,68.03778561239437,3.940962900095362,0.1509165754910009,0.1723905031643897,0.0318214685301151,0.1514718093963294,Moderate_Risk
D:\Download1\Multi_Crop_Leaves_Disease\Multi_Crop_Leaves_Disease\Cumin\Unhealthy_Cumin\insect_infection\insect14.png,Pest_Damage,24,6,32,28.11321494,90.01734526,6.387067562,172.4813641,14.004584887409244,3,11.313738989522694,16.5794148210242,406.1676368069324,2.3300450196021534,6,18.43364203090208,61.758970986025616,184.9570551423476,1,11.377722982991934,3,86.8781127123308,1.0975100570808571,0.2963066657866235,0.2415583300002743,0.185033926444594,0.2226061559692754,Moderate_Risk
D:\Download1\Multi_Crop_Leaves_Disease\Multi_Crop_Leaves_Disease\Cumin\Unhealthy_Cumin\insect_infection\insect15.png,Pest_Damage,40,143,201,24.97256132,82.72828653,6.476757723,66.70016285,25.79774742042684,1,8.493290316580499,18.63055699687838,350.8865050150381,4.790904205690039,4,16.19371250199152,43.61904284821132,97.978077428222,3,43.41065092752765,1,23.40627216487093,4.608156963527788,0.2780206357388302,0.2626632274064254,0.1292162634146313,0.2325004967748434,Moderate_Risk
D:\Download1\Multi_Crop_Leaves_Disease\Multi_Crop_Leaves_Disease\Cumin\Unhealthy_Cumin\insect_infection\insect16.png,Pest_Damage,111,32,34,25.46743689,69.35161206,6.392048018,171.3764462,26.42388036618837,1,5.582737093186684,3.8416527831679215,402.81011459049824,3.3894509451347945,5,17.562629008370585,47.865090077993386,186.78007391067692,1,24.530938832305253,2,35.27464384812342,4.469232980006041,0.1676629069574048,0.2131145573261431,0.0566184255085184,0.173740981263448,Moderate_Risk
D:\Download1\Multi_Crop_Leaves_Disease\Multi_Crop_Leaves_Disease\Cumin\Unhealthy_Cumin\insect_infection\insect17.png,Pest_Damage,4,59,22,29.33743412,49.00323081,8.914074888,42.44054315,21.830246552536494,1,5.653256833364102,19.512036881582947,410.0186661954925,8.617960888934881,6,15.869387861210384,47.79923600498152,75.93574860573187,2,46.01975870274492,3,43.861868275189,1.7007394457423732,0.315553342061823,0.2475809719930307,0.1408641818327258,0.2239677736293182,Moderate_Risk
D:\Download1\Multi_Crop_Leaves_Disease\Multi_Crop_Leaves_Disease\Cumin\Unhealthy_Cumin\Powdery_Mildew\8.0.jpg,Powdery_Mildew,133,47,23,24.88738107,75.62137159,6.827354668,89.76050416,14.713067683521118,1,9.95690591265646,17.404727154425906,418.0982208429959,5.29070969311196,6,15.97491022386533,27.954159782431653,89.52382420142655,3,7.7608456130557,2,35.402222227436866,4.436006882542839,0.2350462586605806,0.2428981086735192,0.1243748048977572,0.2281194381818902,High_Risk
D:\Download1\Multi_Crop_Leaves_Disease\Multi_Crop_Leaves_Disease\Cumin\Unhealthy_Cumin\Powdery_Mildew\cimin_powdery.jpg,Powdery_Mildew,32,66,17,34.9466155,65.26774011,7.162357641,70.1415139,22.106012685551185,3,8.208097998451727,5.439752819005874,387.0913481904231,8.055024166004337,6,11.03150677420312,67.17379583940122,73.37568349208142,3,40.71251087468033,3,18.11935145051259,2.3992154977540703,0.1780428442033461,0.2384425106578979,0.0672394132036362,0.2055380728336911,High_Risk
D:\Download1\Multi_Crop_Leaves_Disease\Multi_Crop_Leaves_Disease\Cumin\Unhealthy_Cumin\Powdery_Mildew\cumin_powdery_mildew1.png,Powdery_Mildew,84,25,52,24.37190239,81.2514818,6.12532356,44.20899581,22.47252299621921,3,6.755166592863305,5.956562847637288,419.2256190345847,3.503217213705943,5,5.688996591851321,51.64439112731623,135.9048160568414,1,28.493075299237635,1,47.73851841020611,2.987962756334236,0.1700672275850901,0.2472078447567685,0.0214765413346806,0.2158262153267885,High_Risk
D:\Download1\Multi_Crop_Leaves_Disease\Multi_Crop_Leaves_Disease\Cumin\Unhealthy_Cumin\Powdery_Mildew\cumin_powdery_mildew2.png,Powdery_Mildew,30,63,16,23.60506572,21.90539577,5.525904526,100.5978728,19.490939662428342,2,9.767113769969187,3.9400134935414055,350.5283921341889,2.4811536288473786,1,13.96529364473711,27.77801220358973,80.73659140489772,3,42.96442053501875,3,49.7198841237377,3.5033412983840684,0.1430175762516661,0.1800497282773631,0.0334165232615572,0.1572763763367763,High_Risk
D:\Download1\Multi_Crop_Leaves_Disease\Multi_Crop_Leaves_Disease\Cumin\Unhealthy_Cumin\Powdery_Mildew\powdery_mildew2.png,Powdery_Mildew,23,45,23,28.77653519,86.69133979,6.983130466,56.12443206,26.96349884726317,3,6.358876678063082,8.737910097302361,397.7465295272182,1.8892128620285544,6,17.070357510114743,7.996987706132952,160.16413606534178,1,0.5905335264858425,2,12.960066683772196,1.169250477571831,0.3024424763089131,0.2542221320643074,0.1657846658710879,0.2344292926091582,High_Risk
D:\Download1\Multi_Crop_Leaves_Disease\Multi_Crop_Leaves_Disease\Cumin\Unhealthy_Cumin\Powdery_Mildew\powdety_mildew12.png,Powdery_Mildew,0,12,7,20.18432263,90.65458473,6.969249676,116.8130969,26.909881697175123,3,10.559544927778472,14.572726228000326,398.78482592988223,4.4651282492677975,5,16.02713438900652,22.68732429880928,96.9527603057806,1,23.46979064359252,2,74.24751874738308,2.033096744375815,0.2103459744948902,0.267329311983839,0.0843173004133914,0.2387369569169353,High_Risk
D:\Download1\Multi_Crop_Leaves_Disease\Multi_Crop_Leaves_Disease\Cumin\Unhealthy_Cumin\Powdery_Mildew\powdety_mildew13.png,Powdery_Mildew,27,65,18,20.10993761,23.22323766,5.59503163,73.36386477,17.946714843631362,2,11.57518065998592,13.58353809171186,351.4397463546144,2.3410663943182817,6,11.130512570962232,86.33861906258188,121.69200601433182,2,36.2031883908621,2,76.36693963708645,3.408384399884358,0.2330809849463707,0.2638559957925448,0.0605912922500093,0.2414275863479965,High_Risk
D:\Download1\Multi_Crop_Leaves_Disease\Multi_Crop_Leaves_Disease\Cumin\Unhealthy_Cumin\Powdery_Mildew\powdety_mildew14.png,Powdery_Mildew,97,36,45,22.2286982,81.85872947,6.939083505,278.0791793,21.74293462232248,2,8.555142534523862,12.921630582099963,387.7311859883452,3.054852950064713,2,15.385554829755966,22.17683939975881,110.18419685355283,1,27.3841084861136,3,3.7155727391854687,4.975013598385738,0.2282754767845496,0.2385723510742532,0.0994754127110431,0.2182391190234186,High_Risk
D:\Download1\Multi_Crop_Leaves_Disease\Multi_Crop_Leaves_Disease\Cumin\Unhealthy_Cumin\Powdery_Mildew\powdety_mildew15.png,Powdery_Mildew,52,73,79,17.25769499,18.74943955,7.840339389,94.00287214,11.8285937485254,3,10.377411334696063,4.345740564364067,439.90367424049504,2.696790800705676,6,15.06656969886832,56.10461154252149,93.50844436839998,1,24.028511899407256,2,17.89926919969985,4.935058237322844,0.3486207684987119,0.2314163444161996,0.1549002816852896,0.2331899988853355,High_Risk
D:\Download1\Multi_Crop_Leaves_Disease\Multi_Crop_Leaves_Disease\Cumin\Unhealthy_Cumin\Powdery_Mildew\powdety_mildew16.png,Powdery_Mildew,31,6,26,29.12859129,91.30924833,5.741367375,157.2388553,27.681269146344203,1,5.374747741644067,14.716859870449351,393.7850278283644,6.06728532238868,4,11.361140170733789,55.20479783507155,66.86053887350167,3,44.135838513048455,2,29.49503294394119,2.4923597381904417,0.2783548785805821,0.2336903425027017,0.1582969971528675,0.2241844096923986,High_Risk
D:\Download1\Multi_Crop_Leaves_Disease\Multi_Crop_Leaves_Disease\Cumin\Unhealthy_Cumin\Powdery_Mildew\powdety_mildew18.png,Powdery_Mildew,50,58,23,27.81326852,62.50460464,7.596802025,69.75555541,25.602886753243176,1,8.610037248469956,17.03407316788102,425.0895161388173,5.822046061428948,2,15.131312056873576,84.30791684304533,89.94207353374462,1,39.22212709465782,1,18.100603140909374,3.644557505548892,0.2387087677833997,0.1725599560076585,0.1825309892650998,0.1589317109189142,High_Risk
D:\Download1\Multi_Crop_Leaves_Disease\Multi_Crop_Leaves_Disease\Cumin\Unhealthy_Cumin\Powdery_Mildew\Screenshot 2026-03-20 103601.png,Powdery_Mildew,13,74,25,24.12192608,61.09533545,6.461618577,44.23629285,26.962441006957377,1,10.712694067392874,14.066382631068109,361.3229095724389,3.7407758494007712,2,5.051375583343425,72.97108931382394,53.2330702961511,1,5.039669238199762,1,59.49387987746904,1.880089209091727,0.0262155449077294,0.1919721506224202,-0.018864395536896,0.1568379110146954,High_Risk
D:\Download1\Multi_Crop_Leaves_Disease\Multi_Crop_Leaves_Disease\Cumin\Unhealthy_Cumin\Wilt\7.0.jpg,Wilt,89,25,54,24.69368934,85.56967628,6.353107393,48.99390828,22.332135681504607,2,5.078649659286884,11.724172184659526,360.18439569556733,1.8876527078043372,3,14.092267306969012,73.2126689844116,63.11008006764848,1,17.752561594949224,3,90.20202131627772,2.453828107857343,0.1194579363886923,0.2270891232081161,-0.0471363110572283,0.1615135672187046,High_Risk
D:\Download1\Multi_Crop_Leaves_Disease\Multi_Crop_Leaves_Disease\Cumin\Unhealthy_Cumin\Wilt\cumin_wilt.png,Wilt,89,60,17,25.37548751,57.21025565,5.983952675,101.7004306,24.3952801312897,1,5.585151224634395,12.193613817481111,397.44774475788194,1.1333539918115116,3,7.48417760834058,20.801617420111285,132.88521727386944,1,38.34958003502755,2,39.830284969298,4.356934287952017,0.2893795479460609,0.1906915147484287,0.1288556813902201,0.1684951579369566,High_Risk
D:\Download1\Multi_Crop_Leaves_Disease\Multi_Crop_Leaves_Disease\Cumin\Unhealthy_Cumin\Wilt\cumin_wilt1.png,Wilt,36,65,16,25.71269843,64.1123333,7.692013657,50.17067771,23.12713714191193,3,7.325446429469261,4.232665860292803,432.3041374084792,7.211427927417553,4,8.604609848622736,67.0785943863858,154.934642056815,3,25.365652625450824,2,4.663569390422406,2.529130508862883,0.2557328745175416,0.2640159299519048,0.1297730635455898,0.2362678608317673,High_Risk
D:\Download1\Multi_Crop_Leaves_Disease\Multi_Crop_Leaves_Disease\Cumin\Unhealthy_Cumin\Wilt\cumin_wilt3.png,Wilt,27,65,18,20.10993761,23.22323766,5.59503163,73.36386477,17.946714843631362,2,11.57518065998592,13.58353809171186,351.4397463546144,2.3410663943182817,6,11.130512570962232,86.33861906258188,121.69200601433182,2,36.2031883908621,2,76.36693963708645,3.408384399884358,0.2626992740947884,0.2037128109319035,0.1542547396258583,0.1888655791596425,High_Risk
D:\Download1\Multi_Crop_Leaves_Disease\Multi_Crop_Leaves_Disease\Cumin\Unhealthy_Cumin\Wilt\IMG_8811.jpg,Wilt,114,8,52,29.34081108,94.5513539,6.419083092,28.22908103,18.841556958957675,1,6.341708908050131,13.334204522159313,379.55644024343394,6.743247949553963,3,5.832684267954753,65.88031730833627,143.1594121272793,1,6.860807559737975,3,60.00700642106555,2.4120968768326327,0.2358949181794206,0.2370842163367019,0.087568812691916,0.2143335830488853,High_Risk
D:\Download1\Multi_Crop_Leaves_Disease\Multi_Crop_Leaves_Disease\Cumin\Unhealthy_Cumin\Wilt\IMG_8812.jpg,Wilt,8,38,32,29.75150773,46.73723302,4.981816523,91.405983,23.59628261450777,1,5.528111671444128,14.391395119761876,362.6939736398739,9.631558731083732,5,12.255022840224704,28.01460829166904,198.18363124538595,2,24.43941160711069,3,95.35116889648104,3.026772447503423,0.2483062752602524,0.234782082792887,0.1540834656457747,0.2187157123593571,High_Risk
D:\Download1\Multi_Crop_Leaves_Disease\Multi_Crop_Leaves_Disease\Cumin\Unhealthy_Cumin\Wilt\IMG_8813.jpg,Wilt,91,75,55,27.48612983,76.11239849,6.212369363,109.2768851,29.175327495168705,2,8.582610836664788,9.045567356060776,388.0306849434908,6.712049293063654,4,13.870994410820844,97.4733316243736,108.27932768196312,1,44.70250201361512,2,91.9974931468128,1.103839794752655,0.2626992740947884,0.2037128109319035,0.1542547396258583,0.1888655791596425,High_Risk
D:\Download1\Multi_Crop_Leaves_Disease\Multi_Crop_Leaves_Disease\Cumin\Unhealthy_Cumin\Wilt\IMG_8816.jpg,Wilt,108,35,25,23.98143338,61.10935084,6.971963169,161.5279095,14.446748288731564,2,10.900613027177164,8.408809474239122,422.9443590813135,7.350693924000186,1,14.645313457675018,47.81901453062412,108.46449825704296,3,36.82901631495788,1,48.345058584849895,3.2750798765187428,0.1272559634331013,0.192772114013766,0.068918337130555,0.1515497038052816,High_Risk
D:\Download1\Multi_Crop_Leaves_Disease\Multi_Crop_Leaves_Disease\Cumin\Unhealthy_Cumin\Wilt\IMG_8822.jpg,Wilt,104,80,54,27.09062164,81.33506906,5.879119455,110.1331182,23.64088673750455,3,5.213924341872948,12.548312640716432,435.8617180158439,9.345113453773006,2,9.235689660273527,48.053784295785285,118.1578343495433,2,31.799609604221207,3,36.18810187710872,3.8255524381274726,0.2269619255507169,0.2518344658525333,0.0903663977465767,0.233559006547645,High_Risk
D:\Download1\Multi_Crop_Leaves_Disease\Multi_Crop_Leaves_Disease\Cumin\Unhealthy_Cumin\Wilt\IMG_8823.jpg,Wilt,17,134,204,39.04071989,80.18393287,6.499604931,73.88467027,26.45161255672348,3,10.537050799574882,3.3394496368297437,439.6479376702555,2.272237680830338,6,6.789511070434468,33.94450949227623,134.91927036530026,2,33.74398721820629,2,13.580744827190848,3.369424440814223,0.0689213517983947,0.2534853272940611,-0.0089910028801879,0.1763904234165237,High_Risk
D:\Download1\Multi_Crop_Leaves_Disease\Multi_Crop_Leaves_Disease\Cumin\Unhealthy_Cumin\Wilt\IMG_8825.jpg,Wilt,4,36,22,27.60887393,86.13316408,7.012740397,43.80041104,16.45921434868169,1,6.2076552045069615,0.925312450755622,407.31598174320334,8.891255748517732,6,7.476394966668346,59.30618127352312,183.3286736782044,1,16.388658966697694,2,12.966578148841034,3.077457453669723,0.2372677007228192,0.1643595737240934,0.1135598278957504,0.1594514320760194,High_Risk
D:\Download1\Multi_Crop_Leaves_Disease\Multi_Crop_Leaves_Disease\Cumin\Unhealthy_Cumin\Wilt\IMG_8826.jpg,Wilt,26,18,30,32.06097197,51.08494181,6.336234624,96.59816497,12.396979879056625,3,11.572200260236826,2.017425182023278,440.4510293030868,4.614830027656963,6,10.840625068097474,79.26453051363697,130.3430383523095,2,37.66371595569794,2,22.52152398937344,2.068097232452359,0.1328361738850855,0.191398789771291,0.031284515295905,0.1575182606612566,High_Risk
D:\Download1\Multi_Crop_Leaves_Disease\Multi_Crop_Leaves_Disease\Cumin\Unhealthy_Cumin\Wilt\IMG_8865.jpg,Wilt,14,131,198,33.4641162,83.86742974,5.562790949,67.92204319,22.70373097856308,2,11.277909607976037,2.4007763796901798,377.1429785845643,9.446816909302862,1,12.13034679726718,49.4791239109173,189.4695040897273,3,0.6069531234466463,3,83.68687215004906,4.266625817700119,0.2417466386153199,0.2499797695316607,0.0907289917289768,0.2320499714768009,High_Risk
D:\Download1\Multi_Crop_Leaves_Disease\Multi_Crop_Leaves_Disease\Cumin\Unhealthy_Cumin\Wilt\IMG_8866.jpg,Wilt,41,78,21,25.19857725,60.37332688,6.581313137,70.88787207,21.523216255559326,2,9.2803712536085,6.976037703455125,356.6483819254244,9.33059421892278,4,12.19956712937601,54.21980040702646,94.75979929375828,3,34.21305422496039,2,65.79232810285924,3.2645393629008788,0.1896986295113412,0.2627679911307793,0.0912000755218301,0.2169741923817529,High_Risk
D:\Download1\Multi_Crop_Leaves_Disease\Multi_Crop_Leaves_Disease\Cumin\Unhealthy_Cumin\Wilt\IMG_8867.jpg,Wilt,31,79,75,18.8202251,16.1074793,8.204862075,89.73119396,23.165716293534224,2,7.453287233131013,8.154860995882178,401.0335580904291,7.705392048729591,5,11.862147575474378,39.9701076187208,84.67342716065369,2,18.84922611334869,3,67.16875836034355,2.978148693555786,0.3319789693354326,0.2336752225745427,0.1713991903615851,0.2227833380445688,High_Risk
D:\Download1\Multi_Crop_Leaves_Disease\Multi_Crop_Leaves_Disease\Cumin\Unhealthy_Cumin\Wilt\IMG_8869.jpg,Wilt,26,67,16,29.10713092,67.90577375,7.17620823,67.83345933,18.16695378725479,3,6.511672498757356,14.016686824307753,427.5098872002775,9.783091025739251,6,8.136597354541186,37.22295437522365,117.74159336186368,1,39.99959289902095,2,30.389216009717323,4.556876122173283,0.239460481227054,0.2246682792796889,0.1001259205690407,0.1885507986366688,High_Risk
D:\Download1\Multi_Crop_Leaves_Disease\Multi_Crop_Leaves_Disease\Cumin\Unhealthy_Cumin\Wilt\IMG_8870.jpg,Wilt,13,7,43,18.20230419,91.12282162,7.013481515,109.6623974,28.24014920359668,3,8.9506654612049,19.82310106507206,386.2373488466976,9.8347622556956,6,14.60904638505167,2.5936299700129006,199.3891934617723,3,29.338067546017893,1,28.92887181123228,2.5198454263672923,0.264145394927437,0.2438675656749681,0.1046819245543362,0.2328539300626018,High_Risk
D:\Download1\Multi_Crop_Leaves_Disease\Multi_Crop_Leaves_Disease\Cumin\Unhealthy_Cumin\Wilt\IMG_8871.jpg,Wilt,21,135,198,23.86087054,94.92048112,5.765015126,105.0241329,14.47862064779948,2,11.298922587832092,7.969388208844901,426.4196448669358,7.440189127622578,4,7.15719933485485,90.44414379990286,193.83550134129888,1,27.680805205374785,3,27.11437320619981,3.066444166533497,0.3159543342442221,0.2448971475198212,0.21842126100375,0.2269726565970364,High_Risk
D:\Download1\Multi_Crop_Leaves_Disease\Multi_Crop_Leaves_Disease\Cumin\Unhealthy_Cumin\Wilt\wilt cumin.jpg,Wilt,22,18,33,30.41235793,52.48100602,6.621623545,93.92375879,29.738825614820385,2,10.760095519982189,1.0866939828767963,419.1485888159944,7.373538347854294,3,15.899700996915952,15.315046707125257,156.25669793594778,3,35.30472775278633,3,77.8334354761513,2.9281337181842244,0.2706677808193118,0.2431986158843512,0.1185061790352746,0.2315650932846777,High_Risk
D:\Download1\Multi_Crop_Leaves_Disease\Multi_Crop_Leaves_Disease\Cumin\Unhealthy_Cumin\Wilt\wilt resistancy of GC 4.jpg,Wilt,14,19,14,17.68408797,94.35815354,6.699164936,108.0638166,21.559579416776657,3,6.009661553881768,12.727896256492508,354.6239250964563,8.997240622298271,1,9.71295181256832,43.934765931993525,58.9990592594726,2,42.223744860809326,3,17.90409370930902,3.423605517085828,0.1748292157307427,0.2180924153472521,0.0621720804300831,0.1939771046683829,High_Risk
D:\Download1\Multi_Crop_Leaves_Disease\Multi_Crop_Leaves_Disease\Cumin\Unhealthy_Cumin\Wilt\wilt1.png,Wilt,29,34,26,33.88004781,54.39416048,6.273953676,89.29147581,13.912195781612864,1,11.645756294396625,4.297113802966452,425.223361667504,8.772105460548104,4,16.38686156151737,28.65755244537877,113.78180183756136,3,17.76189656722772,2,6.940524022604977,2.6724517434338284,0.277307261343369,0.144664194428088,0.1717730013633613,0.1289819655214998,High_Risk
D:\Download1\Multi_Crop_Leaves_Disease\Multi_Crop_Leaves_Disease\Cumin\Unhealthy_Cumin\Wilt\wilt2.png,Wilt,119,5,55,29.68846716,94.30111601,6.168757984,26.83924845,16.062880963574187,3,10.516192328761576,7.923933040671249,416.77274994527374,7.3726710345678415,4,6.326215721268702,33.17820170878281,77.87450358965383,3,26.91756505523716,2,83.0439742163446,2.1862823701170457,0.2755969741872947,0.2399890389012656,0.1469595464474191,0.2262117701791685,High_Risk
D:\Download1\Multi_Crop_Leaves_Disease\Multi_Crop_Leaves_Disease\Guava\Healthy_Guava\Discover the Amazing Benefits and Uses of Guava Leaves.jpg,Healthy,3,136,205,17.5862944,80.84806564,6.334771461,71.4065452,24.82448390506296,3,9.168872999954155,16.220509171661,448.12834192876,2.538648713960296,6,8.500404640651968,81.10735266935973,124.91581943356606,3,11.722363792144058,3,46.05430237647562,1.5302207968741055,0.2963066657866235,0.2415583300002743,0.185033926444594,0.2226061559692754,Healthy
D:\Download1\Multi_Crop_Leaves_Disease\Multi_Crop_Leaves_Disease\Guava\Healthy_Guava\download (13).jpg,Healthy,26,121,201,22.19109412,90.02575116,6.162034371,112.3126628,24.98409356773446,2,9.192250122893032,16.892686288498965,387.82096577008446,3.3336991521250408,1,9.830019221408818,3.064195412509374,175.96911718670944,3,25.81084044661231,1,5.209928131144537,1.4386600771850069,0.2964907953867713,0.2368123150748913,0.1094602855069457,0.2319985564055466,Healthy
D:\Download1\Multi_Crop_Leaves_Disease\Multi_Crop_Leaves_Disease\Guava\Healthy_Guava\download (14).jpg,Healthy,84,37,42,25.49674786,81.13449097,6.691074249,169.9288234,13.140437181572864,1,8.454868693367024,13.36831056353401,376.3522231292921,1.7343297453139424,1,5.905922959828323,94.46746962139066,63.11786693361304,2,18.84345601473514,2,72.78694824865862,2.753185514862748,0.3089701373329916,0.2449624670841136,0.1812037378173581,0.2234614513867075,Healthy
D:\Download1\Multi_Crop_Leaves_Disease\Multi_Crop_Leaves_Disease\Guava\Healthy_Guava\download (15).jpg,Healthy,99,12,52,28.69708334,94.30759855,6.002927293,22.21807088,24.19127296156037,3,7.951066458267496,8.524233400098124,359.3369194705196,3.282177951726664,3,5.117686057188358,9.620473115710826,147.22444635798695,2,49.61712706314814,3,30.97323830389641,1.3471739254093211,0.3325162156401922,0.2438143442032926,0.1986120384299744,0.2295495292154637,Healthy
D:\Download1\Multi_Crop_Leaves_Disease\Multi_Crop_Leaves_Disease\Guava\Healthy_Guava\F1_Guava_Healthy_1.jpg,Healthy,7,144,195,22.96388477,93.58065995,5.85648105,104.6472986,24.52818341734456,1,8.254107466109113,15.329094911174735,366.73020742764106,8.850615391268795,2,7.995979277306931,85.25535724785782,174.44108517911155,3,23.054530026612973,2,66.5798243158472,2.7638020290283896,0.2702202145769914,0.1493343137040025,0.1748427968565398,0.1442294902038189,Healthy
D:\Download1\Multi_Crop_Leaves_Disease\Multi_Crop_Leaves_Disease\Guava\Healthy_Guava\Guava - Wikipedia.jpg,Healthy,110,21,54,26.73690828,87.82430156,6.747537642,47.46447019,16.64570674406493,1,11.633806630421953,9.230450414235772,433.9008984983309,6.500697335901975,1,8.33302766763729,62.45178570570536,154.1485706177147,3,46.672931635868494,2,32.18394673588837,2.8654457081307885,0.1700672275850901,0.2472078447567685,0.0214765413346806,0.2158262153267885,Healthy
"D:\Download1\Multi_Crop_Leaves_Disease\Multi_Crop_Leaves_Disease\Guava\Healthy_Guava\Guava fruit plant,(Psidiumguajava) Small Guava plant in garden.jpg",Healthy,10,24,27,27.57283516,94.90485697,5.708409601,145.9298935,16.6099940590011,3,10.642414376528968,3.4511561361623344,426.041984072096,9.81505971055905,1,17.347107961732988,68.5329893241213,181.9037122773005,3,7.342749318181285,2,73.43218342075525,2.735781201681713,0.2001664250384297,0.1970780015758903,0.1127802465825741,0.1659016165311067,Healthy
"D:\Download1\Multi_Crop_Leaves_Disease\Multi_Crop_Leaves_Disease\Guava\Healthy_Guava\Guava Leaves Uncovered_ Powerful Benefits, Uses,___.jpg",Healthy,84,25,52,24.37190239,81.2514818,6.12532356,44.20899581,22.47252299621921,3,6.755166592863305,5.956562847637288,419.2256190345847,3.503217213705943,5,5.688996591851321,51.64439112731623,135.9048160568414,1,28.493075299237635,1,47.73851841020611,2.987962756334236,0.3023325399209414,0.2444755220740902,0.1368173942667024,0.2333491151251259,Healthy
D:\Download1\Multi_Crop_Leaves_Disease\Multi_Crop_Leaves_Disease\Guava\Healthy_Guava\Guava leaves.jpg,Healthy,33,61,24,20.04611791,48.93905624,4.567446499,122.4564203,27.798513633552275,3,8.392958698758978,17.853521968635,379.1836424720473,2.892880014908596,1,10.909462399410742,82.96361104411935,93.9828192879358,3,2.334894659604736,2,4.0827511909582,3.3577250720615424,0.158136197341111,0.1997381301868876,0.1012995724983129,0.1726779890613985,Healthy
D:\Download1\Multi_Crop_Leaves_Disease\Multi_Crop_Leaves_Disease\Guava\Healthy_Guava\guava_healthy.jpeg,Healthy,32,25,9,10.35609594,93.75652041,7.796034006,101.1456947,23.61436403669359,1,10.899322802178885,15.541522450409175,355.0610845574044,4.703207746661485,6,6.469321282341008,52.76661604139462,124.67794503336516,1,30.929859934318944,1,99.5404036802573,1.7693760976960973,0.2417466386153199,0.2499797695316607,0.0907289917289768,0.2320499714768009,Healthy
D:\Download1\Multi_Crop_Leaves_Disease\Multi_Crop_Leaves_Disease\Guava\Healthy_Guava\IMG-20260324-WA0028.jpg,Healthy,40,49,17,31.02215872,45.89239456,6.68727523,53.56783314,17.048585962513297,3,10.45746623924096,9.826256579033815,389.8110347339485,2.1359791206643526,6,18.85640825700944,20.75972524963624,148.17511127804087,2,7.776370569015578,2,25.65163721490693,4.72144708002484,0.2406021588420057,0.2328317529636904,0.1193663330965081,0.2056884453002807,Healthy
D:\Download1\Multi_Crop_Leaves_Disease\Multi_Crop_Leaves_Disease\Guava\Healthy_Guava\IMG-20260324-WA0029.jpg,Healthy,50,56,76,20.99502153,19.8601304,7.966605025,73.50734019,18.08944050167041,3,5.381545148145534,6.614383741065224,417.6517752312346,7.204964914929031,2,15.415367684821728,1.6583647777020705,198.7702532837622,1,30.831104140378866,2,3.007494111957776,1.275783348432701,0.2410820942981961,0.2584242088061317,0.0854876801628593,0.2382301328301563,Healthy
D:\Download1\Multi_Crop_Leaves_Disease\Multi_Crop_Leaves_Disease\Guava\Healthy_Guava\IMG-20260324-WA0032.jpg,Healthy,83,29,52,25.76402693,87.5931128,6.704688865,46.05122728,17.722522156618602,1,7.62611267881841,15.082652897015976,419.3680018395526,4.166017930877185,4,5.1687481476634805,3.5145788671858247,185.04592558926535,3,15.1288871740911,3,86.27092572521985,1.613740632798009,0.2739914727553982,0.2281002962763569,0.1579339609079376,0.2037544412801399,Healthy
D:\Download1\Multi_Crop_Leaves_Disease\Multi_Crop_Leaves_Disease\Guava\Healthy_Guava\IMG-20260324-WA0034.jpg,Healthy,24,33,35,29.26382931,54.82257868,5.342866119,100.7586226,25.629737763625258,2,10.363996173786898,12.357516995339145,356.44205651926274,4.358217045629873,5,17.575738133858227,56.10345896699454,140.54430102643914,2,18.10141980914096,3,49.990453212098096,3.007052048504865,0.300142030627409,0.2134170753593552,0.1981175452336322,0.1973752225844828,Healthy
D:\Download1\Multi_Crop_Leaves_Disease\Multi_Crop_Leaves_Disease\Guava\Healthy_Guava\IMG-20260324-WA0036.jpg,Healthy,11,6,25,28.69164799,96.65248672,6.081568052,178.9635457,19.062385610598604,2,10.754512309632853,19.970441163239528,366.3388136020389,3.487197732746554,3,9.331495819922347,25.657587157150463,75.259615568046,3,1.7014440614145587,2,84.59806825974326,1.1690589366443565,0.2417466386153199,0.2499797695316607,0.0907289917289768,0.2320499714768009,Healthy
D:\Download1\Multi_Crop_Leaves_Disease\Multi_Crop_Leaves_Disease\Guava\Healthy_Guava\IMG-20260324-WA0037.jpg,Healthy,16,18,26,28.43647052,91.81320717,5.568365926,145.5414413,26.40740953331289,3,11.297603687864656,15.56613650254012,353.12362330738256,9.389334451498408,1,13.821696720786909,44.87018346856762,175.23213079211382,3,38.76295223048526,3,30.1754582629694,2.775337736329966,0.1933973162897838,0.2433654367139655,0.0980130871224033,0.1873698002403342,Healthy
D:\Download1\Multi_Crop_Leaves_Disease\Multi_Crop_Leaves_Disease\Guava\Healthy_Guava\IMG_20260228_090238(1).jpg,Healthy,2,123,198,39.64851881,82.21079946,6.253034534,70.39906054,16.705183656458175,1,8.609614686742923,14.829832934461097,380.9832706739987,6.947465462344696,3,11.034044571614098,14.87964432498703,177.8189288474846,1,10.844951792061568,3,76.18186919797185,3.9330895588276262,0.151264483269515,0.2640458159641354,0.0445845470793637,0.2121549317645791,Healthy
D:\Download1\Multi_Crop_Leaves_Disease\Multi_Crop_Leaves_Disease\Guava\Healthy_Guava\IMG_20260228_090238.jpg,Healthy,93,53,38,26.92995077,81.91411159,7.069172227,290.6793783,28.25910002250434,1,6.378760462518726,18.908676350006772,352.4409810980666,7.699751399011879,2,16.213774194747153,83.04973571425558,69.7809545775652,1,20.2378475395106,1,57.558778592883385,2.296473029385508,0.2706677808193118,0.2431986158843512,0.1185061790352746,0.2315650932846777,Healthy
D:\Download1\Multi_Crop_Leaves_Disease\Multi_Crop_Leaves_Disease\Guava\Healthy_Guava\IMG_20260228_090256.jpg,Healthy,55,66,22,30.91219459,68.79427388,7.747775263,66.63830637,29.868738998853317,2,8.323945459513116,12.443540151971284,404.896195551456,5.456156936257829,6,11.933347329514683,13.289574023746145,182.2706500419665,2,8.207947153728574,2,93.97683731601482,4.76246135702345,0.1501879768939351,0.1880062967533963,0.0411624714371798,0.1630920143884414,Healthy
D:\Download1\Multi_Crop_Leaves_Disease\Multi_Crop_Leaves_Disease\Guava\Healthy_Guava\IMG_20260228_090326.jpg,Healthy,19,30,30,29.56549169,91.40896307,5.826381164,224.8315729,15.895201313092835,1,9.894367062593885,0.9061640540828586,419.8671922494208,2.1768988819001738,3,9.53158569565441,59.88238023447008,64.1520826617105,3,32.16457332286512,1,84.56037123735092,3.943953628367089,0.2822329655462026,0.245481484018449,0.1908338404292954,0.2087397729690293,Healthy
D:\Download1\Multi_Crop_Leaves_Disease\Multi_Crop_Leaves_Disease\Guava\Healthy_Guava\IMG_20260228_090358(1).jpg,Healthy,60,43,44,21.01944696,82.95221726,7.416245107,298.4018471,19.47400022303122,3,10.173810986216726,5.6144207297556825,381.3204769233853,6.184190584365346,2,13.158529897373638,45.73350743512405,142.7926757284559,2,3.2353428707002307,2,21.146305191155516,2.208341569439201,0.1734604818559174,0.2561292909081141,0.1269561198731732,0.2091489759723276,Healthy
D:\Download1\Multi_Crop_Leaves_Disease\Multi_Crop_Leaves_Disease\Guava\Healthy_Guava\IMG_20260228_090358.jpg,Healthy,86,37,16,20.51716779,59.21235483,5.561510732,67.61013737,24.77973159794391,2,11.122159845105015,14.859952978688687,366.9931264906183,8.784357098673777,1,12.021268024084389,47.36218569514181,125.67340631304896,2,45.26653983050325,1,7.374460104874214,1.192419163819559,0.2287641505636737,0.2468274117063623,0.0891191881167733,0.2285542250185999,Healthy
D:\Download1\Multi_Crop_Leaves_Disease\Multi_Crop_Leaves_Disease\Guava\Healthy_Guava\IMG_20260228_090408.jpg,Healthy,34,47,19,27.31372793,85.44815232,6.568795404,53.15223123,23.200537277837302,3,10.467041548754,3.615226510809448,363.92079258180985,6.24735977626606,2,15.389462584959894,82.5825368119248,156.46814223935624,3,39.02472488589031,1,29.02594628493478,3.559221918606901,0.3911039454712699,0.2187199361260266,0.1984446706395731,0.232121548545276,Healthy
D:\Download1\Multi_Crop_Leaves_Disease\Multi_Crop_Leaves_Disease\Guava\Healthy_Guava\IMG_20260228_090427(1).jpg,Healthy,33,75,21,33.04687968,68.93875631,6.690655045,62.30278274,12.644838590168144,1,10.770374927879171,19.344046055152127,363.7065451285466,7.978737149951488,5,15.221322943397007,6.363183448273757,145.85744220412107,2,19.011270952029307,2,78.06274051764883,2.1861297971506404,0.0608393412825283,0.1880308636550547,-0.0084407003452388,0.1510990399403412,Healthy
D:\Download1\Multi_Crop_Leaves_Disease\Multi_Crop_Leaves_Disease\Guava\Healthy_Guava\IMG_20260228_090427.jpg,Healthy,0,137,195,22.4359017,80.18612085,6.329499832,65.3973168,10.18596245452054,3,6.374898764779577,8.234247249946765,361.4719190971964,4.17996434585633,3,5.736138588625649,12.141341159915864,81.17487461980579,1,49.2775838078464,2,70.49484985269643,2.3781468933416363,0.2634503304927241,0.2509421190101485,0.127249811774945,0.230534455122915,Healthy
D:\Download1\Multi_Crop_Leaves_Disease\Multi_Crop_Leaves_Disease\Guava\Healthy_Guava\IMG_20260228_090435.jpg,Healthy,82,77,46,28.9470467,82.1888998,5.901100841,95.83016448,15.141719267175484,2,8.403345806940486,14.53839243752452,387.63327926352514,6.605467721607468,6,12.972721837493198,46.54558529644929,192.4755319175036,2,31.90734794186067,3,83.60219831303561,3.510788251320101,0.1236305743733896,0.2241608162675485,0.0416176328148616,0.1932673449461761,Healthy
D:\Download1\Multi_Crop_Leaves_Disease\Multi_Crop_Leaves_Disease\Guava\Healthy_Guava\IMG_20260228_090510.jpg,Healthy,24,30,11,32.39523995,94.51768464,6.601395755,113.25373,21.525716715643995,3,7.996244143718383,4.203030333504345,424.0717114345999,9.064114726747224,1,18.927473997799098,34.144506700398225,120.89310430237936,2,29.28802688928845,2,22.8878705061336,2.0614103878407315,0.1774924631679791,0.208722154121505,0.0895066590102822,0.1681969598024925,Healthy
D:\Download1\Multi_Crop_Leaves_Disease\Multi_Crop_Leaves_Disease\Guava\Healthy_Guava\IMG_20260228_090727.jpg,Healthy,37,77,17,36.20970524,31.94550613,5.617122801,191.0658531,23.44738660801529,1,6.942108449147423,12.744894614392637,440.6651640687926,8.530714437243448,5,8.554081150991994,72.18538639341287,77.03901767446263,2,35.63747536716709,1,87.11738363584031,3.079811692737201,0.2306078647188103,0.2426777673133649,0.1171359323569603,0.2190488735434985,Healthy
D:\Download1\Multi_Crop_Leaves_Disease\Multi_Crop_Leaves_Disease\Guava\Healthy_Guava\IMG_20260228_090859.jpg,Healthy,15,77,20,25.13163619,66.92642362,7.399749291,49.04015558,21.47557123265734,1,10.040287015448866,15.45898234200077,400.8779677850652,9.438511266559807,4,17.243312537519028,43.82413772019298,175.73687771843703,1,16.919145065631696,1,71.45152025547326,2.981503190174741,0.1748292157307427,0.2180924153472521,0.0621720804300831,0.1939771046683829,Healthy
D:\Download1\Multi_Crop_Leaves_Disease\Multi_Crop_Leaves_Disease\Guava\Healthy_Guava\IMG_20260228_090919.jpg,Healthy,39,70,15,20.76774783,63.90164154,6.366355781,47.9271552,14.622800795816357,2,11.783512368771714,15.159914943360173,364.418696396488,8.374056204502335,5,6.431010647859985,94.2030909202964,69.5250543637903,3,41.14122916828145,2,51.916412055031614,3.171390200893986,0.2562801073529285,0.2502674580721617,0.1533131049714546,0.229847171889672,Healthy
D:\Download1\Multi_Crop_Leaves_Disease\Multi_Crop_Leaves_Disease\Guava\Healthy_Guava\IMG_20260228_090931.jpg,Healthy,99,6,45,26.12588914,86.5507939,6.000975617,40.71210074,10.562518996422764,3,7.747470079091838,1.869848463708759,374.0165695127267,3.255113075162396,3,9.185446323510396,25.633188799136143,181.04607156181368,2,19.353635358164293,3,24.471908514252217,1.3173399188494144,0.1098579175989218,0.1938677018558514,0.0264283273523151,0.1640345053857025,Healthy
D:\Download1\Multi_Crop_Leaves_Disease\Multi_Crop_Leaves_Disease\Guava\Healthy_Guava\IMG_4845.jpg,Healthy,116,52,19,22.94276687,75.37170612,6.114525877,67.08022574,11.299444545646748,3,10.08396838839369,14.59494589995392,360.9387416283293,4.74716782755805,5,13.215552101093696,65.10915994588645,104.5190869980034,3,3.672825917807143,2,2.3663271972851563,4.884827216836367,0.2964907953867713,0.2368123150748913,0.1094602855069457,0.2319985564055466,Healthy
D:\Download1\Multi_Crop_Leaves_Disease\Multi_Crop_Leaves_Disease\Guava\Healthy_Guava\IMG_4846(1).jpg,Healthy,102,53,21,23.03814028,76.11021529,6.913678684,91.49697481,14.05782656290738,1,10.204616717910426,12.182892805650988,363.6025116457563,1.0508770548252115,5,7.35575005184657,90.99922868809242,197.7090028013876,3,12.846762897858726,3,21.129192235481376,4.240513280784109,0.1774924631679791,0.208722154121505,0.0895066590102822,0.1681969598024925,Healthy
D:\Download1\Multi_Crop_Leaves_Disease\Multi_Crop_Leaves_Disease\Guava\Healthy_Guava\IMG_4846.jpg,Healthy,92,60,23,18.66746724,71.516474,5.721667141,69.93293255,29.79614445339352,1,9.157163231052252,8.015793974322424,370.5752005160799,7.763379453224758,6,19.39015242122025,56.43846684781507,113.78725148276588,1,26.338107092766077,1,68.43907762157919,1.401792744961284,0.1805445610705801,0.2578113437437679,0.0666597648762926,0.2350631929029536,Healthy
D:\Download1\Multi_Crop_Leaves_Disease\Multi_Crop_Leaves_Disease\Guava\Healthy_Guava\IMG_4847(1).jpg,Healthy,29,54,16,27.78031515,54.65030015,8.153022903,32.05025323,11.615198698087507,1,10.079705165529358,8.35703555840556,420.83048848028176,2.221138935208067,2,9.654483998218366,29.88387503818357,85.5268868908761,1,4.095248605924878,3,53.0151193876688,3.938908853660069,0.2633293767453621,0.1506667560915206,0.1698849363328183,0.1366967575116895,Healthy
D:\Download1\Multi_Crop_Leaves_Disease\Multi_Crop_Leaves_Disease\Guava\Healthy_Guava\IMG_4847.jpg,Healthy,32,141,204,8.825674745,82.89753705,5.536645599,67.235765,26.256420146185043,3,5.104906777333026,13.874822911267067,388.8692328642522,6.917806231919146,4,6.279970139168548,22.14687499970892,93.753587828945,2,46.868420934854086,3,52.21090210868722,1.3779595528012225,0.2685112165100777,0.2447979077340674,0.1139299393278288,0.2283839914325679,Healthy
D:\Download1\Multi_Crop_Leaves_Disease\Multi_Crop_Leaves_Disease\Guava\Healthy_Guava\IMG_4848(1).jpg,Healthy,2,120,203,23.12652652,94.71203306,5.893492999,108.6211833,11.652755460649235,3,11.203647226623977,6.583361973028772,437.9165663897639,7.59498587380866,4,11.925854446244674,71.98012289738294,157.67568209107765,2,11.060487862539702,2,78.85873960152453,3.268800161401563,0.3271736790311613,0.2444634525432452,0.1459429598751901,0.2388039085769651,Healthy
D:\Download1\Multi_Crop_Leaves_Disease\Multi_Crop_Leaves_Disease\Guava\Healthy_Guava\IMG_4848.jpg,Healthy,4,61,21,24.84063998,60.09116626,6.75020529,48.77790371,22.399836623372344,3,9.916116978825904,7.087892294011757,389.6656329840644,3.375452176327615,1,13.762275594990523,26.53748760983085,118.82675084403276,1,16.802287876322925,3,18.229750827767788,2.230370003989106,0.2380330500471622,0.251096895966468,0.0766092419764407,0.2338118412627398,Healthy
D:\Download1\Multi_Crop_Leaves_Disease\Multi_Crop_Leaves_Disease\Guava\Healthy_Guava\IMG_4849(1).jpg,Healthy,8,23,44,18.47412402,89.68919664,7.130837931,108.4758509,28.37652553525773,2,10.60103736978654,10.38742760956574,389.4663649409971,7.861572589606427,3,13.978932879893112,2.89755257524178,118.97258350847514,1,38.42402743665473,3,32.233184252300454,2.2966041233209102,0.0409677799958357,0.1819086387048688,-0.033709415627995,0.1502057124382393,Healthy
D:\Download1\Multi_Crop_Leaves_Disease\Multi_Crop_Leaves_Disease\Guava\Healthy_Guava\IMG_4849.jpg,Healthy,25,17,40,18.91251245,87.74938524,6.608023872,111.2800516,19.277553432727444,3,10.455379519800749,19.9090624789136,367.43522021863686,9.273580107102832,5,11.046264832933224,75.951484160126,102.30621896907198,3,15.639574763437986,1,82.93454702234945,4.328754772513261,0.2634503304927241,0.2509421190101485,0.127249811774945,0.230534455122915,Healthy
D:\Download1\Multi_Crop_Leaves_Disease\Multi_Crop_Leaves_Disease\Guava\Healthy_Guava\IMG_4850(1).jpg,Healthy,2,38,33,32.38697531,53.2328243,4.691396195,90.21633216,25.686458540505363,2,8.538126184601378,8.39717821832998,447.509991553162,1.944278144817092,4,6.381454922352157,30.558984450101946,55.49886082300576,2,1.9501967408222245,1,51.95037583821941,3.1687195174705014,0.2704736251939677,0.2493630118727416,0.1316149149195679,0.2329566673373792,Healthy
D:\Download1\Multi_Crop_Leaves_Disease\Multi_Crop_Leaves_Disease\Guava\Healthy_Guava\IMG_4850.jpg,Healthy,64,35,23,23.02038334,61.89472002,5.680361038,63.03843397,25.994938800495667,2,7.929225231230511,6.930290324954798,391.6898360979191,5.892073429989431,6,5.4727001471613175,72.31552202033662,98.300501869008,2,18.163902811084125,1,88.01318654695997,1.4725103509437498,0.2817669606647497,0.2435102097429992,0.1733668121978991,0.228551734536775,Healthy
"D:\Download1\Multi_Crop_Leaves_Disease\Multi_Crop_Leaves_Disease\Guava\Healthy_Guava\Natural Dried Guava Leaves, Herbal Tea Ingredient - Etsy (1).jpg",Healthy,116,23,25,23.4123707,52.26994674,6.869720196,139.3670753,26.868761849494668,3,6.741904344963057,8.41635863687356,373.9811437698543,3.794683176281192,6,13.390083100988004,0.74848518583156,118.79743314609638,3,34.373895240317914,3,67.43339040151072,2.373373513775124,0.1676629069574048,0.2131145573261431,0.0566184255085184,0.173740981263448,Healthy
"D:\Download1\Multi_Crop_Leaves_Disease\Multi_Crop_Leaves_Disease\Guava\Healthy_Guava\Natural Dried Guava Leaves, Herbal Tea Ingredient - Etsy.jpg",Healthy,25,59,19,29.06631494,83.6869203,6.626629798,43.95183726,14.239136974517791,1,8.79932911515087,0.3331277200397187,418.6148778863097,6.95444629128521,1,6.013455775344818,58.65137527891166,155.6591529376839,1,16.3777903965291,2,72.42722090829294,2.096714133819357,0.2557328745175416,0.2640159299519048,0.1297730635455898,0.2362678608317673,Healthy
D:\Download1\Multi_Crop_Leaves_Disease\Multi_Crop_Leaves_Disease\Guava\Healthy_Guava\What Happens to The Body If You Eat Guava Leaves Every Day for a Month_.jpg,Healthy,7,21,35,25.76011662,94.65830608,5.764812076,131.2451414,26.44792305494764,2,9.396610679011395,2.397055468664986,411.2526950098273,3.7724037573310696,4,11.733337208926862,62.90332698068691,131.5650423396615,1,34.70236354806225,1,70.17955654326195,4.599074388838497,0.1590887736584259,0.241401543191365,0.0991446923248886,0.2003031196322808,Healthy
D:\Download1\Multi_Crop_Leaves_Disease\Multi_Crop_Leaves_Disease\Guava\Healthy_Guava\WhatsApp Image 2026-03-31 at 11.17.18 AM (1).jpeg,Healthy,39,78,15,21.35499456,62.60136323,5.925391795,41.78219834,13.663389299811406,1,7.679533826019791,7.854718512313699,433.75249989747294,1.220703542092924,6,15.671333037601716,97.75591542346524,196.65335693722,2,34.636055457826174,2,85.6977911304507,1.5358365932272755,0.2695122189441389,0.2647627016174454,0.1346403921576422,0.2304679268484411,Healthy
D:\Download1\Multi_Crop_Leaves_Disease\Multi_Crop_Leaves_Disease\Guava\Healthy_Guava\WhatsApp Image 2026-03-31 at 11.17.18 AM (2).jpeg,Healthy,20,30,27,27.81005614,51.59445462,4.74910393,95.89898581,28.427872693199404,2,11.325878339399612,12.361024482338008,387.6850994951384,8.819933673958825,3,16.586404782094807,90.29632802073309,50.89515262658392,3,8.023073098335681,3,43.70538282726187,4.52424981664452,0.3264500663045614,0.2310191756905625,0.1442676251510492,0.2325704246706492,Healthy
D:\Download1\Multi_Crop_Leaves_Disease\Multi_Crop_Leaves_Disease\Guava\Healthy_Guava\WhatsApp Image 2026-03-31 at 11.17.19 AM (1).jpeg,Healthy,81,41,38,22.67846116,83.72874389,7.524080076,200.9133156,25.619096306119157,1,7.693171089062004,9.809661026988328,417.594528247409,5.675302324647516,4,18.79716620642527,20.122956874708365,198.32016072814443,3,38.47677764247125,3,91.77639502384388,2.5104863034093494,0.3191698996701315,0.2262528184812811,0.1352674817310186,0.2318159983447971,Healthy
D:\Download1\Multi_Crop_Leaves_Disease\Multi_Crop_Leaves_Disease\Guava\Healthy_Guava\WhatsApp Image 2026-03-31 at 11.17.19 AM.jpeg,Healthy,39,58,85,17.88776475,15.40589717,5.996932037,68.54932919,10.333280500159196,3,9.041096449529492,18.26306122279912,386.1343574840493,9.379368392579806,3,17.48414845121379,38.18364849343664,144.33491944585325,2,41.70058183062172,3,81.63991031531191,3.851439578709019,0.1734604818559174,0.2561292909081141,0.1269561198731732,0.2091489759723276,Healthy
D:\Download1\Multi_Crop_Leaves_Disease\Multi_Crop_Leaves_Disease\Guava\Healthy_Guava\WhatsApp Image 2026-03-31 at 11.17.22 AM.jpeg,Healthy,8,133,195,20.46657776,80.97598029,6.456079585,71.29813872,28.33684740894858,1,7.62774362566026,4.038708118048183,362.99164315482886,7.832591130601337,1,10.376261475908896,20.175634961200505,166.9901505026583,1,0.7892802288247291,2,82.53756676856794,3.696058493944716,0.3415415726563713,0.244512235959752,0.1709606309786425,0.2213734316873143,Healthy
D:\Download1\Multi_Crop_Leaves_Disease\Multi_Crop_Leaves_Disease\Guava\Healthy_Guava\WhatsApp Image 2026-03-31 at 11.17.35 AM.jpeg,Healthy,31,26,9,11.69894639,93.25638873,7.566165721,103.2005992,15.937523119314164,3,5.678524831557894,16.37610434128878,387.1922370686192,5.417500347773751,4,11.642705479373998,71.43570882742895,193.8331498056675,1,9.229531219906828,1,12.432670447790084,1.6675712023085776,0.1479586284731871,0.2148233027064254,0.0517759701818843,0.1869644481674448,Healthy
D:\Download1\Multi_Crop_Leaves_Disease\Multi_Crop_Leaves_Disease\Guava\Unhealthy_Guava\algal_leaf_spot\algal12.png,algal_leaf_spot,32,120,204,10.38004759,83.44518113,6.138958698,67.3917379,11.099956508299684,3,7.9911382124626655,2.287884836566678,409.07160095456607,4.460667301565087,5,12.01506864361536,70.85331880982056,71.06269247215529,1,38.31314220670094,2,70.52943983971296,4.631603877553342,0.0262155449077294,0.1919721506224202,-0.018864395536896,0.1568379110146954,High_Risk
D:\Download1\Multi_Crop_Leaves_Disease\Multi_Crop_Leaves_Disease\Guava\Unhealthy_Guava\algal_leaf_spot\algal13.png,algal_leaf_spot,28,7,9,34.5917846,92.13229786,6.730757538,115.5650287,24.740204926385942,2,10.047253504017728,17.88530992724566,376.5914856638108,6.5549251413833804,4,16.802034184765375,30.887002304879484,101.21400155139924,2,19.07171393255254,2,14.492699234510342,2.0984153728082933,0.0465480147004527,0.1732751593447344,0.0313649930069231,0.1478412106168322,High_Risk
D:\Download1\Multi_Crop_Leaves_Disease\Multi_Crop_Leaves_Disease\Guava\Unhealthy_Guava\algal_leaf_spot\algal14.png,algal_leaf_spot,2,140,197,22.69780133,92.82223419,5.53456749,105.0508234,16.89041734173178,1,11.225156416831354,7.848277738217613,423.6263955972688,1.0957187442151055,6,14.87571565127692,61.8059845084544,111.23811524036503,1,7.591295401685294,2,71.35195702789136,4.975473976243485,0.3103284885015546,0.1441044260838778,0.215599760525922,0.1228028926553605,High_Risk
D:\Download1\Multi_Crop_Leaves_Disease\Multi_Crop_Leaves_Disease\Guava\Unhealthy_Guava\algal_leaf_spot\algal15.png,algal_leaf_spot,93,43,38,23.61475336,86.14290267,6.987332927,150.2355238,11.720043870140849,3,8.515349483132098,10.245721875957983,445.71728785225775,9.036817289710042,4,17.350657159236547,35.75693194773114,158.38056632585693,3,38.75843154768874,2,6.981094761541485,3.373874541095973,0.1384576523070153,0.2550529830074309,0.0526329690450422,0.2090233461679804,High_Risk
D:\Download1\Multi_Crop_Leaves_Disease\Multi_Crop_Leaves_Disease\Guava\Unhealthy_Guava\algal_leaf_spot\algal16.png,algal_leaf_spot,39,127,202,15.3246651,81.67215994,6.477768039,71.60102999,22.6514815456319,3,11.195810784011428,5.16552826208796,355.80987678243946,4.555670903851331,2,11.796360538237415,88.84990126848457,55.82584035452409,3,26.81083852352616,2,39.7445881297884,1.2938186809577523,0.1913865343947062,0.1507339961826773,0.0860364541871526,0.1390868736260499,High_Risk
D:\Download1\Multi_Crop_Leaves_Disease\Multi_Crop_Leaves_Disease\Guava\Unhealthy_Guava\algal_leaf_spot\algal17.png,algal_leaf_spot,19,122,202,23.34467359,90.37981478,5.811975094,112.8954016,24.96711936033529,2,9.69490834725315,6.276119813895946,351.97277376136776,3.274927669898056,6,7.83897988552844,1.0834987569113277,117.46636790658356,3,34.85002152659934,3,52.00607622697277,2.8667695914995064,0.3024424763089131,0.2542221320643074,0.1657846658710879,0.2344292926091582,High_Risk
D:\Download1\Multi_Crop_Leaves_Disease\Multi_Crop_Leaves_Disease\Guava\Unhealthy_Guava\algal_leaf_spot\algal18.png,algal_leaf_spot,3,18,31,31.65333432,48.20662669,6.392313973,91.09745581,12.045818537223123,2,11.17854575729728,14.462440173864788,382.93352075275385,7.031637447651523,2,8.012454116402086,41.62839697955012,130.46750481159933,3,4.009759647512462,1,64.45514156303686,1.8340978457647608,0.2430625370639732,0.2545635177212461,0.1246337347128341,0.231146488739679,High_Risk
D:\Download1\Multi_Crop_Leaves_Disease\Multi_Crop_Leaves_Disease\Guava\Unhealthy_Guava\algal_leaf_spot\algal19.png,algal_leaf_spot,110,7,45,26.63838589,84.69546874,6.189213927,48.32428609,18.3977846729176,1,10.670729021099335,7.670149151051384,425.7781429456622,2.4144018897646973,3,11.810210300985457,30.467506113101816,142.976686436046,2,14.7338583591417,1,45.36693481832528,4.38054750103431,0.2836385915322745,0.2342608634816543,0.1265983849350097,0.2228744401321093,High_Risk
D:\Download1\Multi_Crop_Leaves_Disease\Multi_Crop_Leaves_Disease\Guava\Unhealthy_Guava\algal_leaf_spot\algal_spot1.jpg,algal_leaf_spot,3,60,19,25.74679443,40.7192594,4.820788186,100.7791633,22.86168392964897,2,8.234082262241294,9.89160977209436,382.7144182317677,7.981198589257493,2,5.949172376027609,54.14434451312184,139.15722806348896,3,36.29989532340239,2,71.78533469383129,4.075655368623673,0.2704736251939677,0.2493630118727416,0.1316149149195679,0.2329566673373792,High_Risk
D:\Download1\Multi_Crop_Leaves_Disease\Multi_Crop_Leaves_Disease\Guava\Unhealthy_Guava\algal_leaf_spot\algal_spot2.jpg,algal_leaf_spot,116,71,47,27.57278064,82.0638878,6.435785799,91.34276507,19.183170637023395,2,11.852868351514662,1.5064254716894188,390.93297037384815,8.68193854197115,6,7.607388011577837,14.708915813658418,136.55047740249117,2,7.342904567684727,3,60.95080721214987,4.955820722219015,0.2025014512434804,0.2747500306875793,0.055762394331197,0.2365481627891832,High_Risk
D:\Download1\Multi_Crop_Leaves_Disease\Multi_Crop_Leaves_Disease\Guava\Unhealthy_Guava\algal_leaf_spot\algal_spot3.jpg,algal_leaf_spot,82,23,49,26.81383586,87.21986949,6.873283991,51.70497792,13.800710213243498,3,6.476821898514528,11.274558870972111,404.01856522110864,4.874897410088316,5,11.939953025453915,6.142642961606592,72.2049318713776,3,46.0158749531781,1,10.508562689161383,2.2289030560828893,0.1885150979295672,0.1807468629298206,0.1272944738931642,0.1728083247877492,High_Risk
D:\Download1\Multi_Crop_Leaves_Disease\Multi_Crop_Leaves_Disease\Guava\Unhealthy_Guava\algal_leaf_spot\algal_spot4.jpg,algal_leaf_spot,40,29,42,24.63228709,89.01574455,7.104094929,110.6956184,29.04661627663448,3,6.579925721150853,18.26045105504041,391.403595024204,2.537508284503658,5,5.273845335687605,8.604832777843407,62.00159685734603,1,10.010534401084842,1,53.09516717409305,1.106465328121585,0.2821980866268685,0.2617641536726705,0.1529881293695949,0.2360331456603751,High_Risk
D:\Download1\Multi_Crop_Leaves_Disease\Multi_Crop_Leaves_Disease\Guava\Unhealthy_Guava\algal_leaf_spot\algal_spot5.jpg,algal_leaf_spot,34,59,18,23.38002569,21.98879437,5.744117663,87.66898664,26.566190855190783,3,5.033483697603383,10.918413419379975,383.9089634685421,2.6518020059753207,1,16.37905881130497,27.494888037222744,104.78459305413752,3,2.86735554521687,2,56.499965792646144,4.83469925557122,0.2696265869102576,0.2471832387901456,0.1529573854065015,0.2068291141128475,High_Risk
D:\Download1\Multi_Crop_Leaves_Disease\Multi_Crop_Leaves_Disease\Guava\Unhealthy_Guava\algal_leaf_spot\algal_spot6.jpg,algal_leaf_spot,4,41,20,28.14720892,83.8001509,6.647965508,37.44800463,22.08148010791099,2,7.607656468366766,7.500012894699619,417.97009189654216,2.6718209508368536,4,11.492481457265804,74.36620510948036,156.27800171407574,2,25.33488584850645,3,77.70959981791007,3.4422690291564737,0.3538895799000042,0.2427065187446233,0.1498499206072622,0.2364734568357472,High_Risk
D:\Download1\Multi_Crop_Leaves_Disease\Multi_Crop_Leaves_Disease\Guava\Unhealthy_Guava\algal_leaf_spot\algal_spot7.jpg,algal_leaf_spot,11,61,21,18.62328774,23.02410338,5.532100554,135.3378033,16.61647633429648,2,8.375584900252374,9.636081326372109,403.95165539027016,3.983515965106816,2,14.620061090521167,76.47276369138355,172.03400089093364,1,1.7143222452754014,1,86.75590314217587,4.749139633370902,0.3294352234607689,0.2400163840159289,0.180367134677727,0.2079749048874892,High_Risk
D:\Download1\Multi_Crop_Leaves_Disease\Multi_Crop_Leaves_Disease\Guava\Unhealthy_Guava\algal_leaf_spot\rust12.png,algal_leaf_spot,92,81,52,27.39341554,81.4654833,6.438137279,94.31102057,19.94864011567039,1,8.497703567129708,6.65699537058927,381.46199320459,1.74046581694294,1,8.17947994116069,73.39638903916502,120.3627224781592,2,27.729916219222627,3,96.1511046545412,4.450381961402927,0.2417466386153199,0.2499797695316607,0.0907289917289768,0.2320499714768009,High_Risk
D:\Download1\Multi_Crop_Leaves_Disease\Multi_Crop_Leaves_Disease\Guava\Unhealthy_Guava\anthrecnose\anthrecnose1 (1).jpg,Anthracnose,34,34,35,27.27433181,47.16808054,6.422710539,95.257992,20.95036774058351,2,9.5993931578653,19.36173328136402,387.58164653246746,4.299912494997331,6,9.140673308295046,95.25066434331676,177.47223893405862,2,26.468298338451618,1,84.10268479462717,2.019432164539923,0.2353515183612222,0.1738256971600038,0.1800627644596147,0.1587579343829829,High_Risk
D:\Download1\Multi_Crop_Leaves_Disease\Multi_Crop_Leaves_Disease\Guava\Unhealthy_Guava\anthrecnose\anthrecnose1 (2).jpg,Anthracnose,117,30,50,24.90123934,87.20772913,6.744966312,46.59207341,24.934578042843963,1,9.34925222271637,2.647109255066933,443.4159636401831,1.487316541368893,5,18.8363769204078,3.3935594910512457,189.12140155181967,3,44.85890711855053,2,99.51596314989966,2.399515218799641,0.2876018418944818,0.2473485324784598,0.163467925882521,0.2279243048507979,High_Risk
D:\Download1\Multi_Crop_Leaves_Disease\Multi_Crop_Leaves_Disease\Guava\Unhealthy_Guava\anthrecnose\anthrecnose1 3.jpg,Anthracnose,91,50,40,20.82477109,84.1341879,6.462391607,230.2242223,12.50657530419173,2,10.671771298160095,4.410430124774289,396.471249525371,6.972058538748989,5,11.432461995579867,45.20504156684125,136.02909931446464,2,2.854875355888659,2,52.18373864732552,1.1669671425606056,0.147866223563233,0.2486246267224158,0.0365844387547848,0.2027069988796035,High_Risk
D:\Download1\Multi_Crop_Leaves_Disease\Multi_Crop_Leaves_Disease\Guava\Unhealthy_Guava\anthrecnose\anthrecnose11 (1).jpg,Anthracnose,9,49,16,30.88482722,41.36561835,7.661537348,55.053805,24.93190490364716,1,11.023257661847213,5.506013210643623,401.77160438701816,1.7119211169722952,5,7.0026889049812135,50.62880046296776,136.72146349939436,1,0.6054499468604202,3,10.401699466046676,1.723522842272159,0.2096976073339627,0.2570473995306225,0.1037403623939293,0.231218375757031,High_Risk
D:\Download1\Multi_Crop_Leaves_Disease\Multi_Crop_Leaves_Disease\Guava\Unhealthy_Guava\anthrecnose\Guava anth.jpg,Anthracnose,12,71,19,24.91079638,60.71367427,7.142611056,42.19740397,23.36781729024092,1,10.167946684827523,17.433949753435222,359.81608835945536,3.19349397168311,3,10.987763765003198,88.56496673304649,132.09347303471415,1,12.621257373056732,3,63.93357518343476,4.197837154451969,0.1224027948746228,0.1807391846185329,0.1058905565544218,0.1495139545635362,High_Risk
D:\Download1\Multi_Crop_Leaves_Disease\Multi_Crop_Leaves_Disease\Guava\Unhealthy_Guava\anthrecnose\hand held leaf.jpg,Anthracnose,62,42,36,22.78133816,82.06719137,6.430010215,248.7183228,19.71000774484648,1,10.665139917708814,16.508163220734254,415.2461742627597,8.748923931901139,2,17.747714548222874,79.52545134432043,65.14449898572833,3,44.58429975024805,3,6.113864053934615,3.606250188625616,0.2981932297169608,0.2362680659813726,0.1607028671438028,0.2208686406514513,High_Risk
D:\Download1\Multi_Crop_Leaves_Disease\Multi_Crop_Leaves_Disease\Guava\Unhealthy_Guava\anthrecnose\hand held leaf1.jpg,Anthracnose,49,72,15,31.55846339,67.83563765,7.137004749,74.86960831,10.992659009788897,1,11.5249214718563,3.0194590402103083,439.2044213693608,3.0701632443847835,3,16.098441137695083,34.54561499679749,72.6382077363155,3,10.40247184547572,3,63.5229989096202,1.1827672489687373,0.2632493108659636,0.2503273858021869,0.1329929707790764,0.2258298883404852,High_Risk
D:\Download1\Multi_Crop_Leaves_Disease\Multi_Crop_Leaves_Disease\Guava\Unhealthy_Guava\anthrecnose\hand held leaf2.jpg,Anthracnose,131,38,19,23.86814008,75.68339729,6.814341946,90.4547185,14.077493384495256,1,11.752059124277896,19.21532640279905,438.602221577484,9.968953928627243,6,8.62626571728173,12.653194512390066,190.94487581847693,2,17.712528214043527,2,58.67322566300185,1.4733820949536771,0.2542221785336879,0.2612676417100988,0.1044442691694678,0.2385753112491586,High_Risk
D:\Download1\Multi_Crop_Leaves_Disease\Multi_Crop_Leaves_Disease\Guava\Unhealthy_Guava\anthrecnose\hand held leaf3.jpg,Anthracnose,15,125,199,18.4269936,80.55625868,5.569230319,69.75734306,11.402795765612453,3,5.415000927988154,9.058340850052309,415.38574223372353,4.77077048165404,3,13.273344850108584,1.6838691453127108,189.5339907178241,1,27.297270639100272,2,55.12182974738206,2.7444985388383274,0.2894886701328429,0.2431291313916151,0.1463205738810066,0.2325224368601071,High_Risk
D:\Download1\Multi_Crop_Leaves_Disease\Multi_Crop_Leaves_Disease\Guava\Unhealthy_Guava\anthrecnose\hand held leaf4.jpg,Anthracnose,8,23,44,18.47412402,89.68919664,7.130837931,108.4758509,28.37652553525773,2,10.60103736978654,10.38742760956574,389.4663649409971,7.861572589606427,3,13.978932879893112,2.89755257524178,118.97258350847514,1,38.42402743665473,3,32.233184252300454,2.2966041233209102,0.3084980971943827,0.2604660044915257,0.1780076627381013,0.2296548869587603,High_Risk
D:\Download1\Multi_Crop_Leaves_Disease\Multi_Crop_Leaves_Disease\Guava\Unhealthy_Guava\anthrecnose\hand held leaf5.jpg,Anthracnose,77,52,41,23.89069041,83.46409075,6.097294061,167.7230632,17.84149031862414,2,5.127257454972142,1.149361261665307,444.4014318840174,3.431119672408978,4,14.55462999730052,30.591092095286665,181.6964047695043,3,38.50766078731926,2,26.863909962896734,2.830012078902274,0.151264483269515,0.2640458159641354,0.0445845470793637,0.2121549317645791,High_Risk
D:\Download1\Multi_Crop_Leaves_Disease\Multi_Crop_Leaves_Disease\Guava\Unhealthy_Guava\anthrecnose\hand held leaf6.jpg,Anthracnose,12,29,40,19.68291173,89.75272999,6.594037135,111.2818551,12.737816445976945,1,8.4689973210167,13.924068805665616,384.9787071312857,2.024791790358736,3,16.481452964060203,6.453921700720411,113.05110286089462,2,17.604713622365814,1,9.965941695605618,1.736492664774103,0.2633293767453621,0.1506667560915206,0.1698849363328183,0.1366967575116895,High_Risk
D:\Download1\Multi_Crop_Leaves_Disease\Multi_Crop_Leaves_Disease\Guava\Unhealthy_Guava\anthrecnose\IMG_8768.jpg,Anthracnose,40,144,196,22.71750705,92.25479855,5.987262638,107.0289866,24.430866480639864,1,10.734956288926846,1.4010561159543111,420.0482596515518,1.391766014391875,5,8.129636744396034,61.96483422312682,97.5131478051324,1,46.905515616894114,3,31.361396841471688,3.605665284977037,0.2971892578054474,0.24863258095887,0.1866152340696324,0.2243119947317406,High_Risk
D:\Download1\Multi_Crop_Leaves_Disease\Multi_Crop_Leaves_Disease\Guava\Unhealthy_Guava\anthrecnose\no(11).jpg,Anthracnose,9,69,20,19.30607278,23.96362799,5.591560999,129.3449326,12.531124637144435,2,8.334571782263083,2.54302796395921,404.3312315270977,6.595306769687665,2,5.899801342925024,0.9705246730235316,147.12779155679016,3,1.016687733033772,2,40.70191178109409,4.292105924382222,0.2797334149340327,0.2474070144215017,0.1358257043264674,0.2227036774694979,High_Risk
D:\Download1\Multi_Crop_Leaves_Disease\Multi_Crop_Leaves_Disease\Guava\Unhealthy_Guava\anthrecnose\no(16).jpg,Anthracnose,22,17,5,24.12188673,90.72351622,6.945562889,102.835632,11.32035076596589,1,8.972845595590751,4.521170124207668,382.7640028696985,1.0860582463271964,1,18.593496363179952,90.83390475114248,57.47004577105094,3,24.540838679451447,1,7.504140711886286,1.5723283095617826,0.1913865343947062,0.1507339961826773,0.0860364541871526,0.1390868736260499,High_Risk
D:\Download1\Multi_Crop_Leaves_Disease\Multi_Crop_Leaves_Disease\Guava\Unhealthy_Guava\Fungal infection\no(1).jpg,Fungal infection,56,67,78,17.57445618,16.71826572,8.255450758,77.81891424,21.05992581809401,2,9.25351685429045,3.1646692989827807,423.9537522666036,4.359266400005853,2,10.437174184557133,39.973371102215474,84.70099219371035,2,22.934935262785388,2,20.173265540442088,3.177390512037714,0.1194579363886923,0.2270891232081161,-0.0471363110572283,0.1615135672187046,High_Risk
D:\Download1\Multi_Crop_Leaves_Disease\Multi_Crop_Leaves_Disease\Guava\Unhealthy_Guava\Fungal infection\no(15).jpg,Fungal infection,27,64,21,32.84213012,68.68401492,7.543804223,73.67166182,11.107117322247351,2,5.839071196449529,16.872362276403955,368.5777097526811,3.440820108626049,6,14.13166551941277,8.948641311090311,185.9673843488424,2,7.932424734322319,3,68.68180563429213,2.613095409144007,0.0609933615357023,0.2670108481498826,-0.031795968545849,0.1819224416740979,High_Risk
D:\Download1\Multi_Crop_Leaves_Disease\Multi_Crop_Leaves_Disease\Guava\Unhealthy_Guava\Fungal infection\no(16).jpg,Fungal infection,30,25,31,26.31270635,98.62048026,5.804965067,208.1181381,19.72179833331019,2,9.846962210939342,19.066191226276864,436.8449979193406,4.996545250108882,2,13.74331165195205,70.09632455090939,101.56258993777912,1,21.618255043146977,2,5.544445858018965,3.954573666446093,0.2971892578054474,0.24863258095887,0.1866152340696324,0.2243119947317406,High_Risk
D:\Download1\Multi_Crop_Leaves_Disease\Multi_Crop_Leaves_Disease\Guava\Unhealthy_Guava\Fungal infection\no(17).jpg,Fungal infection,127,37,18,24.87663664,76.30050373,7.041065585,91.9223468,21.42811371676072,1,5.457210684558276,12.985560919701124,394.9594380003614,6.647956323883029,5,16.26583970526756,74.74421807387068,150.15861990749454,2,6.771608780020999,1,13.487324004847846,4.106624320742881,0.224360041499199,0.2661713489458572,0.0952616811061475,0.2421252033465766,High_Risk
D:\Download1\Multi_Crop_Leaves_Disease\Multi_Crop_Leaves_Disease\Guava\Unhealthy_Guava\Fungal infection\no(20).jpg,Fungal infection,68,58,38,23.22397386,83.03322691,6.336253525,221.2091958,24.368852917432807,3,6.413153902771772,15.395845984336622,377.3990151601595,4.24170639150573,1,11.88543252673378,26.5442576049046,72.79170148098056,1,45.647152908162894,2,63.33575198203821,4.586856058247635,0.2965555332514688,0.2385864811485526,0.1475167677072713,0.2258643973188226,High_Risk
D:\Download1\Multi_Crop_Leaves_Disease\Multi_Crop_Leaves_Disease\Guava\Unhealthy_Guava\Fungal infection\no(21).jpg,Fungal infection,42,79,23,27.71678273,63.29103387,6.781841984,68.56507978,22.86476639253589,1,7.823688077135046,10.042828630982964,400.4204948323379,7.178226476036309,6,9.110924137466132,84.85260998467434,87.89464619059336,2,30.85724309238017,3,75.28169110914124,3.340848900190254,0.1885767502785817,0.1819479701930119,0.1267917885907425,0.1730957228839017,High_Risk
D:\Download1\Multi_Crop_Leaves_Disease\Multi_Crop_Leaves_Disease\Guava\Unhealthy_Guava\Fungal infection\no(4)1.jpg,Fungal infection,10,75,17,18.43966037,68.05394959,7.732194788,39.00992137,10.27365136861986,2,8.474102929447048,2.715976683101875,372.4430642398528,6.013797166523013,2,15.723457893185447,82.07842976595529,117.79350826302276,1,36.501071460514304,1,73.93491461744216,3.270412719818772,0.3089701373329916,0.2449624670841136,0.1812037378173581,0.2234614513867075,High_Risk
D:\Download1\Multi_Crop_Leaves_Disease\Multi_Crop_Leaves_Disease\Guava\Unhealthy_Guava\Fungal infection\no11.jpg,Fungal infection,111,87,48,26.3985515,81.36028902,5.571401169,98.16752001,13.1171819705369,2,11.66973852884568,9.358851369750337,359.7621466453938,4.073651432951074,1,14.675004970702997,33.32442009921718,58.29583581205883,1,26.377474033021205,1,64.45809371881758,2.276637738972317,0.2798559329483415,0.2404500481752604,0.1727346032296613,0.2279523065289345,High_Risk
D:\Download1\Multi_Crop_Leaves_Disease\Multi_Crop_Leaves_Disease\Guava\Unhealthy_Guava\Fungal infection\no112.jpg,Fungal infection,83,79,55,25.14748006,83.34688193,5.565028635,98.66679427,14.839741894819548,3,8.229272115930936,8.447847791888147,398.40373300846505,5.865943543700374,4,12.451451190437556,33.02576539189007,89.3992975284932,1,32.199225982384434,1,96.26877197099832,2.7865279125394364,0.2549774906890572,0.2528321174806279,0.1026093290502521,0.2335308674249872,High_Risk
D:\Download1\Multi_Crop_Leaves_Disease\Multi_Crop_Leaves_Disease\Guava\Unhealthy_Guava\Fungal infection\no113.jpg,Fungal infection,10,9,28,29.01256899,94.01014388,6.282955073,150.0500312,24.142284407863755,1,6.485303235512436,3.811598748855274,352.6204626403467,5.289825012425604,4,5.004340767425479,34.25699110653097,168.81338534918729,2,5.569805288773994,2,82.35062333040922,1.3231094101864604,0.2790406971763748,0.2540273270785183,0.1793634519074465,0.2272297890977019,High_Risk
D:\Download1\Multi_Crop_Leaves_Disease\Multi_Crop_Leaves_Disease\Guava\Unhealthy_Guava\Fungal infection\no114.jpg,Fungal infection,22,80,20,23.00884744,18.86880997,5.669560726,100.118612,28.899088824927887,2,11.154081719571296,14.46081753888895,393.2739561830392,6.081203706903107,1,12.926192563211444,12.043661665399709,129.19948973563672,3,47.939695487588814,3,47.4563482959665,1.2825986904022488,0.224360041499199,0.2661713489458572,0.0952616811061475,0.2421252033465766,High_Risk
D:\Download1\Multi_Crop_Leaves_Disease\Multi_Crop_Leaves_Disease\Guava\Unhealthy_Guava\Fungal infection\no115.jpg,Fungal infection,116,38,34,23.29250318,50.04557009,6.020947179,183.468585,28.4397675573041,1,8.12970400936235,4.974811975921371,374.2861496672049,5.416485126000258,5,18.19092567659569,24.31642879356446,78.32780393541171,2,1.7378188762561364,2,87.93801307518771,1.9886621355781835,0.2330809849463707,0.2638559957925448,0.0605912922500093,0.2414275863479965,High_Risk
D:\Download1\Multi_Crop_Leaves_Disease\Multi_Crop_Leaves_Disease\Guava\Unhealthy_Guava\Fungal infection\no116.jpg,Fungal infection,60,68,83,19.12065218,18.43475844,6.620900869,85.52950164,21.162223655975843,2,10.407197816131974,6.778676684972607,427.2144432403287,4.967753295665488,5,12.368024962474005,54.18300583042846,114.0648347834285,1,23.72703730082816,2,1.933926945659592,1.8985416627632656,0.2797334149340327,0.2474070144215017,0.1358257043264674,0.2227036774694979,High_Risk
D:\Download1\Multi_Crop_Leaves_Disease\Multi_Crop_Leaves_Disease\Guava\Unhealthy_Guava\Fungal infection\test2.jpg,Fungal infection,32,130,196,40.66012294,81.24995984,6.372959542,74.03030056,16.96396246781107,3,6.787804831538917,12.46516202598829,391.0944074197805,5.992741677348981,3,11.077030190903615,28.09357312305769,187.90639629883864,1,44.20485697002182,2,91.99722468734572,2.871138833490689,0.1509165754910009,0.1723905031643897,0.0318214685301151,0.1514718093963294,High_Risk
D:\Download1\Multi_Crop_Leaves_Disease\Multi_Crop_Leaves_Disease\Guava\Unhealthy_Guava\Fungal infection\test4.jpg,Fungal infection,13,28,33,28.130115,95.64807631,5.686972967,151.0761899,14.66127783457232,3,11.823272625945926,19.09420673941376,361.8024913756128,8.031681659150008,4,13.56591281931902,69.65648569264833,67.56219982028082,3,47.78866496692866,1,57.92638043160563,3.295214526946238,0.2797334149340327,0.2474070144215017,0.1358257043264674,0.2227036774694979,High_Risk
D:\Download1\Multi_Crop_Leaves_Disease\Multi_Crop_Leaves_Disease\Guava\Unhealthy_Guava\Magnesium\magnes12.png,Magnesium_Deficiency,12,58,23,21.74600081,63.39503184,6.765091462,50.43306085,24.89054517424656,1,5.69655648384773,4.059310743829371,449.1241454890359,6.118478342895687,4,8.441222802212597,44.583280550703776,190.56710446391864,2,28.258862798617685,2,61.3173822263886,4.680997266645102,0.2931171152886547,0.2523505440355612,0.12562319377757,0.2390653959006623,Moderate_Risk
D:\Download1\Multi_Crop_Leaves_Disease\Multi_Crop_Leaves_Disease\Guava\Unhealthy_Guava\Magnesium\magnes13.png,Magnesium_Deficiency,93,58,38,20.61521424,83.77345559,6.932400225,279.5451717,19.56912273836052,3,8.962662837776401,17.59924760989761,430.7068862283997,5.780798200037314,4,14.367410418916537,1.2100892407415187,67.82375808154919,3,7.734178463661928,2,30.76431714255285,1.1678093088284922,0.167598555409814,0.2574812831074608,0.0901212395236716,0.2299789599106285,Moderate_Risk
D:\Download1\Multi_Crop_Leaves_Disease\Multi_Crop_Leaves_Disease\Guava\Unhealthy_Guava\Magnesium\magnes14.png,Magnesium_Deficiency,40,126,201,11.36300891,80.03100049,6.116982944,71.18289431,26.26395315703626,1,10.731730065116317,1.8646909789620916,368.8449687551723,8.610899420893688,1,5.455793986187772,24.048948421460658,182.8726660417336,3,19.08118331642,1,40.14600762842054,4.3970182868502,0.2783905430999636,0.2529842305066487,0.1147753508485719,0.2331810038788872,Moderate_Risk
D:\Download1\Multi_Crop_Leaves_Disease\Multi_Crop_Leaves_Disease\Guava\Unhealthy_Guava\Magnesium\magnes15.png,Magnesium_Deficiency,39,37,15,28.9973145,83.78911515,6.821747052,59.84499208,29.033398635116285,2,10.29776739900633,13.88035753081864,367.2667739677519,5.893271831813116,2,11.824000668712628,90.9847461249218,150.9985254746033,2,8.660981948697316,3,28.939611908199332,4.068456607549175,0.3406615696774503,0.2429330008423081,0.2047800157328925,0.227093049422024,Moderate_Risk
D:\Download1\Multi_Crop_Leaves_Disease\Multi_Crop_Leaves_Disease\Guava\Unhealthy_Guava\Magnesium\magnes16.png,Magnesium_Deficiency,120,16,51,27.99901833,91.64193051,6.547041903,23.28618248,27.211679894626176,3,10.77387706506159,1.514685825955171,373.0234971301738,9.861717075859454,1,12.791451058527269,91.3489736746868,122.47174379802878,2,15.870121676044802,2,60.88704193758638,2.466909482668857,0.1224027948746228,0.1807391846185329,0.1058905565544218,0.1495139545635362,Moderate_Risk
D:\Download1\Multi_Crop_Leaves_Disease\Multi_Crop_Leaves_Disease\Guava\Unhealthy_Guava\Magnesium\magnes17.png,Magnesium_Deficiency,15,14,8,10.01081312,90.22399223,6.22094286,119.3941064,19.209226074995136,1,10.9134946919068,9.258281069068037,445.8517001648266,5.780389747461326,3,11.294654999619391,0.7968872666747617,183.6387930341021,3,25.7767381446179,1,42.82834829120782,3.348017298965436,0.0495070425231881,0.1976372496814825,-0.0376271156063185,0.1547027575768042,Moderate_Risk
D:\Download1\Multi_Crop_Leaves_Disease\Multi_Crop_Leaves_Disease\Guava\Unhealthy_Guava\Magnesium\magnesium1.jpg,Magnesium_Deficiency,99,19,33,27.5364547,55.51673151,6.273741983,130.6377143,24.574820971757987,1,10.255972786240116,1.1263787771041511,359.0953660818536,8.77023963686544,3,11.079961320804662,32.63584569365378,189.86700450443,3,19.01309225560744,1,85.12113162671386,3.483038619705111,0.239460481227054,0.2246682792796889,0.1001259205690407,0.1885507986366688,Moderate_Risk
D:\Download1\Multi_Crop_Leaves_Disease\Multi_Crop_Leaves_Disease\Guava\Unhealthy_Guava\Magnesium\magnesium2.jpg,Magnesium_Deficiency,40,49,17,31.02215872,45.89239456,6.68727523,53.56783314,17.048585962513297,3,10.45746623924096,9.826256579033815,389.8110347339485,2.1359791206643526,6,18.85640825700944,20.75972524963624,148.17511127804087,2,7.776370569015578,2,25.65163721490693,4.72144708002484,0.3159543342442221,0.2448971475198212,0.21842126100375,0.2269726565970364,Moderate_Risk
D:\Download1\Multi_Crop_Leaves_Disease\Multi_Crop_Leaves_Disease\Guava\Unhealthy_Guava\Magnesium\magnesium3.jpg,Magnesium_Deficiency,29,68,23,24.1638445,19.27907819,5.82738029,116.7324324,27.837638914081943,2,7.430437093872976,5.281232217596992,373.5585740877172,9.896542001003835,6,8.829067521805195,93.26372329595117,142.11954544072432,1,8.128292136048126,2,63.79884929046368,4.963950522114844,0.2802488492880624,0.2586593377261879,0.1150609730584037,0.2397907824102081,Moderate_Risk
D:\Download1\Multi_Crop_Leaves_Disease\Multi_Crop_Leaves_Disease\Guava\Unhealthy_Guava\Magnesium\magnesium4.jpg,Magnesium_Deficiency,10,79,18,21.0643684,55.46985938,5.624731338,184.6226709,11.474456310853924,1,7.730261399553752,2.9450354718127603,449.3885939127531,2.1318046566072923,6,5.878450604102734,10.395513720240036,52.41205256248171,1,4.861199048302972,2,73.210630391249,4.519996524081275,0.0853276461400136,0.2239265326313127,0.0159940017616863,0.1838662648923174,Moderate_Risk
D:\Download1\Multi_Crop_Leaves_Disease\Multi_Crop_Leaves_Disease\Guava\Unhealthy_Guava\Magnesium\no(10)1.jpg,Magnesium_Deficiency,0,55,25,28.17489437,43.6672299,4.524171562,45.78172762,28.095512411051537,2,6.0274706818872446,7.0286695283335305,431.9242703409816,9.636186259991716,5,15.564519479022396,43.60529131776904,150.05138747500175,1,29.94492992452464,1,9.007733755308378,2.721114664884179,0.2336637208899354,0.2588044966161348,0.107313985034398,0.2397968207136967,Moderate_Risk
D:\Download1\Multi_Crop_Leaves_Disease\Multi_Crop_Leaves_Disease\Guava\Unhealthy_Guava\Magnesium\no(14).jpg,Magnesium_Deficiency,20,72,15,36.00415838,56.01334416,7.313517308,134.8596466,22.7039820593924,3,10.274899268364786,16.330875299203804,433.6716738575575,1.8557467592590504,2,7.703686401967665,6.418773604403083,82.76020645587563,1,9.879507351223287,1,92.15642855353462,4.943149790517502,0.2822329655462026,0.245481484018449,0.1908338404292954,0.2087397729690293,Moderate_Risk
D:\Download1\Multi_Crop_Leaves_Disease\Multi_Crop_Leaves_Disease\Guava\Unhealthy_Guava\Magnesium\no(5)1.jpg,Magnesium_Deficiency,89,47,38,25.52468965,72.24850829,6.002524871,151.8869972,17.767683965423615,2,9.24746776742683,14.680317390318269,420.1000900008126,8.75845417057526,3,7.997518618377588,52.91560582796904,90.71533074830155,2,43.10518429596646,3,69.66298346028168,2.224105952873145,0.2731323500682599,0.2392941669106476,0.1217847154772177,0.2293273275541327,Moderate_Risk
D:\Download1\Multi_Crop_Leaves_Disease\Multi_Crop_Leaves_Disease\Guava\Unhealthy_Guava\Magnesium\no115.jpg,Magnesium_Deficiency,37,23,12,31.52675982,90.50621806,6.395258356,113.1169398,25.43151559963759,1,8.984180250929612,16.16180591833384,354.88273356929244,8.40843928213271,2,14.125397025429086,89.85704123536237,65.0409171983259,3,48.55123189669431,3,54.3016431211033,2.506593669963315,0.0443018902928554,0.1871085733193785,-0.0311996700547237,0.1564030020199493,Moderate_Risk
D:\Download1\Multi_Crop_Leaves_Disease\Multi_Crop_Leaves_Disease\Guava\Unhealthy_Guava\Nitrogen\nitrofen_def.jpg,Nitrogen_Deficiency,22,16,27,29.1797902,90.27214288,6.006784979,188.9252083,21.96322763179176,2,8.547045891536722,13.787657583125714,407.7857176357071,7.653834022489334,1,18.40302388533132,51.50388237755143,170.5637601461586,3,15.543429870501813,1,55.98452929497086,2.8395605114251925,0.1885767502785817,0.1819479701930119,0.1267917885907425,0.1730957228839017,Moderate_Risk
D:\Download1\Multi_Crop_Leaves_Disease\Multi_Crop_Leaves_Disease\Guava\Unhealthy_Guava\Nitrogen\no(12).jpg,Nitrogen_Deficiency,95,7,45,27.30008597,90.80015308,6.031665834,25.09484511,29.01729669854916,1,8.319959880895988,1.2552485190838405,377.7760050319055,9.217875178450036,3,17.15816893906969,54.75705951202513,133.2209310875953,3,25.121042425294288,1,79.46693076110472,2.836914173657686,0.1647878396996178,0.2470896998851705,0.0559796976397417,0.2064885365761578,Moderate_Risk
D:\Download1\Multi_Crop_Leaves_Disease\Multi_Crop_Leaves_Disease\Guava\Unhealthy_Guava\Nitrogen\no(13).jpg,Nitrogen_Deficiency,55,66,22,30.91219459,68.79427388,7.747775263,66.63830637,29.868738998853317,2,8.323945459513116,12.443540151971284,404.896195551456,5.456156936257829,6,11.933347329514683,13.289574023746145,182.2706500419665,2,8.207947153728574,2,93.97683731601482,4.76246135702345,0.2449503170655981,0.2374728808700787,0.1028266327682163,0.2239510727181713,Moderate_Risk
D:\Download1\Multi_Crop_Leaves_Disease\Multi_Crop_Leaves_Disease\Guava\Unhealthy_Guava\Nitrogen\no(14).jpg,Nitrogen_Deficiency,61,53,43,26.40323239,81.05635517,6.349606327,223.3671883,28.761611146685205,1,10.212025418448317,5.067830179901323,387.74246291258265,9.60990064731802,4,17.63028251830553,6.947564227419035,94.50164703380148,3,31.01741999333536,1,57.30462164897895,4.556014599317104,0.1774924631679791,0.208722154121505,0.0895066590102822,0.1681969598024925,Moderate_Risk
D:\Download1\Multi_Crop_Leaves_Disease\Multi_Crop_Leaves_Disease\Guava\Unhealthy_Guava\Nitrogen\no(19).jpg,Nitrogen_Deficiency,33,31,34,31.32995611,50.22287593,5.421265283,89.78216168,27.565137396918484,2,8.30278609110212,9.275386768695682,361.1337793298358,2.540245652344579,3,19.950884386582302,11.422324882026846,120.4462779683401,2,25.848419874035176,2,19.892768163969865,1.426228460647605,0.3486207684987119,0.2314163444161996,0.1549002816852896,0.2331899988853355,Moderate_Risk
D:\Download1\Multi_Crop_Leaves_Disease\Multi_Crop_Leaves_Disease\Guava\Unhealthy_Guava\Nitrogen\no(22).jpg,Nitrogen_Deficiency,136,36,20,23.09595631,84.86275707,6.925412377,71.29581071,25.180208907319944,2,7.699290418161665,7.197522686034141,404.1230358724431,7.778894115907043,4,12.070334008191304,29.3301447773372,107.03346401279396,2,15.307644584172683,2,6.137302526801392,2.2860047366533163,0.3325162156401922,0.2438143442032926,0.1986120384299744,0.2295495292154637,Moderate_Risk
D:\Download1\Multi_Crop_Leaves_Disease\Multi_Crop_Leaves_Disease\Guava\Unhealthy_Guava\Nitrogen\no(6)1.jpg,Nitrogen_Deficiency,84,40,42,26.2830571,73.35763537,6.704273839,186.6898282,29.71032072499192,2,8.922195595344332,10.893424175552031,428.5129675237852,3.427352404866317,2,6.593802686203436,46.835185865894815,70.41464777902965,1,17.195741346948136,1,8.877128923948586,3.722566482574365,0.3259217123732905,0.2305220530920034,0.1815518611614839,0.2255395128747177,Moderate_Risk
D:\Download1\Multi_Crop_Leaves_Disease\Multi_Crop_Leaves_Disease\Guava\Unhealthy_Guava\Nitrogen\no(9)1.jpg,Nitrogen_Deficiency,60,36,43,23.43121862,83.06310136,5.286203711,219.9048349,24.8121987674652,1,7.1699310899608175,7.122173780010099,409.3179306793328,2.264515487202005,6,14.054509318880132,41.56000215352197,90.25123166275117,1,4.335156741635321,3,40.45347159293695,1.179476422724584,0.0410048140548447,0.2545379972079402,-0.0406000712071607,0.1824827633596159,Moderate_Risk
D:\Download1\Multi_Crop_Leaves_Disease\Multi_Crop_Leaves_Disease\Guava\Unhealthy_Guava\Nitrogen\no.jpg,Nitrogen_Deficiency,25,59,19,29.06631494,83.6869203,6.626629798,43.95183726,14.239136974517791,1,8.79932911515087,0.3331277200397187,418.6148778863097,6.95444629128521,1,6.013455775344818,58.65137527891166,155.6591529376839,1,16.3777903965291,2,72.42722090829294,2.096714133819357,0.3061137510905336,0.1685961825927958,0.1529219168684692,0.1458063033805567,Moderate_Risk
D:\Download1\Multi_Crop_Leaves_Disease\Multi_Crop_Leaves_Disease\Guava\Unhealthy_Guava\Nitrogen\no118.jpg,Nitrogen_Deficiency,59,55,19,31.74379487,62.51007687,7.332375138,68.97097538,18.436854100084386,2,7.677021777254691,11.882356108654577,397.8454410520954,9.667150129250674,1,16.54380697601012,93.1595494878558,198.0416735829436,1,45.58404609641952,2,80.3856593430933,3.3845534485317645,0.2704736251939677,0.2493630118727416,0.1316149149195679,0.2329566673373792,Moderate_Risk
D:\Download1\Multi_Crop_Leaves_Disease\Multi_Crop_Leaves_Disease\Guava\Unhealthy_Guava\Nitrogen\no12.jpg,Nitrogen_Deficiency,95,30,52,29.48069921,90.33698678,6.640470863,26.0365768,10.18326718307308,1,5.583184597681395,17.183991135339195,386.3280291932479,3.728589974641876,4,9.230047008175958,95.73033372942628,178.72965586230927,3,6.771111386270478,3,34.90753729071474,1.072191539279827,0.239460481227054,0.2246682792796889,0.1001259205690407,0.1885507986366688,Moderate_Risk
D:\Download1\Multi_Crop_Leaves_Disease\Multi_Crop_Leaves_Disease\Guava\Unhealthy_Guava\Nitrogen\no13.jpg,Nitrogen_Deficiency,5,62,23,27.9348279,66.45457122,4.722222454,145.3728801,20.869700420788323,1,11.27873115329217,11.28928954068938,413.7417849851939,1.6066560905842264,4,9.84355084929923,76.06371706901697,72.79471468140349,3,16.019638661857034,1,29.79462994817596,1.2732306639202835,0.2626992740947884,0.2037128109319035,0.1542547396258583,0.1888655791596425,Moderate_Risk
D:\Download1\Multi_Crop_Leaves_Disease\Multi_Crop_Leaves_Disease\Guava\Unhealthy_Guava\phosphorus\no(1).jpg,Phosphorus_Deficiency,7,63,24,19.55750776,64.45268309,6.818681086,53.04669416,28.703481602002075,1,6.989636769606996,18.27946227694952,384.88349336278617,2.670690451669968,6,6.679976796214723,79.41792450521413,157.9013663391306,1,44.86167898991568,3,30.40239450327969,1.0848313235463038,0.3538895799000042,0.2427065187446233,0.1498499206072622,0.2364734568357472,Moderate_Risk
D:\Download1\Multi_Crop_Leaves_Disease\Multi_Crop_Leaves_Disease\Guava\Unhealthy_Guava\phosphorus\no(10).jpg,Phosphorus_Deficiency,13,75,20,30.55992394,35.29006485,6.979540061,178.8998611,11.99450787833964,2,9.72952489364852,10.08290175539778,378.2325483923352,4.519431539600638,2,13.24111529061029,76.03519712258641,104.24454508478487,3,46.41671992721479,1,31.291135751010167,2.0864030250017445,0.0409677799958357,0.1819086387048688,-0.033709415627995,0.1502057124382393,Moderate_Risk
D:\Download1\Multi_Crop_Leaves_Disease\Multi_Crop_Leaves_Disease\Guava\Unhealthy_Guava\phosphorus\no(11).jpg,Phosphorus_Deficiency,31,13,33,27.63834933,95.48763389,5.85971872,205.5463111,12.574152069211795,2,10.7480932106707,7.610724490453656,422.4297040073561,8.401641427601552,5,5.5423792205635785,21.559675242408115,80.29805841517742,3,25.129455553620797,3,49.655719050317735,2.339315172874972,0.2780206357388302,0.2626632274064254,0.1292162634146313,0.2325004967748434,Moderate_Risk
D:\Download1\Multi_Crop_Leaves_Disease\Multi_Crop_Leaves_Disease\Guava\Unhealthy_Guava\phosphorus\no(13).jpg,Phosphorus_Deficiency,60,58,37,26.13871511,79.1188943,6.067302109,171.4892533,26.41942634413939,3,11.361445878468135,15.662910187543815,435.75884997288887,9.404974771471563,1,10.270208953810023,93.59315801966028,199.34446417920003,1,12.108435535070022,1,64.09621659221952,2.932772605210914,0.2458360165738611,0.2583816460757159,0.1331471351454263,0.2364737576218877,Moderate_Risk
D:\Download1\Multi_Crop_Leaves_Disease\Multi_Crop_Leaves_Disease\Guava\Unhealthy_Guava\phosphorus\no(2).jpg,Phosphorus_Deficiency,88,21,27,24.43011925,66.02411187,7.231166546,181.6368274,26.454242212497533,1,8.068528842901864,11.58470558286256,419.9904782249104,8.129205417413557,2,7.470654004508477,54.98857936836136,66.89124515598157,3,19.263454889800546,2,67.34876070877073,3.218585099934662,0.0609933615357023,0.2670108481498826,-0.031795968545849,0.1819224416740979,Moderate_Risk
D:\Download1\Multi_Crop_Leaves_Disease\Multi_Crop_Leaves_Disease\Guava\Unhealthy_Guava\phosphorus\no(21).jpg,Phosphorus_Deficiency,2,129,201,22.78234161,94.36803516,5.682343744,122.1449949,18.113655543784688,3,6.865101788809612,1.0446668077159238,378.9333206442151,4.467042679252787,3,12.949364810746566,64.69117238501696,80.76446303613021,1,2.19651743292249,1,16.344431172361663,4.855056584467276,0.2408681720142856,0.2439769244527121,0.1370431233801596,0.2094020755892864,Moderate_Risk
D:\Download1\Multi_Crop_Leaves_Disease\Multi_Crop_Leaves_Disease\Guava\Unhealthy_Guava\phosphorus\no(3).jpg,Phosphorus_Deficiency,52,68,78,17.48504075,16.96070581,6.89655198,86.05078037,24.623966249910847,2,8.109775352355642,9.509722211659684,424.1117933015513,7.346606373702374,3,6.1778462020034,0.9029841632646972,109.26400411388622,3,40.950019979554895,3,35.022759272092884,2.6365560044084133,0.188578516031987,0.2458282715541939,0.0512998221291121,0.1991149764075516,Moderate_Risk
D:\Download1\Multi_Crop_Leaves_Disease\Multi_Crop_Leaves_Disease\Guava\Unhealthy_Guava\phosphorus\no(4).jpg,Phosphorus_Deficiency,14,37,15,27.96235681,83.97586797,6.581351374,48.9366954,24.404918822352524,3,7.121041597292145,18.21332158201602,384.344735927687,2.878720402127975,4,8.180664789164245,67.24167478095501,109.80672690326148,2,41.33611866456904,3,6.580660894974011,4.800520508152797,0.264145394927437,0.2438675656749681,0.1046819245543362,0.2328539300626018,Moderate_Risk
D:\Download1\Multi_Crop_Leaves_Disease\Multi_Crop_Leaves_Disease\Guava\Unhealthy_Guava\phosphorus\no(5).jpg,Phosphorus_Deficiency,17,64,16,30.97758716,32.24914235,7.161797643,180.716828,25.40139350951928,2,9.84026577450224,11.0558953227463,421.3787840402241,4.467365023408394,4,7.775680962849811,22.122644926632905,62.69417794902066,1,38.97688611275558,1,37.44007681099788,4.429394728511054,0.3294352234607689,0.2400163840159289,0.180367134677727,0.2079749048874892,Moderate_Risk
D:\Download1\Multi_Crop_Leaves_Disease\Multi_Crop_Leaves_Disease\Guava\Unhealthy_Guava\phosphorus\no(6).jpg,Phosphorus_Deficiency,97,22,26,23.60567546,59.68849145,6.074190142,185.1568059,12.621666672039906,3,6.91387497730444,17.355367751534445,369.746464940774,4.832714863950471,5,19.566175484160148,38.85909183357593,180.4040271237194,3,42.53396483974716,3,84.74198522321528,2.697325550662706,0.2999908218418688,0.2600072790984676,0.1969379833748096,0.2264746608813793,Moderate_Risk
D:\Download1\Multi_Crop_Leaves_Disease\Multi_Crop_Leaves_Disease\Guava\Unhealthy_Guava\phosphorus\no(7).jpg,Phosphorus_Deficiency,37,62,17,25.68576704,69.84354028,7.121254928,74.62068748,20.951075117301148,1,9.075074750605662,14.961016299953304,433.3421811734861,8.012997123792033,4,9.340832653703146,79.46337659585481,199.25068069960747,1,22.367383168793044,3,82.755005274053,2.1699689484594478,0.3116058498433412,0.2442374159652877,0.1431502344702052,0.2313707658222183,Moderate_Risk
D:\Download1\Multi_Crop_Leaves_Disease\Multi_Crop_Leaves_Disease\Guava\Unhealthy_Guava\phosphorus\no(8).jpg,Phosphorus_Deficiency,41,69,82,20.02381489,16.63294455,6.715587232,68.97806542,28.250741125292,2,6.918300610057977,7.1339305723449975,371.7952683514761,9.644479873220307,2,11.276553952503424,39.82218398020191,143.98815300871024,2,35.64737313376752,1,23.94888080249505,3.30853536441194,0.0609933615357023,0.2670108481498826,-0.031795968545849,0.1819224416740979,Moderate_Risk
D:\Download1\Multi_Crop_Leaves_Disease\Multi_Crop_Leaves_Disease\Guava\Unhealthy_Guava\phosphorus\no(9).jpg,Phosphorus_Deficiency,100,52,19,23.45969093,82.44777468,7.903528673,93.50153555,18.14693937063096,1,6.259547853655869,18.71049916374301,358.3806884002048,7.903640036293845,6,19.12519490700633,11.593773261884088,101.24255467488209,2,29.8112756733523,2,47.26517324644933,1.1178466486469365,0.2485617124730027,0.2590325506816395,0.0939180050786174,0.2274439236497007,Moderate_Risk
D:\Download1\Multi_Crop_Leaves_Disease\Multi_Crop_Leaves_Disease\Guava\Unhealthy_Guava\phosphorus\no117.jpg,Phosphorus_Deficiency,89,85,55,26.6719835,76.48541655,6.275384607,91.73358569,23.961921889132327,2,9.489963537005456,6.471867507081958,434.6634446272299,7.132663443718712,5,14.230284349836808,14.554253532748984,169.99995393891058,3,3.0680263490406534,3,1.1244899065431468,1.8627753862482053,0.241891911423136,0.2529161088300949,0.1102360972575072,0.2303027437988696,Moderate_Risk
D:\Download1\Multi_Crop_Leaves_Disease\Multi_Crop_Leaves_Disease\Guava\Unhealthy_Guava\phosphorus\phosphoreus.jpg,Phosphorus_Deficiency,28,58,81,17.47500984,16.54314829,6.18042747,93.35034262,12.154437978074892,1,6.789587059964622,16.672068071226292,396.1329714869652,4.5995278560711546,3,15.010946080969951,53.56735875923256,64.51951608323938,3,49.7797569179059,2,64.45630231612026,3.41867786828623,0.2893795479460609,0.1906915147484287,0.1288556813902201,0.1684951579369566,Moderate_Risk
D:\Download1\Multi_Crop_Leaves_Disease\Multi_Crop_Leaves_Disease\Guava\Unhealthy_Guava\pottasium\no(10).jpg,Potassium_Deficiency,14,67,22,23.82576704,24.75485098,5.624690248,84.64143632,12.722751429431252,2,10.8598614900021,4.411364744465427,425.529683412225,8.048016731838128,3,8.698478608437254,53.95645729278493,126.71016693926956,3,25.75534366802521,2,34.38465248860507,4.602850525310867,0.0262155449077294,0.1919721506224202,-0.018864395536896,0.1568379110146954,Moderate_Risk
D:\Download1\Multi_Crop_Leaves_Disease\Multi_Crop_Leaves_Disease\Guava\Unhealthy_Guava\pottasium\no(15).jpg,Potassium_Deficiency,28,65,23,28.38686534,61.88871127,7.405176138,74.24459122,22.94600596496226,1,7.378597506846579,18.590630674987302,384.3919174963336,8.825775089728321,4,19.474085239815928,39.80771504628736,50.20999036684216,2,18.73129367804544,1,62.23478576736365,1.2005054953406191,0.2885332292790626,0.2484378369759524,0.1863656659059002,0.2256882150249277,Moderate_Risk
D:\Download1\Multi_Crop_Leaves_Disease\Multi_Crop_Leaves_Disease\Guava\Unhealthy_Guava\pottasium\no(17).jpg,Potassium_Deficiency,29,17,29,29.20394909,95.66997327,5.959493188,211.2506267,17.79403942451213,3,6.892845591645347,7.873028092137615,401.420922363291,6.707536762907776,3,15.150744603270615,40.03812129918569,185.57782693209828,1,48.23867219694311,1,65.45209666101243,2.445839470804731,0.0594643148665171,0.1895202072675048,-0.0356885945748043,0.1659279141245568,Moderate_Risk
D:\Download1\Multi_Crop_Leaves_Disease\Multi_Crop_Leaves_Disease\Guava\Unhealthy_Guava\pottasium\no(18).jpg,Potassium_Deficiency,31,37,21,27.23924995,86.404241,6.713410626,37.31236904,24.38779630113764,1,5.365232708100329,7.539806865431437,410.4670240035616,3.9413545681230846,5,8.624616941496363,21.98784782998433,160.4323649637663,1,2.190211023804012,2,86.96029693351545,3.0737056419770705,0.1104100944424889,0.263582507026794,0.008987166405131,0.2147934770450874,Moderate_Risk
D:\Download1\Multi_Crop_Leaves_Disease\Multi_Crop_Leaves_Disease\Guava\Unhealthy_Guava\pottasium\no(3).jpg,Potassium_Deficiency,8,133,195,20.46657776,80.97598029,6.456079585,71.29813872,28.33684740894858,1,7.62774362566026,4.038708118048183,362.99164315482886,7.832591130601337,1,10.376261475908896,20.175634961200505,166.9901505026583,1,0.7892802288247291,2,82.53756676856794,3.696058493944716,0.3492290058126367,0.2335340248631689,0.2038051225413373,0.2273267375812586,Moderate_Risk
D:\Download1\Multi_Crop_Leaves_Disease\Multi_Crop_Leaves_Disease\Guava\Unhealthy_Guava\pottasium\no(5).jpg,Potassium_Deficiency,7,40,17,31.2123945,40.92604945,8.532078733,53.78769958,17.69495169682302,2,10.086239746582743,11.552296876402464,405.94158883996624,2.591764083351064,1,17.976091007509233,49.7830802187736,100.9275705422738,1,31.09959910432035,2,60.587880462409686,1.9355313013043796,0.2406021588420057,0.2328317529636904,0.1193663330965081,0.2056884453002807,Moderate_Risk
D:\Download1\Multi_Crop_Leaves_Disease\Multi_Crop_Leaves_Disease\Guava\Unhealthy_Guava\pottasium\no(6).jpg,Potassium_Deficiency,120,23,28,25.67324193,51.29043632,6.877799264,196.2736367,21.98237866520371,1,8.403351292704773,11.133358666191604,384.4297077162644,5.911817507142141,4,15.379318695467202,95.03373072027792,171.98740161433886,2,40.042576134251775,2,64.22533392921035,4.53711817253506,0.1194579363886923,0.2270891232081161,-0.0471363110572283,0.1615135672187046,Moderate_Risk
D:\Download1\Multi_Crop_Leaves_Disease\Multi_Crop_Leaves_Disease\Guava\Unhealthy_Guava\pottasium\no(7).jpg,Potassium_Deficiency,36,61,21,34.53823889,39.04468913,5.617008201,168.5948318,17.175231257937416,2,5.17609379355275,15.794662985790032,381.14090935232247,4.64800613414549,3,12.858562908312669,64.13971403172899,140.8788773030001,3,14.957078827033865,2,69.05478630822344,1.8626027002045924,0.2707999407821486,0.2306889187584377,0.3443549846638247,0.1679874634385027,Moderate_Risk
D:\Download1\Multi_Crop_Leaves_Disease\Multi_Crop_Leaves_Disease\Guava\Unhealthy_Guava\pottasium\no(8).jpg,Potassium_Deficiency,103,33,25,27.10210397,55.7497332,6.911066044,139.5013171,15.577928881206464,3,11.050800992437654,6.396214529677968,374.8130436211387,9.630145044867614,4,12.729657811177278,61.64521246539113,93.76314280269176,1,42.78385548913406,1,25.125033705292378,4.838865636424938,0.1885150979295672,0.1807468629298206,0.1272944738931642,0.1728083247877492,Moderate_Risk
D:\Download1\Multi_Crop_Leaves_Disease\Multi_Crop_Leaves_Disease\Guava\Unhealthy_Guava\pottasium\no(9).jpg,Potassium_Deficiency,35,64,15,28.47442276,63.53604453,6.500144962,69.5274407,20.113293079539623,1,5.063887239785832,3.878962623720412,371.2992317284297,7.598530598745731,6,12.64317568134402,24.72035450108878,135.49984369999714,3,46.23666004424658,2,57.24122257162016,2.7098829578931527,0.3059136883892304,0.248130481359388,0.1608305351660706,0.2340054518168561,Moderate_Risk
D:\Download1\Multi_Crop_Leaves_Disease\Multi_Crop_Leaves_Disease\Guava\Unhealthy_Guava\pottasium\no.jpg,Potassium_Deficiency,88,29,51,24.71885473,88.94568335,6.095689937,48.45978627,20.02658110656892,3,9.375478185503688,10.31176461654772,411.3653356542639,7.185595573512529,4,12.97604300804192,51.9748868593766,190.4045172655387,3,25.74300943332897,3,92.3988818325925,2.491773188485261,0.1543886316108725,0.1691032886225796,0.0882189739370302,0.1494257136908455,Moderate_Risk
D:\Download1\Multi_Crop_Leaves_Disease\Multi_Crop_Leaves_Disease\Guava\Unhealthy_Guava\pottasium\pottassium5.jpg,Potassium_Deficiency,113,15,29,27.09617155,63.55324262,6.779230041,190.2440566,26.8667605830191,1,10.33057406192339,14.829222126888844,423.3618374428057,6.6541564946165135,2,12.108328252368707,91.98233865959496,60.64298108777543,1,1.5118172905314031,2,96.0694370885398,3.858408927614959,0.1430175762516661,0.1800497282773631,0.0334165232615572,0.1572763763367763,Moderate_Risk
D:\Download1\Multi_Crop_Leaves_Disease\Multi_Crop_Leaves_Disease\Guava\Unhealthy_Guava\pottasium\pottassium6.jpg,Potassium_Deficiency,91,7,52,25.07803672,83.46230461,6.405054243,56.39962921,12.398640117408124,1,10.868039920191867,17.316863646839987,419.6800277593165,6.613028074714131,4,6.798963137732608,86.24981188262514,188.82342966762656,1,6.203623365148419,1,80.63467938126219,3.832518319734594,0.3264500663045614,0.2310191756905625,0.1442676251510492,0.2325704246706492,Moderate_Risk
D:\Download1\Multi_Crop_Leaves_Disease\Multi_Crop_Leaves_Disease\Guava\Unhealthy_Guava\pottasium\pottassium7.jpg,Potassium_Deficiency,32,70,20,20.89342749,46.24856523,6.208843215,195.5697875,16.034651062413694,2,7.597466618249813,18.09252224578785,444.4346372200027,7.488783633732893,4,17.358501503782144,54.96703957988509,56.246533803522006,2,30.48635653692184,1,7.968255405879954,4.676194814949666,0.3325162156401922,0.2438143442032926,0.1986120384299744,0.2295495292154637,Moderate_Risk
D:\Download1\Multi_Crop_Leaves_Disease\Multi_Crop_Leaves_Disease\Guava\Unhealthy_Guava\pottasium\pottassium8.jpg,Potassium_Deficiency,90,40,39,25.72668885,81.86171563,6.626503893,191.9649389,29.94912784213244,3,5.396148610190196,13.511455649060968,377.2772137178462,4.034119518122074,2,5.500704440738595,16.871414166767686,106.32891145592926,1,7.417749045577294,1,1.4315976075256698,4.049714365698599,0.3191698996701315,0.2262528184812811,0.1352674817310186,0.2318159983447971,Moderate_Risk
D:\Download1\Multi_Crop_Leaves_Disease\Multi_Crop_Leaves_Disease\Guava\Unhealthy_Guava\pottasium\test1.jpg,Potassium_Deficiency,92,21,48,25.81692236,82.043255,6.377427122,54.82963379,19.777561369107943,3,6.3803952441017,16.717455024668855,432.2430466489977,3.494754945175141,4,8.603747389969428,5.923853939317436,74.06432056298912,1,36.43048610228846,2,31.13373207034348,4.819795995897783,0.2706677808193118,0.2431986158843512,0.1185061790352746,0.2315650932846777,Moderate_Risk
D:\Download1\Multi_Crop_Leaves_Disease\Multi_Crop_Leaves_Disease\Guava\Unhealthy_Guava\pottasium\WhatsApp Image 2026-03-31 at 11.17.31 AM.jpeg,Potassium_Deficiency,57,60,84,19.1034283,17.26184541,6.586777189,75.49101167,26.772502737496232,2,10.74922772371636,19.822042342362703,408.3103542305387,4.7958284134777225,1,11.52580421177343,6.868434212639296,96.524692677145,1,12.114823267848374,1,63.088957441034566,4.574147963115351,0.2489956433917029,0.238795804168451,0.0722113933560209,0.232945111968667,Moderate_Risk
D:\Download1\Multi_Crop_Leaves_Disease\Multi_Crop_Leaves_Disease\Guava\Unhealthy_Guava\Rust_fungal\rust1.jpg,Rust_fungal,75,53,18,20.68899915,59.4375337,6.864793607,103.651438,15.481196021626536,3,7.958415540105081,3.34396082120066,421.30261683249614,3.909939612493895,3,15.249649775290164,98.6789299589765,96.76359102397306,1,5.056436652040841,1,67.94038247613823,2.389896602465805,0.1757592261878848,0.175535687040372,0.1123170401014153,0.1620454657315171,High_Risk
D:\Download1\Multi_Crop_Leaves_Disease\Multi_Crop_Leaves_Disease\Guava\Unhealthy_Guava\Rust_fungal\rust12.png,Rust_fungal,91,7,52,25.07803672,83.46230461,6.405054243,56.39962921,12.398640117408124,1,10.868039920191867,17.316863646839987,419.6800277593165,6.613028074714131,4,6.798963137732608,86.24981188262514,188.82342966762656,1,6.203623365148419,1,80.63467938126219,3.832518319734594,0.2730136608807161,0.1637667555702561,0.1342792353045481,0.1509888344817751,High_Risk
D:\Download1\Multi_Crop_Leaves_Disease\Multi_Crop_Leaves_Disease\Guava\Unhealthy_Guava\Rust_fungal\rust13.png,Rust_fungal,117,86,48,28.6956201,82.54195839,6.225225239,116.1616839,15.90121818968138,3,8.10181375136421,18.493177746157844,382.4990238811133,9.418732172400192,2,17.009024862016155,16.464097955123457,142.8194488043616,3,32.97119291197221,3,20.17154561766328,3.887821955847501,0.2417466386153199,0.2499797695316607,0.0907289917289768,0.2320499714768009,High_Risk
D:\Download1\Multi_Crop_Leaves_Disease\Multi_Crop_Leaves_Disease\Guava\Unhealthy_Guava\Rust_fungal\rust14.png,Rust_fungal,36,44,21,25.12528913,51.33189406,4.516154055,38.48678973,14.113912935636186,2,11.688404534076582,0.8382972158191615,432.3707533391421,9.152760416666991,2,6.36204527369882,94.55457597577266,134.54231677349554,3,1.7830325527044888,3,71.2902252473865,1.6608205131010876,0.2836385915322745,0.2342608634816543,0.1265983849350097,0.2228744401321093,High_Risk
D:\Download1\Multi_Crop_Leaves_Disease\Multi_Crop_Leaves_Disease\Guava\Unhealthy_Guava\Rust_fungal\rust15.png,Rust_fungal,34,60,16,31.35730791,64.24992106,7.322555223,63.85668948,22.9996416547392,2,7.824448877768872,7.424200339667539,389.1864655376613,7.471551355793187,4,8.378453168178808,95.00709364141632,191.11147527632264,1,10.150818325071551,2,46.31510329987676,3.099273055923887,0.2706677808193118,0.2431986158843512,0.1185061790352746,0.2315650932846777,High_Risk
D:\Download1\Multi_Crop_Leaves_Disease\Multi_Crop_Leaves_Disease\Guava\Unhealthy_Guava\Rust_fungal\rust16.png,Rust_fungal,111,27,31,23.59302313,55.27564977,6.043330951,191.3980675,27.915403777453815,1,11.579607701972815,10.88040158255234,394.31605037234056,5.00134330151204,6,8.35909361772702,12.22318417041006,158.2043406876614,3,3.446747772795178,2,28.642625753517382,2.3926696995845544,0.2088278431302827,0.2721049099514991,0.0903689676484796,0.229466606340237,High_Risk
D:\Download1\Multi_Crop_Leaves_Disease\Multi_Crop_Leaves_Disease\Guava\Unhealthy_Guava\Rust_fungal\rust17.png,Rust_fungal,80,18,31,24.02952505,58.84880599,7.303033217,134.6803969,18.438362596834462,2,7.521657810214986,5.134494634741458,422.2391345728312,4.964124613131999,6,15.878609245039211,31.095419628381915,91.95561593563122,2,20.524902772071545,1,78.23544150287918,3.349037836178612,0.2269619255507169,0.2518344658525333,0.0903663977465767,0.233559006547645,High_Risk
D:\Download1\Multi_Crop_Leaves_Disease\Multi_Crop_Leaves_Disease\Guava\Unhealthy_Guava\Rust_fungal\rust18.png,Rust_fungal,55,77,22,31.4345059,62.99303471,7.76061831,64.77651469,21.925867768493475,3,8.591762668504018,0.5018563557163569,404.6724396796241,7.114980253269617,2,9.559749753370513,61.07592178820267,152.8117827755376,3,29.4882690666738,3,13.225173500543496,3.0299246218877687,0.1748292157307427,0.2180924153472521,0.0621720804300831,0.1939771046683829,High_Risk
D:\Download1\Multi_Crop_Leaves_Disease\Multi_Crop_Leaves_Disease\Guava\Unhealthy_Guava\Rust_fungal\rust20.png,Rust_fungal,86,55,21,21.54156232,59.64024162,6.803931519,109.7515385,25.40648231124742,2,5.421761267587175,13.953796326708794,422.9332074015874,7.539780823844976,1,14.528664099794987,33.132219921217384,177.3899730581817,3,40.20983673008141,3,48.45018632155897,2.5564549267760683,0.2973245641592897,0.1379085582488776,0.209730293735097,0.1219559162239451,High_Risk
D:\Download1\Multi_Crop_Leaves_Disease\Multi_Crop_Leaves_Disease\Guava\Unhealthy_Guava\Rust_fungal\rust3.jpg,Rust_fungal,82,23,49,26.81383586,87.21986949,6.873283991,51.70497792,13.800710213243498,3,6.476821898514528,11.274558870972111,404.01856522110864,4.874897410088316,5,11.939953025453915,6.142642961606592,72.2049318713776,3,46.0158749531781,1,10.508562689161383,2.2289030560828893,0.1104100944424889,0.263582507026794,0.008987166405131,0.2147934770450874,High_Risk
D:\Download1\Multi_Crop_Leaves_Disease\Multi_Crop_Leaves_Disease\Guava\Unhealthy_Guava\Rust_fungal\test1.jpg,Rust_fungal,38,6,25,25.54963273,96.92786777,6.156259104,191.2996157,21.81278116743666,1,7.431273146946202,14.411416824973784,440.0249011381589,8.703555589340887,1,18.16500726557228,10.201279321839763,198.7775467148289,1,26.306940796964263,2,52.04284193630134,4.943596368297641,0.2817669606647497,0.2435102097429992,0.1733668121978991,0.228551734536775,High_Risk
D:\Download1\Multi_Crop_Leaves_Disease\Multi_Crop_Leaves_Disease\Papaya\Healthy_papaya\download (1).jpg,Healthy,69,46,41,23.64124821,80.28597873,5.012139669,263.1103304,18.880685233418696,2,10.831767020718932,15.844308334520589,428.4283883385776,8.275411802198768,6,7.040859781572888,66.47197175806218,161.1511192985543,2,11.679116871575934,1,43.387930202188144,3.100221279464048,0.2449503170655981,0.2374728808700787,0.1028266327682163,0.2239510727181713,Healthy
D:\Download1\Multi_Crop_Leaves_Disease\Multi_Crop_Leaves_Disease\Papaya\Healthy_papaya\download (2).jpg,Healthy,91,21,26,26.33377983,57.36469955,7.261313694,191.6549412,16.916588897200498,3,8.322250326195732,12.489344587899271,383.7683486342638,9.284903975541589,5,14.08058697043257,38.817196672062025,194.40826186030029,2,34.60445014220267,3,80.5965801827112,4.054186324487022,0.235829727679894,0.2637893871152011,0.1504675487620481,0.2294901950734217,Healthy
D:\Download1\Multi_Crop_Leaves_Disease\Multi_Crop_Leaves_Disease\Papaya\Healthy_papaya\download (3).jpg,Healthy,94,5,55,28.5854649,91.89216849,6.085682344,26.88372572,27.222030667553973,1,6.331846341198947,12.84419977532843,441.65408157463065,6.209082053990619,6,11.99446675948649,60.352928621981135,190.863552769897,2,32.83311093761836,2,56.997686397369954,3.238840467391426,0.1098579175989218,0.1938677018558514,0.0264283273523151,0.1640345053857025,Healthy
D:\Download1\Multi_Crop_Leaves_Disease\Multi_Crop_Leaves_Disease\Papaya\Healthy_papaya\download.jpg,Healthy,36,67,77,18.36952567,19.56381041,7.152811172,79.26357665,17.398324281444683,3,8.922137133747439,5.893234491062076,358.1794686531044,1.791547617798237,4,6.416859995791264,91.48492904898316,50.23297973155482,2,34.14144683496081,2,90.47890613120232,4.345380240659991,0.2696265869102576,0.2471832387901456,0.1529573854065015,0.2068291141128475,Healthy
D:\Download1\Multi_Crop_Leaves_Disease\Multi_Crop_Leaves_Disease\Papaya\Healthy_papaya\flora-file.jpg,Healthy,119,30,28,26.35770906,64.57578034,6.505203696,163.6269496,29.312188107723514,3,11.319390083366883,9.53472545785585,364.8397279643288,6.022753528950439,6,5.519763549834372,3.797893955160802,174.3271360684962,2,31.00986223929836,1,9.489044280624093,3.5030056677317405,0.3084980971943827,0.2604660044915257,0.1780076627381013,0.2296548869587603,Healthy
D:\Download1\Multi_Crop_Leaves_Disease\Multi_Crop_Leaves_Disease\Papaya\Healthy_papaya\green-papaya-leaves-525.jpg,Healthy,83,60,36,25.59704938,80.14509262,6.903985986,200.834898,23.532235559361865,3,8.76691037407468,8.119286466905507,401.04588920009286,8.410945628340926,1,5.545100233843027,86.37193496156841,74.7326110897238,1,6.334056913628555,1,88.2559796343018,4.937216070656682,0.2961934478066261,0.2402187054251092,0.1891135216288548,0.2288819780925577,Healthy
D:\Download1\Multi_Crop_Leaves_Disease\Multi_Crop_Leaves_Disease\Papaya\Healthy_papaya\Healthy papaya.jpg,Healthy,113,41,20,25.0017188,80.53965818,7.256877571,96.32600992,16.55843681624998,2,8.579862214019014,16.405636456180986,395.5142655898112,7.794219005255698,5,5.819710634487638,31.63598794615073,178.67179927151457,1,10.835636642198264,3,36.0268631433922,4.556578168541916,0.3294352234607689,0.2400163840159289,0.180367134677727,0.2079749048874892,Healthy
D:\Download1\Multi_Crop_Leaves_Disease\Multi_Crop_Leaves_Disease\Papaya\Healthy_papaya\IMG-20260324-WA0019.jpg,Healthy,87,28,30,25.60153969,68.66257977,6.536676653,168.8383605,13.881553404963675,2,5.686624894851892,15.176478570438343,379.33956966204863,4.50524847018094,4,15.615052141826004,23.850571517281704,148.19280414683715,3,16.812477345191922,1,98.92645001277512,1.1590750571469184,0.2064143504139024,0.1902237157976213,0.1493057537514788,0.1641974387785951,Healthy
D:\Download1\Multi_Crop_Leaves_Disease\Multi_Crop_Leaves_Disease\Papaya\Healthy_papaya\IMG-20260324-WA0023.jpg,Healthy,25,68,19,29.39982732,64.25510719,7.108450121,67.47677295,18.26070172110823,1,6.781280908845157,9.55901640308984,444.36665929263415,2.8410066857905307,5,12.104943995977468,33.11682171143,75.06525515108467,3,12.644526969690215,2,65.8144512106195,2.476153478214783,0.206659179017266,0.2599201347777303,0.0959575286991554,0.2326937725300763,Healthy
D:\Download1\Multi_Crop_Leaves_Disease\Multi_Crop_Leaves_Disease\Papaya\Healthy_papaya\IMG-20260324-WA0035.jpg,Healthy,88,21,27,24.43011925,66.02411187,7.231166546,181.6368274,26.454242212497533,1,8.068528842901864,11.58470558286256,419.9904782249104,8.129205417413557,2,7.470654004508477,54.98857936836136,66.89124515598157,3,19.263454889800546,2,67.34876070877073,3.218585099934662,0.1885767502785817,0.1819479701930119,0.1267917885907425,0.1730957228839017,Healthy
D:\Download1\Multi_Crop_Leaves_Disease\Multi_Crop_Leaves_Disease\Papaya\Healthy_papaya\IMG-20260324-WA0038.jpg,Healthy,106,46,20,23.43821725,78.63388824,6.200671976,81.15072105,22.22145513378657,2,6.671864132446136,14.605737127677894,387.552957685502,6.992197099951964,4,13.430313343292774,17.55642366934844,136.9636866266148,3,7.237031439759711,3,81.89093856093395,3.245223116980456,0.2335999928496786,0.2545037641668573,0.1048587621248318,0.2324677992866287,Healthy
D:\Download1\Multi_Crop_Leaves_Disease\Multi_Crop_Leaves_Disease\Papaya\Healthy_papaya\IMG-20260324-WA0042.jpg,Healthy,115,48,16,25.54359718,84.09229796,7.175934962,88.94245493,13.534667485478328,1,7.174165988779304,19.04331529167664,424.1510879875234,8.774174910090501,3,11.448186446270526,70.12886318669163,104.4420320671254,3,32.933887648066026,3,69.79383095899672,1.5994700009596778,0.2797334149340327,0.2474070144215017,0.1358257043264674,0.2227036774694979,Healthy
D:\Download1\Multi_Crop_Leaves_Disease\Multi_Crop_Leaves_Disease\Papaya\Healthy_papaya\IMG-20260324-WA0043.jpg,Healthy,33,77,15,23.89736406,66.32102048,7.802212437,40.74536757,16.843666120790946,3,11.634115816262156,4.964019382638066,426.9932412151866,4.104704264912611,5,9.372103560946316,76.54885794351736,109.46735374335653,3,25.16698073628958,2,38.23503718670073,2.129619540343404,0.1664452421125406,0.1917470904952496,0.1241027836406016,0.1489032438284267,Healthy
D:\Download1\Multi_Crop_Leaves_Disease\Multi_Crop_Leaves_Disease\Papaya\Healthy_papaya\IMG-20260324-WA0044.jpg,Healthy,27,56,20,19.25975367,20.51346956,5.542690119,94.9533526,21.357883024408736,1,10.562753713053196,13.063349479867332,438.0898894077818,9.114575768465874,6,5.630244658003872,4.357310345089138,101.67694295009824,3,26.490806597263955,3,93.1934393698682,3.168137457139605,0.2746427329900849,0.2273588960513272,0.1264506191986833,0.2178794722800705,Healthy
D:\Download1\Multi_Crop_Leaves_Disease\Multi_Crop_Leaves_Disease\Papaya\Healthy_papaya\IMG_4851(1).jpg,Healthy,57,57,51,39.01793345,91.48815629,6.99223441,105.8841531,21.400903958536936,1,7.844285145399443,15.35247668810769,421.8725514997335,2.2279379242233213,4,18.170863322480024,24.70869650119084,184.73272952225392,1,35.70284525558453,2,59.05815825970737,2.198677305316353,0.2312050898314885,0.2329325333473289,0.1251034894366806,0.2073777625023294,Healthy
D:\Download1\Multi_Crop_Leaves_Disease\Multi_Crop_Leaves_Disease\Papaya\Healthy_papaya\IMG_4851.jpg,Healthy,54,62,80,17.48911699,16.39055394,7.489545074,79.45758333,13.320788058022774,3,8.28679838193019,17.709909465858225,365.2646258124796,4.593647019650798,5,13.142181692018005,96.80566279680208,174.13136626885782,1,12.41189669791684,3,44.19784943857603,3.5850183919945056,0.2472965767280733,0.2219410876093169,0.1523451725954112,0.1854102966039161,Healthy
D:\Download1\Multi_Crop_Leaves_Disease\Multi_Crop_Leaves_Disease\Papaya\Healthy_papaya\IMG_4871.jpg,Healthy,18,12,35,26.13958446,96.38580769,6.338720873,131.3387935,29.57022162944702,3,8.093444382471684,19.242312233300066,397.6369543558951,8.0764411364167,5,19.70732659938346,55.07184725605968,177.2173099167901,3,5.571976682300289,1,93.42226807802852,3.5274405228635906,0.2783548785805821,0.2336903425027017,0.1582969971528675,0.2241844096923986,Healthy
D:\Download1\Multi_Crop_Leaves_Disease\Multi_Crop_Leaves_Disease\Papaya\Healthy_papaya\IMG_4872.jpg,Healthy,31,48,17,28.88078945,86.94206817,6.594739424,53.79732545,11.402539356998794,3,11.355889337197498,8.03394412668489,420.58124228902943,3.1194214845378494,4,6.629019063650249,69.56757292010822,162.2115142975116,2,47.66023781223692,2,69.76822623845096,3.177945054129654,0.2587702011005153,0.2462995326646494,0.0950281639118361,0.2354249306057356,Healthy
D:\Download1\Multi_Crop_Leaves_Disease\Multi_Crop_Leaves_Disease\Papaya\Healthy_papaya\IMG_8740.jpg,Healthy,81,45,35,26.52872817,80.12267476,6.158376967,218.9163567,10.664596611430836,3,10.30512371925064,1.9802437947808715,383.25166153387386,5.786553038348169,2,12.463467033144376,21.71469305735925,165.79366141632315,1,12.37146533845328,2,12.092905072536308,2.5105887784097,0.2633293767453621,0.1506667560915206,0.1698849363328183,0.1366967575116895,Healthy
D:\Download1\Multi_Crop_Leaves_Disease\Multi_Crop_Leaves_Disease\Papaya\Healthy_papaya\IMG_8741.jpg,Healthy,37,50,23,29.65296893,88.48587386,6.5304707,56.01913159,17.12070475802118,1,7.827264304211853,0.6640737862093449,356.5887368100393,5.944345804867277,5,5.981973777214476,40.68538241032837,136.37629868408635,1,29.530348486189077,2,63.90464640008714,2.6982724138544323,0.0988172372302153,0.2463542999561128,0.0254100396297218,0.1857333922565455,Healthy
D:\Download1\Multi_Crop_Leaves_Disease\Multi_Crop_Leaves_Disease\Papaya\Healthy_papaya\IMG_8873.jpg,Healthy,100,48,17,23.7805123,83.03878838,7.827877818,66.26555904,28.177092280000103,2,7.245895374782523,16.83879083610578,411.75945998901545,9.85472497317278,2,8.10484183197612,99.216638493547,98.6687847794456,2,14.355624187448962,2,34.8257502963094,3.2106785765750288,0.2335763198084511,0.2522154900368587,0.1556568271103493,0.217776237846572,Healthy
D:\Download1\Multi_Crop_Leaves_Disease\Multi_Crop_Leaves_Disease\Papaya\Healthy_papaya\Papaya leaf (1).jpg,Healthy,72,40,38,20.41447029,82.20802629,7.592490617,245.1511304,14.592365270038036,3,10.994239280777904,1.789767905513986,393.2001556575748,3.9017389217755056,6,5.407176816711667,8.700531740345085,53.445356185109375,3,18.26143682277273,3,20.926994270124133,3.256415373141469,0.1736640641575071,0.169856684872427,0.0421607975103885,0.1571915703035355,Healthy
"D:\Download1\Multi_Crop_Leaves_Disease\Multi_Crop_Leaves_Disease\Papaya\Healthy_papaya\PAPAYA Leaf Powder 1lb (454g) ORGANIC Dried Bulk Herb, Carica Papaya L Folia _Available qty from 2oz-4lbs_.jpg",Healthy,111,87,48,26.3985515,81.36028902,5.571401169,98.16752001,13.1171819705369,2,11.66973852884568,9.358851369750337,359.7621466453938,4.073651432951074,1,14.675004970702997,33.32442009921718,58.29583581205883,1,26.377474033021205,1,64.45809371881758,2.276637738972317,0.2305391693870946,0.2634813252975512,0.1192872328038457,0.2342047376460404,Healthy
"D:\Download1\Multi_Crop_Leaves_Disease\Multi_Crop_Leaves_Disease\Papaya\Healthy_papaya\Papaya Leaf stock image_ Image of lobed, green, organic - 93255095.jpg",Healthy,102,11,47,27.98780984,92.78226196,6.504906979,27.14509034,28.481007218753096,3,11.109384744664876,1.7521389789158737,449.8746009032937,1.194118089971927,6,14.204617252663011,9.288800893597726,93.57449174116586,2,29.00178474800576,3,65.92827119300644,1.2183965818323923,0.2449503170655981,0.2374728808700787,0.1028266327682163,0.2239510727181713,Healthy
D:\Download1\Multi_Crop_Leaves_Disease\Multi_Crop_Leaves_Disease\Papaya\Healthy_papaya\Papaya leaf.jpg,Healthy,10,56,16,28.17432665,81.04554836,6.828187499,36.35720652,16.400390779250376,2,7.976017540364233,13.042821709949656,441.19486725614286,9.592362938734423,5,15.847544662418429,55.31077916779801,104.174370102864,2,36.22287462048497,3,10.199504255258184,4.447998306232603,0.1700672275850901,0.2472078447567685,0.0214765413346806,0.2158262153267885,Healthy
D:\Download1\Multi_Crop_Leaves_Disease\Multi_Crop_Leaves_Disease\Papaya\Healthy_papaya\Papaya leaves (1).jpg,Healthy,6,37,17,28.08657178,80.35005927,6.760694228,38.14476781,29.354737294445616,3,11.087007992721738,9.664957262331916,415.82741129992985,1.3176951734269078,1,8.173172837667805,54.55277276325282,133.9913064665919,2,40.87672355012186,3,85.86355701417385,4.369280660848471,0.1647878396996178,0.2470896998851705,0.0559796976397417,0.2064885365761578,Healthy
D:\Download1\Multi_Crop_Leaves_Disease\Multi_Crop_Leaves_Disease\Papaya\Healthy_papaya\Papaya Leaves.jpg,Healthy,102,24,54,27.72338349,90.93897939,6.698468621,22.81863447,22.32960683970993,3,6.051017292204926,16.758821273885612,388.6716120189488,3.896573103125083,6,8.081809490950969,88.38305322173792,193.80988853688527,3,0.3108019141365492,2,51.382203393030366,2.544036092751465,0.3541961519299905,0.2242827254676467,0.2029977269366428,0.2175530067916621,Healthy
D:\Download1\Multi_Crop_Leaves_Disease\Multi_Crop_Leaves_Disease\Papaya\Healthy_papaya\Papaya.jpg,Healthy,28,48,15,25.16125354,55.25435777,9.254089438,40.89732789,13.525332836338746,1,7.442243451515088,8.21897640721923,355.2423371190844,1.0103587987767262,6,9.234221762442726,27.90604752816453,159.27389151368942,1,13.669812043066331,2,78.18973453295385,3.1617821912077426,0.2682147107187177,0.2390683046637486,0.1020274918850525,0.2362159499391597,Healthy
D:\Download1\Multi_Crop_Leaves_Disease\Multi_Crop_Leaves_Disease\Papaya\Healthy_papaya\papaya_he1.png,Healthy,109,36,18,25.40059227,76.53237965,7.524707577,62.5138867,24.22831197302924,3,8.613266387278342,6.519033364573681,365.1912146423112,7.511357096390567,1,17.041413536263462,95.87193779503632,95.96432240050252,1,10.975537971306732,2,22.28862878301343,2.995600355731928,0.2707999407821486,0.2306889187584377,0.3443549846638247,0.1679874634385027,Healthy
D:\Download1\Multi_Crop_Leaves_Disease\Multi_Crop_Leaves_Disease\Papaya\Healthy_papaya\papaya_he2.png,Healthy,39,24,31,33.55695561,53.72979826,4.757114897,98.67527561,29.81568963025456,2,11.364753654106137,1.7650666453897037,449.45908858087137,6.812937754161568,1,9.888753997742356,17.285648704535006,184.5842361921965,1,35.240113808606274,1,89.11822211662881,4.268309289185184,0.1247902368954538,0.173935149966424,0.040673401352505,0.1473221170160742,Healthy
D:\Download1\Multi_Crop_Leaves_Disease\Multi_Crop_Leaves_Disease\Papaya\Healthy_papaya\papaya_healthy.jpeg,Healthy,49,54,50,25.62446619,93.18240298,6.762522087,97.26336657,14.374812486344188,2,11.748985339044086,15.743080935005551,369.896977042358,2.9788455862889034,5,19.79169107668557,60.81298209716215,182.9951374348527,3,43.57404833186008,2,23.10666243799284,2.1099600376825043,0.0171458001389119,0.2167142538193813,-0.099822786944663,0.1670723714442358,Healthy
D:\Download1\Multi_Crop_Leaves_Disease\Multi_Crop_Leaves_Disease\Papaya\Healthy_papaya\papaya_leaf112.jpg,Healthy,24,14,33,29.38072512,93.27565685,6.366219551,218.5241851,24.56715739284488,2,9.14462692927476,7.402525453783504,354.3879530164388,4.803794856713791,1,13.77835849835835,33.54431568469738,144.7176546223448,2,39.37225494483591,3,9.292087124966342,4.320542789736342,0.0491342517970188,0.1642324558509376,-0.0101583425000225,0.1430541457295534,Healthy
D:\Download1\Multi_Crop_Leaves_Disease\Multi_Crop_Leaves_Disease\Papaya\Healthy_papaya\Probably the most colourful Papaya Tree ever_.jpg,Healthy,93,43,38,23.61475336,86.14290267,6.987332927,150.2355238,11.720043870140849,3,8.515349483132098,10.245721875957983,445.71728785225775,9.036817289710042,4,17.350657159236547,35.75693194773114,158.38056632585693,3,38.75843154768874,2,6.981094761541485,3.373874541095973,0.0495070425231881,0.1976372496814825,-0.0376271156063185,0.1547027575768042,Healthy
D:\Download1\Multi_Crop_Leaves_Disease\Multi_Crop_Leaves_Disease\Papaya\Healthy_papaya\WhatsApp Image 2026-03-31 at 10.55.24 AM.jpeg,Healthy,31,29,26,28.22373428,47.40519056,5.024124684,97.76832322,14.383905838249806,3,11.857356630025311,14.32243823889185,375.2131891953593,5.98443737789419,4,14.062227107567086,67.13949267198196,128.76021626961207,3,24.087683208405085,1,17.644583059757903,4.288568117811943,0.21718666513193,0.2008740443580465,0.1332677610005972,0.1833320104489287,Healthy
D:\Download1\Multi_Crop_Leaves_Disease\Multi_Crop_Leaves_Disease\Papaya\Healthy_papaya\WhatsApp Image 2026-03-31 at 10.55.25 AM (1).jpeg,Healthy,101,92,45,28.22776705,80.6430384,5.758054257,98.00403016,23.41065976745307,2,7.941116070376768,14.759443307494266,405.3345338723524,4.495260445117842,6,6.619226210823543,84.5213502137492,137.68668492743717,2,12.271642594236582,1,71.0343959275815,3.13309647162218,0.1328361738850855,0.191398789771291,0.031284515295905,0.1575182606612566,Healthy
D:\Download1\Multi_Crop_Leaves_Disease\Multi_Crop_Leaves_Disease\Papaya\Unhealthy_papaya\Anthracnose _ Cercospora\antherconose.jpg,Anthracnose,93,41,17,25.6217169,66.50415474,6.047906679,105.4654703,23.187377578327315,2,10.018629748924496,19.115083906627884,361.9329794791084,9.169777905327692,5,12.177475707156416,49.22027462850708,70.01148158526053,3,1.319744225232916,2,2.800504151089656,4.977450806470273,0.2494944491031584,0.2472753539679069,0.0887038256173828,0.2331922771358601,High_Risk
D:\Download1\Multi_Crop_Leaves_Disease\Multi_Crop_Leaves_Disease\Papaya\Unhealthy_papaya\Anthracnose _ Cercospora\antherconose1.jpg,Anthracnose,74,39,38,23.24113501,84.59201843,7.782051313,233.0453455,20.81748305905524,3,11.91334985819856,11.206828237810033,392.47297638412806,2.514791433556788,6,18.05209272255442,12.797245190699236,57.79366971753189,2,8.956987271527167,3,3.006486696932764,2.389991554637027,0.264145394927437,0.2438675656749681,0.1046819245543362,0.2328539300626018,High_Risk
D:\Download1\Multi_Crop_Leaves_Disease\Multi_Crop_Leaves_Disease\Papaya\Unhealthy_papaya\Anthracnose _ Cercospora\antherconose2.jpg,Anthracnose,23,59,19,21.98560799,24.87304788,5.852046999,129.5650601,29.11433231879194,3,11.431351510873498,2.717596056797844,396.0508468881941,7.240201948003007,4,17.28044392319866,23.51005810995619,146.87665706891502,1,47.58673581047472,1,84.6166227041781,2.1117362819285264,0.1224027948746228,0.1807391846185329,0.1058905565544218,0.1495139545635362,High_Risk
D:\Download1\Multi_Crop_Leaves_Disease\Multi_Crop_Leaves_Disease\Papaya\Unhealthy_papaya\Anthracnose _ Cercospora\athrecnose12.png,Anthracnose,119,90,48,28.66725136,79.59242542,5.986442306,118.2583441,29.75237262700032,2,9.012164867989878,2.8610418396072324,362.0648898410088,1.5530257142303436,4,13.073921718709263,71.37334549172665,83.13118127617372,2,23.74337882510828,1,12.5872268178705,1.9430193718097173,0.3450320747145614,0.2332864709581808,0.2033250395947737,0.2218247467402564,High_Risk
D:\Download1\Multi_Crop_Leaves_Disease\Multi_Crop_Leaves_Disease\Papaya\Unhealthy_papaya\Anthracnose _ Cercospora\athrecnose13.png,Anthracnose,33,120,205,35.12158265,82.26890793,5.550832178,69.71518491,24.796835911314528,2,5.2637964663816765,17.604783978881635,410.74045347777417,3.617901302616278,5,19.088685389896888,3.6638480186973688,191.2988880236906,3,30.666320033995987,3,69.24332695563264,1.5651268195707222,0.1755391967456433,0.2297807130733123,0.0769026872317468,0.1966602432870653,High_Risk
D:\Download1\Multi_Crop_Leaves_Disease\Multi_Crop_Leaves_Disease\Papaya\Unhealthy_papaya\Anthracnose _ Cercospora\athrecnose14.png,Anthracnose,67,41,40,25.848795,87.81661683,7.333143205,152.6194403,26.81682366852201,1,6.143599104231096,9.985184312548885,383.9369475736786,7.692059939499588,5,5.429196509169849,87.9271720959559,84.74815710430966,1,27.699122227521237,2,53.55230143307077,2.0629336913391367,0.2088278431302827,0.2721049099514991,0.0903689676484796,0.229466606340237,High_Risk
D:\Download1\Multi_Crop_Leaves_Disease\Multi_Crop_Leaves_Disease\Papaya\Unhealthy_papaya\Anthracnose _ Cercospora\athrecnose15.png,Anthracnose,33,60,15,28.95172351,81.67085323,6.510840928,56.51103293,23.06373632739978,1,7.312838473724796,15.997895726222646,396.765204180705,8.13338610409476,1,7.534527378946198,82.26439213562536,178.8524442643163,1,8.308775439438577,3,35.25407485096024,3.126581101839708,0.2406021588420057,0.2328317529636904,0.1193663330965081,0.2056884453002807,High_Risk
D:\Download1\Multi_Crop_Leaves_Disease\Multi_Crop_Leaves_Disease\Papaya\Unhealthy_papaya\Anthracnose _ Cercospora\cercospora.jpg,Anthracnose,27,10,33,27.81132822,97.48410555,6.465906333,154.0621221,14.741278343993498,3,9.328639984893313,1.1935742562762996,446.7417610640879,7.491005407145096,6,11.820608315775583,47.98496554990229,188.716862852116,1,47.607017618485855,2,42.27702823438512,1.6881469038288903,0.3319789693354326,0.2336752225745427,0.1713991903615851,0.2227833380445688,High_Risk
D:\Download1\Multi_Crop_Leaves_Disease\Multi_Crop_Leaves_Disease\Papaya\Unhealthy_papaya\Anthracnose _ Cercospora\cercospora1.jpg,Anthracnose,25,129,195,17.98667801,81.17712085,5.777271492,72.37127689,13.372461857545964,3,7.228892156071948,9.79788707305094,409.2209212871498,4.151222912077351,1,12.622412381288225,7.036277248575329,78.76704627423113,2,33.12339265627998,1,57.764446852955565,4.230184152402504,0.2538976069865777,0.2610781432101438,0.1023112658464505,0.2372740849510228,High_Risk
D:\Download1\Multi_Crop_Leaves_Disease\Multi_Crop_Leaves_Disease\Papaya\Unhealthy_papaya\Anthracnose _ Cercospora\cercospora2.jpg,Anthracnose,56,58,49,37.13165026,94.60761797,6.69215564,172.4788062,21.47270928827209,3,5.2166001960276125,14.25633099653329,439.94582557217785,9.936981461252437,1,8.781959167896172,85.18943562238923,120.40306872208537,3,5.459624815826652,1,17.40881027102068,2.805362862489642,0.3256139668364906,0.2474031538868804,0.1784332869419825,0.2279058932561591,High_Risk
D:\Download1\Multi_Crop_Leaves_Disease\Multi_Crop_Leaves_Disease\Papaya\Unhealthy_papaya\Anthracnose _ Cercospora\cercospora3.jpg,Anthracnose,31,55,22,22.91350245,21.33953114,5.873171894,109.225556,17.819731660719924,2,9.820474927772086,4.074698874551961,409.8125315782006,8.212299479078375,2,7.166826458341379,39.75861810136381,144.96347686198936,2,1.4951797795991206,2,76.76771874469912,2.501529534706752,0.2859045636145876,0.2411248677935974,0.1610134472505438,0.2133056951871573,High_Risk
D:\Download1\Multi_Crop_Leaves_Disease\Multi_Crop_Leaves_Disease\Papaya\Unhealthy_papaya\Anthracnose _ Cercospora\test2.jpg,Anthracnose,36,43,22,27.82684262,87.16679147,6.389882166,58.37249772,21.60431480630391,2,11.401596661617024,4.378503750797417,403.0980153059028,6.243353215931169,4,8.975357742971749,98.08252395892698,101.81546469652604,3,27.210340981600567,3,66.63057951671674,3.302660309180787,0.2447768144506669,0.2481279098017598,0.1101090478398456,0.2340463749985691,High_Risk
D:\Download1\Multi_Crop_Leaves_Disease\Multi_Crop_Leaves_Disease\Papaya\Unhealthy_papaya\Anthracnose _ Cercospora\test3.jpg,Anthracnose,75,38,39,23.44676801,84.79352417,6.215109715,283.9338466,13.104904061824998,3,10.10608178157582,17.37441873678496,420.6999516017301,1.835565413096777,2,11.00629674217113,99.43025731792928,141.51172728195272,1,14.240641354573762,2,78.3372724368921,3.656482896888309,0.2335999928496786,0.2545037641668573,0.1048587621248318,0.2324677992866287,High_Risk
D:\Download1\Multi_Crop_Leaves_Disease\Multi_Crop_Leaves_Disease\Papaya\Unhealthy_papaya\Anthracnose _ Cercospora\test4.jpg,Anthracnose,48,61,21,30.28496619,61.69295127,6.628264883,65.62859526,16.04396540629365,1,8.604601630588135,8.921026970440927,430.29829044669066,7.254118372763572,3,9.295367708738569,19.5638592658686,150.66977606930715,2,36.70285298860311,3,99.46941011799689,1.9130487705279304,0.2637546044295197,0.2480075367308772,0.1754485353333754,0.2285554776985267,High_Risk
D:\Download1\Multi_Crop_Leaves_Disease\Multi_Crop_Leaves_Disease\Papaya\Unhealthy_papaya\Anthracnose _ Cercospora\test5.jpg,Anthracnose,36,56,20,25.4123765,49.66474269,7.437078236,31.87416982,19.393259064605587,3,8.765863699907554,14.727728728378931,384.04013458836425,9.770668477688606,2,17.684822873699073,66.09380200029064,55.34380260488707,1,6.79093563889327,2,0.7280946602128302,1.2605293273887348,0.2817669606647497,0.2435102097429992,0.1733668121978991,0.228551734536775,High_Risk
D:\Download1\Multi_Crop_Leaves_Disease\Multi_Crop_Leaves_Disease\Papaya\Unhealthy_papaya\Bacterial Leaf Spot\bacterial leaf blight12.png,Bacterial_Disease,37,73,21,29.50304807,63.46513414,5.560224583,189.5208915,16.244048200372607,1,5.22703179719752,18.67227158942889,406.2782932567569,3.959330534853915,5,17.36801145167252,77.78734720869814,110.35238385794996,1,39.60405652491491,1,5.988386194081663,3.492891658754013,0.2282754767845496,0.2385723510742532,0.0994754127110431,0.2182391190234186,High_Risk
D:\Download1\Multi_Crop_Leaves_Disease\Multi_Crop_Leaves_Disease\Papaya\Unhealthy_papaya\Bacterial Leaf Spot\bacterial leaf blight13.png,Bacterial_Disease,97,50,41,24.52922681,80.54498576,7.070959995,260.2634026,16.9004052999644,1,7.130601915609544,16.285840161183593,387.0109983219061,4.229277117008785,1,9.288550189993176,34.12657847522734,186.48685102113703,3,27.329056036699583,1,29.00824790733667,4.596199347451918,0.2114361075731495,0.243372028093187,0.1109853627840722,0.1949551749194897,High_Risk
D:\Download1\Multi_Crop_Leaves_Disease\Multi_Crop_Leaves_Disease\Papaya\Unhealthy_papaya\Bacterial Leaf Spot\leaf_spot3.jpg,Bacterial_Disease,91,25,26,24.53460016,66.99765375,7.482414225,180.5059257,29.205015410113376,3,7.537815906152752,6.901906185551501,391.10751734789454,8.402343278817686,5,16.780821414763565,16.439099715152427,75.27380919682,3,48.03162081905489,2,46.47107682406776,1.9434617022857996,0.0491492487357046,0.1811684285935536,-0.0029244675899617,0.151944493087541,High_Risk
D:\Download1\Multi_Crop_Leaves_Disease\Multi_Crop_Leaves_Disease\Papaya\Unhealthy_papaya\Bacterial Leaf Spot\no1.jpg,Bacterial_Disease,25,76,24,15.33042636,24.91506728,5.56503533,135.3315583,24.83407740527442,1,5.968727018086067,14.397991486433137,403.14446353786127,3.203941446526437,5,7.906735945985541,37.93090275554432,58.227375897868285,3,46.49031613814027,3,6.607224692221047,3.0595804666286126,0.2410820942981961,0.2584242088061317,0.0854876801628593,0.2382301328301563,High_Risk
D:\Download1\Multi_Crop_Leaves_Disease\Multi_Crop_Leaves_Disease\Papaya\Unhealthy_papaya\Bacterial Leaf Spot\papaya_un.jpeg,Bacterial_Disease,36,56,20,25.4123765,49.66474269,7.437078236,31.87416982,19.393259064605587,3,8.765863699907554,14.727728728378931,384.04013458836425,9.770668477688606,2,17.684822873699073,66.09380200029064,55.34380260488707,1,6.79093563889327,2,0.7280946602128302,1.2605293273887348,0.2306078647188103,0.2426777673133649,0.1171359323569603,0.2190488735434985,High_Risk
D:\Download1\Multi_Crop_Leaves_Disease\Multi_Crop_Leaves_Disease\Papaya\Unhealthy_papaya\blackspot\Black spot of papaya leaf_11091985443_o.jpg,blackspot,108,22,46,26.17668721,86.7295205,6.121168559,53.33484977,27.553654543993705,1,5.430485821136482,18.4304325157788,378.38024489632215,4.470175467745232,3,5.80415584514136,50.95465505065568,70.4126351253287,2,4.438089265648642,3,39.05490499986185,2.391548847251677,0.2472965767280733,0.2219410876093169,0.1523451725954112,0.1854102966039161,High_Risk
"D:\Download1\Multi_Crop_Leaves_Disease\Multi_Crop_Leaves_Disease\Papaya\Unhealthy_papaya\blackspot\Black spot of papaya, caused by Asperisoporium caricae_14975626599_o.jpg",blackspot,14,74,15,27.99990346,65.57653373,6.493036868,49.94043064,24.29132104227174,3,6.848778050243904,17.753936946189427,409.0844997064032,6.765523037418564,3,6.1899160302164,75.759091363561,198.45304675823485,1,31.911345169979004,1,40.62044426107527,4.814154330682637,0.3069765376510726,0.2268549974670556,0.166885246673478,0.2138988733736606,High_Risk
D:\Download1\Multi_Crop_Leaves_Disease\Multi_Crop_Leaves_Disease\Papaya\Unhealthy_papaya\blackspot\blackspot1.jpg,blackspot,93,91,47,27.84767901,83.31110751,6.101241579,117.2878912,27.55667555080722,2,9.65186092426331,6.228119792540808,360.7964931296164,9.652687966776272,3,11.19698852239038,60.12708950158849,69.02751453205184,1,9.72011919020158,2,37.89242378369736,4.870448705635736,0.1098579175989218,0.1938677018558514,0.0264283273523151,0.1640345053857025,High_Risk
D:\Download1\Multi_Crop_Leaves_Disease\Multi_Crop_Leaves_Disease\Papaya\Unhealthy_papaya\blackspot\blackspot11.jpg,blackspot,112,73,48,29.2440638,77.32017166,5.707488987,90.66727868,10.236418935932338,1,11.06332737021467,14.93096207982888,367.80701326673454,8.188351286579607,4,11.348316403484628,99.1353612383801,138.78509223918883,3,39.41541846436922,1,40.61837706274816,4.016287638450098,0.1664452421125406,0.1917470904952496,0.1241027836406016,0.1489032438284267,High_Risk
D:\Download1\Multi_Crop_Leaves_Disease\Multi_Crop_Leaves_Disease\Papaya\Unhealthy_papaya\blackspot\blackspot12.png,blackspot,32,18,13,13.8377282,91.74780462,6.044167236,107.9873218,16.876425328309097,2,9.36382328513665,17.40035305882657,419.7294128123874,1.6394300641299675,1,7.580221373353777,34.451966058248594,157.6281074590163,3,38.807426802156506,1,68.4152749300404,2.462070566678687,0.2971892578054474,0.24863258095887,0.1866152340696324,0.2243119947317406,High_Risk
D:\Download1\Multi_Crop_Leaves_Disease\Multi_Crop_Leaves_Disease\Papaya\Unhealthy_papaya\blackspot\blackspot13.png,blackspot,5,15,38,18.26233221,88.16779129,5.709380472,108.0756727,28.76925310088035,1,8.863933726865742,6.841955039179679,390.3269297590373,8.552554423415442,6,11.923768395299891,95.70099383744692,94.0555619916651,2,20.60353807311775,3,58.77072467084334,2.113860098063629,0.2695122189441389,0.2647627016174454,0.1346403921576422,0.2304679268484411,High_Risk
D:\Download1\Multi_Crop_Leaves_Disease\Multi_Crop_Leaves_Disease\Papaya\Unhealthy_papaya\blackspot\blackspot14.png,blackspot,70,50,53,37.4620912,90.44967809,6.933809743,172.3458448,19.413015581216605,3,9.303116707579065,8.999118680779654,436.413075590918,3.9090680923993326,3,14.721670644719625,89.53190634045289,191.4291436179693,3,41.521310293166174,2,80.28606550409954,3.524611999682914,0.2103459744948902,0.267329311983839,0.0843173004133914,0.2387369569169353,High_Risk
D:\Download1\Multi_Crop_Leaves_Disease\Multi_Crop_Leaves_Disease\Papaya\Unhealthy_papaya\blackspot\blackspot15.jpg,blackspot,2,120,203,23.12652652,94.71203306,5.893492999,108.6211833,11.652755460649235,3,11.203647226623977,6.583361973028772,437.9165663897639,7.59498587380866,4,11.925854446244674,71.98012289738294,157.67568209107765,2,11.060487862539702,2,78.85873960152453,3.268800161401563,0.2485617124730027,0.2590325506816395,0.0939180050786174,0.2274439236497007,High_Risk
D:\Download1\Multi_Crop_Leaves_Disease\Multi_Crop_Leaves_Disease\Papaya\Unhealthy_papaya\blackspot\blackspot15.png,blackspot,113,41,20,25.0017188,80.53965818,7.256877571,96.32600992,16.55843681624998,2,8.579862214019014,16.405636456180986,395.5142655898112,7.794219005255698,5,5.819710634487638,31.63598794615073,178.67179927151457,1,10.835636642198264,3,36.0268631433922,4.556578168541916,0.2080787988542195,0.1930726324673818,0.1437336543388606,0.1638107137792359,High_Risk
D:\Download1\Multi_Crop_Leaves_Disease\Multi_Crop_Leaves_Disease\Papaya\Unhealthy_papaya\blackspot\blackspot16.jpg,blackspot,22,138,195,27.83487131,83.51444973,6.208196881,73.02882766,14.947970460124813,3,11.274838151798434,11.861619528005267,366.9060355774936,7.382527541925609,5,13.411083618687115,33.31182540659876,119.91495334365248,2,46.64284780125082,2,96.1727687900866,4.591922307636116,0.3319789693354326,0.2336752225745427,0.1713991903615851,0.2227833380445688,High_Risk
D:\Download1\Multi_Crop_Leaves_Disease\Multi_Crop_Leaves_Disease\Papaya\Unhealthy_papaya\blackspot\blackspot16.png,blackspot,33,15,7,15.83388699,91.68293851,7.651225301,109.7571416,27.152322635424103,1,7.892048333285752,3.4335021092044093,369.1409143601832,7.584044295156777,6,12.354686535187463,56.64746342450406,114.59086392109124,3,19.362254054353038,3,82.12315051263278,1.2358251523368189,0.2964907953867713,0.2368123150748913,0.1094602855069457,0.2319985564055466,High_Risk
D:\Download1\Multi_Crop_Leaves_Disease\Multi_Crop_Leaves_Disease\Papaya\Unhealthy_papaya\blackspot\blackspot17.png,blackspot,22,62,16,34.6455408,54.32342534,4.828936119,180.9009998,14.745659861885434,1,7.799059646503258,16.392485963873817,383.4980328160074,2.885249036019889,4,19.017045553917093,94.787859176463,70.48868534896987,3,46.021443014509984,1,92.1035165368812,3.2821039336808853,0.2001664250384297,0.1970780015758903,0.1127802465825741,0.1659016165311067,High_Risk
D:\Download1\Multi_Crop_Leaves_Disease\Multi_Crop_Leaves_Disease\Papaya\Unhealthy_papaya\blackspot\brown_spot.jpg,blackspot,67,46,44,26.82489244,78.20392774,7.093328631,153.9199807,23.950618925887262,1,10.803973301795464,4.840692202455726,357.14696548221514,3.304826875573523,3,6.300291902802643,75.23881751194001,109.79351370442777,1,35.10126378302781,2,75.56065016887388,4.9740810527644586,0.2783548785805821,0.2336903425027017,0.1582969971528675,0.2241844096923986,High_Risk
D:\Download1\Multi_Crop_Leaves_Disease\Multi_Crop_Leaves_Disease\Papaya\Unhealthy_papaya\Leaf_curl_viral_diseases\curl3.jpg,Leaf_Curl,55,66,22,30.91219459,68.79427388,7.747775263,66.63830637,29.868738998853317,2,8.323945459513116,12.443540151971284,404.896195551456,5.456156936257829,6,11.933347329514683,13.289574023746145,182.2706500419665,2,8.207947153728574,2,93.97683731601482,4.76246135702345,0.3061137510905336,0.1685961825927958,0.1529219168684692,0.1458063033805567,High_Risk
D:\Download1\Multi_Crop_Leaves_Disease\Multi_Crop_Leaves_Disease\Papaya\Unhealthy_papaya\Leaf_curl_viral_diseases\Leaf curl of papaya1.jpg,Leaf_Curl,91,75,55,27.48612983,76.11239849,6.212369363,109.2768851,29.175327495168705,2,8.582610836664788,9.045567356060776,388.0306849434908,6.712049293063654,4,13.870994410820844,97.4733316243736,108.27932768196312,1,44.70250201361512,2,91.9974931468128,1.103839794752655,0.0491492487357046,0.1811684285935536,-0.0029244675899617,0.151944493087541,High_Risk
D:\Download1\Multi_Crop_Leaves_Disease\Multi_Crop_Leaves_Disease\Papaya\Unhealthy_papaya\Leaf_curl_viral_diseases\Leaf curl of papaya1122.jpg,Leaf_Curl,112,54,15,25.46228792,81.56641891,6.175492306,76.88582484,22.76091181290154,2,7.386374826438994,6.1537849960961495,398.1470695634857,5.700917639637359,4,19.754520311569376,44.22490937532035,82.29613921373789,2,13.960754528985644,3,15.731727941785678,3.835107660339237,0.0211711152297491,0.2124610276390996,-0.0426414365362648,0.1678590873781146,High_Risk
D:\Download1\Multi_Crop_Leaves_Disease\Multi_Crop_Leaves_Disease\Papaya\Unhealthy_papaya\Leaf_curl_viral_diseases\Leaf curl of papaya1144.jpg,Leaf_Curl,40,143,201,24.97256132,82.72828653,6.476757723,66.70016285,25.79774742042684,1,8.493290316580499,18.63055699687838,350.8865050150381,4.790904205690039,4,16.19371250199152,43.61904284821132,97.978077428222,3,43.41065092752765,1,23.40627216487093,4.608156963527788,0.0653912030156667,0.2342812306276182,-0.0044855716610556,0.1892532619299455,High_Risk
D:\Download1\Multi_Crop_Leaves_Disease\Multi_Crop_Leaves_Disease\Papaya\Unhealthy_papaya\Leaf_curl_viral_diseases\Leaf curl of papaya1155.jpg,Leaf_Curl,21,134,202,10.72302459,80.02130636,6.425419926,65.2982112,11.56502365464743,1,5.081437222586004,13.296203541737396,407.5691674130522,3.5424640914603938,6,11.62723947182315,17.85880150818482,193.351124606585,1,45.25056352245708,1,92.80570600008662,1.738080666061014,0.0653912030156667,0.2342812306276182,-0.0044855716610556,0.1892532619299455,High_Risk
D:\Download1\Multi_Crop_Leaves_Disease\Multi_Crop_Leaves_Disease\Papaya\Unhealthy_papaya\Leaf_curl_viral_diseases\Leaf curl of papaya12.jpg,Leaf_Curl,82,24,33,26.53543168,67.09608099,6.809593554,120.6494434,28.95513187638016,1,6.211927667006483,15.0936907713128,372.027630992602,4.777856305739771,1,13.43596537490813,31.963150966422948,92.53851990842692,3,39.84691544011017,1,9.364126748529555,4.08150987580696,0.0447658965772075,0.2601192833712283,-0.0376678591457771,0.1837902059435234,High_Risk
D:\Download1\Multi_Crop_Leaves_Disease\Multi_Crop_Leaves_Disease\Papaya\Unhealthy_papaya\Leaf_curl_viral_diseases\Leaf curl of papaya121.jpg,Leaf_Curl,79,51,16,25.33797709,68.49835977,6.586244581,96.46380213,26.550300867005102,1,11.9112554720343,12.725374709602653,417.6657456963728,8.410889148419427,2,9.752331183752151,72.02096613988199,128.99762556641122,3,37.18264427443312,1,72.44831092389418,2.498723847592176,0.2483062752602524,0.234782082792887,0.1540834656457747,0.2187157123593571,High_Risk
D:\Download1\Multi_Crop_Leaves_Disease\Multi_Crop_Leaves_Disease\Papaya\Unhealthy_papaya\Leaf_curl_viral_diseases\Leaf curl of papaya13.jpg,Leaf_Curl,6,36,22,24.21610338,59.79236306,8.869532817,42.24783476,24.409597837236525,1,7.8509425494344125,1.590128333107852,368.04832867634144,6.2501029305235605,5,7.148719312243441,72.28773596599592,63.019140869967686,2,49.82560446808189,3,95.79393039327874,2.7431530677730804,0.1509165754910009,0.1723905031643897,0.0318214685301151,0.1514718093963294,High_Risk
D:\Download1\Multi_Crop_Leaves_Disease\Multi_Crop_Leaves_Disease\Papaya\Unhealthy_papaya\Leaf_curl_viral_diseases\leaf curl(1).jpg,Leaf_Curl,106,21,35,25.627355,57.04151119,7.428523634,188.5506536,28.477930555278643,1,5.424222642810601,0.6607793529765438,407.41728729455775,4.563434130489964,2,17.445867297359342,41.2482653682816,82.204708513072,1,34.92379920967915,3,75.56941295940646,4.56478144525538,0.2872131329132908,0.2407305538522148,0.1313549851263061,0.2367476368193507,High_Risk
D:\Download1\Multi_Crop_Leaves_Disease\Multi_Crop_Leaves_Disease\Papaya\Unhealthy_papaya\Leaf_curl_viral_diseases\leaf curl1.jpg,Leaf_Curl,70,42,43,23.16814977,76.66724969,6.508342839,157.1215052,12.4965744125287,2,7.005498522421753,6.050143864254065,386.65571535436766,7.445109092493055,2,10.780705803147663,69.5452500519428,112.63467953972662,1,32.35289347480727,1,15.092263460459144,1.571209182428044,0.2704736251939677,0.2493630118727416,0.1316149149195679,0.2329566673373792,High_Risk
D:\Download1\Multi_Crop_Leaves_Disease\Multi_Crop_Leaves_Disease\Papaya\Unhealthy_papaya\Leaf_curl_viral_diseases\leafcurl1.jpg,Leaf_Curl,7,16,9,18.87957654,92.04304496,7.813916603,114.6659511,13.866481527972097,2,10.802391219180112,14.028277080832376,372.56224301660006,7.684275746046994,5,10.525476626469793,38.99639196828688,170.58868315984253,2,24.20564883987074,3,58.09406660342895,2.584127200433268,0.2335999928496786,0.2545037641668573,0.1048587621248318,0.2324677992866287,High_Risk
D:\Download1\Multi_Crop_Leaves_Disease\Multi_Crop_Leaves_Disease\Papaya\Unhealthy_papaya\Leaf_curl_viral_diseases\leafcurl2.jpg,Leaf_Curl,99,54,37,21.14347496,80.33502926,5.594819626,198.6730942,15.393957784044227,3,9.361882068000092,2.648310641948524,353.1164708535708,9.107231414495246,6,17.87947383561629,66.87910668138838,60.55799294468706,1,29.336491212143034,2,23.257368366471454,1.4600224768097785,0.1896986295113412,0.2627679911307793,0.0912000755218301,0.2169741923817529,High_Risk
D:\Download1\Multi_Crop_Leaves_Disease\Multi_Crop_Leaves_Disease\Papaya\Unhealthy_papaya\Leaf_curl_viral_diseases\leafcurl3.jpg,Leaf_Curl,32,60,83,19.69141713,19.44225438,8.829273328,91.76071648,19.77662735497598,2,10.750109900367274,4.695382677631397,389.42411117733184,5.054603037725947,5,15.443946159831247,32.47549497326977,124.81861532958484,1,30.408181559796088,2,53.25354332039801,1.1421687978299002,0.1885150979295672,0.1807468629298206,0.1272944738931642,0.1728083247877492,High_Risk
D:\Download1\Multi_Crop_Leaves_Disease\Multi_Crop_Leaves_Disease\Papaya\Unhealthy_papaya\Leaf_curl_viral_diseases\Papaya leaf curl virus .jpg,Leaf_Curl,108,35,25,23.98143338,61.10935084,6.971963169,161.5279095,14.446748288731564,2,10.900613027177164,8.408809474239122,422.9443590813135,7.350693924000186,1,14.645313457675018,47.81901453062412,108.46449825704296,3,36.82901631495788,1,48.345058584849895,3.2750798765187428,0.3009015997760803,0.2495582271901875,0.1321721853589529,0.2408648298882668,High_Risk
D:\Download1\Multi_Crop_Leaves_Disease\Multi_Crop_Leaves_Disease\Papaya\Unhealthy_papaya\magnesiuam\9241639358_70ecb9eb80_c.jpg,Magnesium_Deficiency,14,29,32,35.63627319,48.97047762,6.942520105,97.51952041,21.83194359588598,1,10.099539527536088,10.494491600347423,394.6145673267954,3.5427864233049835,6,16.259497866333383,2.149918135654738,185.6628827991948,1,37.72937009882267,3,79.55329503836295,4.360022181084265,0.2430625370639732,0.2545635177212461,0.1246337347128341,0.231146488739679,Moderate_Risk
D:\Download1\Multi_Crop_Leaves_Disease\Multi_Crop_Leaves_Disease\Papaya\Unhealthy_papaya\magnesiuam\How to Grow Papaya in Pots from Seeds - Complete Guide - Homestead Gardener.jpg,Magnesium_Deficiency,87,28,30,25.60153969,68.66257977,6.536676653,168.8383605,13.881553404963675,2,5.686624894851892,15.176478570438343,379.33956966204863,4.50524847018094,4,15.615052141826004,23.850571517281704,148.19280414683715,3,16.812477345191922,1,98.92645001277512,1.1590750571469184,0.1740446321096135,0.2654496340665807,0.068135077164609,0.2222339198088719,Moderate_Risk
D:\Download1\Multi_Crop_Leaves_Disease\Multi_Crop_Leaves_Disease\Papaya\Unhealthy_papaya\magnesiuam\img1.jpg,Magnesium_Deficiency,70,44,19,23.31689124,73.4541537,5.852607099,94.29712821,18.35536638092298,3,9.938918604408634,10.706750345132791,394.4056601902954,3.2437906076985428,4,13.103252635674144,31.93416461738077,143.0151720293891,3,16.213898432091277,2,66.24277217211676,1.1993949698890676,0.1885767502785817,0.1819479701930119,0.1267917885907425,0.1730957228839017,Moderate_Risk
D:\Download1\Multi_Crop_Leaves_Disease\Multi_Crop_Leaves_Disease\Papaya\Unhealthy_papaya\magnesiuam\img2.jpg,Magnesium_Deficiency,99,6,46,28.61475136,94.22253035,6.39637861,28.98574189,22.45000076480462,2,9.958328659406366,4.93926264472025,401.6464423611608,4.041363637254262,3,6.957555874770313,5.150475976178504,110.55182732646747,3,28.791309684197262,3,54.97921380732518,3.705755697053242,0.2817669606647497,0.2435102097429992,0.1733668121978991,0.228551734536775,Moderate_Risk
D:\Download1\Multi_Crop_Leaves_Disease\Multi_Crop_Leaves_Disease\Papaya\Unhealthy_papaya\magnesiuam\img3.jpg,Magnesium_Deficiency,60,58,37,26.13871511,79.1188943,6.067302109,171.4892533,26.41942634413939,3,11.361445878468135,15.662910187543815,435.75884997288887,9.404974771471563,1,10.270208953810023,93.59315801966028,199.34446417920003,1,12.108435535070022,1,64.09621659221952,2.932772605210914,0.2822329655462026,0.245481484018449,0.1908338404292954,0.2087397729690293,Moderate_Risk
D:\Download1\Multi_Crop_Leaves_Disease\Multi_Crop_Leaves_Disease\Papaya\Unhealthy_papaya\magnesiuam\mag3.jpg,Magnesium_Deficiency,28,45,23,29.65021184,80.29868321,6.489259136,56.76278363,13.8955730379791,1,7.3562304741102436,18.16149590451645,445.8465797034429,8.070870695467832,3,10.393496010443384,83.88977965524886,50.97205047104805,2,41.99903639377116,3,82.18647318299853,2.4511041197084946,0.3486207684987119,0.2314163444161996,0.1549002816852896,0.2331899988853355,Moderate_Risk
D:\Download1\Multi_Crop_Leaves_Disease\Multi_Crop_Leaves_Disease\Papaya\Unhealthy_papaya\magnesiuam\mag4.jpg,Magnesium_Deficiency,21,137,196,23.6119202,91.70293849,5.812781806,123.5900822,27.128445818141675,2,11.171347054570935,7.122758635695847,352.325646860025,5.017100156545027,2,5.487048847995643,30.36065987718621,93.02423841221172,1,32.6511251720023,3,16.368409118904992,2.4760199736385102,0.241891911423136,0.2529161088300949,0.1102360972575072,0.2303027437988696,Moderate_Risk
D:\Download1\Multi_Crop_Leaves_Disease\Multi_Crop_Leaves_Disease\Papaya\Unhealthy_papaya\magnesiuam\magnesium (2).jpeg,Magnesium_Deficiency,80,26,55,24.53442564,88.989272,6.140099215,49.11618732,25.12719040421041,1,9.361535531115964,6.5253267734110665,398.51599018239193,1.9214001561947591,3,14.633184455423498,94.15471968944593,100.88329992197345,3,3.4643239345160337,2,52.15214520820989,2.6302694441372974,0.2472965767280733,0.2219410876093169,0.1523451725954112,0.1854102966039161,Moderate_Risk
D:\Download1\Multi_Crop_Leaves_Disease\Multi_Crop_Leaves_Disease\Papaya\Unhealthy_papaya\magnesiuam\magnesium.jpeg,Magnesium_Deficiency,59,62,49,43.36051537,93.35191636,6.941496806,114.778071,28.77414580138868,1,8.87551048853432,1.013899193577854,359.25108074627644,8.032944307166947,1,18.824119163729915,89.61166749060816,81.9316744947925,1,27.126745352429666,3,37.01121006327831,1.1663237104469937,0.206659179017266,0.2599201347777303,0.0959575286991554,0.2326937725300763,Moderate_Risk
D:\Download1\Multi_Crop_Leaves_Disease\Multi_Crop_Leaves_Disease\Papaya\Unhealthy_papaya\magnesiuam\magnesium1.jpg,Magnesium_Deficiency,134,56,18,23.80834611,83.91902605,6.691268104,70.97358303,22.873426498240647,3,9.065676466358717,11.828669523887532,404.52874884660633,9.339148192728784,2,12.787337726186744,87.26160734748224,199.3239390961693,3,30.504132778164276,3,83.96540776900801,4.439673833448767,0.2560103776977602,0.2401027672046924,0.1232370839366175,0.231265954356447,Moderate_Risk
D:\Download1\Multi_Crop_Leaves_Disease\Multi_Crop_Leaves_Disease\Papaya\Unhealthy_papaya\magnesiuam\magnesium3.jpg,Magnesium_Deficiency,10,75,17,18.43966037,68.05394959,7.732194788,39.00992137,10.27365136861986,2,8.474102929447048,2.715976683101875,372.4430642398528,6.013797166523013,2,15.723457893185447,82.07842976595529,117.79350826302276,1,36.501071460514304,1,73.93491461744216,3.270412719818772,0.2353515183612222,0.1738256971600038,0.1800627644596147,0.1587579343829829,Moderate_Risk
D:\Download1\Multi_Crop_Leaves_Disease\Multi_Crop_Leaves_Disease\Papaya\Unhealthy_papaya\magnesiuam\magnesium4.jpg,Magnesium_Deficiency,120,48,16,22.46054478,75.40989245,7.456971816,71.85436078,19.114633279682558,2,7.231303593125018,3.795707815784852,441.9517549248638,7.0427733643497445,5,16.89087111460446,64.98478526789985,59.79659947949696,1,40.4709250429555,1,8.286654204706457,4.562280408280323,0.2918146086924087,0.242052860736266,0.1127849244559271,0.2320598156942361,Moderate_Risk
D:\Download1\Multi_Crop_Leaves_Disease\Multi_Crop_Leaves_Disease\Papaya\Unhealthy_papaya\magnesiuam\magnesium_leaf_spot.jpg,Magnesium_Deficiency,101,10,47,25.5421695,83.31883376,6.936997681,57.57343233,21.08846327859752,1,7.243667984919472,9.836275473120022,388.9748623511061,1.1802005614026998,2,5.958716120730546,92.03340144377708,165.42229088622418,3,18.918563426276386,2,94.24733640915572,1.0307288884131989,0.1757592261878848,0.175535687040372,0.1123170401014153,0.1620454657315171,Moderate_Risk
D:\Download1\Multi_Crop_Leaves_Disease\Multi_Crop_Leaves_Disease\Papaya\Unhealthy_papaya\magnesiuam\nietro_magnes.jpeg,Magnesium_Deficiency,95,7,45,27.30008597,90.80015308,6.031665834,25.09484511,29.01729669854916,1,8.319959880895988,1.2552485190838405,377.7760050319055,9.217875178450036,3,17.15816893906969,54.75705951202513,133.2209310875953,3,25.121042425294288,1,79.46693076110472,2.836914173657686,0.3319789693354326,0.2336752225745427,0.1713991903615851,0.2227833380445688,Moderate_Risk
D:\Download1\Multi_Crop_Leaves_Disease\Multi_Crop_Leaves_Disease\Papaya\Unhealthy_papaya\magnesiuam\papaya_un.jpeg,Magnesium_Deficiency,39,70,52,26.26559543,90.79668055,6.65149129,59.49373381,20.285976168436644,1,5.609673138826256,5.010912993994965,393.7095905892368,4.65996897605013,1,15.703495896172328,73.95022853040551,82.84986088221976,1,2.1014026676201114,1,62.829604346663125,3.210794024330161,0.2336637208899354,0.2588044966161348,0.107313985034398,0.2397968207136967,Moderate_Risk
D:\Download1\Multi_Crop_Leaves_Disease\Multi_Crop_Leaves_Disease\Papaya\Unhealthy_papaya\magnesiuam\t2.jpg,Magnesium_Deficiency,26,27,10,28.06903173,92.91487288,6.079998496,114.1339416,26.9054708327141,3,11.857353603072577,1.687044593065263,397.7173662554347,4.70365434126594,4,15.073197324958786,15.737003462095512,165.86602552643964,1,47.80287266540321,3,56.0014901012154,1.899256715514385,0.2732179438138949,0.2483949634943881,0.1346063305226855,0.2313399403736322,Moderate_Risk
D:\Download1\Multi_Crop_Leaves_Disease\Multi_Crop_Leaves_Disease\Papaya\Unhealthy_papaya\magnesiuam\t3.jpg,Magnesium_Deficiency,13,144,197,22.9215706,94.89613443,6.28022267,105.6941544,11.796683603416325,3,6.911885653476768,2.370131212676747,437.7135455076588,9.485953231011878,5,12.430111687584922,91.01678855499252,90.73060862841275,3,3.814613181396559,1,73.57680005067198,1.609364431091873,0.2832262587939204,0.2512812314367264,0.1359671552617357,0.2298675403049009,Moderate_Risk
D:\Download1\Multi_Crop_Leaves_Disease\Multi_Crop_Leaves_Disease\Papaya\Unhealthy_papaya\magnesiuam\test2.jpg,Magnesium_Deficiency,29,25,14,30.49183837,90.4582865,7.781988584,113.3302105,15.540157561344648,1,11.38975876585445,2.6953499542897297,363.7281182779157,5.2822752983622,4,15.758517471143774,83.86533690705689,176.2610977771576,3,2.9100869578331245,3,94.02367370079484,4.8340036312968975,0.3191698996701315,0.2262528184812811,0.1352674817310186,0.2318159983447971,Moderate_Risk
D:\Download1\Multi_Crop_Leaves_Disease\Multi_Crop_Leaves_Disease\Papaya\Unhealthy_papaya\magnesiuam\WhatsApp Image 2026-03-31 at 10.55.21 AM.jpeg,Magnesium_Deficiency,22,28,26,27.67256197,45.41692012,4.947683034,92.84991507,24.24630233128739,3,6.725833302874016,17.579487517673225,439.9827141757871,9.89933243961977,4,5.149003838578972,44.05801407595852,188.26723330830296,3,8.467878606426215,3,28.119868880864416,1.386674874248285,0.2317627912262587,0.2455029980428434,0.0894286574842015,0.231116456215453,Moderate_Risk
D:\Download1\Multi_Crop_Leaves_Disease\Multi_Crop_Leaves_Disease\Papaya\Unhealthy_papaya\Mosaic\leaf curl + spider mite disorder.jpg,Mosaic,34,60,16,31.35730791,64.24992106,7.322555223,63.85668948,22.9996416547392,2,7.824448877768872,7.424200339667539,389.1864655376613,7.471551355793187,4,8.378453168178808,95.00709364141632,191.11147527632264,1,10.150818325071551,2,46.31510329987676,3.099273055923887,0.2681071271830937,0.2498300159000555,0.1257797620439329,0.2371310480228829,High_Risk
D:\Download1\Multi_Crop_Leaves_Disease\Multi_Crop_Leaves_Disease\Papaya\Unhealthy_papaya\Mosaic\mosaic1.jpg,Mosaic,36,76,75,18.38120357,16.63805158,8.736337905,70.52056697,20.394642863959994,1,10.543237515375498,2.6340826916566296,427.4450898454821,4.618156634145274,4,12.253886695549047,28.5928420175164,59.36474248096073,2,4.523720464597847,2,4.330072294778153,1.0527331983028447,0.1583248650057994,0.2622390521792176,0.0636647445047789,0.2337878815026823,High_Risk
D:\Download1\Multi_Crop_Leaves_Disease\Multi_Crop_Leaves_Disease\Papaya\Unhealthy_papaya\Mosaic\mosaic11.jpg,Mosaic,93,83,46,29.38254012,83.50423735,5.765308943,109.2486647,13.227263136868348,3,7.789179650193862,4.871629044430499,410.3954382702209,3.759486597937904,2,9.457105336915925,29.12432246888932,108.77805833149615,2,39.50050937925871,3,53.40738552352328,3.7516214734589264,0.2872131329132908,0.2407305538522148,0.1313549851263061,0.2367476368193507,High_Risk
D:\Download1\Multi_Crop_Leaves_Disease\Multi_Crop_Leaves_Disease\Papaya\Unhealthy_papaya\Mosaic\mosaic112.jpg,Mosaic,54,77,85,17.1418614,17.0662427,7.829211144,83.74606679,14.94566795676447,1,6.323744634948048,6.741236943789364,350.99621521094826,9.448286237607052,1,16.62088061236865,26.402047907932012,64.467382468398,1,41.23216857144729,2,73.9864136818539,4.242441075863542,0.2457429900572205,0.2567671385347508,0.1500086834832507,0.2320798510524112,High_Risk
D:\Download1\Multi_Crop_Leaves_Disease\Multi_Crop_Leaves_Disease\Papaya\Unhealthy_papaya\Mosaic\mosaic114.jpg,Mosaic,18,23,44,23.71028128,89.61794165,6.184400085,105.6499907,13.12547369390908,3,7.0116316854513805,14.512991656540423,411.49213648002575,6.0740190360412045,2,12.669168385554382,86.56522641623332,112.38070935767104,1,4.33634603185149,3,15.229306369325055,1.6476738826772217,0.147866223563233,0.2486246267224158,0.0365844387547848,0.2027069988796035,High_Risk
D:\Download1\Multi_Crop_Leaves_Disease\Multi_Crop_Leaves_Disease\Papaya\Unhealthy_papaya\Mosaic\mosaic122.jpg,Mosaic,4,134,200,28.57828803,80.95628959,5.840256272,73.34232097,28.71880532328536,2,9.931031915769513,2.131959700114805,350.4774122433321,5.428885364568997,3,12.267307865618344,68.49194070366936,195.2599860635088,1,49.52861751346978,1,51.177923385594845,1.2812860235102677,0.1720918289714374,0.1901855429374129,0.087714490624889,0.1689706593974808,High_Risk
D:\Download1\Multi_Crop_Leaves_Disease\Multi_Crop_Leaves_Disease\Papaya\Unhealthy_papaya\Mosaic\mosaic3.jpg,Mosaic,69,37,42,23.05804872,83.37011772,7.073453503,251.0549998,23.61311519614218,3,10.873767569219408,2.728812124554161,428.7284296936261,5.958483178119839,5,13.478474458070083,82.07341331570409,135.92906584189868,3,42.15873477813557,3,43.42633430045652,1.7536156668614868,0.3061137510905336,0.1685961825927958,0.1529219168684692,0.1458063033805567,High_Risk
D:\Download1\Multi_Crop_Leaves_Disease\Multi_Crop_Leaves_Disease\Papaya\Unhealthy_papaya\Mosaic\mosaic4.jpg,Mosaic,30,60,21,28.87667593,62.4901206,5.457871273,182.2688175,15.639245965487603,1,9.900521595873464,7.846074262170555,369.9352933596119,6.501549941814209,3,16.21358945528566,18.80517726955916,141.99022831768212,3,4.307914033775656,3,36.17365135573761,4.159844989748362,0.2354893529628829,0.1572933472543721,0.1402368932221714,0.147387833343762,High_Risk
D:\Download1\Multi_Crop_Leaves_Disease\Multi_Crop_Leaves_Disease\Papaya\Unhealthy_papaya\Mosaic\mosaic5.png,Mosaic,68,52,49,24.42561272,92.27749066,6.577192175,63.35298768,18.330854935563828,3,8.677039258369108,2.441921071159605,431.75835903619753,5.218635730026867,4,16.340099262584914,74.9703357884373,68.94242075091458,2,22.194022039680625,2,97.6919553392209,3.3318685494246507,0.0262155449077294,0.1919721506224202,-0.018864395536896,0.1568379110146954,High_Risk
D:\Download1\Multi_Crop_Leaves_Disease\Multi_Crop_Leaves_Disease\Papaya\Unhealthy_papaya\Mosaic\mosaic6.png,Mosaic,75,54,36,26.29465461,84.56919326,7.023936392,257.4914906,12.692405256703813,1,10.107386654563172,16.370263035927152,378.88278792276606,5.711948512456132,5,14.354384400048602,30.005963650270363,177.6444672214584,1,4.970428090272394,3,79.4798521508006,4.561682533023239,0.271857662818706,0.2579144089682887,0.1170754087122319,0.2403265062939086,High_Risk
D:\Download1\Multi_Crop_Leaves_Disease\Multi_Crop_Leaves_Disease\Papaya\Unhealthy_papaya\Mosaic\papaya_mosaic.png,Mosaic,74,35,40,26.49109635,80.15836264,6.980400905,242.8640342,26.20773239299878,3,8.023684684293785,7.963606057288741,363.6943055002588,8.393907171864402,1,10.864360184826303,24.09188793478396,55.76138848397649,3,10.861071276483274,3,82.81872017326596,1.2733406458545562,0.0491342517970188,0.1642324558509376,-0.0101583425000225,0.1430541457295534,High_Risk
D:\Download1\Multi_Crop_Leaves_Disease\Multi_Crop_Leaves_Disease\Papaya\Unhealthy_papaya\Mosaic\spider_curl1.jpg,Mosaic,26,18,27,27.45907759,92.90736493,5.836075368,142.1430003,12.972852034216771,1,6.732214959570486,4.826529559088231,401.0203581127265,7.5892258338961724,1,16.2315139237791,21.25612381553299,116.83778477149886,1,20.624727118819838,3,9.221100678294937,3.922775754156191,0.2125678694290099,0.2793464098580453,0.0476808168818649,0.242436582702494,High_Risk
D:\Download1\Multi_Crop_Leaves_Disease\Multi_Crop_Leaves_Disease\Papaya\Unhealthy_papaya\Mosaic\spider_mite2.jpg,Mosaic,2,39,15,28.07219563,82.9116472,6.478557136,49.61865305,23.263032045833988,2,10.114437607355836,6.121300792565807,394.58503889237136,9.917378998527436,1,17.668136974908577,58.61933544616019,84.44065673348354,2,27.24345393259208,3,12.359811077369809,2.4810491707349294,0.2317627912262587,0.2455029980428434,0.0894286574842015,0.231116456215453,High_Risk
D:\Download1\Multi_Crop_Leaves_Disease\Multi_Crop_Leaves_Disease\Papaya\Unhealthy_papaya\Mosaic\test1.jpg,Mosaic,61,41,17,25.1420613,65.26185135,6.021902237,76.68456006,29.564065781027196,1,9.571397394060488,12.421020602544797,395.6082094108026,4.875638659867684,5,13.672334019978845,34.756039188882816,102.32510768412166,1,29.04560353566869,2,4.41334308885687,4.254663478706797,0.2832262587939204,0.2512812314367264,0.1359671552617357,0.2298675403049009,High_Risk
D:\Download1\Multi_Crop_Leaves_Disease\Multi_Crop_Leaves_Disease\Papaya\Unhealthy_papaya\Nitrogen\9238858383_d90dc339d2_w.jpg,Nitrogen_Deficiency,5,18,14,33.1056981,93.48447453,7.434118807,119.1709113,15.53648439502464,1,10.736894523574655,4.418354103839739,366.3763492368787,1.806217077941277,3,6.200889266973281,40.16116905192597,147.10704852975869,3,35.37955804118021,3,72.01179843603326,3.833708111204844,0.2731323500682599,0.2392941669106476,0.1217847154772177,0.2293273275541327,Moderate_Risk
D:\Download1\Multi_Crop_Leaves_Disease\Multi_Crop_Leaves_Disease\Papaya\Unhealthy_papaya\Nitrogen\early_nutient.jpg,Nitrogen_Deficiency,81,56,36,23.39605743,72.60512854,7.097586415,174.7876411,14.63885547774006,3,9.077472656154496,16.31891887906267,435.9599507861081,2.035834728763751,5,6.908954174898226,45.89259574210707,163.76032302773902,1,41.7889397801761,2,90.84126774421892,4.153582799935988,0.2458360165738611,0.2583816460757159,0.1331471351454263,0.2364737576218877,Moderate_Risk
D:\Download1\Multi_Crop_Leaves_Disease\Multi_Crop_Leaves_Disease\Papaya\Unhealthy_papaya\Nitrogen\minor_nitrogen.jpeg,Nitrogen_Deficiency,29,22,43,19.66329768,87.95158129,5.561851831,106.0380805,29.19763352450463,1,5.264431242061461,8.323869112918743,408.0781043227347,4.195284082618885,3,7.400757690572969,66.8140846231147,83.04145140397361,2,21.06778293898841,2,61.06000211952305,3.5623000204991917,0.206659179017266,0.2599201347777303,0.0959575286991554,0.2326937725300763,Moderate_Risk
D:\Download1\Multi_Crop_Leaves_Disease\Multi_Crop_Leaves_Disease\Papaya\Unhealthy_papaya\Nitrogen\nitrogen1.jpg,Nitrogen_Deficiency,111,5,47,28.03306461,91.47355778,6.274452811,21.17924769,29.718802662604123,1,8.52445084631722,18.254370637641447,445.908047381875,9.18733085761202,1,6.61198545041369,78.61176035432237,87.57735236538299,3,0.9490771023170752,2,92.66679474810697,2.007543230326648,0.2894168993435805,0.2322952849386064,0.1629572359269513,0.2130998517782692,Moderate_Risk
D:\Download1\Multi_Crop_Leaves_Disease\Multi_Crop_Leaves_Disease\Papaya\Unhealthy_papaya\Nitrogen\nitrogen2.jpg,Nitrogen_Deficiency,87,48,25,18.65396672,61.37879671,6.656730008,93.62039175,10.829340209454172,3,11.10019077910031,17.25430693483319,418.16223693941504,2.519905146189566,4,17.489674137213534,64.99441265306486,107.80064147950878,2,37.45337343765176,2,16.907763631837504,3.565962259806854,0.0988172372302153,0.2463542999561128,0.0254100396297218,0.1857333922565455,Moderate_Risk
D:\Download1\Multi_Crop_Leaves_Disease\Multi_Crop_Leaves_Disease\Papaya\Unhealthy_papaya\Nitrogen\nitrogen3.jpg,Nitrogen_Deficiency,2,79,15,21.53577883,65.47227704,7.505283615,35.75107592,19.227672453883155,2,7.820464503866872,5.530977828947972,382.47923203170006,7.122700167611304,4,8.76288709788691,70.70320479592385,91.74046195047956,2,0.3850757628526546,3,52.84407589467291,4.9251846020066985,0.2731323500682599,0.2392941669106476,0.1217847154772177,0.2293273275541327,Moderate_Risk
D:\Download1\Multi_Crop_Leaves_Disease\Multi_Crop_Leaves_Disease\Papaya\Unhealthy_papaya\Nitrogen\nitrogen4.jpg,Nitrogen_Deficiency,95,27,55,28.47212559,91.21322065,6.160414414,20.88620369,14.00298223280621,1,5.046102745823626,6.30203864310036,356.0818357392836,4.987546025694768,6,15.10068947163066,45.72398640406542,92.89077549599833,3,33.901855825751824,1,20.86706021172852,1.5127578880135737,0.1933973162897838,0.2433654367139655,0.0980130871224033,0.1873698002403342,Moderate_Risk
D:\Download1\Multi_Crop_Leaves_Disease\Multi_Crop_Leaves_Disease\Papaya\Unhealthy_papaya\Nitrogen\nitrogen5.jpg,Nitrogen_Deficiency,89,9,47,29.47156259,90.77069618,6.668382766,28.75226067,29.66921265657852,3,7.487120703864998,3.389545797280762,418.96455880955546,7.989159229127943,5,17.517238009047684,72.30928032570804,142.0114351619101,2,46.52047286686194,2,65.69596292506465,1.5636855032037769,0.3103284885015546,0.1441044260838778,0.215599760525922,0.1228028926553605,Moderate_Risk
D:\Download1\Multi_Crop_Leaves_Disease\Multi_Crop_Leaves_Disease\Papaya\Unhealthy_papaya\Nitrogen\nitrogen6.jpg,Nitrogen_Deficiency,37,23,12,31.52675982,90.50621806,6.395258356,113.1169398,25.43151559963759,1,8.984180250929612,16.16180591833384,354.88273356929244,8.40843928213271,2,14.125397025429086,89.85704123536237,65.0409171983259,3,48.55123189669431,3,54.3016431211033,2.506593669963315,0.1885518323586149,0.1817725222351055,0.1267947792102411,0.1729794406317434,Moderate_Risk
D:\Download1\Multi_Crop_Leaves_Disease\Multi_Crop_Leaves_Disease\Papaya\Unhealthy_papaya\Nitrogen\nitrogen_leaf_spot (2).jpg,Nitrogen_Deficiency,107,11,54,28.59052369,91.33617236,6.094016338,29.44008034,29.20458172984761,2,10.26858505833592,1.6513288809944315,367.8733223969777,5.013319659517506,5,15.63498909357326,83.08000964985163,155.89871386775502,3,14.599739460457345,1,51.7412066014898,4.437243695680028,0.2080787988542195,0.1930726324673818,0.1437336543388606,0.1638107137792359,Moderate_Risk
D:\Download1\Multi_Crop_Leaves_Disease\Multi_Crop_Leaves_Disease\Papaya\Unhealthy_papaya\Nitrogen\nitrogen_leaf_spot.jpg,Nitrogen_Deficiency,26,32,32,30.91471455,49.92963856,6.810186079,90.14047759,18.13417431721645,2,10.786094478493714,12.165794691961953,391.15060316805,1.7447592480205665,4,12.203680850445496,66.37333138441791,123.88094527863902,1,18.86352112637033,2,17.774300117131304,3.315351680940747,0.3262757630901458,0.2467496545237943,0.2275766159605105,0.2260798946571846,Moderate_Risk
D:\Download1\Multi_Crop_Leaves_Disease\Multi_Crop_Leaves_Disease\Papaya\Unhealthy_papaya\Nitrogen\Nitro_Magnesi.jpeg,Nitrogen_Deficiency,16,18,26,28.43647052,91.81320717,5.568365926,145.5414413,26.40740953331289,3,11.297603687864656,15.56613650254012,353.12362330738256,9.389334451498408,1,13.821696720786909,44.87018346856762,175.23213079211382,3,38.76295223048526,3,30.1754582629694,2.775337736329966,0.3191698996701315,0.2262528184812811,0.1352674817310186,0.2318159983447971,Moderate_Risk
D:\Download1\Multi_Crop_Leaves_Disease\Multi_Crop_Leaves_Disease\Papaya\Unhealthy_papaya\Nitrogen\no(1).jpg,Nitrogen_Deficiency,40,63,18,30.41588462,67.66323804,6.74441168,63.02473185,17.61211365012349,3,7.091492010589074,1.6163234138594196,388.3248644682168,1.554756978652595,5,15.291371419512185,86.88072197332394,74.62377489951865,1,23.130979425338023,3,36.95263177708023,2.383615191607352,0.2147969487180266,0.2421553405379465,0.1283722322151212,0.2173374356962753,Moderate_Risk
D:\Download1\Multi_Crop_Leaves_Disease\Multi_Crop_Leaves_Disease\Papaya\Unhealthy_papaya\Nitrogen\test1.jpg,Nitrogen_Deficiency,59,62,83,18.57665902,19.22008229,8.104396058,72.94940441,29.24766608564906,2,5.3058959378719965,15.467749192548176,363.2005448225677,9.283973810705184,5,18.04756724331145,74.5183297311113,83.18937561577343,1,9.501954565086946,2,37.49928518284125,4.26523446281083,0.1755391967456433,0.2297807130733123,0.0769026872317468,0.1966602432870653,Moderate_Risk
D:\Download1\Multi_Crop_Leaves_Disease\Multi_Crop_Leaves_Disease\Papaya\Unhealthy_papaya\Pottasium\IMG-20260324-WA0016.jpg,Potassium_Deficiency,17,43,22,30.06142622,45.90067655,5.498340808,41.0550915,11.44540723379362,1,10.380958989041844,14.15038244161268,414.6402456940078,1.0482189720748183,4,13.108703325371785,94.10709396744404,133.98597976313476,3,33.375535746664255,2,67.53866777645185,3.785712247268485,0.3159543342442221,0.2448971475198212,0.21842126100375,0.2269726565970364,Moderate_Risk
D:\Download1\Multi_Crop_Leaves_Disease\Multi_Crop_Leaves_Disease\Papaya\Unhealthy_papaya\Pottasium\no6.jpg,Potassium_Deficiency,62,52,16,22.27526694,58.84015925,6.967057762,63.87020584,28.81810743413301,1,9.36311331410015,6.868265821161971,362.51840622472565,4.311333351785014,6,12.549366890834856,46.3821341471032,156.5443354532003,2,4.844258560297576,3,17.86729936411161,4.357799119499675,0.282525961070738,0.2352376342952635,0.1217911523325992,0.2264963251412972,Moderate_Risk
D:\Download1\Multi_Crop_Leaves_Disease\Multi_Crop_Leaves_Disease\Papaya\Unhealthy_papaya\Pottasium\pottasium1.jpg,Potassium_Deficiency,101,33,33,26.97251562,62.0183627,6.908671379,142.8610793,13.803873596397116,3,8.167869320141943,9.245461706769673,395.21538339259575,5.433539466539919,2,14.27072427384216,2.886482133037094,169.0513042392963,2,15.742623579605135,3,92.33155479967937,2.04930024802155,0.264145394927437,0.2438675656749681,0.1046819245543362,0.2328539300626018,Moderate_Risk
D:\Download1\Multi_Crop_Leaves_Disease\Multi_Crop_Leaves_Disease\Papaya\Unhealthy_papaya\Pottasium\pottasium2.jpg,Potassium_Deficiency,21,39,20,27.06179658,52.3003173,7.388007483,60.74583498,19.13251841260769,3,5.6354975044578,7.464662211915554,413.414546842176,5.412942836205235,3,5.28313780163118,42.21803502522268,140.37095176599914,3,28.0869786332413,2,52.915298472868685,3.545946938263496,0.3059136883892304,0.248130481359388,0.1608305351660706,0.2340054518168561,Moderate_Risk
D:\Download1\Multi_Crop_Leaves_Disease\Multi_Crop_Leaves_Disease\Papaya\Unhealthy_papaya\Pottasium\pottasium3.jpg,Potassium_Deficiency,84,40,42,26.2830571,73.35763537,6.704273839,186.6898282,29.71032072499192,2,8.922195595344332,10.893424175552031,428.5129675237852,3.427352404866317,2,6.593802686203436,46.835185865894815,70.41464777902965,1,17.195741346948136,1,8.877128923948586,3.722566482574365,0.2458360165738611,0.2583816460757159,0.1331471351454263,0.2364737576218877,Moderate_Risk
D:\Download1\Multi_Crop_Leaves_Disease\Multi_Crop_Leaves_Disease\Papaya\Unhealthy_papaya\Pottasium\pottasium4.jpg,Potassium_Deficiency,120,40,33,24.23850608,54.30329632,6.73410539,115.1564012,18.562032154156064,3,8.584143607039973,13.293567236355631,421.4198876499133,6.081613993988652,6,5.704819243892765,5.924323150352418,114.84027538489264,1,38.82775300909674,1,91.75900255129449,2.688181377691625,0.3084980971943827,0.2604660044915257,0.1780076627381013,0.2296548869587603,Moderate_Risk
D:\Download1\Multi_Crop_Leaves_Disease\Multi_Crop_Leaves_Disease\Papaya\Unhealthy_papaya\Pottasium\pottasium5.jpg,Potassium_Deficiency,21,44,18,27.06909959,86.89934108,7.12851089,50.46746116,19.1248653473817,2,6.358961617572832,16.406411186796976,406.8840093840905,4.697056509827752,3,17.4933012696765,19.04615805088483,65.76244156394868,2,1.7186714186944507,3,14.46580349418628,2.3312390105968923,0.2633293767453621,0.1506667560915206,0.1698849363328183,0.1366967575116895,Moderate_Risk
D:\Download1\Multi_Crop_Leaves_Disease\Multi_Crop_Leaves_Disease\Papaya\Unhealthy_papaya\Pottasium\pottasium7.jpg,Potassium_Deficiency,23,65,20,23.0429097,22.42610972,5.833940084,108.3684316,10.08056813437508,2,6.738603884521762,4.940401335009799,430.5793671322704,3.570995569479205,2,9.560659067789214,83.51429876538478,186.9055514633362,3,18.53726217511485,2,15.63988694692612,4.439428815447364,0.2410820942981961,0.2584242088061317,0.0854876801628593,0.2382301328301563,Moderate_Risk
D:\Download1\Multi_Crop_Leaves_Disease\Multi_Crop_Leaves_Disease\Papaya\Unhealthy_papaya\Pottasium\pottasium8.jpg,Potassium_Deficiency,7,141,195,23.8812458,93.45067555,5.514253142,104.9116663,29.610669156605724,3,5.635475174501436,13.549388315241156,400.24912328368384,8.252349438205663,6,19.45496934264777,5.462051716870175,81.90678243999565,1,42.715315197679786,1,77.01631924384664,1.3085385402298986,0.0019490522359646,0.1897723449101753,-0.065063426712582,0.1509606675054114,Moderate_Risk
D:\Download1\Multi_Crop_Leaves_Disease\Multi_Crop_Leaves_Disease\Papaya\Unhealthy_papaya\Pottasium\pottasium9.jpg,Potassium_Deficiency,16,14,30,29.70931288,96.30484325,6.37466756,209.8453993,11.05834190341838,1,8.871298508138285,7.694941951886594,374.9140671027305,4.198836310710563,2,16.627645914686546,36.91252423000154,87.43087634094319,2,46.13059373455805,3,66.07595319509304,2.045980501353539,0.077686179427063,0.1761553494283008,-0.0250783526965248,0.1616432107128303,Moderate_Risk
D:\Download1\Multi_Crop_Leaves_Disease\Multi_Crop_Leaves_Disease\Papaya\Unhealthy_papaya\Pottasium\pottassium6.jpg,Potassium_Deficiency,100,46,18,24.18586246,76.04203958,6.431689506,69.08056728,13.46017893156329,3,6.769630559847569,11.926986090826182,374.0821407480896,7.468823608217285,5,19.379321381251906,76.41057578574383,56.82282248985309,3,48.34980529262561,3,0.0732771551713473,4.032387994778632,0.2971892578054474,0.24863258095887,0.1866152340696324,0.2243119947317406,Moderate_Risk
D:\Download1\Multi_Crop_Leaves_Disease\Multi_Crop_Leaves_Disease\Papaya\Unhealthy_papaya\Pottasium\test5.jpg,Potassium_Deficiency,98,35,18,23.79746068,74.82913698,6.252797548,91.76337172,22.6919053080773,1,7.98570892490657,5.310167614140995,431.1193253745016,6.160676196620697,1,19.932663074827303,53.36238643447064,175.05313499022634,1,9.796705667526378,1,1.292525891338303,4.450859980605886,0.2342835513386173,0.1739832956119981,0.1789467805591843,0.1590579625738894,Moderate_Risk
D:\Download1\Multi_Crop_Leaves_Disease\Multi_Crop_Leaves_Disease\Papaya\Unhealthy_papaya\Pottasium\test6.jpg,Potassium_Deficiency,81,40,45,25.7629429,80.76238215,6.427726565,174.5071843,22.172512053007235,2,9.12947889086137,11.499532401087109,411.9692935578049,3.5276756830934155,4,10.200625398563735,56.776725971070775,163.43800910790304,2,13.63577058723649,1,42.65007853304426,1.63418930964745,0.2562801073529285,0.2502674580721617,0.1533131049714546,0.229847171889672,Moderate_Risk
