N,P,K,temperature,humidity,ph,rainfall,soil_moisture,soil_type,sunlight_exposure,wind_speed,co2_concentration,organic_matter,irrigation_frequency,crop_density,pest_pressure,fertilizer_usage,growth_stage,urban_area_proximity,water_source_type,frost_risk,water_usage_efficiency,label
1.0687973987858208,-0.34455074861946233,-0.10168750234285244,-0.9355869259076098,0.47266645756791276,0.04330173434266078,1.8103605001948384,1.6046321826095704,0.010634892700354339,0.05340152679530543,-0.010642462878159996,1.264516521137377,-0.9000101675753956,0.285709975971706,-0.13989212503753637,0.2685825371246772,1.4315024990328615,-1.2207253003490393,-1.5206869045701876,1.2272966955171893,1.5869501333444778,-1.5771546064150503,20
0.9333288740624319,0.14061551873812936,-0.1411847666709378,-0.7596460261263331,0.3970512469186057,0.7348725609169426,2.242057909538095,-1.260306861518917,1.2420435211624474,-1.4089164208662734,0.32715200299752595,0.06344243942037843,-1.2760124198925558,0.285709975971706,1.0362211322299668,0.8617160729288666,-1.2600906137508212,-1.2207253003490393,-1.3833094618395754,-0.004479185020135482,0.9435545834568718,-1.086203850951168,20
0.25598625044548734,0.049646843608580925,-0.08193887017880977,-0.5158981414813986,0.48695381219886713,1.7715104653431997,2.921066034515692,1.5904496343832675,0.010634892700354339,0.65266034459507,-0.19512756817618504,-1.4848290530226662,-1.5321059655497946,-1.4815682259151355,0.07202007877156073,-1.6903248409633445,1.5183157717510083,-1.2207253003490393,0.3877728701959047,-0.004479185020135482,-1.1238431823005028,0.039734672295927115,20
0.6352981196709763,-0.5568109905884087,-0.16093339883498045,0.1728070378828599,0.38980549267194176,0.6603076780225089,2.5370480328062364,1.0455668731070498,1.2420435211624474,-0.2736091517034754,-0.3847046712304356,-1.2641471857271256,1.1242190870523774,-1.4815682259151355,-0.34460441127829894,-0.8919322146499361,-1.609129113909673,1.2218355552834177,-0.9600065246153628,1.2272966955171893,1.1378940013771646,-1.5068992892072834,20
0.7436729394496874,-0.34455074861946233,-0.12143613450689511,-1.08364706156879,0.4547916289680062,1.497867775359342,2.8983726728997685,1.3957676050793975,0.010634892700354339,-0.22516957266106763,1.584806071853397,0.37653612882028026,-0.10111207760356865,-0.3033827579905745,0.3509705281262686,-0.38224726083803373,1.3641099724747896,0.0005551274671892323,1.5419231724944353,1.2272966955171893,-0.8692632231067,-0.36124728623975966,20
0.4998295949475874,-0.4961652071687097,-0.12143613450689511,-0.505312751519144,0.5340972847724778,0.7805676872837718,2.6861213233058905,0.5976323574642504,1.2420435211624474,1.1521970000029405,-1.2970499587400393,1.0225112137274361,0.18920824791679575,0.8748027099339865,0.2638219013711584,1.1157530577125192,0.23149464526307342,1.2218355552834177,1.1953798940340041,1.2272966955171893,-0.24072238306652735,-1.085375341482528,20
0.4998295949475874,0.049646843608580925,-0.20043066316306582,-0.5742913207054149,0.5012695767796143,-0.9934251238189604,3.055027135535316,-0.8317264429602248,0.010634892700354339,0.07815710086845676,-0.9508833873570885,-0.04678178744032921,0.7387655536055838,-1.4815682259151355,0.26594827238973023,-0.03587546335379542,-0.10728467574578081,-1.2207253003490393,-1.5983308516565276,1.2272966955171893,-0.009999711501505663,0.1590744616189743,20
1.177172218564532,-0.010998939811118037,-0.16093339883498045,-1.0544982310358721,0.512711020611868,-0.9703928435753763,2.5208532056094395,0.11812933402853473,1.2420435211624474,1.0752154986356188,-0.6175578198382091,-0.6961939956908554,-1.6215216044016616,0.285709975971706,-0.8644622695889851,1.0483847562335435,1.6046460566941783,-1.2207253003490393,-0.7152376790015832,-1.2362550655574602,-1.1274200721694265,0.1661173005513318,20
1.041703693841143,0.019323951898731442,-0.20043066316306582,-0.21735150114280835,0.5415145284252704,0.2789829715630806,2.311047565493567,1.1203067317289839,0.010634892700354339,1.5156009403768034,-0.4987243429273812,1.6415172817254493,1.2884864551387716,-0.892475491952855,-0.25249617894331705,1.3857266032180329,-1.2030737775678253,1.2218355552834177,1.6072090542055115,1.2272966955171893,1.682401843375505,-1.280776367803002,20
0.4727358900029096,0.14061551873812936,-0.20043066316306582,-0.47253804719810333,0.5189620775395833,-0.1721803077983522,2.142936010711277,0.7281028602225885,1.2420435211624474,-1.0793066659589436,0.9106221668865098,-0.7822772467590834,-0.46989871168594594,-1.4815682259151355,-0.10695325490240573,-0.8070157445028816,-1.2181186747711807,-1.2207253003490393,1.435617925209532,-0.004479185020135482,0.45604804127852466,1.4012804752751926,20
1.0958911037304986,-0.010998939811118037,-0.16093339883498045,0.17994542468201027,0.4463754150700911,-1.4000591847601103,2.9329071753597935,0.053131310482929364,0.010634892700354339,-1.0694359118504526,1.4065386164642346,-0.0765030562876999,0.8525469867283053,-0.3033827579905745,1.7360124947082478,-0.2366956408030071,-0.8608157284772762,-1.2207253003490393,0.044195645158486244,1.2272966955171893,-1.7324121169188103,-1.3289876910072518,20
1.0687973987858208,-0.2232591817800644,-0.12143613450689511,-0.3234034789212394,0.44786145981332975,1.3354935984918115,2.6684354493681046,-0.8194850050500518,0.010634892700354339,-0.007875752618841856,-1.1568013578061862,-0.41519945594281105,-0.8266888465995688,-0.892475491952855,-1.4710371282362051,0.5394290964268383,0.8391620323752053,-1.2207253003490393,0.7987741026975835,-0.004479185020135482,1.0116614348511905,1.7255411751138499,20
0.7436729394496874,0.14061551873812936,-0.08193887017880977,0.23398110570686714,0.42253354547776106,-1.758678609554578,3.2936545330358116,-0.7690930838586877,-1.2207737357617388,-1.3047680003876798,-0.396410902800731,-1.4276984746346821,0.25997381215028076,1.463895443896267,-1.0681567546840502,-0.17568566087866835,1.6126087158683664,1.2218355552834177,-1.2237872323046926,1.2272966955171893,-0.8252501039521778,-1.2473666853198524,20
1.1500785136198541,0.07996973531843041,-0.23992792749115116,-0.31629368021281684,0.47509820182257806,0.6654161689526336,1.4889862319641058,-0.3537544349017313,1.2420435211624474,0.9697977767869912,-1.0319626286930854,1.4158123732518564,-0.8665034925258662,-0.892475491952855,-1.11534128836655,1.0654715190985862,-0.9822575304998721,-1.2207253003490393,1.0759627921401005,-0.004479185020135482,-1.3247450060125658,-1.7207035819650187,20
1.177172218564532,-0.10196761494066647,-0.22017929532710848,0.009798961318188814,0.41251511410106834,0.618458783278166,1.9314147556742225,-0.07058641496230213,0.010634892700354339,-0.4788300827884685,-1.0884068281961856,1.1264293479750933,-1.6553986604792477,0.285709975971706,0.2735879261705503,1.4497400965221623,-1.0914571942409579,0.0005551274671892323,-1.0084405347050605,-0.004479185020135482,-0.6856710452285187,1.246517985322064,20
0.25598625044548734,-0.16261339836036545,-0.18068203099902314,-0.2635306620553619,0.3961802092781758,0.7403040879657888,2.322697185211281,0.5513647395822754,-1.2207737357617388,0.7994729698025804,0.5304127191057545,-0.47483682251985015,1.2438531071947467,-0.3033827579905745,0.45787568006504575,-1.2636035538934065,-0.19698580287140555,1.2218355552834177,1.2861284860526196,-1.2362550655574602,0.003296527870121469,-1.4180587519284915,20
0.9333288740624319,-0.46584231545886023,-0.1411847666709378,-0.7958614107694351,0.5079616350903209,-0.28488020075081716,3.1520386656675687,-1.3575617718324908,-1.2207737357617388,1.0892802403500637,1.5384204140480149,1.2599192164623074,1.184364951998396,-1.4815682259151355,0.6885307964147923,-0.6378620078473188,1.290435712834769,1.2218355552834177,-0.7103616949953742,-0.004479185020135482,-0.4067248272598114,-1.627506372200204,20
1.0958911037304986,-0.5568109905884087,-0.18068203099902314,-0.35995834936391546,0.4014780671721616,0.6479768142714176,1.8708863903534874,0.06113892089070894,0.010634892700354339,0.1719664730598072,-0.795628075742051,-1.3210161797817275,-0.14662254203562416,0.8748027099339865,-1.270390738554659,-1.224637896440798,-1.179037896724192,1.2218355552834177,0.7125434398444563,1.2272966955171893,0.9646538584239569,-1.6717039345522242,20
0.7165792345050096,-0.46584231545886023,-0.23992792749115116,-0.7409222963007539,0.3913302035558717,-0.6662861970880678,2.2038290220065715,-0.049791092858307934,1.2420435211624474,0.517351726662327,0.8481757306124257,1.7387933603044563,-0.8360700927460567,1.463895443896267,-0.8554765004613237,0.010766444625978328,-1.1501633158282358,0.0005551274671892323,-1.373812449564153,-1.2362550655574602,1.1501848752632688,-0.6144491037014665,20
1.0146099888964653,-0.5568109905884087,-0.16093339883498045,-0.4023246060206703,0.5438680683819721,-0.7955264871560289,3.4185447528580637,0.9667177621967978,-1.2207737357617388,-1.708154940799337,0.3130127771697529,-0.41498095128737783,1.2903728913930328,1.463895443896267,0.25003231166257195,-0.9841881188541015,-0.8832498675232119,0.0005551274671892323,0.0026125919464528124,-0.004479185020135482,-0.016452584572089313,-1.4768358785671278,20
1.041703693841143,-0.2535820734899139,-0.23992792749115116,-0.8476285488705975,0.4040201859933811,-0.0349005226090287,1.492992614856599,-0.39714640421103675,-1.2207737357617388,1.3665308885989185,-1.3250720362256305,-0.4477904212208744,1.0256848378464292,-0.892475491952855,0.22954170825796844,1.4205219450423938,0.44798106138971816,0.0005551274671892323,1.2722988712056296,-1.2362550655574602,-1.6530627014783295,-1.334201516189451,20
0.6894855295603318,-0.4051965320391613,-0.10168750234285244,-0.09062314970899395,0.522731734237006,-1.808443434256789,2.328120367262046,-0.5569267615021427,0.010634892700354339,-0.6888186261825224,1.1802237399277775,-0.6853891841999301,-0.655765645188951,1.463895443896267,-0.21077021632770568,-0.21269145831723915,-1.283224489427154,1.2218355552834177,-1.077797768780088,1.2272966955171893,1.5425708224704417,0.5986108866222972,20
0.44564218505823183,0.17093841044797883,-0.1411847666709378,-0.7246431139063119,0.4264418388844951,-0.590423939426763,2.000011712604836,-1.074303375229012,1.2420435211624474,-0.08447943641054853,1.2676468671586536,0.9730248388100461,-0.20138027843743042,-1.4815682259151355,-1.6486865141893627,-0.4420659973692738,1.1963639815910416,1.2218355552834177,-0.11488912997579977,1.2272966955171893,-1.219007388248493,-0.460445793394677,20
0.8791414641730764,-0.3748736403293118,-0.10168750234285244,-0.9014558724316065,0.5030208533853583,-0.2784469609953758,2.3594833153221466,-0.8799988332468295,-1.2207737357617388,-0.1084337388339256,-1.5933596796614857,0.7916711334482411,-0.11957114234939144,-0.892475491952855,-1.5130523784270498,0.7344528064086634,-1.3063154280464244,-1.2207253003490393,1.2962525805639307,1.2272966955171893,-1.0556583073524257,-0.26628280005080607,20
1.285547038343243,-0.19293629007021493,-0.22017929532710848,-0.4212127000843193,0.4425617361363141,1.1709066242756576,2.1947855714290325,0.2613964919839807,1.2420435211624474,1.41563023696756,-0.5216020810767045,-0.44092193305695987,-1.1290728660981024,-0.3033827579905745,-1.0870537610317514,0.5829640694654404,-1.5969690841120545,1.2218355552834177,0.60308492241358,-0.004479185020135482,0.9395695309011017,-0.31679923539723354,20
0.41854848011355406,-0.010998939811118037,-0.1411847666709378,-0.10678479560439068,0.40622729635070476,1.6922974670662334,2.794389402856686,-1.1065599220579605,0.010634892700354339,-0.16896628759525892,-1.5477770796641859,1.2427525312483618,0.7494839338927771,-0.892475491952855,0.25027631984369764,0.592650024705158,0.8300491077708254,-1.2207253003490393,-0.20288108815699898,-1.2362550655574602,0.8685844602718953,0.8763148813041866,20
1.2584533333985652,0.17093841044797883,-0.10168750234285244,0.1467680812112421,0.564373833904118,-0.23648091132925952,3.0556414361858057,0.927784276511004,-1.2207737357617388,-1.7714054046401149,0.4855714406193027,-1.5971937475212994,-1.2087534758813376,-0.892475491952855,-0.37800096461958144,1.3882011193062818,-0.044317239044436976,-1.2207253003490393,-0.6170800852792429,1.2272966955171893,1.0589691724418635,-0.18362913769903874,20
1.2584533333985652,-0.10196761494066647,-0.1411847666709378,-0.21471527543238098,0.4071749811487219,0.7773451088537423,2.8537116872114874,-0.5612493687641303,-1.2207737357617388,-0.7203901601814866,1.0657346705668895,-0.444311258828315,-0.4746705733441563,-1.4815682259151355,-0.7113688922368061,-0.5444680822662683,1.3922849248240647,1.2218355552834177,0.17409956265920673,-1.2362550655574602,-0.7453125390946181,1.4094808187822656,20
0.25598625044548734,-0.13229050665051595,-0.08193887017880977,-0.9561262315887107,0.5847571913902976,-0.29032007274538696,2.4863987637230927,-1.04973953495428,-1.2207737357617388,-0.1826178975984229,1.5142415667693596,-0.6062635249173277,0.3624479517189476,0.285709975971706,0.8342674520584763,-0.25206146513947536,-1.6390085083002597,0.0005551274671892323,0.18681257438931712,1.2272966955171893,-0.9178180189080813,-1.5984425306303283,20
0.9062351691177541,-0.071644723230817,-0.2596765596551938,-0.6547369221130126,0.41163070733677226,-0.5507834336974734,1.7201551343696106,-1.3349666731770944,1.2420435211624474,-1.0380078249593008,0.6511455770974148,-0.49425092377898655,-0.23534791155781956,0.8748027099339865,-1.4437599068349758,-0.28720326404201346,-0.06274209522240014,1.2218355552834177,-0.6254759303844939,-1.2362550655574602,-0.027577342510963106,-1.3455536362958356,20
0.6082044147262985,0.11029262702827988,-0.1411847666709378,-0.8236294066936031,0.6047949576085686,-0.8332938776056916,3.0709857430903917,0.6710762735961935,0.010634892700354339,-0.5879113827814677,1.0119167753616882,0.3335912400532093,-1.1869458389015877,0.285709975971706,0.45690254390163343,-0.14788536160989033,0.40176370469188916,-1.2207253003490393,0.596951390006997,-1.2362550655574602,0.7694967713613328,0.5941958038069226,20
1.1229848086751764,-0.5568109905884087,-0.16093339883498045,-0.6788856693064965,0.39757365493556845,-0.14486461227736816,1.7585412074334552,-1.4440852601157417,0.010634892700354339,-0.37178786666829466,1.5746455067509422,1.761748305349232,-1.6526089476437944,-0.3033827579905745,-0.39582771476315526,-0.6118337090143151,-0.29981844990136514,-1.2207253003490393,0.3909989041954084,1.2272966955171893,1.2922800934378513,0.7618902695706398,20
0.9333288740624319,-0.4961652071687097,-0.18068203099902314,-0.21498971754788324,0.5056472595053196,-0.13614668095219595,2.206025841196938,-0.27114567091654795,-1.2207737357617388,1.0562270451559477,-1.0864970327863999,1.43969989972319,-0.2865523516213514,1.463895443896267,0.8018138080865286,-1.5529847685807703,-1.2006767902108555,-1.2207253003490393,-0.12595396270531928,-0.004479185020135482,-1.3744879212397634,-1.520191289231387,20
1.285547038343243,-0.010998939811118037,-0.20043066316306582,-1.056605362750975,0.45632268072881854,-1.8803885715519308,3.038954361128983,-1.3773870627994853,1.2420435211624474,-0.5797844622390308,-0.7307326907361554,1.3257336223180414,1.2263323464526956,1.463895443896267,-0.31483817962065197,-0.10821678058146632,0.19284261398911096,0.0005551274671892323,1.7231049547835102,-1.2362550655574602,-0.32377182840201096,0.4182705988621034,20
1.0146099888964653,0.019323951898731442,-0.08193887017880977,0.023542350633521263,0.5571239415097307,-0.4136537438010883,2.359930220396707,0.5494506633481111,1.2420435211624474,1.4333617201876272,-1.5768145790500274,1.012266968421017,-0.1333231272988174,0.8748027099339865,-0.874252119337648,-1.656807656227701,0.045003524982820106,-1.2207253003490393,-1.5075583577161529,-1.2362550655574602,0.7266303543720368,0.42844458431852395,20
1.2042659235092097,0.049646843608580925,-0.12143613450689511,0.2329032440215007,0.47919616220519573,-0.670515819322898,1.635859070609037,0.6607690322066194,1.2420435211624474,1.4167824750702047,0.7091449289170454,1.42857127222585,-1.0001328569119659,1.463895443896267,1.7677621210029704,-1.082344444013199,0.5242183067274117,-1.2207253003490393,0.3448423912151562,1.2272966955171893,1.2998593455872214,1.708685923748963,20
1.3126407432879208,0.11029262702827988,-0.2596765596551938,0.2254372052686653,0.4355842278475922,-0.6579673769761053,3.0727726863590052,0.05386787637868259,-1.2207737357617388,-1.1416602596731613,0.9602645734320303,0.538201261328675,1.3722729432267764,1.463895443896267,-1.4321030714383434,-1.631960796813614,1.3809227323969415,0.0005551274671892323,-1.5631305224058407,-1.2362550655574602,1.657554650483888,0.7703553712844804,20
1.2042659235092097,-0.43551942374901076,-0.23992792749115116,-0.3462529148722775,0.524320918190261,-1.1735930292971635,3.3084492283790365,-0.33766684966821625,0.010634892700354339,0.5446846650184386,-0.7417439703408135,0.8219694091128035,-1.1879084141305731,-1.4815682259151355,-1.0987290505724265,0.4454440121458434,-1.5585638326999336,1.2218355552834177,-0.9943598374069592,1.2272966955171893,-1.5206916857088602,-1.7033460440655956,20
0.25598625044548734,-0.31422785690961286,-0.08193887017880977,-0.9079917543052934,0.5153226258115465,1.2235872521079936,3.547820745141534,-0.11694413687045004,1.2420435211624474,0.8020309022900762,-0.7941320891196204,-0.6443951181036979,0.27586210032803304,-0.892475491952855,0.1893558800081224,-0.14256316208612102,0.38908089257926487,0.0005551274671892323,-1.4851700543870259,-0.004479185020135482,-1.020457159100141,-0.686275140132488,20
0.3372673652795207,-0.2839049651997634,-0.1411847666709378,-0.28508200155534563,0.550209585012247,-1.145197467816087,2.7949439283427773,-1.6713382795857172,1.2420435211624474,-1.2296768857286569,0.24225599036450196,1.6353397222763124,-0.10533236522920737,0.8748027099339865,1.7048340573130825,-1.2616138599690927,0.836542379041524,1.2218355552834177,-1.124713785354512,-1.2362550655574602,-0.2826926690719603,1.3765633031909574,20
0.31017366033484295,-0.34455074861946233,-0.23992792749115116,-0.5599705736340412,0.47556181947899406,-0.051010338877061134,2.6435944533084315,-0.07619981624371108,-1.2207737357617388,1.0478271971059168,1.1044822121687428,0.5484629658734784,1.2605175383946285,-0.892475491952855,1.2574731860350505,1.0275265805565745,-1.3936959531439015,1.2218355552834177,1.3624220695039677,1.2272966955171893,-1.5465479045775,0.5406301411009832,20
0.3643610702241985,-0.2535820734899139,-0.10168750234285244,0.0026779134439616874,0.5412093378967243,-1.2078677724050688,1.937115397935009,-0.5022940635343903,0.010634892700354339,1.1714510475120434,-0.7279484705605122,1.0214989629951903,-1.0994588155822362,-0.3033827579905745,0.5784656103510815,1.1191681539191394,0.822402111765872,1.2218355552834177,0.34435447960478155,-1.2362550655574602,-0.10486879820495525,-1.6706738400031063,20
0.8791414641730764,0.20126130215782834,-0.23992792749115116,-0.003791427490572247,0.38920932175625317,0.5615499961935867,1.7721294705561266,0.5836693031183351,1.2420435211624474,0.09820310898574236,-0.3575719340307453,0.04916814925306774,1.130760511267877,-1.4815682259151355,-1.582644290072411,1.2645949266463938,-1.173556022365654,-1.2207253003490393,-1.2717699019106856,-1.2362550655574602,1.32818191650011,1.7087816550074286,20
0.8520477592283985,-0.4051965320391613,-0.16093339883498045,-0.3526981654071353,0.598947443987341,-0.25589429994841983,3.550701222300014,0.43854553381569084,-1.2207737357617388,-0.9833135550162424,0.938180945391793,1.317175980667893,0.60092548281779,-0.892475491952855,-1.236610195584755,-0.22380314100939508,1.606485544995512,-1.2207253003490393,-1.465880642292352,1.2272966955171893,-0.46837318654489934,1.4589270592280272,20
0.9333288740624319,-0.041321831520967515,-0.0621902380147671,0.13773781385506995,0.48903061425665845,0.9755010701958197,2.949664095486769,-1.5928532837380114,-1.2207737357617388,0.6238662488218208,-0.07381575300864045,-1.1115001622316278,-1.4018065225496115,1.463895443896267,0.4040139913497616,1.3933630257331546,1.2825630951711826,-1.2207253003490393,-0.12820109446524242,1.2272966955171893,-1.2169810905893408,-0.1443258588216331,20
1.0958911037304986,-0.5568109905884087,-0.20043066316306582,-0.14201435826886027,0.4063157739115036,-0.43319903735991866,1.459902746208491,-0.948142853191688,-1.2207737357617388,-0.42580288955368184,1.482487945831171,0.2896931870144491,-0.23753963976038017,1.463895443896267,-0.8308844299232933,1.7018421622460813,0.10179127593263879,0.0005551274671892323,-0.194317836136707,-0.004479185020135482,-1.3979586221908389,0.23471815877035765,20
0.6894855295603318,-0.13229050665051595,-0.12143613450689511,-0.12986709620104045,0.5839435675731633,-1.63242351348337,1.7015346228480743,-0.7731915276808601,1.2420435211624474,0.7885240870042318,-0.04804648668459158,0.8244794385612583,0.3672475840547847,-0.3033827579905745,-1.2986174088799467,1.3400986733357683,-0.8914598631677346,0.0005551274671892323,-1.3285195336066349,1.2272966955171893,-1.1188706920409766,-0.6558072975576016,20
0.6352981196709763,-0.43551942374901076,-0.20043066316306582,-0.4691482557713249,0.5889925799687783,1.6963505995793615,2.3583506356518926,0.11499463781967058,1.2420435211624474,1.6722670760948475,0.18053982755339987,-0.2522631891644468,-1.132897929930891,1.463895443896267,1.3283161832808126,-1.2830238208972657,-1.5624685987608786,0.0005551274671892323,-1.0911356999301023,1.2272966955171893,-1.6552968732447935,-0.5268460307355491,20
0.7707666443943652,-0.31422785690961286,-0.18068203099902314,-0.7802241438985498,0.41457071281286934,0.766772113024371,1.9537501433333875,-0.6416079604017323,-1.2207737357617388,0.02513783951775002,-0.3790310216198105,-0.9204854608161409,-0.4499316871309895,0.285709975971706,-1.5408516567468349,0.05744925588348119,0.6002091069052837,1.2218355552834177,1.0386404058429233,1.2272966955171893,1.5859793478692477,-0.18451934302156944,20
1.0146099888964653,0.049646843608580925,-0.0621902380147671,-0.19373360198490058,0.40127368059232765,1.6295555073478216,2.734628645358168,-0.9179934129063588,1.2420435211624474,-0.7707523666143441,0.7430359995355075,0.7384647408145651,-1.4434318558257428,1.463895443896267,0.839414386697208,-1.344891824439901,-0.6387195370764673,-1.2207253003490393,-0.5297979796026703,-0.004479185020135482,-1.3744234004171003,1.1834959982846143,20
0.25598625044548734,-0.5264880988785592,-0.10168750234285244,-0.4316016000082146,0.5203042215764565,-1.529251502698548,2.119197005951925,0.804642054072494,-1.2207737357617388,-0.7007150205467165,-0.5313535714160098,0.34002058039981736,-1.2289841651070654,1.463895443896267,0.3978920795219044,-0.2870761777915805,-0.817253548879082,-1.2207253003490393,-1.4094288131812553,1.2272966955171893,-0.3447637389397458,-1.5892812915044467,20
0.6894855295603318,0.20126130215782834,-0.18068203099902314,-1.1003895772512724,0.39831421625266394,0.3835288716209936,1.9131066496474356,-1.5958198814391644,0.010634892700354339,0.47435740082444694,-0.9816796992167721,1.637327562221541,1.6301852070638427,-0.892475491952855,-0.015746144872102665,1.6856501975043203,0.0072806697044637035,1.2218355552834177,-1.2493825951079338,-1.2362550655574602,-0.31525709396986457,0.30928304437254817,20
1.1500785136198541,0.07996973531843041,-0.12143613450689511,-0.34745078807069324,0.482684344439661,1.1803148843538949,1.6676618531520018,1.5528362699889775,-1.2207737357617388,0.06811689155657334,-0.37724681577665636,-1.238192723963474,0.6803939540948004,-0.3033827579905745,-0.5588603324004553,-0.8269661929545397,0.10088114968144968,-1.2207253003490393,0.44222528416996615,-0.004479185020135482,0.42274346095642923,0.792895254443887,20
0.3914547751688763,0.20126130215782834,-0.10168750234285244,-0.719837948289876,0.46801380388879654,-1.0485276107623673,2.2549462878212063,0.19473376694832228,1.2420435211624474,0.5622753876341953,0.7996899248104679,-1.4171415886510663,-1.4989178734271813,-0.3033827579905745,0.6493074413435513,0.7193833290828522,-0.5632830574998764,-1.2207253003490393,-1.00602368980225,1.2272966955171893,-0.010725087326872587,1.1767448304150858,20
1.2042659235092097,-0.041321831520967515,-0.23992792749115116,0.1210692937828113,0.5550391816829003,-1.196905636131617,3.3313628230015544,-0.6469024811151431,-1.2207737357617388,0.46798824089129004,-0.03613369901924789,0.3983776586007696,-0.6596036784005632,0.285709975971706,0.30737114861516834,-1.226389190626674,-0.04035592300721905,0.0005551274671892323,-0.21028673514087626,1.2272966955171893,-0.469115661833936,-1.1036721041224213,20
0.662391824615654,-0.46584231545886023,-0.18068203099902314,-0.4285301747882477,0.5980454571710913,-0.32874504672745486,3.2845071693299546,-1.2165044140121721,1.2420435211624474,0.7681481274634399,1.2554574268578926,0.740222690719338,-1.3936671811923806,-0.892475491952855,-0.3115691545187264,1.7167562194787185,0.3596707334900522,-1.2207253003490393,-0.7272645677978687,-0.004479185020135482,0.9810566548061466,0.5847179836196359,20
0.6352981196709763,0.019323951898731442,-0.20043066316306582,0.007760987775721885,0.5385940819980559,0.8410765811412814,2.0732249360060897,0.3169744608899195,-1.2207737357617388,-0.10286130848272765,-0.6522830978289258,-0.9544889223796653,-0.07586301921423631,-0.3033827579905745,-1.2159354973905177,-1.3468752445461656,-1.4266677287457974,0.0005551274671892323,-1.343764627428943,1.2272966955171893,0.7994213726777613,0.7610467763737666,20
1.0958911037304986,-0.5264880988785592,-0.0621902380147671,-0.23165757392923625,0.4929542858847101,-0.6705325932195303,2.9940823551329907,0.5197608194254653,1.2420435211624474,1.505103220655153,-1.6395026573491076,0.5383026488582491,-0.7305056656455637,1.463895443896267,-1.4157550499854477,0.05087147954528397,-1.5454528239495848,-1.2207253003490393,-1.2460308617000204,-1.2362550655574602,1.1532697981764928,0.8831805814551924,20
0.5540170048369429,-0.2232591817800644,-0.16093339883498045,-1.054014273947977,0.47809344085588695,0.9915524356569355,1.6104918459898352,-0.9738458338033145,1.2420435211624474,0.753026201068609,1.5859869390601504,0.7100851474939244,0.7658450729400046,-0.892475491952855,-0.23236476023850666,0.7049776454143372,0.1293283869911158,0.0005551274671892323,-0.9689292094105347,-0.004479185020135482,-1.3935887072795607,1.752267439607126,20
1.3126407432879208,0.049646843608580925,-0.2596765596551938,-0.768856789755189,0.39342774711882766,0.041637816526162615,3.175832495267145,-1.1416415993435372,-1.2207737357617388,0.29182769386591384,1.2658002424406885,-0.012978139747781855,0.8931503115482329,1.463895443896267,0.34702453153641555,0.32945149541558866,-1.6651065776030565,-1.2207253003490393,-1.3959362427338595,-1.2362550655574602,-0.6176544431553197,-1.2534716165135644,20
0.5811107097816207,-0.4051965320391613,-0.20043066316306582,-1.027491014516118,0.48188899029089055,1.451364736245041,2.578672546065486,-0.9597092240914509,1.2420435211624474,1.2124651796952608,-1.4607111417805136,-0.2266949107542979,-0.6004194218241894,1.463895443896267,-1.6147455019330221,-1.4248778201725552,-1.662304461091975,1.2218355552834177,-0.45036313252409965,1.2272966955171893,-1.0281323892828855,0.2335899120145923,20
0.8791414641730764,0.14061551873812936,-0.0621902380147671,0.027464609817730207,0.5407532534572247,-0.7678517276315535,2.587982604359279,-0.9416496652378098,-1.2207737357617388,0.7644114706085268,1.0338550540037588,0.9019328652008468,1.4903161431950451,0.8748027099339865,1.4010490125581614,-1.3643855360465669,-0.8209283878756551,0.0005551274671892323,-0.3953679121978478,-1.2362550655574602,0.8415384261660108,1.379475772645842,20
1.1500785136198541,0.14061551873812936,-0.20043066316306582,-0.9878386531832443,0.5522177026233661,0.5982722019002101,3.2046345095941806,-0.10052219305446981,1.2420435211624474,0.19613186342085576,1.2946416938063467,1.0920755279902743,0.1209912225095333,0.285709975971706,0.4707187590851029,-1.6842440750465701,-1.3321810370171687,1.2218355552834177,-1.1753472736451314,-0.004479185020135482,-0.6838553369920771,-1.5995211909223348,20
0.5269232998922652,-0.5264880988785592,-0.12143613450689511,-0.7456992214740787,0.41543591544487185,0.6161196279167819,1.8003196357351208,-1.0920394686884272,0.010634892700354339,0.28482334227255107,0.5501775924182463,-1.177600693946703,-0.69907763042799,-1.4815682259151355,0.5588317252305832,-0.7345779704460413,-1.5222207835881554,0.0005551274671892323,1.679189757582048,1.2272966955171893,0.9671367392867649,-0.9785433271221514,20
0.6894855295603318,-0.19293629007021493,-0.12143613450689511,-1.0928278030604959,0.5305494397116229,-0.9438370615322033,2.915114179682837,-1.2693931444614728,-1.2207737357617388,-0.038715254394547115,0.8055806444740288,-1.3581459806490426,-1.336167453027132,0.285709975971706,-1.1734985314118553,-1.2605812859642447,0.18737974656454343,0.0005551274671892323,1.2485226728891325,1.2272966955171893,0.5578057114371242,0.4070286282859611,20
1.3126407432879208,-0.3748736403293118,-0.23992792749115116,-0.2287803750875737,0.5061639259602487,0.34787466000340383,1.439561121629991,-0.5522813950573967,-1.2207737357617388,0.7241088105815274,0.7157592970190141,0.05258372368066073,-0.3608989881470568,-0.3033827579905745,-0.12398295853176858,-0.06958878649568868,1.0286636943925203,1.2218355552834177,0.588501307732695,-1.2362550655574602,-0.9326150617035541,0.5577778954137939,20
1.3126407432879208,0.019323951898731442,-0.22017929532710848,-0.8834928686781368,0.39774244383079016,-1.130400169218604,1.7327852440487348,-0.8213223534042209,1.2420435211624474,0.395848593535283,-1.31108014774777,-1.6360733820571056,1.3980793678047776,1.463895443896267,1.2881397174130464,0.5896305479464491,-1.499000637886594,-1.2207253003490393,0.31234625680113204,-0.004479185020135482,-0.946576224559054,-1.3430538695813579,20
0.9604225790071097,0.17093841044797883,-0.2596765596551938,0.033769584538924285,0.4775407696854228,0.6166708156528822,2.548841583199302,-1.6992475633262405,-1.2207737357617388,-0.6899000898360429,-0.28934145208290324,0.06339380767745152,-1.6217002795948097,0.285709975971706,-1.1690703067094672,-0.9116910742383446,-1.2448855205629599,0.0005551274671892323,0.6251266471653009,-0.004479185020135482,-1.6936124143437965,1.3577051218605038,20
0.4998295949475874,-0.2232591817800644,-0.1411847666709378,-0.3901150735486356,0.39553879233779354,-1.883448429356084,2.905524979524782,-0.21937399157798687,0.010634892700354339,1.1311854565338857,0.9887823613608867,1.011961489360188,1.0787262056036753,1.463895443896267,-1.234511281676327,0.5755329748995799,0.8105847770648997,0.0005551274671892323,-0.9036699113277424,-1.2362550655574602,-0.24206641232318402,0.09650272634301704,20
1.0958911037304986,0.07996973531843041,-0.22017929532710848,-0.431463785381662,0.4082483895326122,-0.13700322365439965,3.0218864587254584,0.554824182186342,0.010634892700354339,1.0306632481204125,-0.5429375736421529,1.1177803034986233,-0.33389699331912537,0.285709975971706,0.32876866268581695,-0.6080106771152003,0.3058828796667249,-1.2207253003490393,1.0722512981999703,1.2272966955171893,0.28997657974271923,-0.3969203852540023,20
0.2830799553901651,-0.041321831520967515,-0.1411847666709378,-0.12632816592162321,0.5575346860288822,0.5311081162524501,1.844296583081115,-0.22882417173245026,0.010634892700354339,1.1182682018699641,-1.4993124330886947,0.9557568224431011,-1.032964603966243,0.8748027099339865,0.7288692291098801,-0.2814480788094643,1.4312592298157965,0.0005551274671892323,-1.2807622498483242,1.2272966955171893,0.8962481206901998,1.0693227482659124,20
0.44564218505823183,-0.2535820734899139,-0.20043066316306582,-0.5705239997681911,0.4802115291474679,1.0738844947144641,2.8650701878283993,1.0900456171808548,1.2420435211624474,0.2866559855088806,0.7617561484942852,-0.26378418609487064,1.6492048206239838,-0.892475491952855,-1.2092382730278894,-0.645025121416827,-0.7735986324038036,0.0005551274671892323,-1.419082023570524,-0.004479185020135482,0.8665394257764881,-0.01785899023025212,20
0.7707666443943652,-0.34455074861946233,-0.22017929532710848,-0.146809299884909,0.5102912675960329,0.15306861473379962,3.496999881806773,1.43771437837045,-1.2207737357617388,0.7062749815699483,1.1589694689951497,-1.6541548951009393,0.395711212209577,1.463895443896267,-0.23987136826345226,1.2241894139478637,-0.4089805968801835,0.0005551274671892323,0.2977937526987068,-0.004479185020135482,0.08908269401789218,0.6651819383206609,20
0.7436729394496874,-0.31422785690961286,-0.12143613450689511,-0.8478810496807859,0.5176132902728358,1.0523349434449296,1.6171562162687811,1.175172111360406,1.2420435211624474,1.4719967526024396,0.5229733471139918,0.21608809257883227,1.3411906704369838,1.463895443896267,-1.5905506325164205,-1.1873400105665448,0.04648380483425755,1.2218355552834177,1.713606347376596,-0.004479185020135482,-0.2122685084642226,1.2944774862509454,20
0.662391824615654,0.019323951898731442,-0.23992792749115116,0.13400447942299842,0.5879671329461187,0.7165723947777968,2.8032636615458104,-1.2877181763733578,-1.2207737357617388,0.7688009140691913,1.08044829882428,-0.7301064596134288,0.09455836961621691,0.8748027099339865,0.46768699696611743,-0.6871496975358602,1.1892666730073391,-1.2207253003490393,-1.365679373644431,1.2272966955171893,1.0210435476847142,1.3791863765471577,20
1.2584533333985652,-0.5264880988785592,-0.0621902380147671,-0.6691319176292401,0.4661964287856031,0.6069095890551136,3.1779538565933323,0.2747645253565305,0.010634892700354339,-0.007737630479107777,0.47940390089163554,-0.41898881161967594,-0.9255568784212079,-0.892475491952855,0.7076884493439035,-0.9582432458684162,-0.35959916084999877,-1.2207253003490393,0.17789087768098427,1.2272966955171893,-1.6304809700145027,1.7419554875111136,20
0.44564218505823183,-0.19293629007021493,-0.08193887017880977,0.22013996420235732,0.4629275252513402,1.8080430390402054,3.2202729385535704,-1.4501411529583967,0.010634892700354339,-0.41619570056020144,-0.23588569744786614,0.5965591379178331,0.9539860113963363,1.463895443896267,-0.20152318214619855,-0.07710454853709586,-0.49046825595161336,-1.2207253003490393,-1.2270343536317772,-1.2362550655574602,0.42645719405060856,0.6822300259047935,20
0.6082044147262985,-0.5568109905884087,-0.20043066316306582,-0.1436085122210897,0.47161190334160374,-1.892278914703729,1.501158278319585,-0.6283018782646649,1.2420435211624474,1.173593577694054,-1.2774496147805836,-0.3018768078883097,-1.0903204202361207,-0.3033827579905745,-1.1550530330173336,1.0892455129891305,-0.6270104699469253,1.2218355552834177,0.6488051328407841,-0.004479185020135482,-0.05539669122862345,1.2085157605673023,20
0.7165792345050096,-0.5264880988785592,-0.22017929532710848,0.2505047851152123,0.4482982030957766,-0.4308150232303634,1.658231208965275,1.633867095672487,1.2420435211624474,-0.7934751261478347,-1.3784772559312546,1.5033669398980738,-1.6484355515530893,0.8748027099339865,0.98324344988426,1.2455558668008648,0.8330212028288269,0.0005551274671892323,0.8162035846783096,1.2272966955171893,-0.55097470165568,-1.2614507051665818,20
0.8249540542837207,-0.3748736403293118,-0.20043066316306582,-0.5802915645124315,0.5502089780599537,1.3629518120381525,1.7735566490154142,0.9439447838116681,-1.2207737357617388,-0.43895462982853545,-0.06296525345563131,0.6310332077348819,0.08048912216605487,0.285709975971706,1.501729532912966,-1.029361583470195,1.6639738612407182,1.2218355552834177,0.9418133489198287,1.2272966955171893,1.4513859882651672,-0.42109116121074214,20
0.4727358900029096,0.11029262702827988,-0.10168750234285244,0.09331867431370672,0.39975378444394666,-0.985493004123585,1.445798502789314,-0.07920020877740461,0.010634892700354339,0.8158186877057763,-1.579534950490467,0.8817936032316576,-0.4502705487563984,-0.892475491952855,1.0993059220167978,0.42544019817398954,-0.9848343175784968,-1.2207253003490393,0.20551634829949722,-1.2362550655574602,0.5244010033967726,0.7179180430446033,20
0.5811107097816207,-0.2535820734899139,-0.2596765596551938,-0.036832607660970754,0.5150804132100362,-0.918853537310857,1.6724415203597631,-1.4288303136928653,0.010634892700354339,0.6985017131505077,-1.5297787563878185,-1.4142186612138063,-1.587919699638709,-0.892475491952855,-1.1492551525241834,0.8586120861507889,0.22710297983201813,1.2218355552834177,0.7721131363219338,-1.2362550655574602,-0.6019064911961235,0.16807867360368267,20
0.2830799553901651,-0.010998939811118037,-0.10168750234285244,0.15545152858827255,0.4301488402246431,-0.15492331415499566,2.1822108726211566,1.4864683070175684,-1.2207737357617388,0.8211483717671761,-0.8893945423823041,-0.4185923048034866,1.5910647298593803,0.285709975971706,1.2301412756894134,-1.4855765864694073,-0.7196653964447876,1.2218355552834177,0.42810732840660504,-1.2362550655574602,0.24497641132655487,1.3742117897234596,20
0.44564218505823183,-0.31422785690961286,-0.18068203099902314,0.08443803962781203,0.6059321233882062,-0.6067901718255689,1.5158551792807684,-0.5877237284426216,-1.2207737357617388,1.3768533812636934,-1.2481149824879285,-1.1876085267503487,-1.1934492637359038,-0.892475491952855,-1.239246144125743,1.7126481913252887,0.7087488579716616,-1.2207253003490393,1.0275166625203667,1.2272966955171893,0.34865909266306355,-1.0854222953543196,20
0.44564218505823183,0.14061551873812936,-0.18068203099902314,-0.06587953003546702,0.40711848067406586,-1.3129209384118061,2.123034160556561,-1.3015040322592712,-1.2207737357617388,-0.20095932701519448,1.0353320672267747,-1.3450212010312441,-1.5607240043628028,-0.3033827579905745,-0.9273111991696356,-1.5441248711123747,1.5240745718365474,0.0005551274671892323,0.4913190770484746,-1.2362550655574602,0.8838933428112117,1.6266677599513777,20
0.41854848011355406,0.20126130215782834,-0.20043066316306582,-0.6973649692773715,0.538601825918618,-0.1252371745726145,2.3345299341639256,1.406508967713738,0.010634892700354339,0.40576261853428275,1.2768474682634163,-0.9943630675243674,-1.3389719553286943,0.8748027099339865,1.1426922078473785,-1.285489551960103,-1.0434653868402426,1.2218355552834177,-0.5325456820828147,-1.2362550655574602,0.41744980889499855,-1.1096079518916349,20
0.8520477592283985,-0.31422785690961286,-0.20043066316306582,-0.46025228508484883,0.44707976501135815,-1.76267652093701,2.5270933076270863,1.2201539661464809,-1.2207737357617388,-1.5015338886010616,1.1960076560560686,0.2059225697970046,0.2320383412505264,0.8748027099339865,0.8939863865239825,1.4778032343974696,1.584213990910325,0.0005551274671892323,0.49793748941243776,-1.2362550655574602,0.46543235363116386,1.4985063256398046,20
0.9062351691177541,-0.10196761494066647,-0.08193887017880977,-0.02574251434419311,0.44587210785527553,-0.6903102192691191,1.4412592229594348,-0.3906330405389599,0.010634892700354339,-0.060368671428471195,0.0735870178187466,-0.3929947698769999,-0.5856386700671646,-1.4815682259151355,-1.6667300361713155,1.0115125543149521,1.6539358395993968,-1.2207253003490393,0.37193380410187277,1.2272966955171893,1.0111691917280967,0.6597373778728363,20
0.8249540542837207,-0.010998939811118037,-0.12143613450689511,-0.38329926028257744,0.4292205877837638,-1.6693213210415232,2.3703288185768625,1.001059532029755,0.010634892700354339,1.6439816147941957,-0.6423031076226059,0.573318493902173,-0.8426880122754175,-0.3033827579905745,-0.5395116618112096,-1.5778760174780155,-0.530870655573471,-1.2207253003490393,0.9885269422951385,1.2272966955171893,0.49815251266095,1.1927072117449788,20
1.0958911037304986,-0.10196761494066647,-0.16093339883498045,-0.9464455056638357,0.5684240166734607,-0.009161034445899136,2.307006979864972,-1.319799845249703,0.010634892700354339,1.051144666605401,-1.0039694139074546,-0.11168030325438881,0.5783412904191314,0.8748027099339865,-0.21238062387004383,-0.16086197595359375,0.23379138120935042,0.0005551274671892323,-1.511371835044513,-0.004479185020135482,0.06576073163421135,-1.6002603366916397,20
1.1500785136198541,-0.010998939811118037,-0.20043066316306582,0.25949265921475495,0.46868453424385853,0.7750346199382478,3.407273965797605,1.399714824735953,-1.2207737357617388,-1.0965126142317145,1.5228552884041688,-1.6598242104464689,0.8577179877231734,-0.892475491952855,0.9004537234040824,1.1495594829104054,-1.2872444429849765,-1.2207253003490393,-0.314253009916865,-1.2362550655574602,0.253871148705959,-0.6089246236775059,20
1.0687973987858208,-0.2839049651997634,-0.20043066316306582,-0.3518250819953728,0.5571782302699981,1.2971102303387196,2.506787667537396,-1.0772406702710935,-1.2207737357617388,-0.7904356391728488,1.3927514084054358,-0.6879930984596084,0.4649940537354918,0.285709975971706,1.1163348795418515,-1.5884658063605144,1.4024463913440857,0.0005551274671892323,-0.046735505331419736,-1.2362550655574602,1.6760128567052373,-0.37322938854208937,20
0.8249540542837207,-0.2535820734899139,-0.2596765596551938,0.1802403404768047,0.388202173603954,-0.40206573789071387,2.101206978272993,-1.6377989067551173,1.2420435211624474,0.867722501487909,-1.4275140795484833,-0.5764929272885957,0.12320062679065351,-0.892475491952855,0.02758233404227497,-0.9742456604171217,0.9171760318766627,-1.2207253003490393,-0.8559897232395369,-0.004479185020135482,-1.3372992457600408,-0.42100122177021004,20
0.7436729394496874,-0.4051965320391613,-0.20043066316306582,0.16751069753992534,0.5559452787926596,1.3962871432685757,2.634627929312574,-0.5228420174384094,0.010634892700354339,-0.06339711941268149,-1.18402947237132,-0.009669229838312096,-1.0576925538423514,0.285709975971706,0.5853611025302653,1.3719849594033229,0.8668196451620891,1.2218355552834177,1.1627547268992786,-1.2362550655574602,-1.6909008541084274,-0.6878092337138736,20
0.25598625044548734,-0.071644723230817,-0.23992792749115116,-0.5767130103057011,0.5089732754084086,-0.5701477154709348,2.794254535642505,-0.6831214827211767,-1.2207737357617388,-1.0739350999427146,-0.1520096194810456,-1.5771955686105252,-0.41353550167395453,-0.3033827579905745,-1.0147439412650185,-0.5517764240030958,1.3433365381165872,1.2218355552834177,-0.3961063415662154,-0.004479185020135482,-0.6422647563771005,-0.24544995889141394,20
1.0146099888964653,-0.2232591817800644,-0.12143613450689511,-0.5793573741308113,0.5382963069799117,0.17513582920914242,1.6525622869986158,0.6328047276636306,-1.2207737357617388,-1.725013346193311,0.6631533375239661,-1.4790475117516217,-0.35112909710918055,-1.4815682259151355,-1.1778178316146373,1.3483877742874955,-0.1666028127395572,1.2218355552834177,0.35334715964840674,-0.004479185020135482,-0.07501334995302314,-0.4366854685183448,20
1.1500785136198541,-0.19293629007021493,-0.22017929532710848,-0.8064595945590675,0.47883467336967095,0.03988715624921585,3.5027406271532833,1.3100990046006638,0.010634892700354339,-1.571410475388939,-0.5299478718938654,1.7395637258727117,1.4127888563594342,0.8748027099339865,-1.1482065908805597,0.684855826288784,-0.004051531768456358,1.2218355552834177,-1.2365639930789225,-0.004479185020135482,1.419466223478428,0.6846135776369636,20
0.25598625044548734,0.049646843608580925,-0.0621902380147671,-0.8311121048782917,0.5322643598300729,-0.689791957687923,3.3508059673824655,-1.4895928903898834,1.2420435211624474,-1.0548438561714168,1.4292611582871737,-0.235683830695979,-1.6056120133563343,-1.4815682259151355,-0.3962414375739273,0.685696747354218,0.10396942795232732,1.2218355552834177,-1.176905239240756,-1.2362550655574602,-1.455016685734166,-1.3392540829643804,20
0.7436729394496874,-0.5568109905884087,-0.08193887017880977,0.18315439391646401,0.592654849239394,0.7795365158977849,1.4588643611138867,-0.9277506234452568,-1.2207737357617388,-0.7873074217448903,0.8127885269702425,-0.39090982434624955,-1.3095776481162307,-0.3033827579905745,0.8379098862867765,-1.5456927675251577,1.069335251414058,-1.2207253003490393,-0.006962274261246486,-0.004479185020135482,-1.0634155761068542,-0.2010782392058743,20
0.3914547751688763,-0.4961652071687097,-0.16093339883498045,-0.4458560095933024,0.5442058937155045,-1.4683556344383135,1.5460664926609582,1.5221528639413902,-1.2207737357617388,0.8847451163152574,0.1543718233519649,0.7516010856676036,1.507795530008098,0.285709975971706,-1.5967398204195469,-0.7172332360214825,-1.0117522667272394,-1.2207253003490393,-0.8019974680845786,-0.004479185020135482,0.17678761913821642,1.1339712120006387,20
0.5540170048369429,0.019323951898731442,-0.6349005707720046,-0.5931034912947794,-0.3500229441299534,-0.9299576035733794,-0.28581054870865336,1.3819353666451075,-1.2207737357617388,0.9440316499063123,0.7780436539869874,0.6498330068669693,1.1892695172245793,-1.4815682259151355,1.1772662903992859,1.432134823445946,0.8463542400058112,0.0005551274671892323,-0.657554655423068,-0.004479185020135482,0.3996382266336174,0.7070757743812686,11
0.2830799553901651,-0.2839049651997634,-0.6151519386079619,0.09559131592380017,0.0041776895735793195,0.5974403347514692,-0.021792544861104702,-0.012715292605014016,-1.2207737357617388,0.8600863653473252,0.4655234445307144,-1.2011885324286287,1.14693954757139,-1.4815682259151355,0.4448036013631601,-1.1773399526967034,-1.5045007915595434,-1.2207253003490393,0.43381009711055846,-0.004479185020135482,-1.522480704866805,0.01688001522633318,11
0.7978603493390429,-0.31422785690961286,-0.6349005707720046,-0.4063966894764001,0.005019799265700786,0.24359524377445058,-0.668725110419978,-0.824707703304213,0.010634892700354339,-1.1161474450448163,-1.7559554608006893,0.6795615981132921,-1.6826599380499914,0.8748027099339865,-0.5482359488249067,0.08334797240548554,-0.8221476581694154,0.0005551274671892323,0.2903950229277944,1.2272966955171893,0.9667638839855943,1.6405805789195609,11
0.6082044147262985,0.14061551873812936,-0.5361574099517913,-1.1148593545354037,-0.6199381960904886,0.16359115575736805,-0.7791653842103304,1.1876367342493384,0.010634892700354339,-1.1135414895858011,1.0679990406883142,0.343400087998397,-0.1474425816446964,-0.3033827579905745,-1.1605112123611585,0.07630504442890737,-0.09818963440872025,-1.2207253003490393,-0.9378890990151467,-0.004479185020135482,0.6071527780750658,0.5048471534073343,11
0.2830799553901651,-0.46584231545886023,-0.5559060421158339,-1.4098160236034616,-0.39475442647727454,-0.6449292903832827,-0.6920498866122491,1.1213852483469606,1.2420435211624474,-0.8131587199718644,1.306629980259425,0.7938432570957907,-1.1892992735349486,-0.892475491952855,-0.9501436076529564,0.1896235140720196,0.2209419729657974,-1.2207253003490393,0.6946743186879988,-0.004479185020135482,-0.21543578115222517,-1.3857728834078848,11
0.4727358900029096,-0.3748736403293118,-0.6349005707720046,-0.758375624943716,-0.6142920068826758,-0.40147944374209277,-0.02506986148102234,-0.5585371234572143,1.2420435211624474,0.3559235429248463,-0.8068324090234277,0.9719857179122537,0.9579651223207272,-0.3033827579905745,-0.4639355705770266,0.46334905134156246,0.7114536339120573,-1.2207253003490393,-1.0135122372022152,-1.2362550655574602,0.5105251702061883,0.7595909509823449,11
1.1500785136198541,-0.3748736403293118,-0.6151519386079619,0.0010810750990490258,-0.22362550643285398,-0.5448361510066853,0.036432472841007035,0.5241330474859391,0.010634892700354339,0.7243986467753573,1.558828998928295,-1.326076995506162,1.4220922900016693,0.8748027099339865,-0.038981186038530694,-0.02182934047101618,-1.2819516179777033,1.2218355552834177,-1.6170922122121745,-0.004479185020135482,-1.6625056499237594,1.7440945568532291,11
1.041703693841143,0.20126130215782834,-0.5756546742798766,-0.08381461333965601,-0.2152631612356985,-0.7183290562722859,-0.4622230323780095,0.6578616712749247,1.2420435211624474,-0.2982808454476905,0.3896419604774691,-0.8649869165582231,0.21870466071515243,0.285709975971706,0.2681012141490168,0.4419133286475864,-1.3019066204816014,1.2218355552834177,-1.5798438140188906,-1.2362550655574602,-0.08546150028902968,0.5528176499487818,11
0.6894855295603318,-0.2839049651997634,-0.6151519386079619,-1.0270246175834483,-0.4010796021188269,-0.7935745672596329,-0.6949685642575958,0.9129724751672362,-1.2207737357617388,-0.22108807375402814,0.2041745502674722,-1.1970136881714997,1.0132745539047532,-0.3033827579905745,-1.5284342488409999,0.820659986043278,0.031913254803647546,0.0005551274671892323,1.636846739383008,-0.004479185020135482,-1.3048141553265307,-0.015756172304001646,11
0.44564218505823183,0.20126130215782834,-0.45716288129562055,-0.13720662085016294,-0.21095097140293395,-0.929517517216267,0.10469521555092441,-0.23143725575889215,-1.2207737357617388,-0.6077568571059276,-0.9095174780135814,0.3837104286207537,-0.836206120600788,-0.892475491952855,0.047793369373535684,0.8068027804899357,-0.6523338153509319,-1.2207253003490393,-0.801346916961294,1.2272966955171893,0.4340531412518692,-1.4148777691606647,11
0.5269232998922652,-0.2839049651997634,-0.5756546742798766,-0.45418435073121644,0.08861119283478289,-0.7972388759636039,-0.16682823976436412,-0.310064998342213,1.2420435211624474,0.6845216871222203,0.09338382587799494,-0.18430828527857113,-0.8530197110687182,0.285709975971706,0.17649028310081918,-0.6203832463535237,0.3941893351751168,1.2218355552834177,-0.5913716278932507,-0.004479185020135482,0.5577851048037169,-1.5717993399840207,11
1.0687973987858208,-0.13229050665051595,-0.5361574099517913,-0.15329611208749302,-0.14031883054553457,0.003933021569948202,-0.5352338918049606,-0.8072318924889043,1.2420435211624474,1.3581421294073646,0.6279435597031939,-1.1656486605566732,-1.7012362136343062,0.8748027099339865,-0.9369616173115052,-0.16004157661413912,0.09709715707810435,-1.2207253003490393,0.4673416849796864,-1.2362550655574602,-0.6436038936764762,-1.5616618821433363,11
0.31017366033484295,-0.041321831520967515,-0.6349005707720046,-0.6599333315433494,-0.5679393212653754,0.643063167549471,-0.7205897446928456,1.4962218217881516,-1.2207737357617388,0.39646454694246736,-0.5756058825275687,-1.3054928636871377,-0.44316744734576985,1.463895443896267,0.04757523726256122,-0.12010362366683758,0.7048145205402624,0.0005551274671892323,-1.3743683318901716,1.2272966955171893,-1.1352126139346077,1.200243609205503,11
1.1229848086751764,-0.2839049651997634,-0.6349005707720046,-1.3310813758712212,-0.2566908751096596,-0.49951590358849407,-0.15836962630862061,-0.6276149103949176,1.2420435211624474,0.4857018261310259,-0.8415898715840596,0.41888393600684376,-0.6778778732478026,-0.892475491952855,-0.8994053129901426,-1.5814525941871578,-1.3990847378781062,0.0005551274671892323,-1.3473106697662602,1.2272966955171893,0.6109079194248758,0.5102113803415157,11
0.41854848011355406,0.019323951898731442,-0.5361574099517913,-0.08417754165016648,-0.5068393320301549,-0.711374679373587,-0.5703774375620043,0.011872686140503396,0.010634892700354339,-0.5738243819306484,1.5641681520218587,-1.6873142829484684,-1.4715963497967046,-0.892475491952855,0.4192246189643739,0.6994578378682749,0.8740708131373707,1.2218355552834177,-1.3090658714266983,-1.2362550655574602,0.07423285273087396,1.5833102996818194,11
0.3372673652795207,0.14061551873812936,-0.5164087777877486,-1.4542317775310951,-0.7277845394816165,-0.34213684554736234,-0.7232582660779444,1.6250633045997274,0.010634892700354339,1.31189143324985,-0.643503591473043,-1.4711277035138866,-1.648225552365869,0.8748027099339865,-0.9935484905469897,1.3372730799027266,-0.9774089988788612,-1.2207253003490393,-0.9671856829603198,-1.2362550655574602,-1.2357497345047823,0.7450719475731724,11
0.5269232998922652,-0.19293629007021493,-0.6151519386079619,-0.19818522577649908,-0.047870377589288075,0.16975115120513237,0.012720864122017811,-0.022494160300815528,-1.2207737357617388,1.1014002304609116,0.32675338595690073,-0.24379194489603964,0.3593394217541641,0.8748027099339865,-0.34386539931761356,-1.28293189487404,-0.3248506689366156,0.0005551274671892323,0.4776505379099663,-0.004479185020135482,0.5047600703316031,-1.3836732836423047,11
0.2830799553901651,-0.3748736403293118,-0.6151519386079619,-0.09366388317509237,-0.2794374155014845,-0.5784439653285802,-0.4873720701852731,1.6250040140940398,-1.2207737357617388,0.5006624718802576,0.39215516453328825,-0.14202557124287168,-0.22651869090981733,0.8748027099339865,0.3089420629613504,-0.5226721913159291,-0.5400412882441601,-1.2207253003490393,0.2923136001399671,-0.004479185020135482,-1.6060610823808372,1.1097243430421497,11
0.41854848011355406,-0.010998939811118037,-0.5756546742798766,-0.4983140044965383,-0.510623488642652,-0.5633902906643347,-0.6909769518948564,-0.40986095104974757,1.2420435211624474,-0.2154893764886487,0.9626180655954388,-0.16395252217159836,0.3663100903821472,0.8748027099339865,1.210297839013231,-0.8407437591427231,0.9350536697245045,1.2218355552834177,0.5715364146518226,-0.004479185020135482,0.2566016880383223,-0.4547263596526079,11
0.6352981196709763,0.049646843608580925,-0.5756546742798766,-1.4944712287780286,-0.3858306908423649,-0.233420674855585,-0.3499355143646992,1.4174592792525877,1.2420435211624474,-0.4447804424971598,1.4747698930460404,-0.6628245113097608,-1.084502877558872,0.285709975971706,0.31933759834973197,1.2764700103803885,-1.623839232005184,1.2218355552834177,-0.6011944793419732,-1.2362550655574602,-0.019795499463681376,-0.8294373154342649,11
0.7165792345050096,0.11029262702827988,-0.5361574099517913,-0.13512544419013972,0.10434428851009898,0.10479163039797888,-0.43174958841298794,0.8515772317775187,-1.2207737357617388,0.913747320498981,0.9261349999463979,-0.449553592368057,0.4807854192962273,0.8748027099339865,-0.7425052992417454,1.5604006652456333,1.0031126462680782,0.0005551274671892323,-1.3668580796154255,-1.2362550655574602,0.8003772567694445,1.3174886714963756,11
1.3126407432879208,-0.10196761494066647,-0.6546492029360473,-1.4753578847367548,-0.01740105708476562,-1.1582293923055778,-0.28002305847015535,-0.6331665906108586,-1.2207737357617388,0.40450666409278957,1.1697967900691473,-0.9787497638531192,0.5577683302697864,0.285709975971706,-1.1346294236370118,-0.799422682760305,-0.9008388144070872,-1.2207253003490393,0.8995076129316861,-0.004479185020135482,-0.2825494570966795,1.0263164108644312,11
0.6352981196709763,0.07996973531843041,-0.5164087777877486,-1.44839113360957,-0.21664518576711034,0.4648965899396369,-0.40927392239852767,-1.6563177703337288,1.2420435211624474,1.1312649051974664,1.3624092978957938,-1.2295124786949607,-0.057112710759030745,1.463895443896267,-1.662698636647116,1.1749490408660104,-1.5469215013846263,-1.2207253003490393,-0.9673912914458506,1.2272966955171893,-0.13401867077276675,1.2955998348040594,11
0.8791414641730764,-0.2535820734899139,-0.5361574099517913,-1.339786341845667,-0.5719529768280524,-0.9735000867651532,-0.4315220480363228,0.09628298650623636,-1.2207737357617388,0.6609217874061286,-1.7721403823050712,1.2530230845338028,1.4685681663922507,0.285709975971706,1.3624477645385633,0.2785273238954091,1.2108386373464746,0.0005551274671892323,-1.6545468149175633,-0.004479185020135482,-0.026246792488884924,-0.4017996104473868,11
1.3397344482325986,-0.16261339836036545,-0.6349005707720046,0.020288854850239332,-0.19137966576788168,-1.1884506022602488,-0.5268591344747565,0.18555461187781475,-1.2207737357617388,1.6893039225915594,0.6582114472714823,1.136860115407407,-1.1897261481187649,-1.4815682259151355,0.24828637543594947,-0.3071215306760096,1.2362447868911115,0.0005551274671892323,1.324513416003598,1.2272966955171893,1.1247244548560382,-1.3148382475293448,11
0.7707666443943652,-0.071644723230817,-0.6349005707720046,-0.054965214070019294,-0.13403355112267432,0.15090499401979698,-0.12739537843063017,1.104707868420123,-1.2207737357617388,1.6712193210653907,0.44519947513585945,0.6335372774041622,1.1307388274301013,-0.892475491952855,-0.603425424425229,0.7676740788738411,0.07235103431139177,1.2218355552834177,0.852689843414599,-1.2362550655574602,0.7749605108612042,-0.431414739565073,11
1.177172218564532,-0.43551942374901076,-0.5954033064439193,-0.3407535562218029,-0.6286975118983131,-0.7449152313909739,-0.01152881753507469,-0.06343116656845774,1.2420435211624474,0.8826901029466074,0.7819986505391949,0.5356552724819711,-0.8159843231849797,-0.3033827579905745,1.455929887728674,-1.2739264439107583,-0.20964341552393775,1.2218355552834177,-0.7673997200742305,1.2272966955171893,0.4042443557886588,1.0952705011467907,11
0.662391824615654,-0.13229050665051595,-0.6546492029360473,-0.8060096595311955,0.0012256128901038388,-0.7123849787023582,-0.01780592504589205,-1.171256444723123,0.010634892700354339,-1.6801187683679326,-1.696797566103082,-0.23251575576039346,-0.5212660770032249,1.463895443896267,0.6733356471538369,-1.408138555595285,-0.38595833479559705,-1.2207253003490393,-1.4859002921566882,1.2272966955171893,-1.43943895486074,-0.45763305262471105,11
0.7436729394496874,-0.16261339836036545,-0.5164087777877486,-0.4990510707779516,-0.37635458234663016,-1.1383729603468333,-0.6011171241568718,-1.4474953188771316,1.2420435211624474,0.7285526290827419,-1.5755138773926314,-0.8752032357571259,0.6393824871919442,-1.4815682259151355,0.06340364650898853,-0.22428056936012225,-1.0672407931808643,0.0005551274671892323,-1.7044672162775791,-1.2362550655574602,1.2083794412098474,1.2679802027899787,11
0.9875162839517875,0.019323951898731442,-0.5559060421158339,0.00016391352487474535,-0.3598855882393794,0.1382055116448432,0.09767282217597412,0.09627296485043342,-1.2207737357617388,1.6782099459790139,-1.6353546885997767,0.1160760458576066,-1.5411522076413526,-0.892475491952855,-0.43363702489439443,0.4402974456867555,1.5754691627831512,0.0005551274671892323,0.19395967027291242,-0.004479185020135482,0.06671532393724229,0.3011128933467214,11
0.9875162839517875,-0.5568109905884087,-0.45716288129562055,-0.8238803371637009,-0.3737686852380537,-0.37663240985106516,-0.6838389376929205,-1.403048571875397,0.010634892700354339,-0.7729823657369819,-0.09315256650430358,1.3368165611570866,1.3916321789664592,-1.4815682259151355,-1.6777494047001456,-1.6751652303855407,0.2968838679568404,0.0005551274671892323,-1.1251541553127835,1.2272966955171893,0.9138686977178261,0.7981569512912069,11
0.3372673652795207,-0.31422785690961286,-0.5756546742798766,-1.402062069414674,-0.7165944695914837,0.22284156924812512,-0.2270525225048646,-1.6099916050409429,0.010634892700354339,1.5123707963629964,0.9759221771723113,-1.3893293824381963,1.0844595541640139,-1.4815682259151355,-0.9086102857850588,-0.6140853832511849,-1.3234047192584872,-1.2207253003490393,0.6647903829504793,-1.2362550655574602,1.6421058970082334,-1.1099516641672695,11
0.9062351691177541,0.11029262702827988,-0.45716288129562055,-0.608608257016902,-0.15675652685003783,0.025279488368963435,-0.7107900219894552,-1.6989903556229446,1.2420435211624474,-1.6256262303617792,0.3764847421456839,-0.22023220432512752,0.9377375975572864,-0.892475491952855,-0.006863711675043977,0.6526662480002854,-1.45393090297366,0.0005551274671892323,1.2365585803020858,-1.2362550655574602,-1.0310658089310238,-0.8955061603913825,11
0.3643610702241985,-0.5568109905884087,-0.4966601456237059,-0.5127526831210678,-0.43070966439400055,-1.0198475224312296,-0.7357277608512763,1.0088302034722187,0.010634892700354339,-0.32086422276712095,-0.5647959510436095,-0.2797991072016667,0.16371213944217897,1.463895443896267,-1.599495166954925,0.7778734570238873,-0.6324449268269482,0.0005551274671892323,-0.45708003917557893,-1.2362550655574602,1.3196848803134762,-1.332093611867756,11
0.25598625044548734,-0.2232591817800644,-0.5164087777877486,-0.142732556765942,-0.26360830365731464,0.20151458518982446,-0.28271168344931885,-0.6962197740714688,0.010634892700354339,0.39236713355727215,-0.7869376285253884,-0.3102341647352128,1.3991569601881426,-0.3033827579905745,-1.032236440921981,-1.1816204139633384,0.28455474008984305,-1.2207253003490393,0.2819993744685904,-0.004479185020135482,-0.12416288133162764,-0.5987539906032999,11
1.285547038343243,-0.2839049651997634,-0.5361574099517913,0.030716898710703436,0.1171375148355541,0.071078681649924,0.07333643704695646,-0.6853653381080888,0.010634892700354339,-0.7158216344311126,0.9074412632916904,-0.6778424546274723,0.7452079096927148,-0.892475491952855,-0.7885253463152849,1.6355772639967538,0.5099264260397123,-1.2207253003490393,1.230556458023383,-1.2362550655574602,0.9277229717649299,-0.9033127871244275,11
0.662391824615654,0.07996973531843041,-0.5954033064439193,-1.2281692091546073,-0.40991845338645466,-0.9993703800462379,-0.7737007350047361,-0.8013372402273865,1.2420435211624474,-1.4390986806364838,0.22129851945066178,0.127464410099877,1.5264334167709963,0.285709975971706,0.2901329175356248,-0.3802220107938809,1.2744906991275304,-1.2207253003490393,1.6719456020533776,-1.2362550655574602,1.650310067518935,-1.4045660119558088,11
0.9604225790071097,0.049646843608580925,-0.5361574099517913,-0.8048598446653588,-0.5319947002965361,0.4322408593541102,0.11443771924076315,0.9072391198982651,0.010634892700354339,-1.5752689853283053,0.6592947552639644,0.818745976705177,0.7963018966819453,-1.4815682259151355,0.5082500114340238,-0.578899032663278,1.1834235699147237,1.2218355552834177,1.061164495370573,1.2272966955171893,-0.06490249920178705,-0.38074578669514314,11
1.285547038343243,-0.5568109905884087,-0.5954033064439193,-0.3592588843327677,0.15038389861017876,-0.28003776457701984,-0.2129419015393755,0.4385947524119066,-1.2207737357617388,-0.29260722071978323,-0.8471587984434331,1.1065772599563057,0.26683442897661497,-1.4815682259151355,1.7660126133192326,0.12159663555631085,1.129770529051205,-1.2207253003490393,-1.0333065387810223,-1.2362550655574602,-1.715280405506997,1.2819205231326776,11
0.6894855295603318,0.11029262702827988,-0.5954033064439193,-1.3107838018252487,0.13676549211389566,-0.4869123745193003,-0.16745858128514915,1.4904357208909675,1.2420435211624474,0.9902500641456021,0.11368058269601514,1.7598446553965104,-1.504904480444139,0.8748027099339865,0.08470069311680123,-0.4383245897706422,0.8133944102269793,-1.2207253003490393,0.45403407801215273,-1.2362550655574602,-0.6108013248084818,-1.6765214635685843,11
1.3126407432879208,0.07996973531843041,-0.6151519386079619,-0.2978020170235447,0.0740986494685279,-0.3039045316386933,-0.5894531727046829,-0.9419826101870784,1.2420435211624474,0.05346279002590088,0.43156004012445265,1.0180925600645196,1.4849664029756546,-0.3033827579905745,-1.056540898206665,0.9165098046387495,-1.0652997417264727,0.0005551274671892323,0.17903808165276489,-1.2362550655574602,1.4983600060703925,1.284744873199739,11
0.25598625044548734,-0.2839049651997634,-0.4966601456237059,-0.16227561696569784,-0.06452346693123612,-0.9652844999774209,-0.48657054336060745,-0.4359087434055219,0.010634892700354339,0.7982044608825055,-0.5582432937819987,-1.168560567209249,1.1955240539911547,0.285709975971706,-1.2335582617716359,-1.7067050507800838,0.14607789121591142,1.2218355552834177,0.4002737873614907,1.2272966955171893,-1.3852342145099243,0.37079078924904185,11
0.6352981196709763,-0.16261339836036545,-0.6151519386079619,-0.7870695230142608,-0.5033577759536272,-0.05022682898930277,-0.6232608179742948,0.9378954405394739,1.2420435211624474,0.13641663397240078,-1.1881807255868795,0.8800350255533854,-0.659710649133534,-0.892475491952855,-0.7075605083159345,-1.7248256020135098,0.9229990183250967,1.2218355552834177,1.682952273435936,1.2272966955171893,-0.2619077694638644,-0.2504311349465185,11
1.041703693841143,0.20126130215782834,-0.6151519386079619,-0.04755589126060028,-0.6411646157031803,-0.6274895027522729,-0.03209020010744602,0.732665252414052,-1.2207737357617388,-1.4935301674443988,0.35252160658114523,-0.07734585110109536,-1.6632610145261053,-0.3033827579905745,-1.1313305472177138,-1.0058620847421522,0.16160887361192677,-1.2207253003490393,0.933053589727122,-0.004479185020135482,-0.36657341791397163,1.1994845707543225,11
0.4998295949475874,-0.071644723230817,-0.4966601456237059,-0.6713671298376056,0.06167681415142966,0.4292774420857834,0.057468536902475796,0.3922376713768782,-1.2207737357617388,1.6357381551522447,-0.5095849921680637,0.7488233237723979,-1.5599193813925305,-1.4815682259151355,0.03998771398744515,0.250590749705995,1.091815729133695,1.2218355552834177,-0.5360699622445015,-0.004479185020135482,-1.6962908479268348,-0.19134272924787474,11
1.2313596284538875,-0.2232591817800644,-0.5164087777877486,-0.9941741616366628,-0.11143899320242867,0.039361444054407786,-0.6764791216684196,-0.9774393455882107,-1.2207737357617388,0.8107455484432499,-0.6809494867072826,1.346062568897928,-0.8781354760110952,-1.4815682259151355,-1.434999368510047,-0.7595016454751804,-1.3018043559657824,-1.2207253003490393,1.2732120249589947,-0.004479185020135482,-0.6777907452656642,-1.6019200528517468,11
0.2830799553901651,0.20126130215782834,-0.6546492029360473,-0.1464101372113565,-0.12306601887570026,-0.26353812548433636,-0.222092815646849,0.19146228785166283,1.2420435211624474,-0.7469963823625119,1.4320945109030079,1.5875301143167202,-0.31689370190669697,-0.892475491952855,0.44470714160900565,-1.4259321637978501,-0.4228078994040105,1.2218355552834177,0.8774086314127328,1.2272966955171893,-0.12957317812545513,-0.496409952669302,11
0.6352981196709763,0.14061551873812936,-0.5954033064439193,-1.101995869241056,-0.6795399997395585,0.33320748802046724,0.10119928751957254,0.8385505225867419,-1.2207737357617388,-0.03125492586524982,0.2500264289678951,0.6103745419808678,-0.3283587236843052,-1.4815682259151355,0.5944426561631342,1.0256208567668277,-0.2484949794865062,-1.2207253003490393,-0.3891430497486287,-1.2362550655574602,0.34566503774962853,-0.3233802205423918,11
0.6352981196709763,-0.31422785690961286,-0.4966601456237059,0.06644588680677632,-0.430884787876443,-0.18642030566712736,-0.07068486618218071,1.261693927760424,-1.2207737357617388,-0.34237481718725105,-0.007979670094884192,-0.20620119545341825,1.4544798539984936,0.8748027099339865,1.513141136526249,0.17850814552671085,-0.46984186359021834,0.0005551274671892323,-0.0931044677433732,-0.004479185020135482,1.3158494784808898,-0.04449073894031845,11
0.3372673652795207,-0.31422785690961286,-0.6151519386079619,-1.2498217318887204,-0.2700632745417605,0.4368369445105464,-0.5850141089117512,1.430235948707166,0.010634892700354339,-1.6458943659158316,0.24348895271728044,0.410347834348256,-1.460193119330053,-1.4815682259151355,-0.5081501583545985,1.733012887426083,-1.4916262757944,1.2218355552834177,-1.6793308120821555,-0.004479185020135482,-0.44278312022271693,-0.7632262678781699,11
1.3126407432879208,-0.5264880988785592,-0.5559060421158339,-0.9948301963941394,-0.2756641732479901,0.26055274213637286,-0.4571335127323928,0.9070801303862692,-1.2207737357617388,0.315770709600972,1.2365987839484553,-1.648446317284879,-0.34476588277273706,1.463895443896267,0.7212739515823902,-0.4841925973294959,-1.4056778203366178,1.2218355552834177,-1.2247962943154829,1.2272966955171893,-0.8578058733560489,-0.7944906212968431,11
0.7165792345050096,-0.5264880988785592,-0.4966601456237059,-0.17818293887618483,-0.662549057209864,0.23165432562481741,-0.27317848601744493,1.431596221762622,0.010634892700354339,0.7681121745872085,1.5225934003490218,-1.5815580351222087,-1.3466668399815176,-0.892475491952855,-0.38509052602958654,0.44685333939720584,0.05476988567458464,0.0005551274671892323,-0.8204038785016791,-0.004479185020135482,-1.4723688224002396,1.257405689055455,11
0.9875162839517875,0.20126130215782834,-0.4966601456237059,-1.0554014985569695,-0.3400442598171331,-0.03929900689486855,-0.745463065641384,-0.5134829220318194,1.2420435211624474,-1.377312297850854,-0.253744635177117,1.0926850338806773,-0.03475362829019138,0.8748027099339865,1.2797536635813493,1.73204987937201,0.5413106936745606,0.0005551274671892323,-1.039901310693968,1.2272966955171893,0.9129731006447507,-1.0253975468595915,11
0.25598625044548734,-0.46584231545886023,-0.6151519386079619,-1.4215852386399508,-0.3255338401100125,0.0064573502042700615,-0.49231212407432157,0.12234156291548519,0.010634892700354339,0.450364384353015,0.6183640634059523,-0.5054908740841544,-0.8520850671632554,0.8748027099339865,0.8871853088675222,0.08590176984580407,-1.6710457605102127,1.2218355552834177,-1.1182941741563674,-1.2362550655574602,-0.1279913102839912,-1.0033671057174454,11
1.177172218564532,0.019323951898731442,-0.6151519386079619,-0.4394901886379622,-0.43746873050744295,-0.7726309053171418,0.07018100214012359,0.0037362164406703575,-1.2207737357617388,-1.6304930152615833,-1.3982169095886807,-0.42644644884734895,-0.6340751632971195,0.8748027099339865,0.8470518842649439,-1.3392082929274034,0.526502944052704,-1.2207253003490393,1.419103696359487,-1.2362550655574602,-0.45155310885795347,-0.595520603391076,11
1.2042659235092097,-0.46584231545886023,-0.5164087777877486,-1.139108862255118,-0.4598990599860041,-0.9548972072998383,-0.04904334962869053,1.2238761365798625,-1.2207737357617388,0.8560563269457987,1.363539854280626,0.8020340888197006,-0.39818913589969873,-0.3033827579905745,0.860566522489853,-1.0691303155075171,-0.7053883023170218,-1.2207253003490393,-0.23111455037593326,-0.004479185020135482,-1.4073581336464445,-1.676192352849963,11
0.9062351691177541,-0.2839049651997634,-0.5361574099517913,-0.7401279214947568,-0.4300030007559824,-0.8000398259139926,0.06924152161055508,0.9668702878284591,-1.2207737357617388,-1.737527184264693,0.7575210036770872,1.0456036883252664,0.6782647585872106,0.8748027099339865,1.2766811735241226,-1.0329821201068103,0.5820192463735423,0.0005551274671892323,-1.2315414489569567,-1.2362550655574602,-0.028639612978540698,0.1257238976546538,11
0.7165792345050096,0.14061551873812936,-0.5756546742798766,-0.5551775519809712,-0.6727282150348091,-0.8760191519071118,-0.03400392263412694,-0.9525549213118427,1.2420435211624474,0.6923228879119753,-1.2192181084518547,0.7561938092102776,-1.6324885583529138,1.463895443896267,-0.1315386834056665,-1.32562856335398,1.0245475396816133,-1.2207253003490393,1.5942170415856765,-1.2362550655574602,0.4951717781809041,0.7567473677467309,11
0.41854848011355406,-0.2839049651997634,-0.5559060421158339,-1.2914509992996135,-0.11046412718483484,0.3496174561027557,-0.41383428806142564,-0.2989405701101408,0.010634892700354339,0.8131812299744211,0.7685780650419048,-0.1626578016828706,-0.3639629766006207,-1.4815682259151355,1.4186790733133414,-0.3251533492951138,-0.1765420902535297,0.0005551274671892323,-0.26547743729322604,1.2272966955171893,0.5229097888884061,0.754924338652116,11
0.3372673652795207,-0.5568109905884087,-0.6349005707720046,-0.7089313358795885,-0.27523017630112373,-0.254681131977832,-0.3590960532127467,-1.4395224072046129,0.010634892700354339,-1.2677959475362583,0.01123514735162078,0.46877086342026403,-0.4681093274645756,-0.3033827579905745,-1.3016079449558715,0.8418005985691833,-0.6612174285372762,1.2218355552834177,1.2359938101521046,1.2272966955171893,0.9848358206599513,-0.04839763492984545,11
0.7707666443943652,-0.2535820734899139,-0.5559060421158339,-0.3576784288818304,-0.5497343222987209,-0.9748106904098989,-0.24572269924565737,-0.019082848108062957,1.2420435211624474,0.6129150214480334,-1.1649696630589275,-1.33114216475843,-1.3511399528459973,-0.3033827579905745,0.07044972949869062,-1.3672638120218323,0.08221410337203543,0.0005551274671892323,0.010408114215064388,1.2272966955171893,-0.04319885054730535,0.7389086458036492,11
0.5811107097816207,0.20126130215782834,-0.45716288129562055,-1.4006912770814206,-0.1102557781185269,-0.8995344050927414,-0.27957158599355536,-0.35330512408218273,-1.2207737357617388,-0.1687277658826454,-1.2256823078460126,1.294159764500977,1.324382477037644,1.463895443896267,0.002982649785500668,-1.2185833964990997,-0.3195190967851859,-1.2207253003490393,-1.481599270986556,-0.004479185020135482,1.0166664412407562,-1.70704583723965,11
0.44564218505823183,-0.071644723230817,-0.4769115134596632,-0.41742701900729634,-0.45651791250806445,-1.1441617239633235,-0.7040697048574718,1.5733169568838499,1.2420435211624474,1.5772051593411311,-1.544026692481461,-1.0258371853999029,1.2685508766273803,-0.3033827579905745,1.236636374820746,0.03774834086344641,1.3688921313729343,0.0005551274671892323,-1.169048347162654,1.2272966955171893,-1.1636134748316598,-1.072644607970891,11
0.9604225790071097,-0.5264880988785592,-0.4769115134596632,0.18441522688851747,0.06335006975790344,-0.8816817978949074,-0.5483083678795313,-0.14150642411755032,-1.2207737357617388,-0.2649239435921561,1.5651541510298852,-0.30924443238421434,1.5129336990970588,-0.3033827579905745,0.40403623526257726,-1.09491327255331,0.71082490116029,0.0005551274671892323,0.05422874499467652,-1.2362550655574602,1.0558632794152252,-0.9595333026598236,11
0.6894855295603318,-0.16261339836036545,-0.5954033064439193,-1.2484914306265529,-0.08297711866307553,-0.8962735810410889,-0.3686053185571986,-0.664710852208346,0.010634892700354339,1.1946961913620646,1.356928382476988,-1.2876187555143186,-1.3278657168541916,-0.3033827579905745,-1.3945270066339335,0.9779441566468314,1.2227416920918337,1.2218355552834177,1.5468837517422085,1.2272966955171893,-0.06772506830751382,-1.28128832062924,11
0.662391824615654,-0.010998939811118037,-0.5954033064439193,-0.9732641371779869,-0.5411015868184595,0.5108982576842445,0.0034175906842981592,-0.8062615506991803,1.2420435211624474,-0.3062612362421664,-1.1898388589881275,0.7614129432072915,-0.5972710030150672,-0.3033827579905745,0.6760570046112118,1.6907405383909484,-0.6677318992119853,-1.2207253003490393,-1.359756193918459,-1.2362550655574602,0.617196418124037,-0.5269293675994458,11
0.8249540542837207,-0.2535820734899139,-0.4966601456237059,-1.2423628041098789,-0.15487329944469977,-0.358146488864632,-0.3500527764425451,1.108266433493462,1.2420435211624474,-1.6926420842456211,-0.6073574142518987,-0.7757177311277849,1.2315801830629078,0.8748027099339865,-1.4092883636308264,1.159699268262957,-1.1816709915299772,1.2218355552834177,1.6648458148996195,-1.2362550655574602,0.37424115382031403,-0.9091332316301781,11
0.6082044147262985,-0.2535820734899139,-0.5361574099517913,-0.19968438106670386,0.09465516716437275,0.21624634811242455,-0.12506306795764283,-0.7936214491983334,0.010634892700354339,-0.45358391160042105,0.7718139244802255,1.7024603666119853,-1.2600846149000204,-0.3033827579905745,-1.2372917722095573,1.0973801318450682,0.6974699961388364,-1.2207253003490393,-0.49358953652366516,1.2272966955171893,-1.1251978171100137,0.48433334424543695,11
0.5540170048369429,-0.5568109905884087,-0.4769115134596632,-0.6602356427510987,-0.5373099149595064,-0.8310738144548597,-0.6460283609259493,-0.7605969239721988,1.2420435211624474,-0.023550840038710424,0.9379253067794809,-1.0712302655851675,-0.9965888861207589,-1.4815682259151355,-0.19837860755520983,-1.1499785573138417,-1.7296122563475675,-1.2207253003490393,-1.6566586712242228,-0.004479185020135482,-1.4972700650798427,-1.6558913031594586,11
1.2313596284538875,0.019323951898731442,-0.5164087777877486,0.01693262919598472,-0.4558779925070172,0.6344048359636549,-0.36866342353317944,-0.4812193897093963,-1.2207737357617388,-0.2211611150730226,-0.5732587168940261,-0.4704493999877353,1.4815246547937582,1.463895443896267,1.2689425671317813,-0.8916919878635607,-1.5863573133251352,0.0005551274671892323,1.1705596969073953,1.2272966955171893,1.1032758320715332,1.2611360567102743,11
1.3126407432879208,-0.43551942374901076,-0.5954033064439193,-1.2671262396976033,-0.1426849794756363,-0.4610321130538627,-0.28414736809431346,-0.674015996139987,-1.2207737357617388,0.01106952373077183,1.5637356754377012,0.9493535535441299,0.7940955196775655,0.285709975971706,-0.9666912060222789,-0.3431214251911596,-1.0306112612769203,1.2218355552834177,0.6507210501515236,1.2272966955171893,-0.9958516086626058,-0.26187484192613647,11
0.31017366033484295,-0.16261339836036545,-0.5559060421158339,-0.7732057093543327,-0.4945054643620475,0.3088377651220941,-0.14104366605388002,-0.22066095996966772,0.010634892700354339,-0.9115180631582869,1.3079727670263877,0.14328620342453532,1.4752039569953561,0.285709975971706,-1.5478246111394436,0.7191371920284112,-0.907334476440736,-1.2207253003490393,1.280608439850566,-1.2362550655574602,-0.03283561973297188,-1.4622337073145368,11
0.9604225790071097,-0.4961652071687097,-0.6349005707720046,-1.0072054797441723,-0.5512180066220125,-1.1734481655885964,-0.6525240334389117,0.799036924394239,0.010634892700354339,1.276459784382735,0.8172241335360648,-1.1481576676170024,1.274121081384437,-1.4815682259151355,-0.07533799935453592,-0.08616807184707419,-0.003971956950041051,0.0005551274671892323,1.4094061200278247,-1.2362550655574602,-1.502430790788007,-1.5779218097864616,11
1.177172218564532,-0.10196761494066647,-0.5756546742798766,-0.4568189389423545,0.09630842254716658,-0.7705699544464444,-0.1068840995087993,-0.7522299920841228,1.2420435211624474,-0.9438704193432674,-1.0834426205310868,1.263003910029727,1.1155284557112304,0.285709975971706,1.7376304871269752,0.43108897602990787,-0.9710845662042633,0.0005551274671892323,-1.6857464567557112,-0.004479185020135482,1.5741367699202002,-0.6548098491771909,11
0.6894855295603318,-0.43551942374901076,-0.4769115134596632,-0.2689328393698501,-0.7113912270689786,0.6802658505979863,-0.7138877208286564,-0.8686967341647043,0.010634892700354339,-0.05731617206172554,-0.9352470914607491,0.8801161362547572,-0.5458795856746389,0.285709975971706,-0.1461677507167341,0.04390117991174635,-1.2172290324409023,1.2218355552834177,1.1517969784972826,-0.004479185020135482,0.18287035784528768,-0.8345192356560541,11
0.7165792345050096,-0.041321831520967515,-0.6151519386079619,-0.1486380251165082,-0.2578659783278265,-0.9753393983588026,-0.5030575980212296,-1.4439875767005894,1.2420435211624474,-1.3396265819451807,0.4220880951434661,1.7325815298340375,-0.8737826248953637,1.463895443896267,-0.46232467739222066,-1.3788298288645826,-0.16280341471949047,0.0005551274671892323,1.4863228528171322,-0.004479185020135482,-0.36264610887467713,0.9464227476064345,11
0.6352981196709763,-0.43551942374901076,-0.4966601456237059,-0.5905530278812654,-0.2563958055442984,0.4022637400311613,-0.27829457780204475,1.2379333495455647,1.2420435211624474,1.3122941768268173,-0.44300081113624024,-1.6435130841566514,0.7083024108580226,-1.4815682259151355,-0.27071951371988784,0.24795489231472928,-1.2189368031754833,0.0005551274671892323,-0.14006521975123026,-0.004479185020135482,-1.478399332735723,-0.37071705046515263,11
0.8249540542837207,-0.13229050665051595,-0.5559060421158339,-1.4961467006684257,-0.48820511760683166,-1.2352408395894565,0.013986596494245204,-1.2103990539995293,0.010634892700354339,0.8134355134997692,-1.1655695656771239,-0.07777225654093142,-0.8398066966950907,-0.892475491952855,-1.6129780577235824,-0.17674357075498687,-0.859618200525845,0.0005551274671892323,1.473463101265754,-0.004479185020135482,-0.41969634167068703,-1.6442114314784693,11
0.3372673652795207,-0.34455074861946233,-0.5361574099517913,-0.4649525618595968,0.038163687172784566,-0.8672645516729997,-0.6617674166899952,-0.48963309425774293,-1.2207737357617388,-0.3608767098976834,-1.0588359086832346,-1.2022723790260825,-1.3474581785462076,1.463895443896267,-0.7402808442290134,-1.5501986952119962,-0.3382256943935011,1.2218355552834177,-0.4678813811075554,1.2272966955171893,-1.1878660952393845,0.9771626668957802,11
1.3126407432879208,-0.46584231545886023,-0.5361574099517913,-0.5398285304162198,0.005186510326461891,-0.151219927531889,-0.650383098130548,0.8634351371691321,0.010634892700354339,-0.09973572884741323,0.751218861841179,0.566655227601677,-0.47667492446164716,0.8748027099339865,0.4740501689713606,1.6143012408712265,1.3314226147255515,-1.2207253003490393,0.22571121354322596,1.2272966955171893,-1.6509522466847328,0.9666998908125063,11
1.0687973987858208,-0.041321831520967515,-0.45716288129562055,0.07082919981680573,-0.09515008287389726,0.4563503820112761,-0.004372195756159043,0.31735573484938717,-1.2207737357617388,0.8864127013611188,1.117641006889489,1.5081606177619062,-0.3324035909814936,-0.892475491952855,-1.031942819504485,0.029760694905622265,-0.18522054726716589,1.2218355552834177,1.2316481034153526,1.2272966955171893,1.3721784696456178,-0.10138739525649323,11
0.4727358900029096,-0.4051965320391613,-0.5756546742798766,0.10421452347474558,-0.23703396314408678,0.24031465007207253,0.06865810588698701,0.7698632309448717,1.2420435211624474,-1.198883178591981,-0.05046863760404988,0.6497940987156242,-0.4739643349735946,0.285709975971706,-1.602003418261855,-0.14893318131455702,0.14142664530481852,1.2218355552834177,-1.203417951653183,-0.004479185020135482,-1.6017907349928584,0.011774127936329244,11
0.25598625044548734,0.11029262702827988,-0.4769115134596632,-1.3738168125697894,-0.44604958751541185,-0.4499912458297264,-0.5174395273269712,0.6396157925535595,-1.2207737357617388,-0.6525295258525031,-1.239239298385347,0.23875684836075886,0.9529995917579535,-0.892475491952855,-1.5115460840585184,-0.21391022712263733,0.6372255712381688,0.0005551274671892323,-0.24839497878670877,1.2272966955171893,-1.3489025852457381,1.6372650673067228,11
0.5540170048369429,-0.041321831520967515,-0.5954033064439193,-0.10041670308791345,-0.6965553295315298,-0.877156103912981,-0.4605053346807314,0.736735651086014,1.2420435211624474,0.9911727989831155,0.38908210676963323,-1.1802350951578027,-0.4636992383976072,-0.892475491952855,-1.5240398314305068,0.2620918612217075,-0.36742374958419827,1.2218355552834177,1.218732810302919,-1.2362550655574602,1.3738676221495627,0.6269997107633434,11
0.2830799553901651,0.17093841044797883,-0.6151519386079619,-0.4499266728295036,-0.5497151725270694,0.006413931155710977,0.028112362903745036,0.3578050269298336,0.010634892700354339,0.6793500621712669,0.7682139999865057,-0.4260833076694704,0.5950986125023122,0.8748027099339865,1.0712819928479902,-1.5705023447380724,1.5070166312216087,1.2218355552834177,-1.003009417656729,1.2272966955171893,0.6494622004577582,-0.23963897679430873,11
1.0146099888964653,-0.46584231545886023,-0.6546492029360473,-0.10544915913645744,-0.24978134502852378,-0.018563114327381038,-0.745674378964606,-0.9116077494827393,-1.2207737357617388,0.07174100799343938,0.5403335160469236,0.7880248864060343,-0.7251352807973982,-0.892475491952855,-1.3750829731925083,1.5627522785837313,0.14555620447791986,0.0005551274671892323,-1.6454772910392905,1.2272966955171893,1.710710256192536,-1.223339506670107,11
0.3914547751688763,0.20126130215782834,-0.5164087777877486,-0.04909736672242504,0.04666777257772886,0.17770846987088496,0.08096611325989173,-0.8218973758275894,-1.2207737357617388,1.3867418209624536,0.532871061558852,0.302927980722384,0.8737066159581589,-0.892475491952855,1.0635871534517385,1.1778654074517558,0.8576628698081112,0.0005551274671892323,1.3009320687403685,-1.2362550655574602,-0.6710717840775544,1.6437775297304589,11
0.7436729394496874,-0.4961652071687097,-0.5164087777877486,-0.05413679745129475,-0.36676627797820016,-0.17954579960483844,-0.5267515313529605,0.9284399004408578,0.010634892700354339,-0.14823043648546588,1.0159945019965524,1.7392757861774095,-0.1800532313606788,1.463895443896267,0.2067396891298541,-0.6285094600917399,1.349232185832962,-1.2207253003490393,1.6995263506173026,1.2272966955171893,-0.5719643381774064,-0.14652263114590194,11
0.7436729394496874,0.14061551873812936,-0.6546492029360473,-0.11988120480246588,-0.16466383079290847,0.0764462691223783,-0.7379997963955208,0.2188352171596479,0.010634892700354339,-0.5948477275787298,0.8277572166749618,-0.5945273506982507,1.4804396085752332,0.8748027099339865,-0.9921573299634161,-1.6416180714909019,-0.14097804389756363,1.2218355552834177,-0.13686063575482146,1.2272966955171893,-0.47971474344983756,-0.6095115653117451,11
1.1229848086751764,0.20126130215782834,-0.4966601456237059,-1.3725713827575161,0.001558703007373499,-0.9664640335647854,-0.6102498086955755,1.6650700584505542,-1.2207737357617388,0.2934342466984783,-0.37560910781715906,-1.0222087175944663,0.882146145002956,1.463895443896267,1.6397450817405146,0.22810989649419025,-0.2768742001838966,-1.2207253003490393,0.1058555579520679,-1.2362550655574602,0.634649265498331,-1.394160475942585,11
0.7707666443943652,0.17093841044797883,-0.6151519386079619,-1.0343004911142397,-0.34787572841795616,0.22581293857639226,0.09175910303897888,0.4092979337699403,0.010634892700354339,0.22817312031992087,0.17303375724711467,-0.7902932439711385,0.5242858302852614,-0.892475491952855,0.6341783458198837,0.9216821982364493,-1.064268898918986,1.2218355552834177,-0.004183612527635789,-0.004479185020135482,-0.1947655329974357,0.2241665419258253,11
1.0958911037304986,0.049646843608580925,-0.6546492029360473,-1.4860437567120914,0.050697476210627264,-0.11997100074286826,-0.4459306615913301,0.34685350666753534,0.010634892700354339,0.3618087173849036,-1.5197515108730328,1.0342254461781746,-0.5293686204899517,0.285709975971706,-0.03391682840103293,1.5765631967039289,-1.3032443058078713,0.0005551274671892323,-0.40813194023662697,-1.2362550655574602,0.6158632644459573,0.04916914870774188,11
0.6894855295603318,-0.071644723230817,-0.5954033064439193,0.1093539838797404,0.02159541435963098,-0.2874782019313668,-0.4297755239825904,0.872135598914835,0.010634892700354339,-1.069125182424828,0.991010739659927,-1.4929523744396485,0.610269100574924,-0.892475491952855,-0.17122252628488996,0.8321523950604633,-1.7021934723843117,0.0005551274671892323,0.04928044366453602,-1.2362550655574602,-1.4099415185026536,1.2168151503943792,11
0.9875162839517875,-0.16261339836036545,-0.45716288129562055,-1.3752381007194856,-0.453888112666694,0.24199947484024784,-0.17914465468048674,-1.6093575845148897,1.2420435211624474,1.265469356833267,1.2345237591924414,0.6509943568257669,-1.1309346673728506,0.285709975971706,1.1974151474894945,0.5243705807635272,-0.4143248158441161,0.0005551274671892323,0.8713342371567375,-0.004479185020135482,-1.168793511680772,0.5052705532428975,11
0.5540170048369429,0.20126130215782834,-0.5164087777877486,0.09055773199577057,-0.5440693099323706,-0.34206699588319145,-0.3222575765176963,1.0983030443061108,-1.2207737357617388,1.514376511234387,0.7170879850241759,0.8639548377222838,0.6025061606587805,1.463895443896267,0.23042938772000846,-0.20655571288460622,0.971502643237402,-1.2207253003490393,0.23678617398666538,1.2272966955171893,-0.5648244992121759,-0.3199838643855463,11
1.0687973987858208,0.11029262702827988,-0.4769115134596632,-1.3210065656933878,0.059261283295218944,-0.40144110506857406,-0.38441498923960526,-1.0266300179315744,-1.2207737357617388,-0.529822323006077,-1.266207711895139,-1.4828425013483997,1.5103910880753313,1.463895443896267,-0.5538008422130317,-0.07333832683042107,0.7263058547240806,1.2218355552834177,0.021126507655959092,1.2272966955171893,-0.6747493138640744,-0.2766274338162983,11
0.44564218505823183,-0.5568109905884087,-0.5164087777877486,-0.45644084252926026,-0.36998028175654935,-0.10829670600003763,0.09639745669130109,-0.9507738404974695,0.010634892700354339,-1.4493373429483078,-0.7965441042677561,1.4945123174911887,-1.3385469142295872,0.285709975971706,-0.9950457283928417,-0.5914572874942382,-0.8703066100150558,-1.2207253003490393,-1.2823996241007636,1.2272966955171893,-0.3467802674967109,-1.6322212888576522,11
0.25598625044548734,0.019323951898731442,-0.5756546742798766,-1.356611220384439,-0.40357136905834823,-0.06676418253236968,-0.6047701743855146,1.2588800526162598,-1.2207737357617388,-0.77433213475152,1.6082924754479915,0.9790136889199876,1.1911924158778835,-0.3033827579905745,-1.6642484143723015,1.7165136459747097,0.09455313351604247,-1.2207253003490393,-1.0825021836474984,-1.2362550655574602,-0.18008383458722044,-0.1856447887940439,11
0.8791414641730764,0.14061551873812936,-0.4966601456237059,-1.1602957781647831,-0.5309888298439571,-0.11408958070098782,-0.6907711749268314,0.6432767386016104,1.2420435211624474,0.030100834183502664,1.5098824462792029,-1.4954786563957707,-0.14801561491762044,-0.892475491952855,0.42693621002149024,-0.7663823582913981,1.5000322941336295,0.0005551274671892323,-1.1260666171293876,-1.2362550655574602,1.4491142643684332,0.5712510585511852,11
0.8791414641730764,0.11029262702827988,-0.5756546742798766,0.022557682212893206,-0.03299316551457568,0.5277967378811614,-0.08601082758577248,-1.5249090472584848,0.010634892700354339,1.4332771535544149,-0.4885836254747634,-1.5313589867394621,-0.9932361149997769,1.463895443896267,-1.4045525776883403,1.7150572490329765,0.6887981220614118,-1.2207253003490393,-0.2483984263851702,-1.2362550655574602,-0.8519390853994628,1.0350444739554265,11
-0.28588784844806825,0.565136002676022,0.5697659912345985,-1.6970061500834908,-2.448168243902142,1.3137325169998133,-0.2714019593592754,-0.39148142260874563,-1.2207737357617388,1.440600396117749,-1.073977785112287,-0.15354615453195564,-0.49518155352527327,-0.3033827579905745,1.6741881460098025,1.1900152069133512,-1.4630805734870798,1.2218355552834177,-1.4046329408148073,1.2272966955171893,1.3401948723046881,1.1095604637756564,3
-0.7464808325075906,0.565136002676022,0.7080064163828972,-1.302815586088928,-2.441744724018617,0.5825711845816637,-0.4283609164347487,1.191855174754652,1.2420435211624474,1.6547371627680634,-1.2818869433467885,0.6030520499565004,-0.7357411088574543,1.463895443896267,-0.6637325702946909,-0.5794736211596281,-1.5186473401413176,1.2218355552834177,0.9348733093580663,1.2272966955171893,-1.4093889635711336,0.27839046781507504,3
-0.312981553392746,0.14061551873812936,0.7277550485469398,-1.5265837196952996,-2.519273516426849,-0.6107151382759022,-0.6354310041362667,-1.6949972950209915,1.2420435211624474,0.23536971391622077,1.410334351301089,-0.4751347405012566,1.5025585159499175,-0.3033827579905745,1.196129062641524,-0.4039867880783362,0.4244903059766701,0.0005551274671892323,1.1638281252994664,1.2272966955171893,1.0966391611761568,0.7558260083178409,3
-0.7735745374522683,0.565136002676022,0.7277550485469398,-1.332949582810654,-2.5079433672487115,-0.10120230667613567,-0.2721434451216159,-0.16646255748318028,-1.2207737357617388,1.1466133361741881,0.49268389819003566,-1.6955779205067658,-0.8749439165286875,-0.3033827579905745,0.4370331105013115,1.5802273526584503,0.9691905674990967,0.0005551274671892323,-0.6401359538095613,-0.004479185020135482,-1.0254133750175543,-0.6847856762450979,3
-0.39426266822677936,0.41352154412677466,0.5697659912345985,-1.4314229037608823,-2.332474480431194,0.8831285422627189,-0.4404346872075571,-0.4752886736492845,1.2420435211624474,0.1758581379048923,-0.7455390739046291,-1.4580538178926015,-1.410566544845157,0.285709975971706,-1.3797451349332692,1.441638956784257,-1.736059578100305,0.0005551274671892323,0.6432507056615907,-0.004479185020135482,1.4059777347055873,1.189343906731192,3
-0.5026374880054905,0.5954588943858716,0.6487605198907691,-1.0203177148099263,-2.519398238159566,-0.6209757136570149,-0.1961915096524042,-0.476543711557594,1.2420435211624474,-0.6257612913356675,0.3825038583947618,0.35380229579263633,1.712178374652767,0.285709975971706,1.596066519633215,0.5194679062319467,-0.974028554814221,0.0005551274671892323,0.08724607168434328,-1.2362550655574602,-1.1239077459813107,-0.6563750147702584,3
0.2017988405561318,0.5044902192563231,0.7080064163828972,-0.9801141483031471,-2.465258299809505,-0.30814527874463904,-0.524161864992005,-1.4306477900037684,-1.2207737357617388,-0.24452888503662948,0.8204475313973573,-1.028081981928377,-0.20725655383669528,0.8748027099339865,1.7296652868608087,-0.17004353003858308,-0.6538763596645051,1.2218355552834177,1.3776123977073464,-0.004479185020135482,-0.41814698838334635,-0.7977714128471776,3
0.2288925455008096,0.5044902192563231,0.7080064163828972,-1.6357957669103484,-2.369068654915533,1.397494990480057,-0.37939699795635734,0.11287529078539706,-1.2207737357617388,-1.2553656149815509,-0.07437801779067174,0.3661535567192454,-0.45253402612109755,0.285709975971706,-1.120687571005437,0.5622535285973138,0.07352459003156929,-1.2207253003490393,-1.1339584138592886,1.2272966955171893,0.8723736078506553,-1.311841722685332,3
-0.2317004385587127,0.2619070855775273,0.530268726906513,-1.469032665467652,-2.362105121355186,0.6992985367706864,-0.3933629529777577,-0.5689172512610629,0.010634892700354339,1.1646351306935911,1.4896101413862755,-1.2835443680971974,1.2457467595997194,0.8748027099339865,-0.042412296599660684,-0.7627412972386939,-0.024233003720359022,1.2218355552834177,0.07700303768173968,1.2272966955171893,0.9026322147040182,1.1421197354370516,3
-0.6110123077842016,0.6257817860957211,0.6487605198907691,-1.5019011516840552,-2.388817681663049,2.9522203708353656,-0.3908930211267769,1.3885682465049722,-1.2207737357617388,1.2254610911470138,-1.6366989358256587,1.6671883912309535,0.2269254744174864,-1.4815682259151355,0.5740815246912009,-1.420657988183765,1.0867157959453084,0.0005551274671892323,1.303229899016911,-0.004479185020135482,0.10237085519997732,-0.4384855444310137,3
0.2017988405561318,0.3831986524169252,0.6092632555626838,-0.9130704474869652,-2.34276735532829,2.9062081636711548,-0.18037478657802206,-0.6515556400377147,1.2420435211624474,-0.4676104972617358,-0.1278367711442194,0.9102709283598729,0.7375359397296362,-1.4815682259151355,-0.2250111210357945,0.6844583641870603,-1.3797860609413446,1.2218355552834177,-0.6641609155724004,1.2272966955171893,1.0937145640865762,-0.996222843087749,3
-0.20460673361403492,0.3831986524169252,0.6092632555626838,-1.2155625643398558,-2.5273830307268232,1.947792692949359,-0.5255716305040141,-0.2593711541617339,1.2420435211624474,0.054157099309132616,-0.4186490899680935,-0.2540118444784768,-0.038592146746077007,0.8748027099339865,-1.545284147185062,-0.852867675080401,-1.5106694701301169,0.0005551274671892323,1.084533745676161,-0.004479185020135482,-0.16006944440694973,1.510216984346742,3
0.2017988405561318,0.29222997728737676,0.6487605198907691,-1.1462097090373895,-2.551092197006538,0.059475002957018686,-0.4458660220054427,-0.677579545521911,0.010634892700354339,-0.671284439432579,-0.47530945931335117,0.394623357286457,1.5688431290159723,0.8748027099339865,-1.4657181063932991,1.3487739203030986,-1.444928726217287,1.2218355552834177,1.028283658145729,-0.004479185020135482,-0.44938878505409324,-0.7573739838762026,3
-0.7464808325075906,0.2619070855775273,0.7277550485469398,-1.3119739694932329,-2.3346169550865286,2.6114589101846875,-0.4140942698051724,0.9164941670023776,1.2420435211624474,0.10986469631492979,-1.6228544753089094,-1.7223676726164878,1.2151232392555682,0.8748027099339865,0.4119264454015633,-0.09462023275744712,-0.03146535249310741,-1.2207253003490393,1.573750226483721,-1.2362550655574602,-1.5967564565394121,0.15235412262505965,3
-0.6381060127288793,0.2619070855775273,0.5697659912345985,-1.4654282115134178,-2.5505058078615988,0.13820209328005525,-0.6057195475555535,-0.6021496586875194,1.2420435211624474,1.6146748971752278,1.05774231428445,1.6662618116367203,-0.746620526883937,1.463895443896267,-0.5482329734931186,0.8437256486085022,1.4033821585200945,0.0005551274671892323,0.0893366308265885,-0.004479185020135482,0.47331827778651264,0.2759898764412703,3
-0.6110123077842016,0.565136002676022,0.7080064163828972,-1.360292271380217,-2.3496289815536686,0.01590021395631335,-0.5802717895339171,0.8609924053781619,0.010634892700354339,-1.0829586318517481,-1.4204857055666456,-0.27994127595292173,-0.6799675430222559,-1.4815682259151355,1.593694289952504,-0.7030162141228431,1.283189075070219,-1.2207253003490393,-0.42715914455497467,-1.2362550655574602,-1.7173306038391676,0.33644911430923846,3
-0.014950799001290446,0.07996973531843041,0.5500173590705558,-0.9128164375700735,-2.3191619639636203,1.9348654996611456,-0.5451965860960446,-0.3559744219227695,1.2420435211624474,-1.5953878354855868,-0.619853683364765,0.633046063263142,0.6677589798200222,-0.892475491952855,0.7146272911775875,-1.6687219550677772,1.6743078397093485,-1.2207253003490393,0.41527625368371723,-0.004479185020135482,-1.6552616167141556,-1.5047553975018637,3
-0.312981553392746,0.5348131109661726,0.7080064163828972,-1.053744594209781,-2.4748211130801403,2.160025772570679,-0.38110687377744673,-0.44969942393424706,0.010634892700354339,0.9260172494690274,1.6596866428497432,-0.030805756038641843,1.0884853290399041,1.463895443896267,-0.4372116103988778,0.5899382713529238,-0.1486262794684679,1.2218355552834177,-1.3224048042790841,-1.2362550655574602,-0.03743311230710634,-1.726160869734254,3
-0.692293422618235,0.747073352935119,0.5500173590705558,-1.6070440625470417,-2.5035474171009504,0.9815467927458097,-0.664177889323739,-1.6865879393974361,-1.2207737357617388,0.1682394884978797,-1.162290586831917,-0.28822091433497843,0.007129316498634938,-1.4815682259151355,-1.5125861410804187,0.8221548982908298,1.6100033900218276,-1.2207253003490393,0.5485180711576627,1.2272966955171893,0.16531418855114588,-1.5647306484585086,3
-0.5297311929501682,0.5044902192563231,0.5697659912345985,-0.9339191970777851,-2.5679177129141144,0.029810183890296434,-0.23662134734701792,1.0498748831039735,-1.2207737357617388,-0.8990392685512925,-1.3498836063513033,-1.3935812419722624,1.2009780054198143,1.463895443896267,1.7519663991921184,1.5418810793726474,0.18695711014185973,1.2218355552834177,-0.05133627343971928,1.2272966955171893,-1.6545635304751063,0.4938401956476221,3
-0.6651997176735572,0.807719136354818,0.6882577842188545,-1.6851543983669022,-2.486038929810085,1.3687932494896875,-0.5851862449690686,0.19722161656772644,-1.2207737357617388,1.4411258139911087,-0.13210063497206917,1.7407736231238877,0.029498513618575826,1.463895443896267,1.1917793489943893,1.4512953749181154,0.5188025201510181,0.0005551274671892323,0.053028211864717734,1.2272966955171893,-0.0802095564778127,1.0253683623272314,3
-0.692293422618235,0.4438444358366242,0.5697659912345985,-1.0909099121408183,-2.532441418311525,1.5921778815653749,-0.3224008987763671,0.3158719170703895,-1.2207737357617388,-0.27628587020587736,0.03986850774548785,-1.3394822074029122,-0.20117034215964855,-0.3033827579905745,0.7198288891253493,1.063405467815809,-1.038338475250372,1.2218355552834177,-0.3364207928002906,-0.004479185020135482,-0.5944179163343183,1.379218727025601,3
-0.5297311929501682,0.747073352935119,0.5500173590705558,-1.5889318113010522,-2.5375414901757085,2.6500348737918054,-0.2575833620207336,-1.7284412758245038,0.010634892700354339,0.9926102354693787,1.4103263661089522,-1.2592016201046041,0.26407360434045013,0.8748027099339865,-0.31490688416442075,-1.1952031216468313,0.37667132000665876,1.2218355552834177,-1.5938199807354376,1.2272966955171893,-1.1003525601104556,-1.4914615300939036,3
0.25598625044548734,0.4438444358366242,0.6882577842188545,-1.2830550960076699,-2.383198439160308,0.19569434547714137,-0.3263965991604884,0.174510628267557,0.010634892700354339,0.9187869375550313,-0.5912199118981051,0.9692780859959189,-0.19115393178155277,0.8748027099339865,0.005368512816492793,0.15001164300317674,-0.27050097801771006,-1.2207253003490393,-0.07396183855714777,-0.004479185020135482,-1.6928332756138786,-0.9581778499444911,3
0.2288925455008096,0.2619070855775273,0.6882577842188545,-1.3905084630602353,-2.347916861682179,2.112944900568352,-0.5553508617545934,1.57038079473419,0.010634892700354339,-1.63323273815499,0.9231538069112325,-1.2815082560108693,1.4659345160728212,0.8748027099339865,1.327262893194394,0.854148521705509,-0.9793914634639364,-1.2207253003490393,-1.053605259260471,-0.004479185020135482,-0.4481514799313367,1.1190022000115287,3
-0.7735745374522683,0.41352154412677466,0.5895146233986411,-1.6691391476733444,-2.5633605326959534,-0.34298570888337593,-0.56668436050447,-1.277778769285721,0.010634892700354339,-1.6595378589091583,-0.36076633136338154,1.2543417418521476,0.8727540123049611,0.285709975971706,0.30065551265185886,1.006692059028688,1.1208053984489343,0.0005551274671892323,0.8623300797905535,1.2272966955171893,-0.18418532833556575,-0.21209949982492118,3
-0.39426266822677936,0.3528757607070757,0.6290118877267264,-1.4476843126708796,-2.4620681958447004,-0.5407203364101488,-0.5203154642009966,-0.035353648896637,-1.2207737357617388,1.5132162309455537,1.230165055102498,0.5800780192650927,-1.4899674769382587,0.8748027099339865,1.7491558752057677,-0.3057258308310729,-1.1933180221648132,-1.2207253003490393,-0.8585680925768566,-1.2362550655574602,0.3510754671546436,-0.9322995786642628,3
0.2288925455008096,0.20126130215782834,0.7080064163828972,-1.300911369967296,-2.372753234512488,1.5786283520275097,-0.1593155375276875,1.3829170362973575,-1.2207737357617388,-1.6068623620280729,0.2143223561784517,1.3629183308831176,-1.602746281754657,-1.4815682259151355,0.2459855180426172,0.4364220118091667,-1.3149412516984245,-1.2207253003490393,1.6434019052777973,-1.2362550655574602,0.8619003586495652,-1.2640812163582622,3
0.09342402077742068,0.7167504612252695,0.7277550485469398,-1.6739198120338286,-2.444680583260284,1.7572993730119917,-0.3588546162569413,-0.8987150751103086,-1.2207737357617388,-1.124035289381402,-0.5977450916612495,-1.7106234807065184,1.5290175359299512,-1.4815682259151355,0.9952063740684399,-0.811939939103201,-1.4092423278250852,-1.2207253003490393,1.1315697563293177,-0.004479185020135482,0.8287895343158344,1.0989970820524577,3
-0.20460673361403492,0.4438444358366242,0.6487605198907691,-1.6075047055165874,-2.4057611916123047,0.3775317557627627,-0.4466767240375675,1.6221474602429984,-1.2207737357617388,1.1769321475570138,-1.117008954939835,0.21391115097877894,1.7296137248005405,-0.892475491952855,0.42209210642368605,-0.6663553358684866,1.0050869979432404,1.2218355552834177,0.9225490424137213,-0.004479185020135482,1.7222080815320218,-1.652626088247277,3
-0.6110123077842016,0.68642756951542,0.6685091520548118,-0.9975560954371772,-2.5708423289373568,0.23902091854540497,-0.358612476973894,0.9603912185213419,-1.2207737357617388,0.7918223750938561,-0.7158746627563087,-0.6435605941387852,-1.2002302086516476,0.8748027099339865,-1.1134986230244046,-1.6898583241244405,-0.7375949379511938,1.2218355552834177,0.4917339991651612,-1.2362550655574602,-1.758593235808472,0.9745222936608935,3
-0.2317004385587127,0.7773962446449685,0.7277550485469398,-1.6577244028388525,-2.50063835091692,-0.43934218524496615,-0.4893512993325605,-0.24136634065340698,1.2420435211624474,-1.0008334476904939,-0.6027339661600396,-1.135288040263072,-1.0144674767941335,-1.4815682259151355,1.3774822628188874,-0.10548749627326744,0.6049903982480356,-1.2207253003490393,1.393320887558759,1.2272966955171893,0.49989803491152507,0.36301179862464045,3
-0.5026374880054905,0.20126130215782834,0.6882577842188545,-1.1703135761086156,-2.3379355249294336,3.0497671825585755,-0.2129902261671661,-0.06469861181485637,0.010634892700354339,1.0903349868356818,-0.9543065003136038,-0.3594640367255858,-0.15781047683849697,0.8748027099339865,0.7212788352011815,-0.6016389829720241,-0.02359767949986875,-1.2207253003490393,0.3861507061398842,-0.004479185020135482,0.10320071445764768,-1.6220251499980047,3
-0.7735745374522683,0.747073352935119,0.5500173590705558,-1.53433629514524,-2.353683277761351,2.781454178200611,-0.4939212931939794,0.8391692719428523,0.010634892700354339,0.7159022294410182,0.26785531176599825,-0.6950872830840602,-0.5098701508734863,1.463895443896267,-1.6772754350196013,-0.7306247555664411,0.5694124271686813,0.0005551274671892323,-0.37502727878837766,1.2272966955171893,0.6483350901794557,1.3628004763557178,3
-0.5297311929501682,0.7773962446449685,0.530268726906513,-1.3423975724825041,-2.4877541320647603,2.2427859194602915,-0.24992697025501204,0.5203934449257815,0.010634892700354339,-0.5589609213264016,-0.3513718325015749,0.04873457632751564,0.8598835525855443,0.8748027099339865,-0.11237274906147353,-0.3421283314070535,-0.9453181233926253,0.0005551274671892323,-0.4098836553941828,1.2272966955171893,0.5901918682574423,-0.01063696668773346,3
-0.6110123077842016,0.14061551873812936,0.6487605198907691,-1.6081139816695103,-2.4681812014508444,-0.3735679446856761,-0.18405947356407076,-1.380592806463786,-1.2207737357617388,-0.8909890861192121,1.1330483448318218,-0.12357446385800826,-0.3325234748880074,-0.3033827579905745,0.6204995218961068,0.12869406728068933,-1.4080453570097755,1.2218355552834177,1.7202193158464318,-0.004479185020135482,0.49526397136073036,0.3760031638586888,3
0.174705135611454,0.14061551873812936,0.5697659912345985,-1.3609119512831473,-2.4214168813273513,1.9508804159191857,-0.4051601968222492,-1.4969810227710583,0.010634892700354339,0.20644802019069564,-0.6591638631906043,1.2970435839935628,-1.5963395597722054,0.8748027099339865,0.04240741065165355,0.4662979432016472,-0.5624566398556747,0.0005551274671892323,0.6904463463072272,1.2272966955171893,1.3606164898159832,-1.6851119333126527,3
-0.042044503945968224,0.049646843608580925,0.5895146233986411,-1.3748757669654126,-2.4845981876984897,1.8011145732173655,-0.39595245153728353,1.2604215097703184,1.2420435211624474,0.15904648736591406,0.7355682070785665,0.6753647922960823,-0.15479119169143146,0.8748027099339865,-0.849592978774042,0.27318422025457695,-0.24052181495010214,-1.2207253003490393,-1.2659207596977475,-1.2362550655574602,-0.587806996879929,0.7591764026221541,3
-0.12332561878000158,0.68642756951542,0.5697659912345985,-1.4578620127165998,-2.3270126012050785,0.644078061315605,-0.3588049919870578,-1.1895946563908382,0.010634892700354339,0.02359649120723407,-1.1044278704573705,0.08611141133490492,1.3656341792298428,-0.3033827579905745,1.4367194619570192,0.08432325219167765,1.694848414486817,-1.2207253003490393,-1.0278137354460315,-0.004479185020135482,1.2033789858824413,-1.316376768589558,3
0.09342402077742068,0.2315841938676778,0.5697659912345985,-1.3440259519476223,-2.5277966774752967,-0.33976590908634974,-0.47174975089112375,0.7017530394448515,0.010634892700354339,-0.9312791994249716,1.2555547305191306,0.5175227551815507,-0.12974054505066115,-1.4815682259151355,1.1306499270355053,0.2566293384283198,0.7056422898221082,0.0005551274671892323,0.5516206320100456,1.2272966955171893,0.942825006408487,-1.018060368960322,3
-0.3400752583374238,0.20126130215782834,0.5500173590705558,-1.3759147414993818,-2.4113327279343513,3.1007752788121006,-0.46474204978712563,1.6993882175139683,-1.2207737357617388,1.5059498925127561,-0.36372201412316246,-0.6404746271873101,-0.5739198508365364,1.463895443896267,1.156510911344526,-1.0582092062580357,1.4528342028021155,0.0005551274671892323,-0.3405733547640733,-0.004479185020135482,-0.5387653442781123,0.843556974123021,3
0.2288925455008096,0.049646843608580925,0.6092632555626838,-1.0368273836242325,-2.4523404735012013,2.968159798742817,-0.3859996659024243,1.1965630761207375,1.2420435211624474,0.6055538327797434,0.08934441590422791,0.44847922203784846,-0.536384112483307,1.463895443896267,1.7307206372900152,1.5348340770580688,0.3933222756774223,1.2218355552834177,-0.8830187077708594,-0.004479185020135482,1.1568149354394899,1.467448638789263,3
-0.39426266822677936,0.68642756951542,0.530268726906513,-1.4291162025606263,-2.4639175619611438,2.929658608796031,-0.5995550260682068,0.04199553867943448,-1.2207737357617388,0.9868432881557854,-1.3135598639632562,0.9773878284353107,-0.3253714925375453,0.285709975971706,-0.021196785261000703,-0.7360808608934651,-1.526397279857057,0.0005551274671892323,-1.3964429336601871,-0.004479185020135482,-1.6089753125935797,-1.7005202732728641,3
0.174705135611454,0.4438444358366242,0.6487605198907691,-1.6683368066012036,-2.433973135237491,2.0828312456815223,-0.5583203679453771,0.45557161814990377,1.2420435211624474,-0.47414273039180427,0.5413773688566474,-1.027750819273933,1.1044632778284937,-1.4815682259151355,-1.4889074572435435,-0.33700406079800116,-1.250320810238336,-1.2207253003490393,0.6522592598922171,-0.004479185020135482,-0.09888227828653305,1.373494075394334,3
-0.42135637317145713,0.3831986524169252,0.6487605198907691,-1.2336024140189585,-2.502709958163929,-0.42808536654092033,-0.33151623770676114,-0.3575999157626382,1.2420435211624474,1.6582224292205596,-1.200043310216922,1.1554778963464847,0.7189982424064043,0.8748027099339865,-0.5584127580479286,-0.9271259475574387,1.5811184173885107,1.2218355552834177,0.8265967244884743,1.2272966955171893,1.7024877060660255,-0.2929235723097054,3
-0.42135637317145713,0.32255286899722624,0.5895146233986411,-1.5185454490135109,-2.5701576512588713,1.3274953990264382,-0.329230549641638,0.4554761065950492,1.2420435211624474,0.12459699522854435,0.33530329050265023,-0.4582960838703575,0.5669092726100904,1.463895443896267,1.4318962434900862,1.2353813285583826,0.3100335957134847,-1.2207253003490393,-1.2332168424992322,-0.004479185020135482,-1.6885672453095093,0.31406086261289456,3
0.03923661088806511,0.20126130215782834,0.6092632555626838,-1.2173285293001421,-2.392176977510646,2.469371416564567,-0.5065327996640563,-0.8896370554243075,1.2420435211624474,-1.7340285519099776,-0.0015801870754823763,-1.378175317475666,-0.20273309051313645,-1.4815682259151355,-1.006208587589116,1.2924021052714703,-1.6419618510401714,0.0005551274671892323,1.0118745136365748,-0.004479185020135482,1.5241158349240334,-1.2055027796954514,3
-0.6381060127288793,0.68642756951542,0.6882577842188545,-1.2815456535084193,-2.540994518595929,-0.23245662361148822,-0.25197654460079133,0.24005299630637816,1.2420435211624474,0.3615137222994312,0.7694287750312283,-0.5411209555632689,-0.15292993866814006,0.8748027099339865,1.5871064209450398,0.21325528827013332,-0.8438176823445183,0.0005551274671892323,0.5000991323595196,-0.004479185020135482,-0.6987566922796956,1.2642826291931533,3
0.174705135611454,0.20126130215782834,0.7080064163828972,-1.2864572783066335,-2.435892906472171,0.1515933299114253,-0.5090943181541648,1.1430687824516619,0.010634892700354339,1.089893661812322,1.682041145499056,0.3045932846792327,-0.2571595344099092,-1.4815682259151355,-0.1906555367174052,-1.4883165655270707,-0.6732169274389553,-1.2207253003490393,-0.8736639765717917,-1.2362550655574602,0.4474109661108148,1.3901269357532093,3
0.03923661088806511,0.4438444358366242,0.5895146233986411,-1.606132605554227,-2.4494219494639666,0.551942380182604,-0.31690947159294264,0.7721456065498753,0.010634892700354339,-0.23054071857953345,-0.11524004559121256,0.8601861188007013,0.7221381349750249,-0.3033827579905745,-1.435374792257414,-1.6948779853665776,-0.38072648641896467,1.2218355552834177,1.1121389370614894,1.2272966955171893,-0.5348225236218807,-0.3104433121050563,3
-0.20460673361403492,0.7773962446449685,0.6092632555626838,-1.2263914459033016,-2.358689129154917,1.7282678431785061,-0.4224702934719795,1.0763458127968468,1.2420435211624474,-1.0604324562261858,-1.5713546406661782,1.5169528560089969,0.6941641562023343,1.463895443896267,1.1273691654085882,-0.6582260166608457,-0.9133369896995548,0.0005551274671892323,-0.46924276185031816,-1.2362550655574602,1.217868267797911,0.7825057418203515,3
-0.17751302866935714,0.6257817860957211,0.7277550485469398,-1.0725224484238105,-2.3291773709118613,0.8803759263103381,-0.45869230283972756,-0.09027774906191922,-1.2207737357617388,1.7040485270839683,1.3123644799543561,0.5165215327466559,0.833431992023947,0.8748027099339865,-0.878133649123248,-0.9404169228753524,-1.2112576850932577,0.0005551274671892323,-0.009479476551580508,-0.004479185020135482,-1.605036967221721,-0.0435645669329602,3
-0.7193871275629128,0.049646843608580925,0.5895146233986411,-1.6421145092673048,-2.5305876175347657,0.23226226855550777,-0.5075129048833589,-0.27960785299570773,-1.2207737357617388,-0.8808385510128162,-0.9107808395031904,1.0713085660202524,0.24663451801142824,-0.892475491952855,-0.9748657957155022,-0.03882660657118915,1.4620425633725482,-1.2207253003490393,0.6835254273956181,-1.2362550655574602,-1.6025812937830568,-1.1208149385308637,3
-0.5839186028395238,0.7167504612252695,0.530268726906513,-1.6024644056686737,-2.5159070027439125,1.6918793332022406,-0.555437079475959,0.27391506362457224,-1.2207737357617388,-1.2854765668066819,0.5013752995801732,-0.10160075412852214,1.3831450471404758,-0.3033827579905745,0.8825804413050734,0.8032011837900433,0.5674739498785689,-1.2207253003490393,-0.6255666743895749,-1.2362550655574602,1.542721870134541,-1.542102745720246,3
-0.8277619473416239,0.20126130215782834,0.5895146233986411,-1.470370435227784,-2.550948137261599,-0.14311861105715584,-0.23091050487047274,0.3253842943081389,1.2420435211624474,1.4956707141714238,-0.34054413091732944,-0.1382816696930177,-0.16708340601376123,1.463895443896267,-0.9901774064370972,0.344693118852777,1.6435180833090508,-1.2207253003490393,-0.4078297486326039,1.2272966955171893,0.4173546367610533,1.6828400881363912,3
0.14761143066677623,0.41352154412677466,0.5895146233986411,-1.5884706389589984,-2.4603138494350922,2.3081660981641168,-0.46672714033663143,0.15684993731151922,0.010634892700354339,0.3416369110767143,-1.221086655460692,0.8546292536240883,-0.4247649351941244,-0.892475491952855,-0.44403051732863813,-0.34201532907215804,-0.9446852392123846,0.0005551274671892323,-0.12851178842454752,-0.004479185020135482,-1.0545106538419469,0.16423200255884618,3
-0.3671689632821016,0.3831986524169252,0.7277550485469398,-0.9253137728876379,-2.361714952114442,-0.017229581144609096,-0.46217368456189145,0.8063372224855943,0.010634892700354339,-1.1463651699296205,0.6564949235789665,0.09612444396155044,-0.40765795304257213,-1.4815682259151355,-1.2442710944009676,-0.18123554554757013,-1.0369192027458756,0.0005551274671892323,-0.688604218240688,1.2272966955171893,0.7719110495274931,-0.6176651436404392,3
-0.042044503945968224,0.5348131109661726,0.5500173590705558,-1.166448724212518,-2.4189580492995018,0.1855766008791474,-0.3254911133442081,1.6904596924013664,-1.2207737357617388,-1.5100639262332538,0.9039953928473343,0.16097878249414596,-0.7199009195274017,-0.3033827579905745,-1.4191743370710568,-1.0451168503601957,-1.5186981726635722,0.0005551274671892323,0.3362741037850735,-1.2362550655574602,1.2570826655335587,-0.057639946467280836,3
0.2288925455008096,0.47416732754647367,0.6290118877267264,-1.291208092378506,-2.408680963698,2.191733025180805,-0.6198363513303378,1.5317969157856333,-1.2207737357617388,0.46393381087370056,-0.8715960289639734,-0.42843089148303465,-1.6005428461446138,1.463895443896267,0.5101659125830977,0.8983371266982035,-0.1401014569462783,-1.2207253003490393,0.9457546845889541,-0.004479185020135482,0.7801303628841252,-0.012011172737177198,3
-0.8277619473416239,0.7773962446449685,0.5697659912345985,-1.3957968055326975,-2.4914404309854947,1.5239762879559906,-0.4939040879055202,-1.4646439749240299,1.2420435211624474,-0.10397180877703607,0.4968503892975923,7.72414390159022e-05,0.6691674236392939,0.8748027099339865,-0.06723702363691256,-0.8839697138295605,-0.05663978694876447,1.2218355552834177,-0.5271855663241068,-0.004479185020135482,-0.3871139736096451,0.34374049476468166,3
-0.7193871275629128,0.07996973531843041,0.7277550485469398,-1.4650991334143921,-2.4290871975800155,0.09874937661588777,-0.41537433263789403,0.2846290869710453,0.010634892700354339,0.7029634259394023,-0.6950395195591366,0.026069133746349414,-0.6940129636018315,0.285709975971706,1.2949586878456958,0.9701947961533508,-1.6424751805116231,-1.2207253003490393,0.4394166910650171,1.2272966955171893,-0.17347504634158784,0.6323474234810381,3
0.012142905943387334,0.565136002676022,0.530268726906513,-1.328906429167458,-2.5377554931980573,0.8203361212765663,-0.4250056596906739,-0.35976636729393624,-1.2207737357617388,0.2717432339830755,1.0488914994351257,-0.4075533294666526,0.1272640909090736,0.8748027099339865,1.556527496497855,-0.4150425687887777,1.148698690967414,-1.2207253003490393,-0.6388281138178621,1.2272966955171893,1.576645257129763,1.5282064025439397,3
0.174705135611454,0.5954588943858716,0.7277550485469398,-1.4070112500319314,-2.550036551074772,1.1484407573846478,-0.209618963678258,0.6708582094836476,1.2420435211624474,-0.5930749529238919,0.962019314386272,-1.6208748412328464,-1.686981960711971,0.8748027099339865,0.6284478746291097,-0.5600406182000165,-0.195548963702052,1.2218355552834177,1.3531269355273892,-0.004479185020135482,-0.36324884227187804,-0.3700238953653261,3
-0.7735745374522683,0.32255286899722624,0.6685091520548118,-1.2101496000728715,-2.439902215879048,0.005873170401506191,-0.2902951531180195,-1.020701050706908,0.010634892700354339,-0.702512660130987,-0.1978940489907396,-1.2479469055550692,1.2914647694346233,-1.4815682259151355,-0.7123406171935442,-0.6307162580550127,1.4947726065889855,1.2218355552834177,-0.5469993912351563,1.2272966955171893,0.7893434038177546,-0.8851978456565758,3
0.03923661088806511,0.5954588943858716,0.6092632555626838,-1.6510395440847123,-2.3690610282522235,1.771681377120696,-0.17218361820770622,-1.4368465294850783,1.2420435211624474,0.9038857047896132,-1.0152438243904103,1.4154428803871815,-1.0630245192077008,1.463895443896267,0.6334457320448057,0.21654972495447145,-0.7424690061271508,-1.2207253003490393,-0.0532000888721962,-0.004479185020135482,-1.1340937647414608,1.7068877850670257,3
-0.5839186028395238,0.6561046778055706,0.530268726906513,-1.1835980350139734,-2.370615832019545,0.769371556509309,-0.27308838611354425,-0.7344647577634378,1.2420435211624474,1.061290311259426,-1.3343428928582228,1.5909179331420507,-1.2646286707963632,0.285709975971706,0.33878398822723305,-1.678301328972059,-0.6356077073510522,1.2218355552834177,0.5307496634184246,-1.2362550655574602,1.016513139673347,-1.275812067434303,3
-0.17751302866935714,0.17093841044797883,0.5895146233986411,-0.9759770567182148,-2.319442328301399,1.4598206398931597,-0.3399747115706425,-0.03517822697257468,-1.2207737357617388,-1.7533436038620005,0.336816715938885,1.5881408488606479,1.2590445861548287,0.8748027099339865,-1.3871257348816002,-0.1913888269510687,0.8373910323622963,0.0005551274671892323,-1.4520374304968005,-0.004479185020135482,-1.3257358101690486,1.1011044511936878,3
-0.2587941435033905,0.47416732754647367,0.6685091520548118,-1.104656025354245,-2.4641470011595428,0.3180658121104032,-0.6276281242703672,1.3982717453565923,0.010634892700354339,-0.8265977757816299,-0.5293045406001263,-0.9793100332757864,1.604340426867623,-0.892475491952855,-0.24866769698398472,-0.3472503786201538,0.4165286615318716,0.0005551274671892323,0.7469598241318414,-1.2362550655574602,-0.9223753452970863,0.27933417002253025,3
0.03923661088806511,0.07996973531843041,0.7277550485469398,-1.0859048392679649,-2.5625649903066123,0.4492909404753393,-0.2690277147266118,-1.4665486350729326,0.010634892700354339,0.9563460580526971,0.9656825058447452,-1.2423974539056708,-0.5920984263557467,0.8748027099339865,0.6070776414643301,1.0098789984314902,1.6341150594943334,0.0005551274671892323,1.4422199755795955,1.2272966955171893,-0.052688278683085794,1.2919426620146166,3
-0.4484500781161349,0.68642756951542,0.6290118877267264,-0.9796010460982283,-2.499513715489919,1.9591783678510941,-0.6956942442900395,1.6968049934127016,1.2420435211624474,-1.5526192384112538,0.7044983532930219,-0.16980252105499088,-1.6745744072846525,-0.3033827579905745,1.073614355239281,0.4341298124922111,0.01396596788095349,1.2218355552834177,1.2805927386870608,-1.2362550655574602,1.5549137557836352,-1.4171432106283157,3
-0.2317004385587127,0.6257817860957211,0.6882577842188545,-1.2558746778893888,-2.5698369135866828,1.3903224430722079,-0.6858243736731351,1.2502684818184118,-1.2207737357617388,0.516136378441403,0.36636098642225023,0.5605838558303989,-1.1781652521103276,-0.3033827579905745,-1.2001765622504346,0.7392127179175491,-1.651055714564996,1.2218355552834177,0.8623671173256898,-1.2362550655574602,0.22880037972866232,-1.4002167103910552,3
-0.4484500781161349,0.5348131109661726,0.6092632555626838,-1.5186744894882622,-2.4990418413055644,1.627785418610434,-0.5246056502703531,1.0923263233925116,0.010634892700354339,0.19799684041889543,-0.843954712657775,-0.2439754639041708,0.46714398312302563,0.8748027099339865,-0.7292813017375516,-0.08578879175573821,-0.21326690020810757,1.2218355552834177,-0.06709524561197297,1.2272966955171893,-0.7268920441764005,1.6724861607952564,3
-0.6381060127288793,0.5954588943858716,0.6092632555626838,-1.2747134296945986,-2.49999528383903,1.1444005332373082,-0.37793517669170884,1.1268403490405865,1.2420435211624474,-0.19480655340973643,1.5644198101028643,-1.6100027869148352,0.619399229047804,0.285709975971706,-0.21619733326308618,0.048008160538973256,0.7880908522483984,0.0005551274671892323,0.5389769029473406,-0.004479185020135482,0.38105372541663046,0.2685423134741122,3
-0.556824897894846,0.5044902192563231,0.6092632555626838,-1.0561418358864205,-2.3142354382247348,1.090312547174252,-0.6154993495720776,-0.07127573860659255,-1.2207737357617388,1.1231214166470285,-1.7659990575412172,-0.7437266302990885,1.186787589666873,-0.892475491952855,1.6374701679388233,-0.21421570659801858,-0.9992082389247091,0.0005551274671892323,-0.17947595282226564,-0.004479185020135482,1.3291852465123972,0.1543732231744326,3
0.174705135611454,0.11029262702827988,0.530268726906513,-1.683957973041803,-2.3914350989588185,1.7002119469653902,-0.2946390498406665,1.4212256561391874,1.2420435211624474,0.8539949440593755,0.7941253907625448,-0.36928990800620637,0.0241150030067371,0.8748027099339865,0.13186143873102565,-0.7194154698357232,1.0523293439110493,0.0005551274671892323,0.8613550824176898,-0.004479185020135482,-1.206474209464752,0.051629974079883914,3
-0.6381060127288793,0.7773962446449685,0.6685091520548118,-1.688945392921715,-2.4233856795715516,-0.20998083376968507,-0.5931680377404814,-1.1728273359078825,-1.2207737357617388,-0.9146149857609657,0.0708745498022053,0.03210949974705217,0.2889347614251894,0.285709975971706,-1.058104900232308,0.659946818605077,-0.31943649665187324,1.2218355552834177,-0.30820278519376026,-1.2362550655574602,-1.428151774910663,0.32655741644358677,3
-0.5026374880054905,0.5348131109661726,0.7277550485469398,-0.985377331754562,-2.5626635726571827,-0.08464846873122492,-0.20742863560046476,1.1723741589556298,0.010634892700354339,-1.483503553307221,1.600938158414209,1.465331641228698,-0.5584447180946648,-0.892475491952855,0.5199536831683257,-0.733205671217745,-1.4390768090118422,0.0005551274671892323,0.25176926440011926,1.2272966955171893,1.6530971573187356,-0.6959172906174363,3
-0.5297311929501682,0.68642756951542,0.6685091520548118,-0.946430886686465,-2.4094437396487343,1.4601392379533995,-0.4414990893496471,-1.2726740788640813,1.2420435211624474,0.7138357800936378,-0.9518380616706511,0.7817334124912783,-0.587561212862207,0.285709975971706,0.05373101231776454,0.40651523115604693,0.22295975183128838,-1.2207253003490393,1.5175986776934234,-1.2362550655574602,0.09698366984532535,1.0270389582950308,3
-0.47554378306081274,0.6561046778055706,0.7080064163828972,-1.215609121466813,-2.370009851478895,0.9661092337772171,-0.6306131320737058,1.1990851468082078,0.010634892700354339,1.2852749696332832,-1.0248193173373417,-0.9405182864703214,-0.282584345454698,-0.892475491952855,1.6938796924958563,0.5951958926837623,0.8111632200356105,1.2218355552834177,1.5363186351787435,1.2272966955171893,1.5652458528723188,-0.22143309350614354,3
-0.09623191383532378,0.807719136354818,0.5697659912345985,-1.6658958047807102,-2.473313113376413,1.4108062438373106,-0.5571568377456745,1.5105635460050462,1.2420435211624474,-1.1888812475862025,-0.5026982764316247,0.2790656859835425,-1.4322946063856177,0.8748027099339865,-0.5765913338728975,-0.1776572015157407,-1.22242126159547,0.0005551274671892323,-0.3365456007709241,-0.004479185020135482,0.7248619504143533,0.23453500439986819,3
0.09342402077742068,0.2619070855775273,0.6290118877267264,-1.6053274378699234,-2.475036678184742,1.3183192090843074,-0.43690381971538816,-1.1792342173184025,1.2420435211624474,-0.1419817065255092,1.3139283790302658,-1.2089333087615917,-0.3347812525112631,0.8748027099339865,0.18555089014797305,1.6258762412206054,1.1086070194557067,-1.2207253003490393,-0.8532053235967111,1.2272966955171893,-0.2137216470945521,0.521995587268741,3
-0.09623191383532378,0.7773962446449685,0.5895146233986411,-1.606347313512906,-2.5482846652704274,0.181214262085333,-0.697959292779308,1.2333770184256327,0.010634892700354339,0.371649529140778,-0.8118523358005517,1.4597157372804326,-0.5470757727644643,0.8748027099339865,1.569885310080787,-0.9924563547246099,0.24834204446074593,0.0005551274671892323,1.684151927360478,1.2272966955171893,0.6655466487091584,-1.3296597632162062,3
-0.42135637317145713,0.11029262702827988,0.6882577842188545,-1.2114484253987603,-2.427648912928852,1.301848854198711,-0.41795707691687795,-1.239745129256751,-1.2207737357617388,-0.4114557796789199,-0.18061169200046007,1.293774549423898,0.923348977646775,1.463895443896267,1.6382017112493006,1.1116674656541685,-1.7194955931962355,1.2218355552834177,-0.24529475803161452,1.2272966955171893,-1.1879313286335849,-1.1560200304053334,3
0.06633031583274289,0.5954588943858716,0.5697659912345985,-1.165932386514432,-2.398388017817586,1.1062464488329953,-0.5426954864944735,1.4384070893391026,1.2420435211624474,0.798856901138696,1.5231354322964175,-0.5742470784905065,0.10767715147855123,-0.3033827579905745,-0.8351529851833978,-0.9769435206109797,-1.0949193497525356,1.2218355552834177,0.28197606318046975,-1.2362550655574602,0.5206502244731203,-0.18047876013731767,3
-0.15041932372467934,0.2315841938676778,0.5895146233986411,-1.2107916262115792,-2.489779338235746,0.025730421733891024,-0.3992150440367369,0.4649854030709137,1.2420435211624474,0.05026542417953526,0.9961231542871987,0.764714988497853,-1.247551535487975,0.8748027099339865,1.3315653185245118,-0.8611100569345225,-1.2260668638862076,1.2218355552834177,-0.3386613008801079,1.2272966955171893,-1.428409709861186,-0.5421358307187879,3
-0.3671689632821016,0.747073352935119,0.6092632555626838,-1.118713354295078,-2.5453111938555595,1.701927263030525,-0.2690396415499235,-0.906361559994553,-1.2207737357617388,0.15014849486626483,1.0702149473459963,-1.6254695864820083,-1.2629448867400543,-0.892475491952855,0.32394567208341474,0.5168966033350013,0.046480000687691474,1.2218355552834177,-0.7671071541089111,-0.004479185020135482,-0.812849950870268,1.3598785868432832,3
-0.556824897894846,0.6561046778055706,0.6487605198907691,-1.2243411308704133,-2.4564296822697007,-0.07889014600858339,-0.6364176163018996,-1.530815460519775,0.010634892700354339,-0.9396940459478834,0.854364884207134,0.5845384329149159,0.8676774761375085,-0.3033827579905745,-1.2966786398835681,-1.2114119068295974,-0.18695858109348712,-1.2207253003490393,-0.435829208041795,-0.004479185020135482,0.8736581501204371,1.1455489909085514,3
-0.3671689632821016,0.049646843608580925,0.6685091520548118,-1.2168309309938017,-2.4017259575702803,2.5258337975174348,-0.45525783253700114,-0.567239877856636,0.010634892700354339,-1.5592980862963992,0.7057227916258094,-1.157080475321971,-1.4091405901977276,0.8748027099339865,-0.4686733333421274,1.2438040594723545,-1.6125300561262002,1.2218355552834177,-0.8025088251401914,-0.004479185020135482,1.141172920159337,0.030450661277435637,3
0.06633031583274289,0.3528757607070757,0.5500173590705558,-1.0715578586283643,-2.4737145577331483,2.908493164121485,-0.4754804906337625,-1.191544224206776,0.010634892700354339,-1.147099028479307,1.038566504369189,1.7424638828267154,-0.1216844858054003,0.8748027099339865,-0.8217354006276358,1.3508977071974049,-0.388880119309487,1.2218355552834177,-0.40712110061824297,1.2272966955171893,-0.5478748363129214,0.20544244294299666,3
-0.7735745374522683,0.20126130215782834,0.7277550485469398,-1.338631580902363,-2.5491574307706055,1.7350532921144362,-0.15800560221853582,-1.4882197176764493,0.010634892700354339,0.07468917889633953,0.13644306391032193,-0.4908349257953421,1.49400260674924,1.463895443896267,0.7264555010701285,0.2024712032874108,0.9928572979120736,-1.2207253003490393,-1.4237088335726609,1.2272966955171893,-0.1852775439526464,-0.9295151952180046,3
0.25598625044548734,0.2315841938676778,0.5895146233986411,-0.9686827598389669,-2.3202265933284414,-0.19686532153749634,-0.1715698047637532,-1.5613060995271268,1.2420435211624474,1.3802464288744463,0.5590751309767346,-0.7761285207834923,0.8435890617329613,-0.3033827579905745,0.8734707525751253,1.2402001162126801,-0.6980010862195382,0.0005551274671892323,-0.3410500885650623,-1.2362550655574602,0.05109419305612709,0.007375676128794986,3
-0.2317004385587127,0.41352154412677466,0.5697659912345985,-1.3080240367685625,-2.495444842094183,0.8334932600159306,-0.45074491409333334,-0.8589411096426516,-1.2207737357617388,-1.0321647988274008,0.3348231136692542,-0.9676550016908387,-1.6815426473264659,-0.3033827579905745,-1.576273889738653,0.6159857117470467,1.4447227907251616,0.0005551274671892323,1.5602857688855054,1.2272966955171893,-0.6783744409972362,0.17487207251941653,3
-0.312981553392746,0.68642756951542,0.5500173590705558,-1.1156069786379288,-2.5117552724980663,2.1536611379102997,-0.6243608156771522,0.37985460546716043,0.010634892700354339,-0.9330720458865269,-0.577923220477814,-0.7025999059528902,1.7218599546783435,-1.4815682259151355,-1.4573289136580854,0.991558269867553,0.9893171119224113,1.2218355552834177,0.7686130634563604,-0.004479185020135482,1.5891596467035416,-0.5081767575470865,3
-0.42135637317145713,0.29222997728737676,0.5500173590705558,-1.540829226736,-2.4203609954899417,1.608599721518721,-0.23009324074686252,0.4684885442828647,0.010634892700354339,-0.004241104372486117,0.38419406331070666,1.6127280566547906,0.68222164619227,0.8748027099339865,1.6388675103013088,-0.27499740821541324,0.14788356073016157,-1.2207253003490393,-1.146791846979574,-1.2362550655574602,-0.21540603539965178,-0.7236896610377505,3
-0.556824897894846,0.3528757607070757,0.6685091520548118,-0.9682776278977997,-2.5250086320077045,0.8197846233674803,-0.48565535126900233,-1.6221030265037824,1.2420435211624474,-1.7347247871992821,-0.6694695335957259,0.6363682325962916,-1.119909140285087,-0.3033827579905745,-0.08148002217410288,1.5096250978885979,0.6055629996660666,-1.2207253003490393,0.15447156810429766,-1.2362550655574602,-0.44509812059349013,-1.1602946363319628,3
0.174705135611454,0.07996973531843041,0.5895146233986411,-1.634485334894684,-2.3687544971273464,3.091390251982939,-0.6462559378840542,0.7983833766242566,1.2420435211624474,0.16121410973978978,-0.6099964766727297,0.25708000192316394,0.5136823975165081,-0.3033827579905745,-1.5037434827175944,0.28434878405375746,-1.0732124992488123,0.0005551274671892323,0.5330262404364815,-0.004479185020135482,-0.9154054419262176,0.462395755995639,3
-0.06913820889064601,0.3528757607070757,0.5895146233986411,-1.6155573344400331,-2.5672287277163193,1.7985485082229364,-0.5527434606752882,1.1259529129901464,0.010634892700354339,-0.5195452426819498,0.7433248019262947,0.6018433783952353,-0.6272766313213599,1.463895443896267,0.3459691667422658,0.20660924614030876,-0.7080795682178453,1.2218355552834177,1.0226456711237841,-1.2362550655574602,0.2594699749919425,0.8724344658665106,3
-0.39426266822677936,0.07996973531843041,0.6882577842188545,-1.3270740062293815,-2.3235782467885757,1.2706634896089484,-0.6254976767333574,-1.0898507420412546,0.010634892700354339,1.2606342137928974,-0.1805198828498448,-0.5017306000114353,-1.7002195867267493,0.8748027099339865,-1.2186074760196646,-1.1905898564295718,-0.8714272885639244,0.0005551274671892323,-0.12123547584687552,-1.2362550655574602,1.6663456326096406,1.665291917367315,3
-0.28588784844806825,0.14061551873812936,0.530268726906513,-1.3874964342258274,-2.547410818847068,0.9028825331307373,-0.2521358604104821,-0.570395440010187,1.2420435211624474,0.19326677189289812,0.6349256386528684,-0.4649269460362992,1.6396907471177562,-0.892475491952855,0.9056300310843316,-0.3768010158667751,1.0183245873250149,0.0005551274671892323,0.5764912491663744,-0.004479185020135482,-0.08834072389204255,0.056707077603275806,3
-0.042044503945968224,0.47416732754647367,0.6685091520548118,-1.4420717334875202,-2.521271009452636,1.0256884125402326,-0.394507181463113,-1.4388466802133955,0.010634892700354339,0.7069451104406864,-1.1233394958975613,-1.7103924692270227,0.5328511697911219,0.285709975971706,-0.9982043764542414,-1.7115211174112763,-0.6516228337678994,0.0005551274671892323,0.9046338910521452,-1.2362550655574602,-0.3388250781521803,-0.013992388025515501,3
-1.0174178819543682,0.20126130215782834,-0.45716288129562055,-1.6748943433659733,-2.2861283706545428,-1.0125964250069381,0.4512294481555533,1.2708164295772515,-1.2207737357617388,0.4737686802456053,-0.8873714459164563,0.9504444436782262,1.2327073848660979,-0.892475491952855,-0.06783644584734876,0.669062197768369,-0.3297166939072425,-1.2207253003490393,-0.15934907093803874,1.2272966955171893,-1.7293725122744765,0.5729509908105992,9
-0.692293422618235,0.5044902192563231,-0.6349005707720046,-1.1815081869162178,-2.3619799103766903,-0.9179092156534752,0.05270935712089991,0.8307545725710341,0.010634892700354339,-1.1699533414132786,1.670425924239691,-1.667340575003375,1.0561379578332166,0.8748027099339865,-0.7959455767241748,0.4121075059584589,1.6206171979048782,0.0005551274671892323,1.31505256056665,-0.004479185020135482,1.659707643603599,-0.2850780921909031,9
-0.5297311929501682,0.049646843608580925,-0.5164087777877486,-0.5338645506013038,-2.2526981836651987,-0.7706611931228087,0.10486498437050149,-0.40253693572330285,0.010634892700354339,0.6252680690354173,-1.0624822852727733,0.3574111936171353,1.0544960484104455,-0.892475491952855,-1.205192960955842,-0.3494514293501857,0.43892177951155903,0.0005551274671892323,-1.6050104345673617,-0.004479185020135482,0.9261269421630008,-0.4289522664884242,9
-0.28588784844806825,0.32255286899722624,-0.6349005707720046,-1.8138594306978923,-2.1223706732621244,-0.7015118853390033,0.6717176057426658,0.9496055897505801,0.010634892700354339,-0.44022141579297525,-0.10528144985651311,-0.11298052634718947,1.5570948452506606,-1.4815682259151355,-0.8811159569892503,-1.2910945675959558,0.5162829515289057,0.0005551274671892323,-1.035999043435317,-1.2362550655574602,1.5255779963190486,1.1709534418456877,9
-1.315448636345824,0.2315841938676778,-0.5559060421158339,-0.6867022790772566,-2.17708836954509,-0.6641105868957494,-0.48815970825667865,1.0967362014859587,-1.2207737357617388,-0.8445586760092597,-0.900522787574512,-1.6323617195775522,1.0110371118346415,0.8748027099339865,1.6684341305678674,0.9457538233347308,0.09158778004132616,0.0005551274671892323,1.6536955758647216,1.2272966955171893,0.7584720522895481,0.6625948888460765,9
-0.6651997176735572,0.3528757607070757,-0.5164087777877486,-1.5344253739214135,-2.3678579077388187,-0.671435320679423,0.7213416135501823,-1.748346496815077,0.010634892700354339,-0.29253235564327607,-1.365700071259324,0.9319217178224266,0.7775793415133571,-0.892475491952855,-1.147145416793688,1.0308712740197625,-1.2256782692383859,1.2218355552834177,1.089416809850913,-0.004479185020135482,-0.22042927623764783,0.2248272753048318,9
-0.9090430621756572,0.11029262702827988,-0.5361574099517913,-1.132285078772374,-2.298697608671439,-0.8791669476300981,-0.7742872563287343,-0.6232629980513302,0.010634892700354339,0.6155843735390489,-0.5488743718669397,-1.737475847853592,0.5891663539762279,0.285709975971706,-0.6763169127241104,0.3507867310845463,-1.1098833505572916,-1.2207253003490393,-1.2972074084259666,-0.004479185020135482,-0.2644692804416816,0.2772258067090278,9
-0.6651997176735572,0.807719136354818,-0.5954033064439193,-1.2426718351880517,-2.163117790998373,-1.1482326668678133,0.023927888459157855,0.07807524147794734,1.2420435211624474,-0.2335019415284093,1.3997602566519078,1.0290068603281912,1.3631987188504318,-0.892475491952855,0.2048642740267968,-1.5400839215098374,-0.7505344968761866,-1.2207253003490393,-0.39187842560674974,-1.2362550655574602,1.6208363091890183,1.3375912484782408,9
-0.9090430621756572,0.17093841044797883,-0.6151519386079619,-1.422104677512807,-2.15885786735058,-1.007573596101358,0.537191161322652,1.1434339172010208,1.2420435211624474,0.060575879332563205,1.1306278598042896,0.8231742358489622,0.023586926589351364,-1.4815682259151355,0.757669457048547,1.3502232324872923,1.4247030063997719,1.2218355552834177,0.29407988762550435,1.2272966955171893,-0.6085756432092481,-0.7836033703686326,9
-0.6381060127288793,0.17093841044797883,-0.5164087777877486,-0.7515049880434317,-2.1688488560374997,-0.8727771062450173,0.48406078612368764,-0.29788246716228045,-1.2207737357617388,0.7887455561903426,0.8191727567989052,-0.78020609941777,1.0311136202598166,0.285709975971706,-1.5442457601849726,-0.2660322508992338,-1.6426418783554633,1.2218355552834177,1.7083989546810532,-0.004479185020135482,-1.4772042945361152,0.41078121788753197,9
-0.6110123077842016,0.14061551873812936,-0.4769115134596632,-1.163280003090873,-2.390073411147954,-0.9321856252460894,0.7334384641174675,0.8308544590892507,0.010634892700354339,-0.9621675552641816,-1.1477823205463895,-0.2871097674781645,1.093538137240337,0.285709975971706,0.6406084155546026,1.5484740121372105,-0.11054210733334012,1.2218355552834177,1.504809853813209,-1.2362550655574602,1.4481775082363582,-0.21782370223176092,9
-0.692293422618235,0.11029262702827988,-0.5756546742798766,-1.6714570170533132,-2.31868681645994,-1.166970507769102,-0.2814943257541153,-1.1197245035663288,1.2420435211624474,-0.8542114536656172,0.7302375225566656,1.3012699617425216,-1.4944295696120404,-1.4815682259151355,1.5917925384883038,0.26022445586656595,-1.5483439895998232,1.2218355552834177,1.7022041735271185,-0.004479185020135482,-1.605395126082752,-1.3849306444028606,9
-0.6110123077842016,0.807719136354818,-0.6151519386079619,-1.1840098789244828,-2.372553183306178,-0.8530538780753235,0.7406028935767892,1.4987247902938268,1.2420435211624474,-0.6364645650585221,1.6032726544611282,-0.4188305244994572,1.6090645887382067,0.285709975971706,-1.2922603397934198,-1.5200798359966783,0.7504010484462877,1.2218355552834177,0.010825306291781045,1.2272966955171893,-0.9458352467465326,-0.959622432919701,9
-0.692293422618235,0.20126130215782834,-0.5164087777877486,-0.7870964024959591,-2.259901378920231,-0.7524499897657387,0.5623957623328296,-0.6428387150453594,1.2420435211624474,1.4283494951970905,-1.6346689498201898,1.4815655699993517,0.14983312483637032,0.8748027099339865,0.7705309082997427,1.5543178977989227,0.6976754067753937,0.0005551274671892323,-1.0418069918253896,1.2272966955171893,-0.9071749331546236,0.6043050963376806,9
-1.0445115868990462,0.747073352935119,-0.4966601456237059,-1.8865841281436133,-2.370168125408591,-0.6091739752959706,-0.2802259791739308,-0.9872142947697786,-1.2207737357617388,-0.9295362226079642,0.8183152873072741,-0.048589723764604915,0.30064380349013997,-0.3033827579905745,1.6220290850314747,-1.3124581303364322,-0.6248938110405292,0.0005551274671892323,0.8852230667337799,-0.004479185020135482,-1.1179194912763433,-0.8235357788982705,9
-1.2070738165671129,0.7167504612252695,-0.45716288129562055,-0.9885482098716524,-2.116859016310514,-0.8746040962167779,-0.6156113373707119,-1.6134267472377648,0.010634892700354339,-1.255394745405617,-0.23168237691847549,-0.36595636849695984,-1.0595206334862808,-0.3033827579905745,-1.1567903131687052,0.275926697316216,-1.7295749354660759,-1.2207253003490393,-1.0857995217789957,-1.2362550655574602,-0.3457979103483273,1.704617921116581,9
-0.7735745374522683,0.7773962446449685,-0.6151519386079619,-0.8279806492109175,-2.295060578462914,-0.720105587561081,0.23763443134320864,-1.0357886651519832,0.010634892700354339,1.0157208958088588,-0.02975587475471426,-0.7910406921454317,0.2901675830845574,-0.892475491952855,-0.9154699324132518,0.9051341202730865,-0.7001612503343191,-1.2207253003490393,-0.24835103325749272,1.2272966955171893,-1.5715322671104166,-1.5488331012050653,9
-0.6381060127288793,0.807719136354818,-0.6546492029360473,-1.2928703200798375,-2.258476067593548,-0.880236188873016,-0.31384472207504227,1.4848046760748892,0.010634892700354339,-1.6079502181516439,-0.805375161800516,-0.8034256552065207,-0.6915422141192474,0.285709975971706,0.4345626435155963,-1.1578839729362054,-0.16905628393600364,-1.2207253003490393,0.8624181099170777,1.2272966955171893,-0.859002459914212,1.0982059143250007,9
-1.0986989967884018,0.049646843608580925,-0.4966601456237059,-0.8745929276978464,-2.3293037913023285,-0.9579782951525287,0.613898580141797,-0.7137396842987781,1.2420435211624474,-0.2275952371864278,-1.3314038595598585,-1.6029542170573716,-0.23101049035338206,0.8748027099339865,-0.11020275359739289,-1.0811938465684665,0.13204797297077348,-1.2207253003490393,-1.1228746067315598,-1.2362550655574602,-0.47654198342673054,0.007588037435470114,9
-0.7464808325075906,0.3528757607070757,-0.5559060421158339,-0.5083031175613864,-2.2038823908475673,-0.8213638917614449,0.08926555923367245,-1.738625538640742,0.010634892700354339,-0.9164943531991392,-0.9116034597959533,1.0875918416814085,-0.7273987979670666,-0.892475491952855,-0.6480364653222058,1.165645579123093,1.4018981505939363,1.2218355552834177,-0.43136777786045205,-0.004479185020135482,-1.2131654260125588,1.2718877093198515,9
-0.8548556522863017,0.747073352935119,-0.6349005707720046,-0.9802251525824702,-2.1733651058369836,-0.6487097795488942,-0.6505666152015372,-1.071599952654703,-1.2207737357617388,0.35017293971611807,0.017385654502811505,-1.2101332904189583,-1.16391608662335,0.8748027099339865,-0.11217367031246576,1.483099499574131,0.6575401016144897,0.0005551274671892323,0.8536469121667317,-0.004479185020135482,-1.2946699113685287,-1.298127013773841,9
-0.8548556522863017,0.3528757607070757,-0.45716288129562055,-1.4855483845356656,-2.3895588175856095,-1.0912707872146583,0.7521321785577232,0.47689047381643174,0.010634892700354339,1.6794969814983622,-1.505175494780079,1.1367533743517073,0.8637697325325241,1.463895443896267,1.1021918367953607,1.2482330728183835,0.06999764285207642,1.2218355552834177,-1.2816559857727445,1.2272966955171893,1.1363249607780663,0.9096528271461215,9
-0.7735745374522683,0.5044902192563231,-0.5756546742798766,-1.4574507771894216,-2.264518182429769,-1.2327632036210898,-0.6190478578720346,-0.6102189032979015,1.2420435211624474,-1.165512828607246,-0.5115452004806536,0.5521609923810331,-1.014060440780584,-0.3033827579905745,0.8073629492271776,-1.301801452022516,1.3366319440540115,0.0005551274671892323,-0.863360535842266,-0.004479185020135482,1.0028153108930917,0.5731847961378166,9
-0.3671689632821016,0.32255286899722624,-0.5164087777877486,-1.6067535121001715,-2.3656575241740097,-0.6653400751349772,0.3362668122681854,0.09593120527475521,-1.2207737357617388,0.5973084671622383,0.4816494847508248,-1.1819476111351905,1.5323940534286875,-0.892475491952855,0.9343207709185504,-0.3202862518916636,0.17862927225534306,1.2218355552834177,-0.13700635458152424,-1.2362550655574602,-1.1059707792225206,-1.089836591445737,9
-1.071605291843724,0.5348131109661726,-0.6151519386079619,-1.1253245236059306,-2.2466910883140327,-0.934437859797559,-0.37815583921172513,1.140858297681141,1.2420435211624474,1.1689250977137786,-0.35396288454550934,0.05584225901785127,-1.6446060203354644,0.8748027099339865,-0.8672670042210628,0.018905732550725012,1.223459470723501,1.2218355552834177,-0.15964844876079526,-1.2362550655574602,-1.1320984553134361,0.8341480258563073,9
-0.8819493572309794,0.7773962446449685,-0.5559060421158339,-1.0550111613922526,-2.167525873003816,-0.7652646729726511,0.6604405634380215,-0.9855966644813849,1.2420435211624474,-1.7337141537893734,-0.8844431143322649,1.4555711241292069,-0.531009473116008,-0.892475491952855,-1.6673177338484158,1.0821680129422206,-0.6846603290666874,1.2218355552834177,1.691860224834552,-0.004479185020135482,0.6506531208676922,-0.6412480443117226,9
-0.8006682423969461,0.29222997728737676,-0.6151519386079619,-1.9441682819799335,-2.3474570915012922,-0.6326315375984993,0.08882348436512531,1.414145941070175,0.010634892700354339,-1.2431288267041583,1.151688411370573,-0.5108378775213748,-1.2764644552567854,0.8748027099339865,1.0459897839109265,-0.21784397123920304,1.4324014815505508,1.2218355552834177,0.35279608390910283,1.2272966955171893,0.661433071745833,-0.10292730524358489,9
-0.7193871275629128,0.807719136354818,-0.5164087777877486,-1.758887058598894,-2.3498742024102164,-1.0771869691989073,-0.12177064465912064,1.4015088638292266,0.010634892700354339,-0.2577278666863672,0.2947609673697173,1.5651883368113404,-0.7207605926887102,-0.3033827579905745,-1.0564285654910401,0.28489723362057684,-1.5028695257384608,-1.2207253003490393,1.5360178007370413,-0.004479185020135482,0.8797519953681687,0.602575994130356,9
-0.4484500781161349,0.20126130215782834,-0.5164087777877486,-1.5712807679519871,-2.3958555244241113,-1.0781720113998663,-0.0508223450790446,-1.3289531738884044,0.010634892700354339,0.856287217115581,0.8568875452460938,1.494341158878994,0.060593024716448465,0.285709975971706,0.15938348998249163,1.6025779527428883,0.2782837571331767,-1.2207253003490393,0.16812229600675968,-0.004479185020135482,1.4197396584036472,-1.7062666797702917,9
-0.936136767120335,0.6561046778055706,-0.5361574099517913,-1.4042821767291132,-2.15039372353974,-1.0213165688994132,-0.2986997672728937,1.0251142751053064,1.2420435211624474,1.1631319715971566,0.255994222593321,0.4532180325714331,0.7505718572323674,-0.892475491952855,-0.89985381965228,-0.9164107265456982,-1.2475085777046275,0.0005551274671892323,0.3618091786883386,-0.004479185020135482,-0.18245497201450628,0.30400130898292715,9
-0.9090430621756572,0.7167504612252695,-0.4966601456237059,-0.217871548398995,-2.2762509319144946,-1.0331566097471272,-0.7146789551649763,1.6310204197418867,1.2420435211624474,-0.8449598605337666,-0.756664371413672,-0.10324722718196891,-0.27570400184911914,0.285709975971706,-0.8818655376877109,-1.6095968189339938,1.3252124613748746,-1.2207253003490393,0.04975682504343358,-0.004479185020135482,0.17249096864686067,0.860832413200695,9
-0.3671689632821016,0.565136002676022,-0.5954033064439193,-1.3313508956125026,-2.108896237107741,-0.963136234118637,0.03546026375275575,-0.7044233454429543,0.010634892700354339,-0.9285447992278871,-0.991572494893961,-0.3538609594444124,-0.022327180040611468,-0.892475491952855,-0.8239625532419644,-0.9570300996475511,1.4186770366636183,1.2218355552834177,0.47676819117703906,-0.004479185020135482,0.747990468517495,-0.12186786267813135,9
-0.28588784844806825,0.5954588943858716,-0.5559060421158339,-0.7946145429601981,-2.2985596359706313,-0.8506052587898428,-0.7703020189643461,0.16427310832003242,-1.2207737357617388,-0.9509881827984777,-0.015321839692743531,-0.29948267004496215,0.37857038799993664,-0.892475491952855,-1.5043756290709898,-0.6301881204062375,0.011352784705794533,0.0005551274671892323,0.5652762243958582,-1.2362550655574602,-1.6903725284931979,0.7393644801928835,9
-1.1257927017330795,0.7167504612252695,-0.6151519386079619,-1.0849195269091363,-2.112865792711824,-0.8866484144086215,0.04903997846636679,1.0030973212664143,-1.2207737357617388,-1.0730902836335392,0.3163229880512982,1.4578564411092931,0.6669340794914012,-1.4815682259151355,-1.4426078233722222,0.656708557087485,1.6556451919107904,-1.2207253003490393,-0.032533658059621,-0.004479185020135482,1.5197789166112226,-1.1780039750187417,9
-1.3425423412905018,0.2619070855775273,-0.4966601456237059,-2.0109801275137573,-2.3858930813639594,-1.1136135994352139,0.6473012583184656,0.4217611239108256,-1.2207737357617388,0.37638613309709423,1.3677987580099489,0.5786075047394307,0.5181523323472618,-0.3033827579905745,-0.20743326330955522,-0.707425268040245,-1.6025450786198174,-1.2207253003490393,-0.04122440728826872,-0.004479185020135482,1.1738656191145285,1.465394863912364,9
-0.47554378306081274,0.17093841044797883,-0.5164087777877486,-0.5874207900067523,-2.2412676191495504,-0.6752472846488388,0.3444287429683473,-1.4127628690510252,0.010634892700354339,0.06102914883577084,1.3191928146195815,0.282324758234878,0.19451561555985886,1.463895443896267,1.0463699026871576,-0.03976950912624326,1.6533006761400972,-1.2207253003490393,0.43317791136733935,1.2272966955171893,1.3960476014553034,-1.1693450094662625,9
-0.7464808325075906,0.17093841044797883,-0.5756546742798766,-0.717148811007119,-2.0939508788016394,-0.7979627421708352,0.47503828888519756,1.5473620633589682,1.2420435211624474,1.4311385768630318,-1.299004749452597,-0.12646203874136305,0.6812872229299577,0.285709975971706,1.1487175182730174,-0.9120788244994302,0.48284777388363387,-1.2207253003490393,1.569191814687471,-1.2362550655574602,1.2008152444506672,-0.7710628979409396,9
-1.2070738165671129,0.2619070855775273,-0.5164087777877486,-1.0045667474154116,-2.398586452581001,-0.8340927449334449,0.30916363999924834,-0.8688695098134138,-1.2207737357617388,1.0605674943242354,0.37350388462634426,0.24867007115765638,1.183579721678431,-1.4815682259151355,0.656127614699043,-1.3322470803213853,-0.8341652908063634,-1.2207253003490393,1.409943180285298,-1.2362550655574602,1.0417989839102322,0.20863676590419775,9
-0.692293422618235,0.29222997728737676,-0.5559060421158339,-1.941736382206153,-2.2614179118969853,-1.249067839541939,-0.15093709711989875,0.7652442306312618,1.2420435211624474,-1.6067988845000012,-1.1810402693126862,1.5476835171969898,1.452611890952914,-0.3033827579905745,0.12961248592428434,0.1749388775293146,-1.5706613764697472,0.0005551274671892323,-0.6697266935525237,-0.004479185020135482,0.6798122304644411,0.8952747739923484,9
-1.179980111622435,0.7773962446449685,-0.4966601456237059,-1.1811543013943038,-2.3269170962958174,-0.8372475531507002,-0.12384484577568136,-0.6345958421898538,0.010634892700354339,1.5174496101487063,0.0717401240479701,-0.41033603262458823,-0.03342317709453379,0.285709975971706,-0.33301745891425005,-1.1383524624023202,0.26610468143602334,1.2218355552834177,-0.7301161949665742,-1.2362550655574602,-1.455324273465659,-1.5406965073329202,9
-1.1528864066777573,0.565136002676022,-0.6151519386079619,-0.9960956396476662,-2.324018867197811,-0.9796824237146565,-0.28364199659730804,-0.6738816232415261,1.2420435211624474,-0.7925898372538229,1.6836306447952978,0.4391679468650717,1.5793020059412313,-0.3033827579905745,1.4846763628714537,0.5442973402573591,-0.4808984899905751,1.2218355552834177,-1.2135039729833794,-0.004479185020135482,0.7963364102141192,-0.8538493949596562,9
-0.6381060127288793,0.32255286899722624,-0.6546492029360473,-1.0775967249005238,-2.0953423445635795,-1.233652054716999,0.6328508398218029,1.6784279761225125,0.010634892700354339,-0.43399776691728026,-0.9385554974544175,-1.5933301403705502,-0.07345132895175464,-0.3033827579905745,-1.1265215156930504,0.45177585085753635,-1.0567038738185475,1.2218355552834177,1.341685986345881,-1.2362550655574602,0.7927991071671632,0.030852503543852605,9
-0.6110123077842016,0.3831986524169252,-0.4966601456237059,-0.805189825463028,-2.1217685136905744,-0.611711371259736,0.3135383979891799,-0.05629198868007603,1.2420435211624474,1.5876450895572232,0.7604713819145351,0.03419037428766314,0.62657207347645,0.8748027099339865,1.1810439432945672,1.5917522151156671,-1.674561337779181,1.2218355552834177,-0.37910423169869856,1.2272966955171893,-0.5771349882022131,1.6228626996340594,9
-0.5026374880054905,0.11029262702827988,-0.5954033064439193,-1.9906570902550729,-2.144153402164948,-1.0003818089216343,0.07136845751135383,1.140939041924519,1.2420435211624474,0.4376819679630033,0.3108256290223235,1.5223133910647635,0.8056181825547746,-0.3033827579905745,-0.3793194811285053,-0.38176180787680203,1.169992939121985,1.2218355552834177,1.5832252270970142,-0.004479185020135482,0.8745207937990754,-1.7008151885848977,9
-0.6381060127288793,0.07996973531843041,-0.5164087777877486,-1.125452457929172,-2.281385017816485,-0.822564682537484,0.09427089752473163,1.3138959841366056,1.2420435211624474,0.5735764870037942,-1.2250139881068904,1.6001772390148008,-0.16464791558797964,-0.3033827579905745,1.4954453476635907,0.02468192584659087,1.0485596030702564,1.2218355552834177,-0.3689204797692577,-1.2362550655574602,-0.7258352644644067,-0.3797694410873417,9
-0.9090430621756572,0.7167504612252695,-0.4769115134596632,-0.9573586779476327,-2.3608831273659554,-1.1644710265757743,0.10111247848926407,1.0439446469203042,0.010634892700354339,1.4030107988588736,0.4599146397446358,-1.745602609504034,0.37637578195414706,0.285709975971706,1.4471378636158991,0.9432296360267406,-0.8679290043974183,1.2218355552834177,-0.42456710285744337,-1.2362550655574602,-1.7436073296819794,0.032298151097312405,9
-1.3696360462351795,0.3528757607070757,-0.6546492029360473,-0.42558398567194533,-2.1681271610080466,-1.064984686366979,-0.1387022782879335,0.055425483874619805,0.010634892700354339,0.31507429230941497,-1.6043033722922715,-1.5001973174974594,0.4336387221162029,-0.3033827579905745,1.3998972596463244,0.9664316759511836,-1.3344895746894128,0.0005551274671892323,1.4525114310024025,-1.2362550655574602,-1.4659547413624596,-0.04506636265703118,9
-1.0174178819543682,0.565136002676022,-0.5361574099517913,-0.255812831614466,-2.2667000357545413,-0.837836142579422,-0.7860119287848333,-0.7044663313876994,0.010634892700354339,-0.2741766423304074,1.262231811520857,-0.6284016994512039,0.7669619833694745,1.463895443896267,0.4084949480993139,1.001391728844852,1.2437033787605196,-1.2207253003490393,-0.8502215019129391,-1.2362550655574602,-1.4069454530223062,-0.17994299603179134,9
-0.4484500781161349,0.20126130215782834,-0.4966601456237059,-1.0845229538152796,-2.089608734907289,-1.0471247254845901,-0.06213270379336712,-0.7700019518100427,-1.2207737357617388,-0.7611561060220369,-1.177637510077902,0.5634578260835833,-1.5349692033205344,0.285709975971706,-0.2715349779408849,1.3762830247253397,0.9689679636649948,0.0005551274671892323,1.5513772144437878,-1.2362550655574602,-0.17768519065895352,-0.6168905838605189,9
-1.1257927017330795,0.807719136354818,-0.5756546742798766,-0.7525876042050212,-2.3770836711012793,-0.677229264184788,0.39372573090496915,0.2076713374810997,-1.2207737357617388,-1.6523655589270407,-0.5614797617672035,-1.681846864845906,-1.252260021067105,-0.3033827579905745,-0.7753286642029366,-1.567816607352864,0.7972896075840464,1.2218355552834177,0.9318018855007083,-0.004479185020135482,1.2131415725710304,-1.39546281249387,9
-1.071605291843724,0.565136002676022,-0.5559060421158339,-1.2037262098572352,-2.0915687303215593,-0.6698477894227863,0.17963799303984712,-1.4022516787694375,1.2420435211624474,-1.0683356162655728,-1.1640125066436642,-1.6528248443252704,-0.31477515353540736,0.285709975971706,-0.999411201944402,-1.1137364756179446,-0.35129641814352464,1.2218355552834177,0.37727888703042994,1.2272966955171893,0.833566638453808,-1.736711542306004,9
-1.2883549314011462,0.41352154412677466,-0.4769115134596632,-1.7018076989795419,-2.317015614427805,-1.2259587953613595,-0.003112420152689145,0.39561803733046963,1.2420435211624474,0.23895989554527095,-0.8145272248591963,1.6119953466865742,-0.9207584765201953,0.8748027099339865,1.0401197930394543,1.6940931696083865,-1.51453795183881,0.0005551274671892323,-0.6042581378946129,-1.2362550655574602,0.3625131463861468,0.011730910307940618,9
-0.42135637317145713,0.47416732754647367,-0.4966601456237059,-1.7438337962694634,-2.089648316193666,-1.1516074975854265,-0.5097810169317014,-0.29658919253479105,-1.2207737357617388,-0.20508909593745667,-0.6438337620572105,0.43670347301337126,-1.0025808094634667,-1.4815682259151355,1.6423574805996253,-1.0258393732854525,1.149094216412809,0.0005551274671892323,1.0577704848266403,-0.004479185020135482,-1.32028921132951,0.3145192173053124,9
-1.2883549314011462,0.7167504612252695,-0.45716288129562055,-0.1515392353470252,-2.182832840547526,-1.113152523413628,-0.7507518511227593,-1.0718516809082281,1.2420435211624474,-0.4038806677970241,1.3103473560376289,-0.4705941696948951,0.4819348643762712,0.8748027099339865,-0.836473675242758,0.701154330392838,-0.9859919715910668,0.0005551274671892323,-1.6543831827862387,-1.2362550655574602,1.0130791980088911,1.5202493450790269,9
-0.7464808325075906,0.2619070855775273,-0.5756546742798766,-1.7971819982048942,-2.2924116221109694,-1.1115112779500542,-0.08527867336649682,-0.3806336641724555,1.2420435211624474,1.6344993743143559,0.5624526825854244,0.7046486561738027,1.2199368017254628,-1.4815682259151355,0.8855416499506109,-0.6964630858833863,0.2796419228551068,-1.2207253003490393,-0.8024860267197845,-1.2362550655574602,1.064721350042569,0.6856796758493456,9
-0.7735745374522683,0.5348131109661726,-0.6151519386079619,-1.4741922795581095,-2.3404618751210884,-1.240930632175506,0.07693278750009434,-0.21209256751869665,-1.2207737357617388,-0.9058153569548705,0.9807001584052398,0.0019582634313522976,-1.156695430193537,-1.4815682259151355,1.4494887329640787,-1.5875931650152517,-1.3051784604516976,-1.2207253003490393,1.3175098697801184,-0.004479185020135482,-0.48057771797522597,0.8652592407028156,9
-0.5297311929501682,0.7773962446449685,-0.45716288129562055,-0.479516680040658,-2.209078307711971,-0.733360937407068,-0.7294733493028148,-1.5847426712596477,0.010634892700354339,-1.6436584849383742,0.20962471496044643,1.2582388887868037,0.6167121181013284,1.463895443896267,-0.18392668496205233,-1.4913890431007968,0.49174785010577415,1.2218355552834177,1.5800556505954482,-0.004479185020135482,-1.1652336451670977,1.2024831308167452,9
-0.4484500781161349,0.17093841044797883,-0.5954033064439193,-0.4417135887284151,-2.2235292860786235,-0.9374492608268962,-0.287458568591217,1.1074511147726662,1.2420435211624474,-1.7695119495524687,0.13027349351546313,-0.5533815990662327,-1.0802966701024004,-1.4815682259151355,0.9389231624868526,-0.7740989368493055,-0.48357230527515815,1.2218355552834177,-1.5105123577682371,-0.004479185020135482,0.21681584875081408,1.6188055148525795,9
-1.0445115868990462,0.29222997728737676,-0.6151519386079619,-1.4335172179453608,-2.3408656273341752,-0.9723104635090153,0.6361004328063752,-0.43733019999056255,-1.2207737357617388,-0.14783852301752337,-1.496505416972755,-0.03022290600843573,-1.346005711017588,-0.3033827579905745,-0.35667895218125306,-0.84687202149729,-1.0441562718019228,-1.2207253003490393,0.13717579932471743,-0.004479185020135482,1.3235222651438943,1.271979941813619,9
-0.6381060127288793,0.07996973531843041,-0.5559060421158339,-1.2555787882862115,-2.2898099505324283,-1.1977716895130186,-0.15488513880402935,0.20828924676131527,-1.2207737357617388,0.9966066234096321,0.5041033580604436,1.3516685715305707,1.4008990208042653,1.463895443896267,-1.5628272114675945,-1.5752674757150478,-0.5549229394110629,1.2218355552834177,0.11637156462176168,1.2272966955171893,1.500978327231893,0.1561108551775243,9
-1.179980111622435,0.29222997728737676,-0.4769115134596632,-0.5257501549676341,-2.1315772859544104,-0.7894706348732548,0.07767428418226752,0.5728207798808027,-1.2207737357617388,-0.31956756872610176,-1.3661689444529506,-0.9904939356250634,-0.4204028073575292,-0.892475491952855,-0.6606995270230757,0.6704331239229816,-1.2213564669809465,0.0005551274671892323,-0.3308053917255154,-0.004479185020135482,1.6055093732565726,1.5047189794937093,9
-0.7193871275629128,0.41352154412677466,-0.5164087777877486,-1.0856483701392337,-2.1826616876382654,-1.0993510119263095,0.02114006608144397,-0.8110445082928786,-1.2207737357617388,1.2815459271644052,-1.4374808124727185,1.7415814063578579,0.8206671067803654,0.8748027099339865,0.3356319592422597,-0.07466313363804321,0.2861592404884521,0.0005551274671892323,-1.0155100138368272,-0.004479185020135482,1.0534717705779986,1.3311697744014328,9
-1.071605291843724,0.5348131109661726,-0.4769115134596632,-0.8841567037790315,-2.190758304089692,-1.1151490668636803,0.6941740725072093,-1.4252852899853967,-1.2207737357617388,1.0641126521541517,-0.7338716950107167,0.2217911039177851,-0.11465057551743632,-1.4815682259151355,-0.8689345449422278,1.4698259807482081,-1.1602971406894458,1.2218355552834177,-1.0179066651529123,-1.2362550655574602,0.33230392451151375,0.5191454078887016,9
-0.3671689632821016,0.6257817860957211,-0.6546492029360473,-0.13681569505482075,-2.392581274228677,-1.1467375283895282,-0.7417248796648024,0.7581633332902541,1.2420435211624474,-1.3592711959554118,-0.7986627617684505,0.18667581947703615,-0.2753431747164871,-0.892475491952855,0.4478886695769644,0.9899722470587194,0.7640503280388528,0.0005551274671892323,-1.1359236291344441,1.2272966955171893,0.8020634538564365,1.4533803826092373,9
-0.692293422618235,0.68642756951542,-0.4769115134596632,-2.0317272415334915,-2.092063108913224,-1.1688930193892162,0.5799869485809885,0.8084191804408346,-1.2207737357617388,-1.3016393530257384,0.7367112430792505,0.12295591368993157,-0.8683186478132362,0.8748027099339865,-1.0329815140924001,-0.4127384359917901,-1.5525108461311858,1.2218355552834177,1.4936843228657606,1.2272966955171893,-1.5292817490931034,0.06083342205727876,9
-0.4484500781161349,0.3831986524169252,-0.6151519386079619,-1.3442251698346164,-2.255447699567597,-0.7494108760724462,0.3935008970088475,0.1769463524803875,-1.2207737357617388,-0.6535065493923573,-1.5758173694515165,1.1732974481428693,-1.555155073432254,1.463895443896267,-0.0334501353969164,0.8647770953012334,1.1526494351842695,-1.2207253003490393,1.1573274834611926,-0.004479185020135482,-0.31129108220729457,-1.1707006424974924,9
-0.8277619473416239,0.47416732754647367,-0.6546492029360473,-0.4293521500496953,-2.1883177507154357,-0.691871459487988,0.07189015798024113,-0.41044489921409444,-1.2207737357617388,0.057529878496784474,1.2501145084560399,0.23853515978722656,0.9756595190148873,0.285709975971706,0.7762175609892837,-0.30488160320976826,0.07849350727523012,1.2218355552834177,-1.231908304911844,-1.2362550655574602,1.1416991642563143,-0.7973916844149121,9
-0.3671689632821016,0.3528757607070757,-0.6349005707720046,-0.54933092891548,-2.359031910741373,-1.015728334703466,-0.7256390591523026,1.5414742143908498,-1.2207737357617388,1.222849891720433,-1.5205572289135876,-0.36200288406736064,-1.4914770197449814,-0.3033827579905745,-0.9642868661320413,-0.35300853110672104,0.7496982885664826,0.0005551274671892323,1.068442859330814,-1.2362550655574602,0.8622167238752836,0.9822669596336338,9
-0.8819493572309794,0.6257817860957211,-0.6546492029360473,-0.14077001683066245,-2.2106654614524843,-0.983654222408789,0.7827530530044874,0.04912001073120344,-1.2207737357617388,-0.11592740699386617,-0.28833523774534503,-0.36166474831632517,-1.4464104860554579,-1.4815682259151355,0.8503613215583203,0.7532137646346909,0.4804209101561176,-1.2207253003490393,-0.378294761527627,-1.2362550655574602,1.6849292131487628,-1.0894951520998288,9
-1.2612612264564684,0.41352154412677466,-0.45716288129562055,-0.36130625028671853,-2.117144201673503,-0.6737417502059572,0.294412991621337,1.6444910127232584,1.2420435211624474,0.969854673621565,-1.0966348664345633,-0.37351971131911116,-1.7092561031879303,1.463895443896267,-0.20257871128826954,0.9502981774418906,0.849660985846006,-1.2207253003490393,1.2948267819601318,1.2272966955171893,-1.2722110493654075,-1.452829876432945,9
-0.3671689632821016,0.07996973531843041,-0.45716288129562055,-0.7032597277109933,-2.330678214778337,-0.8978537650751085,0.4233779634088432,0.648715158041669,0.010634892700354339,-1.5717626400064166,-1.1420646962616323,1.6725326079868714,-0.22487076309847245,-1.4815682259151355,-1.2993949554458812,0.4943426270011648,-0.5992569899989184,0.0005551274671892323,1.6676269165808835,-1.2362550655574602,0.5733697473395178,1.688769429354214,9
-1.2341675215117907,0.17093841044797883,-0.6546492029360473,-1.3315918805953615,-2.304684373591718,-0.6425600908909946,0.559050234977725,-0.044260987377261814,0.010634892700354339,1.5628641311136422,-0.8725035516996498,1.39493388239499,0.5198966817897759,-0.892475491952855,-1.4083213241386088,1.0410696734057932,-0.42844306571886803,0.0005551274671892323,-0.8764088103954935,1.2272966955171893,-0.30616138352396505,-1.2579528041188597,9
-1.071605291843724,0.2315841938676778,-0.5361574099517913,-1.3812980293015626,-2.177016837678999,-1.2114575103535365,0.5801006058400505,-0.6102668438149792,0.010634892700354339,-0.09756462494450524,-0.0932175659438534,0.15133750646411898,-0.5690234833331379,-0.892475491952855,0.5295223538958487,0.9218233241889715,1.0604521935520215,-1.2207253003490393,-1.5899186787804462,-1.2362550655574602,1.2756836992902945,1.5437122284266003,9
-0.7735745374522683,0.807719136354818,-0.5559060421158339,-0.5150313354794569,-2.3636981747977837,-1.03380571004835,-0.060878857659072944,1.5102024429394063,0.010634892700354339,1.292429286613268,0.7476608723535684,-0.22410001778802005,0.23632325741474383,-1.4815682259151355,0.13528014622633222,-1.309117624661468,0.07698576988372538,1.2218355552834177,1.5934992040982627,1.2272966955171893,-0.09968387522680891,-1.4987737625501334,9
-1.0445115868990462,0.2315841938676778,-0.5756546742798766,-1.2413820467249472,-2.126886133259883,-1.051684480337596,-0.6361006614228351,1.0389882064533973,-1.2207737357617388,-0.7946498665283845,1.5819244542469342,0.34969504079582686,-0.03995986555506598,-0.3033827579905745,1.063414924454815,-0.1545207108636455,-0.3146598932353416,1.2218355552834177,-0.615775494618581,-1.2362550655574602,1.2881901403169291,1.6082724833011437,9
-1.2341675215117907,0.6257817860957211,-0.5361574099517913,-1.8511350556377482,-2.2518711934197673,-1.1344267470469247,-0.6641646624943399,-0.3100619559286561,1.2420435211624474,-1.78589966253407,0.8512924575451815,-1.5552200145115205,-1.2709022632795175,-0.3033827579905745,-0.3425175419047064,-0.5381603360607025,1.1045431520428053,0.0005551274671892323,1.522005849353639,1.2272966955171893,1.7306371209330236,-1.5976944850199117,9
-0.6381060127288793,0.47416732754647367,-0.5164087777877486,-1.520903212932858,-2.09237403067079,-0.6942149365929834,-0.6245570159518671,1.5763887706427828,1.2420435211624474,-0.8584678624733371,0.5813042992444605,0.9619997277219101,-0.2712615280267417,1.463895443896267,-1.3975500900708766,-1.4793184819596115,1.4533857546926716,-1.2207253003490393,0.806461217333047,-1.2362550655574602,0.5665442725150321,-0.9995190468918028,9
-0.5297311929501682,0.6561046778055706,-0.5954033064439193,-2.004573934003564,-2.248283026689575,-0.833941115576609,-0.26527357469240537,-1.4101693861216578,0.010634892700354339,0.709125376630597,0.7288441417776663,-0.897554582257576,0.391475619565734,-1.4815682259151355,-0.487155961199407,-0.7050802163422359,-0.779905200468426,1.2218355552834177,-0.7227834172192446,-1.2362550655574602,0.817290067260718,0.6731565755216745,9
-0.39426266822677936,0.4438444358366242,-0.5559060421158339,-1.6898832889108952,-2.14341606070506,-0.7819597145848898,-0.39364996385548745,-0.3874851917214191,0.010634892700354339,-1.6211976426880927,-0.7865109886925137,0.6494274289850184,0.4504591672591817,-0.892475491952855,-1.6046510515116954,-1.0827132638295731,-0.5669263589432205,-1.2207253003490393,0.1120120135199061,-1.2362550655574602,0.16646839346100217,-1.2542719016711434,9
-1.2341675215117907,0.3528757607070757,-0.6349005707720046,-0.8470915320650816,-2.380930984446891,-0.77896804184988,0.10260403482244779,0.1744544741133968,0.010634892700354339,-0.6622611583409456,0.7792144800671611,1.5434417071713467,-0.35157235398003195,0.8748027099339865,1.5983305242873809,-0.06922017997886075,-0.07240575394966262,1.2218355552834177,0.04043917950089539,-1.2362550655574602,-0.614936559122301,0.8207746243313806,9
-0.5026374880054905,0.7773962446449685,-0.6546492029360473,-0.3372068927581669,-2.279354571010043,-0.9864553545858062,-0.3978739879322757,-0.8283806962331728,1.2420435211624474,0.9352045670387429,-0.5478883332644426,-1.0728268549483881,-1.6481254159633147,1.463895443896267,1.0931622339293658,0.11986775273318988,1.2766249911756682,-1.2207253003490393,0.6722822004386193,-0.004479185020135482,1.6761779794378915,1.073849371338978,9
-1.071605291843724,0.747073352935119,-0.5164087777877486,-0.33948499796661286,-2.189610249109696,-0.6835866873232307,0.16740081898195788,-1.0985641587760984,0.010634892700354339,-1.469654891658165,0.25434365484541405,-1.5923058803122485,1.5757407995443509,0.285709975971706,1.253403556068884,1.2202680528773864,-0.11638550390354843,-1.2207253003490393,-0.06975945590717743,-0.004479185020135482,-1.1542737759006754,-1.7114413517458704,9
-1.3696360462351795,0.049646843608580925,-0.5164087777877486,-0.5194121221184478,-2.286847676511312,-0.7143035433712187,0.7351747976012929,-1.194180848486553,1.2420435211624474,0.595301073960571,0.42998826600167633,0.4161635772298425,-1.5328479650275084,0.8748027099339865,-0.6989670354928607,0.9271077872348498,0.427682607506145,0.0005551274671892323,0.1291691909714985,-0.004479185020135482,-1.7390849861782653,1.4555071240469677,9
-0.9903241770096906,0.17093841044797883,-0.6546492029360473,-0.8424304841635363,-2.1820330467965627,-0.8922508364339258,0.7824280205431513,0.27388475149514774,1.2420435211624474,-0.46087848501321316,-1.2735304375418863,1.713306979396238,-0.33168260725224885,-0.3033827579905745,0.9179887984211973,1.1297942874117406,-0.8254705456752355,0.0005551274671892323,0.09163047431284299,-0.004479185020135482,0.31690694132894853,0.9829049341040496,9
-0.5839186028395238,0.4438444358366242,-0.4966601456237059,-0.28688816722194765,-2.3452664029997616,-0.8298416871604729,0.24148804213577815,1.3269538110140902,0.010634892700354339,-0.5703921219043834,-0.852201799757021,-0.9173106149305279,1.7011124149150956,1.463895443896267,-0.818311939215792,1.5032320071350143,0.3736260404312367,-1.2207253003490393,-1.1482057185951708,-0.004479185020135482,0.47225507019646085,1.732245735015741,9
-0.5026374880054905,0.4438444358366242,-0.5756546742798766,-0.1951356905048115,-2.3944976692631466,-1.2345478420563185,0.8422912406522048,-0.3694963756337623,-1.2207737357617388,0.5750291013737803,1.4924300207570345,-1.4705361548579141,-0.9364543039427905,-1.4815682259151355,-0.24731484146127308,0.3733409753376312,1.152694656151527,-1.2207253003490393,0.36846061654737544,1.2272966955171893,1.435352768251614,-1.6682185732208872,9
-0.9090430621756572,0.32255286899722624,-0.6151519386079619,-0.9074613684830272,-2.0909895864169115,-1.0426735841647434,0.3848911931074223,0.10222022907664119,1.2420435211624474,0.5634144400931642,1.459833516265502,-0.2122917192063732,-0.6191032684913852,0.285709975971706,1.3573653466006215,0.32447160319493806,1.151139804737022,0.0005551274671892323,-1.1029289454609945,-1.2362550655574602,1.321378089069713,1.5678733336294666,9
-1.0174178819543682,0.47416732754647367,-0.5756546742798766,-1.6410149808392318,-2.3121005282346223,-0.7826389417298141,0.2135844588670843,1.3780807381876683,-1.2207737357617388,0.3286092730959936,1.1947517532872909,1.7495366083794457,-1.5006791899536396,1.463895443896267,0.5482423926481792,0.2677545364280313,1.1047682047939635,1.2218355552834177,-1.4966238762286554,-0.004479185020135482,0.9790925548388788,-0.9029581445343737,9
-0.9903241770096906,0.41352154412677466,-0.5164087777877486,-0.3536676123928744,-2.099261010519942,-1.091795752409524,-0.34255914041582336,-1.2824792154203717,0.010634892700354339,1.145240229237071,-1.0038065238526064,0.9100404125470942,0.9914244232038522,-0.3033827579905745,-0.8487060699722734,0.1421671070149628,0.019831729324622745,1.2218355552834177,0.06572219876678062,-0.004479185020135482,-0.557154363830325,1.4153183714874749,9
-1.1257927017330795,0.47416732754647367,-0.5559060421158339,-1.24642951087916,-2.134807613649545,-1.134611577837189,0.47103202975080866,-1.3155616502747964,0.010634892700354339,-0.1180821882192722,-1.32942932373334,0.16468374541597308,0.4336983088928556,-0.892475491952855,-1.5000887988682563,-1.6925393079026816,0.48861373992337437,1.2218355552834177,-1.63796290268193,-0.004479185020135482,-0.33606907101448774,1.1425865299626456,9
-0.8277619473416239,0.5954588943858716,-0.5164087777877486,-1.8920242978119375,-2.208112241379476,-0.6373635198794179,0.4900534174319509,-0.8932638659106573,0.010634892700354339,-0.6239560394259767,0.1188806035774647,-1.0991895446551618,0.04828500409722355,1.463895443896267,1.5940471174887902,-0.4828962691403974,-1.0962479112027292,0.0005551274671892323,0.8466003485180406,-1.2362550655574602,0.6014662758021553,-0.5803474497347172,9
-0.28588784844806825,0.747073352935119,-0.5559060421158339,-1.2702008431278913,-2.275410497069264,-1.0342250484174416,-0.4242486249965031,1.0163265301344966,0.010634892700354339,-0.25084221523259337,0.7873593157249668,-0.04891612810898954,1.4920890760085104,-0.3033827579905745,1.2338600146195495,-1.5757881132032316,0.9497956865538397,-1.2207253003490393,1.6158388822892544,-1.2362550655574602,-1.5126130285633959,0.8226665030460052,9
-0.6381060127288793,0.565136002676022,-0.4966601456237059,-1.1234052657990297,-2.232014632786193,-0.6559455402113915,-0.7177469094717877,1.5288816967162846,1.2420435211624474,-1.5736164860250919,1.0566393047280347,-0.7517444541200561,-0.44146436382474835,-0.892475491952855,0.3717557755436167,0.5705333855267367,-1.1870160313278229,0.0005551274671892323,1.0138398182790096,-1.2362550655574602,1.2053606988330232,0.4665628280690272,9
-0.9903241770096906,0.41352154412677466,-0.6546492029360473,-1.1955283886717178,-2.1029000138849967,-1.0073053546254764,0.6520677107086439,-1.525277361732705,0.010634892700354339,0.30904372223816096,-1.3685330435608867,-0.49285220362592225,-0.5111802180246362,0.8748027099339865,1.4355298995620915,-1.5098523071208292,-0.8508543049626643,-1.2207253003490393,-0.4611138993207903,-1.2362550655574602,-0.0798931254884249,1.0984889534066649,9
-1.179980111622435,0.07996973531843041,-0.5954033064439193,-1.4424745899170084,-2.118351681371291,-0.9965712717479562,-0.49725490136965483,0.54207979117719,-1.2207737357617388,-1.2984947638947801,1.4694998977935814,0.7494573675002304,0.5430025034497238,-0.3033827579905745,1.739511560779655,0.9593359396380067,-0.8876752303828321,0.0005551274671892323,-1.2031330543090308,-0.004479185020135482,0.5750162046575257,-0.5888109311119007,9
-0.6381060127288793,0.3528757607070757,-0.5954033064439193,-1.0876444580696025,-2.1680705010455563,-1.1301261779109837,-0.547807798742966,-0.38061456867774146,0.010634892700354339,1.503091742395108,0.5947643534560346,-1.6950285260936406,-1.1995946509677515,1.463895443896267,-0.2826583377814437,1.2634413205746091,-0.09538361094966943,0.0005551274671892323,0.785237335050716,-0.004479185020135482,0.9121008649895709,0.36696887465613914,9
-0.556824897894846,0.29222997728737676,-0.6349005707720046,-0.3972620942553775,-2.227276064133903,-1.2194651791417108,-0.052156444704060986,-0.11401971334053439,0.010634892700354339,0.5985731727360997,-1.0859559070123068,-1.7270725615728924,-1.1458121954094311,-1.4815682259151355,0.3771274311647313,-0.7642953965779773,-1.0357065900018447,1.2218355552834177,1.2508653183051668,1.2272966955171893,-0.020466851180173377,0.4503098875519967,9
-0.3671689632821016,0.5044902192563231,-0.45716288129562055,-1.1624219830923554,-2.092970335915668,-0.8401504401607125,-0.3530766714082323,-1.467026038295491,1.2420435211624474,-1.4161026339406622,-1.6516595039183102,-0.6297826470312198,0.1983698632962927,-1.4815682259151355,1.5924066210888568,-0.9524849843695131,0.021055707050466093,-1.2207253003490393,0.49067757470696816,-1.2362550655574602,-0.7590170193535578,-1.1925584486295868,9
-0.6381060127288793,0.29222997728737676,-0.5756546742798766,-0.9248503309597172,-2.259447459022662,-1.1725548648027186,0.541037426707734,0.7042512282963479,1.2420435211624474,-0.0642058546622072,1.2115666155287423,-1.1234655770135855,0.9670855037212712,1.463895443896267,-0.9271133592613053,-0.8362806261458087,-0.6861164943655275,1.2218355552834177,-1.224636875968847,-1.2362550655574602,1.2606268660809965,-0.6454883677547362,9
-0.7735745374522683,0.20126130215782834,-0.4769115134596632,-1.3498961913478573,-2.3017507112388103,-1.084074377165048,0.014439966109785877,-1.0965458799495948,0.010634892700354339,0.020655030060304686,-1.626612284529438,0.4854238894637712,0.22957855929341583,1.463895443896267,1.5063543577243783,0.2465601559741805,0.5289254339949052,-1.2207253003490393,0.4809835287574467,-1.2362550655574602,-1.7086475613857586,-0.39316358178108873,9
-1.2883549314011462,0.565136002676022,-0.4769115134596632,2.152341679537972,-0.6088799642353122,-0.5659006434208396,0.3492583647709322,-1.3553253966964711,-1.2207737357617388,-1.7501031475988147,-1.3091277523407148,0.47534711063287355,0.007035470260156847,-0.3033827579905745,0.2073118699044609,1.6387817771270423,-0.13046639322296744,-1.2207253003490393,1.6471677133538005,1.2272966955171893,-1.7460999970586626,-0.7377508036953381,18
-0.28588784844806825,0.17093841044797883,-0.4966601456237059,2.227195248526513,-0.39310368111850946,-1.5513759376279623,1.0967697945536519,0.2657070313843264,0.010634892700354339,-1.204276594541939,-0.3179162654762854,0.46603202595409154,-1.5131168092763383,0.8748027099339865,-1.6768100653533375,-1.0909049672432276,-1.3988793142177383,0.0005551274671892323,0.044025596598377244,1.2272966955171893,-1.2945943377922475,0.9889131994065543,18
-0.47554378306081274,0.5954588943858716,-0.4966601456237059,0.7148822920327262,-0.543251656688798,-0.6251114736689688,-0.002429209897717615,1.217827631474788,-1.2207737357617388,-0.2664308508961423,-1.34536495511569,0.5130252620663404,-0.44096766834371137,0.8748027099339865,-0.06629562337826399,-0.7410971644867257,1.3790881291178936,1.2218355552834177,-1.2337580037610005,-1.2362550655574602,-1.4013394655607745,1.456345176651145,18
-0.6381060127288793,0.11029262702827988,-0.4769115134596632,0.33956977192523297,-1.2634949519490706,-0.4880278767707659,0.7073633285816452,-1.4354483516781238,-1.2207737357617388,0.15321825265403446,-0.05589417266767929,-1.3338976752729044,1.0792702596541663,0.8748027099339865,0.6729566369280578,0.7030311572102809,-1.6883491146444887,-1.2207253003490393,-0.5392225150279133,1.2272966955171893,-1.470838752024018,-0.7397578881782298,18
-1.0986989967884018,0.7773962446449685,-0.5954033064439193,-0.8991185545377637,-0.7193539204628038,-1.0917426482094617,1.477071456867892,-1.4979847898059213,-1.2207737357617388,-0.4203995228358435,-1.2593655045942225,1.7489412015490537,-1.2799346630061825,1.463895443896267,-1.5050581115822976,-1.3661868779181339,-1.6860287756901924,-1.2207253003490393,-1.3732016857675242,-0.004479185020135482,0.8016394256969047,1.3425997328835628,18
-0.556824897894846,0.6561046778055706,-0.45716288129562055,0.9316407296918113,-1.3086664365217964,-0.030226753335738054,0.8342078199094715,-0.08112234122816803,1.2420435211624474,1.3893054944430625,0.44550040494464355,1.7158219386083786,-1.5951739489450976,0.285709975971706,1.7306524912202015,0.9710544539092529,1.4109723262090565,0.0005551274671892323,-0.6411972931012103,-1.2362550655574602,1.3076531202149224,-1.1258139191267322,18
-0.28588784844806825,0.5044902192563231,-0.5559060421158339,1.2217164657155226,-1.1882929738291297,-1.093346882281421,0.7930071490380444,1.6341992044040379,0.010634892700354339,-1.288215584728244,0.9644224135445291,0.5021636091321209,1.0116189258732704,-1.4815682259151355,-0.6361674570980386,1.0481254216455798,-0.641560269636258,-1.2207253003490393,-0.05232812353811286,1.2272966955171893,1.0376523217284062,-0.5557767022535093,18
-0.3400752583374238,0.049646843608580925,-0.5756546742798766,1.4944103739397856,-1.493791440137835,-0.781709221465772,1.7356387128209139,1.380717115205394,0.010634892700354339,-1.4755324737585096,-1.1340765885478996,1.558101198277608,-0.3202635344712284,-0.3033827579905745,-0.9879567993863494,-1.3491242042534939,-0.24983365512084035,1.2218355552834177,-1.2011790437582075,-0.004479185020135482,1.6158395578830875,0.4807362561201228,18
-0.42135637317145713,0.14061551873812936,-0.5559060421158339,0.7445074748619065,-0.35960504195069154,-0.9147228137327701,-0.24404786571381004,0.0635245376118144,1.2420435211624474,-1.2473175698065955,-0.4115071947372698,-0.9627897206667178,-1.0933899191275631,-1.4815682259151355,0.9941248875369935,-1.4178062324632095,-0.7188887522697525,0.0005551274671892323,0.8095326024010067,-0.004479185020135482,1.2926101357343682,-0.505072546407379,18
-0.3400752583374238,0.2315841938676778,-0.5361574099517913,0.9199834650892401,-0.1839713134495354,-2.291353035100772,0.442490877488036,-1.1954411272819212,0.010634892700354339,-0.19131287574747086,0.20096461454142356,0.8994134118139233,1.227411004768631,-0.892475491952855,-0.09520007877320748,-0.36628135045923277,0.6265639267028742,-1.2207253003490393,-1.5857873078664935,1.2272966955171893,1.4413392493996517,0.3276608166772385,18
-0.47554378306081274,0.14061551873812936,-0.4769115134596632,1.9439943231497678,-0.12236418210329275,-1.5508337229378835,0.0940861739942223,-0.5372970237018644,-1.2207737357617388,-1.5209511436912257,-0.11629654469036015,-1.0351997527663606,-1.199368176065174,-1.4815682259151355,1.749330956046256,1.269370911854958,0.16777097786745815,-1.2207253003490393,-1.1483506961388792,1.2272966955171893,0.9089421189120748,0.3854300005781483,18
-0.936136767120335,0.07996973531843041,-0.6151519386079619,1.6165528365166342,-1.4128894723970702,1.2613246759699996,1.3313630054475365,-0.48938984604926966,1.2420435211624474,0.3157622932278742,1.4351348617753847,-0.5605596639663661,-0.2538109445412731,-0.3033827579905745,-0.5056863948425251,0.16928164509207638,0.6706861980002674,0.0005551274671892323,-1.363936650265732,1.2272966955171893,-1.5747234904468794,0.8540703360533287,18
-0.5297311929501682,0.565136002676022,-0.6151519386079619,0.6075064879290046,-0.9888032635332478,-0.8225378654980267,-0.1292439808987834,-0.20270001625934,0.010634892700354339,1.4005039134976622,-1.1962173761720936,-0.7510512274197663,-1.5561610025888881,-0.3033827579905745,-0.5427121250356358,-0.16045788220540963,-0.20914017091143605,0.0005551274671892323,-0.40771053261745754,-0.004479185020135482,0.7716523997773119,-0.3990523388460272,18
-0.936136767120335,0.807719136354818,-0.5559060421158339,1.1108868477158267,-0.6652704205893116,1.1241714103418667,0.33762335396944687,0.7290463287723369,1.2420435211624474,0.08247029249595642,-1.279140339453158,0.42241814573383984,0.46270241893993735,-0.3033827579905745,-0.4186575024906364,-1.1039485147013999,0.20151408345405147,-1.2207253003490393,-0.06588771002671917,1.2272966955171893,0.6797077878015064,1.2406212852895,18
-0.6381060127288793,0.565136002676022,-0.6151519386079619,0.6645105877649785,-0.6401584559261925,-0.15709061429605084,0.3144895627397763,-1.7332723086926454,1.2420435211624474,1.5924583939537191,-0.5335204952196864,0.4243207728797789,-1.3338676226580277,0.285709975971706,-0.5334280748870347,-0.6276413351978908,-0.7155661327604398,1.2218355552834177,0.47286444025365093,1.2272966955171893,1.1468396317455831,-0.3791642123567778,18
-0.28588784844806825,0.2619070855775273,-0.5756546742798766,0.3369308716984759,-1.6777404918807235,-2.289760780168029,-0.1264592184401995,0.6375944684221083,1.2420435211624474,1.4347589222749053,1.2347023561778052,0.32581128914566176,1.2040329601111786,0.8748027099339865,-1.4924743928799105,0.21601296880368293,1.0809030169539948,0.0005551274671892323,-0.22627449575746938,-1.2362550655574602,0.5104545791869176,0.22841351979026958,18
-0.8819493572309794,0.14061551873812936,-0.6349005707720046,-0.8177947557429392,-1.4682558780331674,-1.9473934945164466,1.3998966874073597,0.37868352711315334,1.2420435211624474,-1.7020861539999315,1.2937658441664226,-1.4979913093989308,0.8997785738353632,-0.3033827579905745,-0.657457683714879,-0.9858799411761744,-1.6569874914433183,0.0005551274671892323,-0.6772588834211225,-1.2362550655574602,-1.3652779662660544,0.09029183309343997,18
-1.2883549314011462,0.4438444358366242,-0.6349005707720046,-1.4413824529513488,-1.6525640963788615,-1.9445160778781752,0.07295367506988801,-1.6076287300093732,0.010634892700354339,1.4265292639014724,0.6478690377360135,-0.07112459919618028,-1.3452154034912391,-0.3033827579905745,-1.6213545323985683,0.7595937191080149,-1.0011716940189928,0.0005551274671892323,1.2149178963257363,1.2272966955171893,-1.1129299028819728,1.633711544662053,18
-0.6651997176735572,0.41352154412677466,-0.4769115134596632,2.244243143011915,-1.5158914397618135,-1.0683739853620244,1.0559048903391413,-0.05989740155566814,0.010634892700354339,-0.7073880618099794,1.1396881192837172,-1.0305997268330642,0.7755849890433876,-0.892475491952855,-1.4360462178115105,-1.0351387705426771,1.1422497570491357,1.2218355552834177,1.7294489890235347,-1.2362550655574602,-0.5035078648702531,-0.28909636671648353,18
-0.936136767120335,0.5044902192563231,-0.5559060421158339,-0.16030662382151778,-1.408771967341938,-1.1115623634409302,0.32941962578951495,-1.4201723674349676,1.2420435211624474,0.47887757902016304,-1.1178151021228335,0.9932331718170764,0.6674693736074565,0.8748027099339865,1.029436674826419,1.1909465277695628,-1.4910104054253823,1.2218355552834177,-1.6137150829782239,-0.004479185020135482,1.1530547064829644,0.15639732223235134,18
-0.7193871275629128,0.29222997728737676,-0.5756546742798766,-1.238158752828436,-0.6969719140009848,-2.31066470895095,1.6585125566357506,1.3555695297392514,0.010634892700354339,0.7173968832413793,0.9980547025922761,-1.7122646703555688,-0.4242387999179867,1.463895443896267,-1.5197521886148209,-1.4308783641436627,-0.36959696273507076,0.0005551274671892323,0.943486320046366,-1.2362550655574602,-0.38327743974287753,0.35604879838109416,18
-1.1257927017330795,0.68642756951542,-0.45716288129562055,0.6452769536975067,-0.9595570368101205,-0.9821728749969161,1.378664044516974,0.07900823058589485,-1.2207737357617388,-1.626556553133946,-0.6908573374825737,0.17040183090729677,0.9828379527185178,0.285709975971706,0.1035230588736634,1.3459253700100928,-1.0209412663830808,0.0005551274671892323,0.7460814412005246,-0.004479185020135482,-0.28604656288720065,0.2965959378099254,18
-0.936136767120335,0.049646843608580925,-0.5756546742798766,-1.1996020523438904,-1.0912515425994793,-0.07229135142160023,1.6192940610824833,-0.8895977192261997,-1.2207737357617388,0.3526640499423406,-1.5068236525165766,-0.7712749612008462,1.1403161974471006,-0.3033827579905745,-0.08282908500487954,1.2215829249786305,1.3236581844735968,0.0005551274671892323,-1.4831312374327028,-1.2362550655574602,-1.25946564073991,-0.6224064680623838,18
-0.6110123077842016,0.6561046778055706,-0.5361574099517913,-0.16632744994770765,-0.940554491298551,-0.5970466858302401,0.19689337987159167,1.607687553294427,0.010634892700354339,1.4689649518480106,0.3871450285730834,-0.9732638453993937,-0.9363814845360059,0.285709975971706,1.3339281509637309,-1.49465730873133,-1.4908345603026238,0.0005551274671892323,-1.5853452059795108,-1.2362550655574602,0.9409232753342904,0.14257170234504155,18
-0.936136767120335,0.5348131109661726,-0.4769115134596632,-1.4389837317970637,-1.485798745509966,-1.9684484865905023,0.6585510210609629,-0.12213817489772555,0.010634892700354339,-0.5206112006087878,-1.501491092662265,-1.4481820798543834,-1.3926682001388397,-1.4815682259151355,0.8947311762191322,-1.3502430976476885,-1.724129372934001,-1.2207253003490393,-1.3000507222038897,-1.2362550655574602,0.13120148257803926,0.13957295643316464,18
-0.7193871275629128,0.5044902192563231,-0.5361574099517913,-1.2777933308005123,-1.1729500658142793,-1.2307043593419242,0.5334550515702677,1.6269625237259386,1.2420435211624474,0.106415213796816,1.4202063447843416,1.3964724501130366,-1.504410796399785,-0.3033827579905745,0.14548721966496836,-1.574909784917646,-0.14640093646697558,0.0005551274671892323,-1.1115036828456686,1.2272966955171893,-0.8785454335690123,-1.245492190650227,18
-0.3400752583374238,0.565136002676022,-0.5361574099517913,0.5171093806326366,-0.9901563956080104,-0.7332707727046688,1.511253940319944,0.8786531985227162,0.010634892700354339,1.148849431451516,0.05609018334848014,0.01677905839911397,1.5369956961308737,1.463895443896267,1.0521632771937248,0.9864307262737925,1.6645803450026175,1.2218355552834177,0.8728081893021495,1.2272966955171893,1.4093673917936107,0.25058063180297385,18
-1.1257927017330795,0.3831986524169252,-0.5361574099517913,0.8892425052564105,-1.6779333526566458,-0.9687609485349591,0.9759085052585209,1.0786498173707777,0.010634892700354339,0.3847608331053352,0.4917938359823058,0.7807980325450883,0.8909005327342687,-0.3033827579905745,-1.1498218959370499,1.1236437360186762,-1.3811188924179563,0.0005551274671892323,0.5088824278193017,1.2272966955171893,1.589153608060655,-0.9924798402049558,18
-0.4484500781161349,0.07996973531843041,-0.6151519386079619,1.5400083391456112,-1.619708072331859,-2.483035520789123,0.6589500026295887,1.5208167640660344,0.010634892700354339,-1.6463195777546389,-0.038988889567327184,1.048754498833934,1.2337652254589884,-1.4815682259151355,0.26804186118549783,-1.701670071110259,1.5833394754096284,-1.2207253003490393,-1.641520416241654,1.2272966955171893,0.2511308516938404,0.45340928761646404,18
-1.3425423412905018,0.68642756951542,-0.5756546742798766,-0.2826043722929697,-1.1139129362553037,0.2585412690265704,1.3444888300335796,-1.333771610880036,-1.2207737357617388,-0.11967791759080985,-1.490499859055615,-1.590512090867547,-0.3307127101914519,-1.4815682259151355,1.65269270538385,-0.17801717925334148,1.108633788781565,-1.2207253003490393,-0.4767627502920844,-1.2362550655574602,-0.757163946068715,1.4743042672168496,18
-1.2070738165671129,0.47416732754647367,-0.5756546742798766,0.25087178445833386,-1.3381523514460374,-2.2210335363984335,-0.16372788321987197,0.6392040523410593,1.2420435211624474,1.1724278425218568,-0.6254609815451027,-0.5622798857746579,-0.12429084785503011,-1.4815682259151355,-0.07725744890680862,0.18827776269159047,-1.2558952952245197,-1.2207253003490393,-0.7549467551860273,-1.2362550655574602,1.1156923057237995,1.6290162195104745,18
-0.6651997176735572,0.5954588943858716,-0.5361574099517913,1.1289588607253604,-0.6068394166824526,-1.9685854615661134,1.0613780251647578,-0.34127559006579644,-1.2207737357617388,-1.7694296267511058,0.42794102622447944,-1.4088155294464837,-0.2654269620533613,0.285709975971706,-1.1490045446699078,-1.0163637895234698,1.6339018574033182,-1.2207253003490393,1.5971013234876474,-1.2362550655574602,0.9213262420797298,-0.7398708940334472,18
-0.6381060127288793,0.2315841938676778,-0.5954033064439193,1.5191557595051879,-0.19785346654978742,-1.5550691118054885,0.09182417068230952,1.2237565477587766,1.2420435211624474,-0.42881199083718496,1.3571301107638951,0.8762921311341945,-1.0845787878598108,-0.3033827579905745,-0.29492440271684317,-1.6780740454534637,1.495810361077612,-1.2207253003490393,0.5444745296505925,-0.004479185020135482,-0.7125986792617186,-0.05114527141805059,18
-0.6381060127288793,0.5348131109661726,-0.4966601456237059,-0.4271431062256293,-1.1229125822589325,0.8272800324217466,0.8628044631222657,-1.6104015682175943,0.010634892700354339,1.5110474958524762,0.6050219070377371,1.2671822232369903,0.6181617910430566,0.8748027099339865,-1.1832869766763525,1.6144498984209612,1.0128395324943442,1.2218355552834177,-1.6872006139234672,1.2272966955171893,1.4989286370429606,-1.4752863654871933,18
-0.39426266822677936,0.2315841938676778,-0.5361574099517913,1.7623354081935008,-1.4572735911398458,-1.1017239334944358,1.1853692533772549,-0.5138034362697909,0.010634892700354339,-1.6981686376875735,0.9801299290888423,-0.6507088756845577,-0.31391163745084755,-0.3033827579905745,0.1195395713107765,0.4947755360817742,0.34514070411111036,1.2218355552834177,-0.6779254342912905,-0.004479185020135482,0.6561972389110807,-0.9897204718012408,18
-0.9090430621756572,0.5954588943858716,-0.5954033064439193,-1.2079019653879912,-1.6609608064870591,-1.081892361900559,1.7091651125885483,-1.372988704184912,0.010634892700354339,0.40287370379311593,-0.8464416383378791,1.1176036684953916,1.4557717217574577,-0.892475491952855,-0.21163941295769592,1.2183717595435073,-1.1162809121193535,0.0005551274671892323,-1.0250925985925574,1.2272966955171893,-0.9484871261380073,-1.2498868706028006,18
-0.6651997176735572,0.565136002676022,-0.5164087777877486,0.6225470453182321,-1.5231698225238028,-2.3192390456920244,-0.2137158088311013,0.30718766835041217,0.010634892700354339,0.3840106674286505,0.997563675956326,0.6389663172906072,-0.9466488700052591,-1.4815682259151355,1.5094886182879725,1.5897355618053168,0.4027667563829198,0.0005551274671892323,0.4187263132353486,-1.2362550655574602,-1.1530650668337303,0.5426964326347711,18
-0.9090430621756572,0.32255286899722624,-0.6349005707720046,1.0590103566615232,-1.7625713485233978,0.8947425445465249,1.4059862049315743,0.9063605895547301,0.010634892700354339,0.6351688025069178,0.15423450674079062,0.7640910508542291,-0.3832635847776793,0.285709975971706,-1.0634841210211574,-0.9601197995607088,-1.4499545260052398,-1.2207253003490393,0.9762544823496597,-1.2362550655574602,-0.45022359690803004,1.263081071972069,18
-0.9903241770096906,0.6257817860957211,-0.5756546742798766,-1.4258791489294362,-1.5569330928914935,0.2009482390413971,-0.1881914687485059,-0.44902294226842376,0.010634892700354339,-1.1284800337195895,0.7052119393715289,1.6167326622671483,-0.2508957955286194,0.8748027099339865,-1.3176104959280528,-0.44726028963773673,-1.4253230287366097,1.2218355552834177,1.5894268244991003,-0.004479185020135482,-0.8916783064739533,1.2678863299792789,18
-0.312981553392746,0.20126130215782834,-0.6546492029360473,1.8720291547622006,-1.819281079754126,-1.8938715922471667,0.2447322953221429,0.36640198064349755,1.2420435211624474,-1.7031242470452366,-0.20349159457935764,1.0716927497764923,-1.2550191350762268,0.285709975971706,0.8185309474364464,-0.9065773646791456,0.16513181011094616,-1.2207253003490393,1.0221358206692583,-0.004479185020135482,-0.5805056962053372,-0.6539558379664324,18
-1.2070738165671129,0.3831986524169252,-0.6546492029360473,1.8400629642337827,-1.8456251845283056,-0.1598347948355864,1.0155686006676117,-1.216617417191496,1.2420435211624474,-1.676454688220173,-0.47027598024524886,0.45744726328000734,0.1755592174428682,0.8748027099339865,0.8089528110347631,-1.2831631404291606,-0.2710996968143508,1.2218355552834177,-0.24390343576845624,1.2272966955171893,-1.6503232749530958,-0.12318264118649548,18
-1.1528864066777573,0.17093841044797883,-0.5954033064439193,0.7681800534592901,-1.606624475267124,-0.3265418647414127,1.5366485027404007,1.4488955638622183,-1.2207737357617388,-1.41109523744189,0.8144987851540871,0.6894962576731329,0.8668850602351627,0.285709975971706,-1.1757874204688308,-0.9990705295079453,-0.07574260191559005,-1.2207253003490393,-1.242875576774729,1.2272966955171893,-0.9998215616447,-1.5335738033031878,18
-1.315448636345824,0.41352154412677466,-0.5954033064439193,1.7586038969361506,-1.0760702110356486,-0.70798703980402,0.4648719446275083,0.6858593271240944,1.2420435211624474,0.07127728955266911,-0.39095685357268595,-0.6631230193830443,-1.2786778132954697,-0.892475491952855,0.17878366513666513,-1.3527545440040678,1.1977797561438852,-1.2207253003490393,-1.2764610799069238,-1.2362550655574602,0.6170784787437812,-1.2141051167950778,18
-1.3425423412905018,0.68642756951542,-0.6151519386079619,0.5566437669564023,-0.8707438659858828,-0.5903121130184201,0.7931043027898983,-1.6969083415788024,1.2420435211624474,-0.7557170578142912,0.5509195316681429,0.01835658396311878,-0.2647323750064698,-0.892475491952855,-0.11934536096926579,1.5121622787144327,0.5857775696263575,1.2218355552834177,-0.8694938517229946,-1.2362550655574602,-0.5908210076098999,-1.0725024913082517,18
-0.936136767120335,0.5954588943858716,-0.5756546742798766,-1.4221528365841842,-1.6477280658341942,-2.307429596947491,1.0885451985733614,-0.4348129846829993,0.010634892700354339,1.5587668884279828,1.2375475208668298,1.0383433359713548,1.0699507551704526,-1.4815682259151355,0.2415789743652368,0.013515054406081152,0.10178139524285476,1.2218355552834177,0.21621323744791404,-0.004479185020135482,-0.6594707991641813,0.3521117643543118,18
-0.7464808325075906,0.6561046778055706,-0.45716288129562055,1.07826975220756,-1.0909552977660215,0.7853708439259915,-0.22114647418637212,0.28248063633962434,0.010634892700354339,-0.6841472207153139,1.0794446422575057,1.3766150933109564,-0.33012036341610906,-1.4815682259151355,1.109325274691011,1.4749474348311513,-0.8269955735812001,0.0005551274671892323,-1.3748196020107053,1.2272966955171893,0.5772544266939937,0.44647794357196985,18
-0.5026374880054905,0.5044902192563231,-0.5559060421158339,-0.9328840091374676,-1.1336311692714813,-0.3368437926435621,1.676305927226964,-0.7107131145270126,0.010634892700354339,-0.4868325438188827,1.3806119908773118,1.5747556209401712,0.776722995577772,0.285709975971706,1.1668851578497734,0.17715982514357223,-1.5979903353989755,0.0005551274671892323,0.39153440783270144,-1.2362550655574602,-1.4816497207199146,1.4796906023122136,18
-0.6110123077842016,0.17093841044797883,-0.5164087777877486,1.0448853608773223,-0.8393394930183412,0.7526040248853515,1.228996733316193,-0.3482652659284358,0.010634892700354339,-0.2610900506535975,1.5222795159642453,-0.36879118418462314,-0.7142904882608561,-0.892475491952855,0.07349751429616473,0.859177960310044,-0.39239066337507406,1.2218355552834177,-0.2781208003049484,-0.004479185020135482,-1.4973586732847899,-1.026423644263029,18
-1.2341675215117907,0.2619070855775273,-0.4966601456237059,0.4579830797425028,-0.22585310311480664,-2.2581337977420324,0.7627362060912269,0.12400943918011398,-1.2207737357617388,1.3547874483165483,0.19491158354811453,0.4955672834873047,-1.4815503170562652,0.285709975971706,-0.5821943538029576,0.9076595560914661,-1.218049492670958,1.2218355552834177,-0.6047497789629218,-1.2362550655574602,-0.7177915057295986,-1.506995817273673,18
-0.39426266822677936,0.41352154412677466,-0.45716288129562055,2.0415453389212987,-1.570347382364846,-0.06645121928138462,0.5929836789044243,-0.46694182647542,-1.2207737357617388,-0.992975908659979,0.991873469889606,1.097314366145236,-1.6172811416427448,-1.4815682259151355,0.14186428411257504,-0.12963640522676995,1.4981486692636914,-1.2207253003490393,1.187085289731391,1.2272966955171893,-0.009507677410957871,1.3008199986792164,18
-1.3425423412905018,0.3831986524169252,-0.4966601456237059,-1.1995960890020878,-0.6538311691532025,-2.153008400201065,1.2686116042380071,0.11493211251116266,-1.2207737357617388,-0.6843767281948416,1.6392814191222476,1.1307680963006492,1.4056812642142194,0.285709975971706,-0.8680716316552046,-1.051618541502027,0.024081267648416584,1.2218355552834177,0.04322126307999487,-0.004479185020135482,-0.6224685985559906,-1.1404747355870586,18
-0.7193871275629128,0.5954588943858716,-0.5559060421158339,-1.1809909109646184,-1.7595996301269226,-2.40485493459009,1.3276651824486974,0.37400753445253493,0.010634892700354339,0.5844134111823676,-0.8518482703166202,0.6055988348810604,1.210587026551901,-1.4815682259151355,1.219079097000049,-1.2355928677901378,0.37935761455414524,0.0005551274671892323,-0.8842712963407339,-1.2362550655574602,1.2966953437541289,1.5659456033766304,18
-0.9090430621756572,0.41352154412677466,-0.5954033064439193,1.1067502835281315,-0.6744803623093498,-1.108828476767384,0.4684464444953415,1.4559028941660515,-1.2207737357617388,1.048026331156837,-0.39436784115085544,1.7695002348125677,0.9308748622581035,1.463895443896267,-0.29830568984431016,1.337542413370022,0.7586048745400413,1.2218355552834177,0.2060862564569913,-0.004479185020135482,-1.1104690538948534,-0.9036783178234553,18
-1.2341675215117907,0.049646843608580925,-0.5954033064439193,1.5589861756763395,-1.157837550330742,1.101912676971237,0.42241837400729104,1.1475231292767647,0.010634892700354339,-0.25308199871491716,-1.2681240365498303,-0.3462587871523094,-0.4252616156909066,-0.3033827579905745,0.8923637091487768,0.4553815445623749,1.6127603125830055,0.0005551274671892323,-0.40506196770837555,-1.2362550655574602,1.1649900622299032,0.6978062915992734,18
-1.2341675215117907,0.07996973531843041,-0.4769115134596632,-0.15982747454215177,-1.189225711696875,-1.86926397829964,1.5475078869224959,-1.0487821726572581,0.010634892700354339,0.508008049478309,-0.9812094160710708,1.2295209848582525,-1.6451492498213909,0.285709975971706,-1.1988029065843508,1.4619879127926405,-1.0249055976075327,1.2218355552834177,1.4769035447012542,-0.004479185020135482,-0.11100908359355242,-0.07142910136577714,18
-0.3671689632821016,0.7167504612252695,-0.6151519386079619,2.0924952345092613,-1.7762125550410606,-1.101575825893385,1.5943355767224299,0.5690209866074164,-1.2207737357617388,-0.814687468326324,0.44860149885954687,1.4422175488181497,1.1767422930035636,0.8748027099339865,-0.8823140929606332,0.7733673427078531,-1.12060167844436,0.0005551274671892323,0.746278191405347,-1.2362550655574602,1.288334441817839,0.07858980313811197,18
-1.0174178819543682,0.5954588943858716,-0.5559060421158339,0.965505315219539,-1.6170233197217174,-1.393089817459451,1.0761334436896026,0.7604184567220833,1.2420435211624474,-0.32112232642390537,1.2396487267955332,1.0865993483712553,-0.2900720118553345,0.285709975971706,0.8221015795754932,-0.45084914189719677,-1.0635913920730966,0.0005551274671892323,0.9330756919231855,-1.2362550655574602,-0.4381490370826998,0.5126948565731531,18
-1.2070738165671129,0.29222997728737676,-0.4966601456237059,0.07902242454774398,-0.967472612555822,-0.7274631286000133,1.0350197711255846,0.49631763872280654,1.2420435211624474,1.7044930546210222,-1.2414690165402016,-1.4594603185464707,-0.19674292731153273,-1.4815682259151355,1.0726691530653607,-1.3328720908416385,1.3603417841720533,1.2218355552834177,1.3403847961157556,-0.004479185020135482,0.2803536864050396,1.4974984139449257,18
-0.936136767120335,0.7167504612252695,-0.5164087777877486,1.1591774365569378,-1.6102528675246917,0.13535123649613923,-0.05308566423080181,-1.1477005970686793,0.010634892700354339,0.1928488119365576,-0.036673552021452754,-0.012746889276881236,0.8427944399360556,0.285709975971706,-0.7994696258860544,-0.8930756429678611,0.7084697310243226,1.2218355552834177,1.534503523241872,-1.2362550655574602,-0.13415914407388713,-1.6749037552465422,18
-0.692293422618235,0.32255286899722624,-0.5559060421158339,1.488362798699753,-1.7531097646521203,-2.14756450112722,0.028653133040533855,-1.5549614477313758,0.010634892700354339,-0.4193599507135538,0.3917142246776432,-0.9847448885728669,1.153987006978344,0.285709975971706,-1.157779588195371,1.6265189880625466,1.1878858289765413,0.0005551274671892323,0.39284498735986384,-0.004479185020135482,1.0526173409877353,-1.3003331866863277,18
-0.4484500781161349,0.6561046778055706,-0.4769115134596632,-0.41757528281507955,-0.9071301474043416,-2.2092614105108868,1.6168403692067477,-1.6038417186260496,-1.2207737357617388,-0.2919288051975239,-1.0352383928456526,0.45254474476862233,-0.8070142488948785,-1.4815682259151355,0.6618591724587947,0.5018579158866305,1.5438802157765241,1.2218355552834177,1.239162680069673,-1.2362550655574602,-1.363742617838193,0.5339866561929915,18
-0.8277619473416239,0.7167504612252695,-0.4966601456237059,1.8283583721487382,-1.466565622371343,-1.666156959496283,0.815104056650112,-0.17546894628512102,1.2420435211624474,-0.5005717622091255,-1.759630474026064,0.6944944041601401,1.1308914859687622,0.285709975971706,-0.20470121842475755,-1.249125011203856,-1.2127963532829198,-1.2207253003490393,1.2552239234997464,1.2272966955171893,1.542079187354461,1.155100582297404,18
-0.42135637317145713,0.807719136354818,-0.45716288129562055,0.4891651392180173,-1.1927245481679318,-2.0336398281029866,1.704417464150342,0.14910827205968494,1.2420435211624474,-0.9015753403197735,-0.17332275605564698,1.7596207303760127,0.6186265004291667,1.463895443896267,1.259223669783284,-1.0520063164670967,-0.5173571066866754,0.0005551274671892323,1.3796406278815505,1.2272966955171893,0.3382054125825001,0.8867162139553718,18
-0.9903241770096906,0.6561046778055706,-0.4769115134596632,-0.2110903616257482,-0.6352706259792575,-0.04306237709640052,0.27112125229102596,-0.6413649882456219,1.2420435211624474,-1.0243801210428451,1.1379626537166916,0.4120874499894965,0.030536071030499923,0.285709975971706,-1.0542439049364232,-1.647291702692341,1.479968023168826,0.0005551274671892323,1.6421898219140332,-0.004479185020135482,0.8679761912207588,-0.20594656622984298,18
-0.39426266822677936,0.807719136354818,-0.5361574099517913,1.5864291842867992,-1.0363060505166997,0.7710476486155264,-0.05453232731163499,0.021056725588447508,1.2420435211624474,1.1702900987824307,-1.27786234055981,-1.5824474673309359,1.6099347308845313,0.8748027099339865,1.3085319891855998,-0.7944950657085221,0.3431502988826161,1.2218355552834177,1.5555633462331255,-1.2362550655574602,-0.3891160450048958,-1.1329062119715474,18
-1.179980111622435,0.7167504612252695,-0.5954033064439193,-0.998917696836543,-0.49117635843832697,0.24095014670306325,1.5947661420872732,-0.238025815494496,-1.2207737357617388,-1.1937192780136054,-1.487827544225529,1.2942860068893136,1.6776852453494255,0.285709975971706,-1.575684841860523,-1.0192043181476649,-0.881075158298408,-1.2207253003490393,-1.6898194457946116,-0.004479185020135482,-0.24739270590210932,-1.1214663688675839,18
-0.5839186028395238,0.747073352935119,-0.45716288129562055,-1.1172775498820808,-0.545861776629941,-0.6289087406083752,1.6802610087452627,1.6276591116289132,0.010634892700354339,1.472325814153407,1.5674956299528875,-1.3810844436690397,-0.102926484660878,-0.892475491952855,-0.8618556460615234,-0.14688097578376275,1.4633002234203025,0.0005551274671892323,-0.5179339246097696,-1.2362550655574602,0.05846310278753817,-0.501356875405374,18
-0.556824897894846,0.20126130215782834,-0.5361574099517913,0.6440235477427367,-0.403960608327777,-1.3073905010747295,1.4342319811787503,-0.7789758204047272,-1.2207737357617388,0.6653128805060581,-0.40518868278590214,-1.0447084297433993,0.39770307745479133,-0.3033827579905745,0.9004107259152171,-1.07499140586787,0.3706569614085698,1.2218355552834177,-1.411304945644781,1.2272966955171893,-0.4945447225168113,1.0265048083279371,18
-0.8277619473416239,0.6257817860957211,-0.6349005707720046,2.059672509385783,-1.251972221435667,-2.209969432048058,1.0270140741123233,-0.5732791725906063,0.010634892700354339,-0.2532125025876979,0.8408978616972073,0.11183780684964997,-0.950854595315674,-0.892475491952855,0.211862741134238,0.07332038306269797,-0.8054710261256458,0.0005551274671892323,1.4154939635233226,-0.004479185020135482,-0.24333742991170423,0.9674997809229847,18
-0.8548556522863017,0.11029262702827988,-0.4966601456237059,-0.38375774625667786,-1.0869347545752108,1.128163111802631,0.6854272864855306,0.7856459106814139,1.2420435211624474,-1.7672325904890565,-0.5543831575798137,-1.550123303392692,0.9843227624376294,0.8748027099339865,0.2691169285597057,-1.2414203432807753,0.40305038141139277,0.0005551274671892323,-0.4376058568633001,-0.004479185020135482,-0.11299459462339966,-0.2839123043111144,18
-1.2883549314011462,0.20126130215782834,-0.5756546742798766,0.025787271296660277,-1.3820415951631853,-2.130748683323592,-0.04885700814296423,0.4679053207347955,0.010634892700354339,-0.1683539106968557,-0.04868282851674588,-0.595382885822658,0.9657715234524039,-0.892475491952855,-1.4885978568196419,0.14867294491172936,0.3056121983636158,1.2218355552834177,0.791897282972246,-0.004479185020135482,0.7517583139642577,0.9526139335130709,18
-1.2341675215117907,0.7167504612252695,-0.5756546742798766,1.0803556793932665,-0.21535122951926658,-0.2939251590871356,1.318873222898961,1.4157605655603822,0.010634892700354339,-1.1180680429904528,0.032422633798768065,1.1534442971961074,0.49800860395322877,-0.892475491952855,-0.027743943141229875,-1.477034970336324,1.6784886797827328,-1.2207253003490393,0.061427393767551,-0.004479185020135482,-0.25040664380094446,0.007256923422223814,18
-1.2341675215117907,0.4438444358366242,-0.5559060421158339,-1.360243814042986,-0.4559966864981212,-1.8977951487027993,0.6626035966659017,-0.37299457907813605,-1.2207737357617388,1.605044124025229,0.6750032284991413,1.638328150134731,-1.2192626503192123,-0.3033827579905745,-0.8255869094282119,-0.1371713499027207,-1.5954029825855311,-1.2207253003490393,-0.018955990528491222,1.2272966955171893,-1.2431845744087042,-1.711917203690885,18
-0.3671689632821016,0.5954588943858716,-0.5361574099517913,0.767748992141561,-0.36015700328797773,-1.175110368406957,1.5662177062960654,-0.6745628085465201,-1.2207737357617388,-1.672685968626792,1.4816535196183263,0.23314419004568346,-0.578308782112202,0.8748027099339865,1.1690985662641078,0.9673424779136066,-0.35573764201248376,-1.2207253003490393,1.0194460320471501,-1.2362550655574602,-1.5509392566026539,0.4411385312321799,18
-1.1257927017330795,0.17093841044797883,-0.4769115134596632,-1.023400736843316,-1.4425451273031389,-2.2256560961116536,0.6145010436936009,0.6848595676719267,1.2420435211624474,-0.734672491984683,-1.674585687401861,1.1009197301415412,1.1058259032000886,1.463895443896267,-0.760355339805652,0.07964390573790156,0.32417726997909074,-1.2207253003490393,-0.18764243197268143,-1.2362550655574602,-0.8224824825042139,-0.3353084219235108,18
-0.8277619473416239,0.565136002676022,-0.6546492029360473,2.051894168506736,-0.6949372414408262,1.090823134558807,0.5713982871972454,0.44067968184096507,1.2420435211624474,0.8526021664853979,1.0735836129461018,1.1963201321715369,-1.385919135078628,-0.892475491952855,-1.0802406131365485,-1.5038866453893445,-0.9892450475821998,-1.2207253003490393,-1.027604208175027,-1.2362550655574602,1.4646860318919044,1.7139895149023319,18
-0.5297311929501682,0.07996973531843041,-0.4966601456237059,1.1559714993627848,-1.6212607394114626,-1.0438014584412076,1.294159326412449,-0.801763057956889,0.010634892700354339,-0.6621271817034782,-0.02271416589525798,-0.32480589692810513,1.608840955266661,0.8748027099339865,1.7709002650789123,-1.5694889099115794,1.3926487770645106,-1.2207253003490393,0.8037695138425971,-0.004479185020135482,-0.6028381647026406,0.5683994637159666,18
-1.3696360462351795,0.5044902192563231,-0.5361574099517913,2.1104290674671904,-0.6941794105114782,-2.3224758235828973,-0.03378335293268881,-0.5017393802944006,-1.2207737357617388,-0.20258063997265743,-0.35280977453517515,0.7014024918175746,0.4183827317814099,0.8748027099339865,0.5216444297590088,0.22190155596457842,1.0134454588080641,1.2218355552834177,-0.8275767001411513,-0.004479185020135482,-1.113260418623002,-0.4981586565628705,18
-0.8006682423969461,0.6257817860957211,-0.6546492029360473,0.7653627053154142,-0.19658494434352733,0.0030785350561677335,0.9061057931369839,-1.020605518953446,0.010634892700354339,-1.3209227591451889,-1.7160243391926737,-1.2064552501055983,1.4495141662804885,0.285709975971706,0.6146909740066642,-1.4806454866930467,0.6146881279888844,0.0005551274671892323,0.36653739276309805,1.2272966955171893,0.6866566482408196,1.2018529614391473,18
-1.0174178819543682,0.41352154412677466,-0.5954033064439193,0.9795486276405205,-1.649951839300739,-1.4018748094766906,1.3488318440697469,0.47116172040382576,0.010634892700354339,1.1867708517296207,0.30878095675781225,-0.7643855652327018,-0.4400247955157758,-1.4815682259151355,-1.5212900900698987,-1.364394547581644,0.8965749217448522,0.0005551274671892323,1.554137735251887,-1.2362550655574602,0.14677792939490264,1.0226412243048946,18
-0.6381060127288793,0.6257817860957211,-0.5559060421158339,-0.18199493450752796,-0.5173285346542075,-0.7879255223572967,-0.2094010980913998,-1.1221232025140209,0.010634892700354339,-1.4767873065352746,0.5702737338995923,0.6367952980899766,-1.1911227896495642,0.8748027099339865,-0.386442867617631,-0.940629870276804,-0.5719182039461818,-1.2207253003490393,-0.3902343425711686,-1.2362550655574602,1.4682296454608317,-1.6831219614601023,18
-0.5839186028395238,0.565136002676022,-0.4769115134596632,-0.48239036092546334,-1.5635786845339974,0.6370260807323804,1.0761398882108888,1.2528693318690067,-1.2207737357617388,0.09458146976578442,0.29307933562067395,-0.8505854726939204,1.3868464417899582,1.463895443896267,1.6134891225835,-0.6008799480338778,1.3028173500183053,-1.2207253003490393,1.7348390870114736,-0.004479185020135482,0.25111772989905345,-0.13197717755005817,18
-1.2341675215117907,0.4438444358366242,-0.5559060421158339,-1.2982345504717132,-1.7240332882438352,-0.44950961309345955,0.9446912368669815,-1.74490437429846,0.010634892700354339,-1.0969641283664762,-1.2117871996094058,1.6518790358235849,-1.0858445494840536,0.285709975971706,-0.14345943542349565,-0.44840455737158463,0.22032489562029312,0.0005551274671892323,-1.1829428594593037,1.2272966955171893,1.7209634912695861,0.9003192197354615,18
-0.312981553392746,0.11029262702827988,-0.5756546742798766,0.732341866481181,-1.1478314938622054,-0.06168769240773876,1.1274305373097366,0.35856563093819954,0.010634892700354339,1.2448977197959599,-1.6269146789682338,1.2248739972271898,-0.23401649398850857,1.463895443896267,-1.5151260947523144,1.5918825651396298,0.09225328674593788,-1.2207253003490393,0.21931963600891152,-0.004479185020135482,-0.8248283558162466,0.45741353144881824,18
-0.7735745374522683,0.2619070855775273,-0.6349005707720046,1.7835304385146007,-0.7708587886847786,-2.120218397022073,1.4093380803494424,-0.933244457407173,-1.2207737357617388,-0.38598194001885044,1.084321418539656,-0.5678302910393547,-0.9906714122350531,0.285709975971706,1.5529057121609429,1.5560071823357298,-1.2709951750022068,1.2218355552834177,1.461394284259873,-1.2362550655574602,1.4628342686265898,0.2561360428278059,18
-0.8819493572309794,0.049646843608580925,-0.4966601456237059,-0.7145069636766944,-0.6816066017641402,0.6671815831246373,0.6072114183519589,-0.94679954666552,-1.2207737357617388,-0.2951552751130006,1.6042555614316851,-0.017712511518402387,-0.0374937525900305,-0.3033827579905745,0.509852675598271,-0.6907727972197854,-0.8150788803116502,-1.2207253003490393,-0.9334179317613992,-0.004479185020135482,-0.44111535155163334,1.1418142303868963,18
-0.312981553392746,0.7167504612252695,-0.5361574099517913,-0.5172244783755633,-0.5049516690659774,-2.411487636254046,1.0232917670285175,1.6183839253926633,1.2420435211624474,-0.404611972362302,0.5601376913255715,-0.18865099406047164,-1.3131402518954913,-1.4815682259151355,-1.3706552037610393,-0.17542279866536584,-1.0995807492881593,0.0005551274671892323,-0.6277634762934661,-0.004479185020135482,1.0748635559547977,1.4973350013037292,18
-1.0174178819543682,0.6561046778055706,-0.5559060421158339,0.9765105706660224,-1.6259544066226337,0.6591951340459022,1.3729179138729533,-1.4082031267254436,0.010634892700354339,0.5797686490581374,-0.015343533456076527,-0.7529694673398973,-0.3632741467493037,-0.892475491952855,0.20857735276467923,0.9066720160769349,-0.4959716307420227,1.2218355552834177,1.4886159485609356,-1.2362550655574602,-0.6654182520286503,-0.7932971887148262,18
-0.6381060127288793,0.5348131109661726,-0.4769115134596632,1.155125342839215,-1.0470248104949278,0.7696081332004325,1.1273216465576634,-0.5728709165098664,-1.2207737357617388,0.5748596919326505,-0.16793884589782043,-0.45153945459258743,0.36464867547593605,-0.892475491952855,-0.35723635793211905,-1.4538624535467501,-1.053306235379333,-1.2207253003490393,-0.595441533140875,-0.004479185020135482,-0.2095477133368651,-0.7772663175257778,18
-0.6651997176735572,0.32255286899722624,-0.5164087777877486,0.06604161015775956,-1.3881958843075495,-1.6856809428785537,0.104074430339761,0.7226464451824814,0.010634892700354339,0.824825427053866,0.9402662043116454,1.191325299831972,-1.5957246345910492,0.285709975971706,-0.8651249528280572,-1.1511159119032386,0.28782146301162853,0.0005551274671892323,-0.13666580326262656,1.2272966955171893,1.2185073631255714,-0.3559525015161389,18
-0.7464808325075906,0.049646843608580925,-0.6349005707720046,-0.9095765197965797,-0.08043426125594196,-1.755050832766479,1.4876498719337135,-0.7086788719606915,1.2420435211624474,-0.3271589146920341,-1.0537775442498347,0.7056808172905528,1.043609089416084,1.463895443896267,-0.30761956600512125,-1.3719824394975266,-1.1807860507032724,1.2218355552834177,-0.002896515788192868,-0.004479185020135482,0.36124275552106977,-1.305812836363917,18
-1.2612612264564684,0.47416732754647367,-0.5756546742798766,-1.2573077643301036,-1.0682657610217376,-1.415320883399685,0.8298989267106606,0.9911720290877203,-1.2207737357617388,0.4412836003704715,1.4467628926263756,1.6652121760336203,0.7662545003870259,0.8748027099339865,1.4555131995780588,-1.2748139977151047,0.5090598575082882,-1.2207253003490393,0.742972037397526,-1.2362550655574602,0.20820411775681205,-1.5538582361216935,18
-0.8277619473416239,0.41352154412677466,-0.5756546742798766,-1.2585666062294387,-0.9406110048017908,-1.031403991503203,1.404706768169263,-0.9183635195204636,-1.2207737357617388,-0.36490068066900716,0.7883242078660501,0.8082358526326783,0.443429555555123,0.8748027099339865,0.8733155210610123,-1.1813474374327626,-0.25483022042036985,0.0005551274671892323,-0.767294604486394,1.2272966955171893,1.007696248139818,-1.3175381377096917,18
-1.179980111622435,0.6257817860957211,-0.6151519386079619,-0.620968129306072,-0.40058197716352706,-1.0365727490446035,-0.12223999017195167,1.6381602492085676,-1.2207737357617388,1.4802404418812987,-1.4570017872564278,0.7996315343569617,-0.2157472354829467,0.8748027099339865,0.9866188843730826,-0.3899344960566608,-1.1699905993225477,-1.2207253003490393,0.29374274020246155,-0.004479185020135482,1.1544962606757665,0.22701695009070896,18
-0.9090430621756572,0.32255286899722624,-0.5954033064439193,2.199390877995093,-0.5940938794657555,-0.5041545845426885,0.38472681686524457,-1.1565685478473164,0.010634892700354339,0.9311309456959,-0.20249967477282416,-1.3213301287464547,-0.1548091154121664,0.8748027099339865,0.7409333474796953,1.649331525872966,-0.3852342194297569,1.2218355552834177,-1.121889019604083,1.2272966955171893,1.3750686127449607,-0.1081192760887146,18
-0.42135637317145713,0.5348131109661726,-0.6151519386079619,0.8447486372794485,-0.2303825553621389,0.5976579792589299,1.7230885435973076,-0.07285398504779521,-1.2207737357617388,-0.3871131586578984,1.6748417747780637,-0.9475152490760406,-1.1075429502022682,-0.3033827579905745,1.3022184349578632,1.1252746680135208,0.9571933478680066,-1.2207253003490393,0.10095930484859196,-1.2362550655574602,-1.513867403904643,0.14789024115745458,18
-1.071605291843724,0.565136002676022,-0.5164087777877486,0.7429213800135376,-1.197678760545587,0.4824021058112594,1.2546528293706254,-1.5512668508064378,-1.2207737357617388,-1.0433293013884635,-1.2969543847736908,0.48516443901137274,-1.314273619709973,-0.3033827579905745,-0.9338599388606353,1.2274540771699245,0.33550343460128296,1.2218355552834177,1.2745464069165957,-1.2362550655574602,-1.464884843899896,1.0500528104610871,18
-0.8277619473416239,0.20126130215782834,-0.5164087777877486,0.7968805588098373,-1.2841442358560422,0.5261211549755963,1.518929619968225,1.3885887285912206,-1.2207737357617388,0.8610525249645162,0.9973674354823528,0.9892481810965628,-1.3158245033450904,-0.3033827579905745,-0.37259492710048314,-0.47705813700284466,-0.8904695877310453,1.2218355552834177,0.1507619447045187,-1.2362550655574602,1.154368339945944,0.7740828327002846,18
-1.0986989967884018,0.5348131109661726,-0.5954033064439193,-1.1996598230817834,-0.23065115174405515,-0.4115617756317417,1.2675567629554694,1.3313731823600803,1.2420435211624474,-0.5970483425312096,1.2783487423162465,-0.7026730390406866,1.4770444424831344,0.285709975971706,-0.15685101130561013,-1.7212367241633628,-0.7282607637438219,1.2218355552834177,1.6236548705141407,-0.004479185020135482,0.7372891499428761,0.6709225718422341,18
-0.47554378306081274,0.2315841938676778,-0.4769115134596632,-1.1002505754871168,-1.0127577652311948,-2.4581642985746996,0.3456630262222947,1.3201992255574464,1.2420435211624474,-0.08887306410596134,1.338957862868497,-0.7195281426043056,-0.9877417178604873,-1.4815682259151355,-0.33410702239488044,1.1465773048686307,-0.731577512492441,1.2218355552834177,-1.5471815155553614,-0.004479185020135482,-1.6176308158942883,0.3225066000864867,18
-1.2883549314011462,-0.13229050665051595,-0.5954033064439193,0.45326696129791183,-0.30426114835934936,-3.588464254447208,-1.2882624760790284,-0.4450839178423782,0.010634892700354339,-1.7360065818358232,0.17135246386888134,1.0843242354054277,-1.1996547772738302,0.285709975971706,1.2123952589924438,0.7784898700945276,1.6016882756955155,1.2218355552834177,-1.2060007629854381,-0.004479185020135482,0.2176549685566892,-1.7431402959754736,13
-0.7735745374522683,0.17093841044797883,-0.4966601456237059,0.33697371729206255,-0.9076471251974934,-2.7110857154778327,-1.2186508584824138,1.0121306366428304,-1.2207737357617388,-0.15364589634421658,1.3908561802027457,0.18363399424288745,1.2770290889044211,1.463895443896267,-1.5401022632498336,0.6659822792572136,0.5594016084571576,0.0005551274671892323,-1.123526640147545,1.2272966955171893,-0.7337955507949215,-0.387432019746043,13
-0.39426266822677936,0.14061551873812936,-0.45716288129562055,0.6012719651826598,-0.5464308121507258,2.493863046493345,-1.2109613783495212,-0.5220900107470052,0.010634892700354339,0.4237564199553903,0.12262676177281674,-0.3338795316502867,-1.022522545998842,-0.892475491952855,-0.08734322262703263,-0.8352525243152795,-0.2724703997480073,-1.2207253003490393,1.0530394620311665,1.2272966955171893,-0.02225301450183223,-1.0681937973057427,13
-1.2612612264564684,-0.31422785690961286,-0.5954033064439193,0.6742209921299276,-0.4666885581752737,3.064478335778612,-0.5547910095740923,-1.3025449562635827,1.2420435211624474,1.6645674155354875,1.4370259433240244,-0.281565507698777,0.6546222404886148,1.463895443896267,1.2270266230210336,0.060831754085811846,-1.3979271379220781,-1.2207253003490393,0.5655083570655526,1.2272966955171893,-1.4690458461157885,-0.5930652272477756,13
-0.5839186028395238,0.019323951898731442,-0.6349005707720046,0.42746263121323974,-0.7561735617753151,2.1757896244743513,-1.2997040116500582,-1.4736870347720519,-1.2207737357617388,0.7549527422979218,-0.3161358687286575,0.7448124849770603,-1.2456373418774482,-0.892475491952855,-0.6261990280533426,-0.6913771735603265,-0.9257229659835988,-1.2207253003490393,-1.425950645151443,1.2272966955171893,0.09485658569212212,0.8325953435305846,13
-0.5026374880054905,-0.31422785690961286,-0.5164087777877486,1.2608234785516834,-0.7805484266812357,-1.549224407198495,-0.5794242665537949,0.8092770636978738,0.010634892700354339,0.06874368476008845,-0.8653989190214367,-1.1346840678779542,0.807212263129094,0.285709975971706,-1.502339584455852,1.7359250643586726,-0.7216377626835387,1.2218355552834177,-0.9459712506654856,1.2272966955171893,-1.5138171004892371,0.39234635956670666,13
-0.9903241770096906,0.049646843608580925,-0.6546492029360473,0.33966066202450496,-0.7279932214506993,2.0430375144969037,-0.5462810587087064,-1.4859327723141216,1.2420435211624474,0.6814948481944478,0.21041130216924614,-1.6969838143963896,-1.1887269072945807,0.8748027099339865,1.1184802581001887,-0.9811436042401567,0.20687679632558728,-1.2207253003490393,-0.44928222654183697,1.2272966955171893,-0.14365771264008634,-1.1991544783485342,13
-1.2341675215117907,-0.5568109905884087,-0.5559060421158339,0.6544629355819921,-0.8047006807143714,4.148254565291007,-0.6753427771203026,1.1665051546409324,-1.2207737357617388,-0.10545667951702883,0.17307047326259611,1.069086230156989,0.8086072474701009,-0.892475491952855,0.7862355012679647,-0.9890531984931731,-0.09387764391866614,-1.2207253003490393,1.6669694454348587,-0.004479185020135482,-1.4453876899006326,-0.11460483239897865,13
-0.692293422618235,0.11029262702827988,-0.4769115134596632,0.40265449920341895,-0.5787349161924998,0.6532996825535448,-1.210665572092514,0.1594817577504816,-1.2207737357617388,-0.7489155364224062,-1.5489901467785059,-1.708843208380776,-1.6889821725849519,-1.4815682259151355,-0.38163052257368424,1.698156700951532,1.5337486954481414,-1.2207253003490393,-0.31606974530625387,1.2272966955171893,-0.5273370923812603,-1.5133890201071467,13
-1.071605291843724,-0.010998939811118037,-0.4769115134596632,0.5743539242273369,-0.7057509950687224,1.1947076566347805,-0.7668325014584529,-0.32818061422212935,1.2420435211624474,-0.23139933616930042,0.28450089685235425,-1.3926212437815557,0.47731752768169405,1.463895443896267,1.1828828889790346,1.315594632640245,-1.3657400423906279,1.2218355552834177,1.733471261280924,-0.004479185020135482,-1.0558275854895178,-0.1057398368599633,13
-0.28588784844806825,-0.13229050665051595,-0.6151519386079619,1.06781444566291,-1.1496325463963983,0.2814757362188641,-0.9080900558091323,-0.535667470445225,1.2420435211624474,0.9439346366919433,-0.06007290011815976,-0.3458594558742533,-1.2783319978641134,1.463895443896267,1.5155179211099339,-1.0073126553012657,0.5126598595805225,0.0005551274671892323,-1.1724416161397817,-0.004479185020135482,-0.8627839334834673,1.5194072491992043,13
-0.3400752583374238,0.07996973531843041,-0.45716288129562055,0.024633472310116297,-1.1724291556351738,1.824471605870197,-0.6557136259465379,0.8143724788714625,0.010634892700354339,-0.41124182481320964,-1.3510592551353302,0.12269853623911188,-0.1360274314865002,-0.3033827579905745,-0.3165047975786454,0.5164348482669904,-0.5192892463133404,1.2218355552834177,-1.5816789289520095,1.2272966955171893,1.0664428902792207,0.04346904235622246,13
-0.6381060127288793,-0.31422785690961286,-0.4966601456237059,1.202590335747953,-0.6571607809453777,-0.7678672013864176,-1.0650564420108104,1.3216054812552667,-1.2207737357617388,-0.8825632295240712,0.4456741061411876,0.626510292745006,-1.2421512770547092,1.463895443896267,1.055270709681171,1.1481777972821485,-1.4189039744888496,-1.2207253003490393,1.6280724649469176,1.2272966955171893,-1.269401645473504,0.024179571033385725,13
-0.7193871275629128,-0.46584231545886023,-0.5164087777877486,-0.22468294496009458,-0.5824738285773494,2.2399994545883732,-1.246577574506773,0.536187021236211,0.010634892700354339,1.678315688897894,1.1269484851522202,1.304916082261949,0.04553714887858662,1.463895443896267,1.4467930773977749,-1.1805574320567058,-1.2053216022735436,0.0005551274671892323,-1.0276300532386884,-1.2362550655574602,-1.7535643496937325,0.6200277698757912,13
-0.7464808325075906,-0.2535820734899139,-0.5361574099517913,1.155309813356253,-0.8842537839154098,3.251476378365773,-0.5281622594482254,-0.35093110001794137,-1.2207737357617388,0.7680528341709172,1.0775912409680037,0.7065099513971708,-1.5661221103541096,-0.892475491952855,0.37682272531747124,-1.1800165007574817,-1.1548432685831687,0.0005551274671892323,0.03286192671008229,-1.2362550655574602,-0.9922075753401265,0.41368834942159566,13
-0.5839186028395238,0.11029262702827988,-0.5559060421158339,-0.0012857790153880913,-0.9321624678863735,-0.7656166223832639,-0.9112811579836342,1.5569281456475532,0.010634892700354339,-0.7978751572714611,-0.67056032180589,-0.26701384581293314,-0.6964486175270802,0.8748027099339865,-0.24485021774147564,-1.5064859632353846,-1.661013011817826,0.0005551274671892323,-0.954179686336004,-0.004479185020135482,1.3347396501282525,-0.5547142459907357,13
-0.5297311929501682,-0.5568109905884087,-0.4966601456237059,0.9256830253114453,-1.0916579661214751,1.6001242666333533,-0.64469340755201,0.8979223765616695,0.010634892700354339,-1.1786131091933716,0.41787227488905176,-0.2345441023895446,0.8245145231814842,-0.892475491952855,1.602100955168428,0.24254921426071926,-0.8714403769507854,-1.2207253003490393,-0.4274749592012914,1.2272966955171893,0.649578543348389,-0.030296793707943376,13
-1.3696360462351795,0.049646843608580925,-0.45716288129562055,0.5054027026618865,-1.249600628803909,-2.5140922837815234,-1.0497950057168597,1.3714730719293928,0.010634892700354339,-1.272251759540478,-0.5476499461110622,1.1348798501968895,1.6011563331392826,0.8748027099339865,0.7493418700693344,-0.21625539641674968,0.5557385499045249,-1.2207253003490393,0.3542478044095849,-1.2362550655574602,-1.4452710690580546,-0.23622854177756183,13
-1.179980111622435,-0.2535820734899139,-0.5164087777877486,-0.021707883993437583,-1.1973503836307668,4.46743732487336,-0.5302908167621883,-1.5926556313097064,1.2420435211624474,-0.3970449940990092,-1.2323716493074155,0.7167233820711472,1.485457107973772,-0.892475491952855,-1.613306450330502,0.2813529407533971,-0.5110594279855686,1.2218355552834177,-1.5960921932876126,1.2272966955171893,-0.362678210700654,-1.293396967523679,13
-0.9090430621756572,0.14061551873812936,-0.45716288129562055,1.0889121010715102,-1.253165172016383,-0.017947861653307917,-1.286651613657308,0.6861232133480804,0.010634892700354339,-0.6232549321772259,-1.5490691859602461,-1.4277446511938343,0.8985152298107353,0.285709975971706,-0.9706492213879082,-0.2729340719766783,-1.448197199507479,1.2218355552834177,-1.2818967137744932,1.2272966955171893,-0.44792174465061035,-0.11796560011551936,13
-1.071605291843724,-0.2839049651997634,-0.6151519386079619,0.14304688679199573,-0.7138844073851947,1.9989753571444582,-1.2441062935104579,-1.4808374946364993,-1.2207737357617388,0.8620827504144982,-0.9165612005341188,1.3250221277647598,0.2526199080795311,-0.892475491952855,-1.680438633953276,1.2464278360772219,1.0590999658287055,0.0005551274671892323,0.4884058994541886,-0.004479185020135482,1.4371565874168786,0.23026220426319935,13
-0.7735745374522683,-0.13229050665051595,-0.5164087777877486,0.517264733686438,-0.44565517140566074,-3.564948503692413,-0.5604966505703108,-1.5340802684744832,1.2420435211624474,0.9711041774151092,-1.6919182452268207,0.7260531298370785,-0.6065947603896549,1.463895443896267,1.497705299408683,-1.5890511850180544,0.22981754080746183,0.0005551274671892323,-0.9365483936685811,1.2272966955171893,-1.4996199329476805,1.2591694570269576,13
-1.1257927017330795,-0.071644723230817,-0.5756546742798766,0.282126091429631,-0.9953695438974395,-1.2646908509391563,-1.00483532492982,1.0143778344957055,1.2420435211624474,1.5939184352737155,-0.826215806572821,-0.6439851615917639,1.703161094648436,1.463895443896267,1.1399394695960783,0.3133049546673415,-1.0501326117845489,0.0005551274671892323,-1.3083908659843109,1.2272966955171893,-1.1377594447524448,-0.4026391613290774,13
-0.6110123077842016,-0.16261339836036545,-0.6546492029360473,-0.08987289652136163,-0.7290355782271472,3.598794189015007,-1.138689719163919,-1.1439216223378288,-1.2207737357617388,-0.5644857753049899,-0.3401974875050484,-1.561326008851922,-1.7104814734459823,1.463895443896267,-0.7240136511843737,-0.7598620079459567,0.7674842385925813,-1.2207253003490393,-0.7665760565077251,-0.004479185020135482,0.9758932668267413,0.15053301609103006,13
-0.6651997176735572,-0.10196761494066647,-0.5756546742798766,0.33612559734956177,-0.8901024269800616,-0.5999742251307415,-1.290441400029504,-0.19565476118502786,-1.2207737357617388,-0.3188056681842859,1.4391427048261152,0.8072865414451842,1.4572143392820156,-1.4815682259151355,0.25712392339817436,0.0882289732744142,-1.2804965490037168,1.2218355552834177,0.6300352924796151,1.2272966955171893,0.5619947087271465,-0.7939887539554522,13
-0.39426266822677936,0.07996973531843041,-0.5559060421158339,-0.0402693176892183,-0.9801554665610309,1.2505117264411125,-1.3029086806247512,-0.13088328432373914,1.2420435211624474,0.09767949106774637,0.7941794495972687,-0.5487695043140162,1.6527869040544723,-0.892475491952855,1.2428353601303,0.5624383581549737,-1.6187167496735906,-1.2207253003490393,-1.2403058854561215,-0.004479185020135482,-1.7350338204342812,-1.518143424960898,13
-1.1528864066777573,0.20126130215782834,-0.5954033064439193,1.1061625654780356,-1.143958939657457,-3.4391087602674197,-0.9162308901204369,-1.1537220291961794,-1.2207737357617388,-0.0839168660076565,0.48976666370607497,-1.295003661046052,1.6239157455613353,0.285709975971706,-0.6288092454604552,1.5217698205198618,-1.3809799470236275,-1.2207253003490393,-0.23917365316200304,-1.2362550655574602,1.088070201443852,-0.2681362772420787,13
-0.7193871275629128,-0.4961652071687097,-0.5361574099517913,0.9792907758224014,-0.5954921389601747,-0.8416811257556375,-0.7410128818187826,0.8893805503221743,0.010634892700354339,-1.0545030103743662,-0.18254349098636277,-0.40002141176851347,-1.3294275396336541,1.463895443896267,-1.662632664177555,-1.4191887256304383,1.553306712101347,-1.2207253003490393,-1.1401200153425148,-0.004479185020135482,0.29058274540012113,1.4054746363324155,13
-0.7735745374522683,-0.31422785690961286,-0.4769115134596632,-0.03774218419621816,-0.8203943056216408,-2.514784980188387,-1.04229639352236,-1.6861163096023137,-1.2207737357617388,-1.71000356081593,-1.0532388016245355,-1.251139810124104,-0.39819083990249415,-0.892475491952855,-1.0778631794305542,-0.47677551699613296,-0.4912534612838951,-1.2207253003490393,0.30933700076593723,-1.2362550655574602,0.5696661041444884,-0.9524115274797318,13
-0.39426266822677936,-0.31422785690961286,-0.4769115134596632,0.29189796226367964,-1.2502374807981387,-3.824272348541942,-1.127038849853345,1.6241527301702359,0.010634892700354339,-0.11278059208536509,-0.04219041686369005,-1.7044039052982591,0.453374477910155,1.463895443896267,0.8510109148541074,-1.2286185783781978,1.5219653261022126,0.0005551274671892323,0.20322338635083484,-0.004479185020135482,-1.50233148504622,0.6380822518624734,13
-0.7735745374522683,-0.2839049651997634,-0.4769115134596632,-0.25814673426552115,-0.6807388136321763,-0.5674004487101831,-0.809310531230019,1.3357821986602119,0.010634892700354339,0.2636263269639651,-0.12732511680916866,1.3369515155714504,-1.6472395572249783,0.285709975971706,-0.5040109227945854,0.714424969386146,0.9993554042318766,1.2218355552834177,1.1811801754191682,-0.004479185020135482,-0.2793708040407281,-0.40034714898208157,13
-0.9090430621756572,-0.31422785690961286,-0.5164087777877486,0.8780437839107863,-1.1492604684672,-1.2550881821873088,-1.1358184654421593,-1.5029998202615282,-1.2207737357617388,0.9056604838380035,0.6935567372688013,0.5271579714818196,-1.6959461512613472,0.285709975971706,0.17775891281149242,1.5324348069091622,0.1868820218148124,1.2218355552834177,0.5905044564880637,-0.004479185020135482,0.6031375980097218,0.6981389685793583,13
-1.1528864066777573,-0.2535820734899139,-0.6546492029360473,0.4897576828540766,-0.4716455469890302,-2.4014057683314887,-1.267110961539965,0.7515918543291141,1.2420435211624474,-0.7290482607157348,-1.578428743755689,0.6435998348720862,0.7999484270399502,-1.4815682259151355,-1.4857882923617447,-1.5996259147645842,-0.7649498901006414,1.2218355552834177,-0.8104179694254086,-0.004479185020135482,0.9335518068150559,1.281122885755806,13
-1.179980111622435,0.07996973531843041,-0.4966601456237059,0.14278125833370556,-1.4139357975003917,-1.1945030956280553,-0.8728470394757226,0.0514404809905432,-1.2207737357617388,-0.4320077400557977,-0.2742509388417614,1.009844166585301,-0.5035639561535264,-1.4815682259151355,1.0536924701442212,0.4242692264528088,-0.6400749679415432,0.0005551274671892323,-1.4542781316358075,-1.2362550655574602,-0.8400243802127136,0.05602154079956872,13
-0.39426266822677936,0.11029262702827988,-0.6349005707720046,0.5921558387413168,-0.6442226367855088,2.356533667228256,-0.8450992947779814,-0.29054527833880234,1.2420435211624474,1.6591311526833763,-1.0447714637684136,1.1894657033619784,1.5492996120575395,-1.4815682259151355,0.5002945523481827,0.7997064932410081,0.41965207410802813,-1.2207253003490393,-1.5869041625465738,-0.004479185020135482,-0.23437512353674506,-0.3551991174252678,13
-1.071605291843724,-0.2535820734899139,-0.5756546742798766,0.6091492453884862,-1.2184929490328076,-3.4137750068031485,-1.080106754986629,-0.16410082982699054,0.010634892700354339,0.8081078910256563,-1.273424636692813,1.135588600209964,-0.007583663555336447,-0.3033827579905745,1.615146198186977,-1.6481093555008082,-1.1327612496455566,1.2218355552834177,0.3381951530342643,1.2272966955171893,-1.3730819332309188,1.378606869145763,13
-1.2070738165671129,-0.5264880988785592,-0.5164087777877486,-0.27656562453704336,-0.5251604695884726,3.101798040632992,-1.1141108706148188,0.735137060080392,-1.2207737357617388,-0.3600265677877872,-1.4955052951752053,-1.1110558080773498,0.30116724565348,0.8748027099339865,-1.2094073383630328,0.7769113289717123,-1.442493483190256,0.0005551274671892323,1.7233767140647513,1.2272966955171893,1.591987781293601,-0.21688605220189766,13
-0.9090430621756572,0.11029262702827988,-0.5559060421158339,0.5709589536411661,-1.1806967241759687,-3.4583058678478733,-0.6786222838946728,1.2814845290886552,0.010634892700354339,1.0932378489114596,-0.47179291747204477,0.16727230088777065,1.412461337073504,1.463895443896267,1.651611801627246,-1.3671337522303222,1.4026113818228245,1.2218355552834177,0.852641531662838,1.2272966955171893,-1.2437672247544003,1.324135567226678,13
-1.2612612264564684,-0.19293629007021493,-0.5559060421158339,0.07175092426596044,-0.293184687718607,-2.9418498307464716,-0.5691270690304424,-1.3233075995373784,-1.2207737357617388,-0.841256960061283,-1.0658879371990124,-0.7912140534996149,-0.5188115521228923,-0.3033827579905745,0.4757098750923334,0.46286720305518825,-1.2596502485097318,1.2218355552834177,-0.5769943825559777,-1.2362550655574602,-0.6345440939748629,-1.629052499572016,13
-1.1257927017330795,-0.13229050665051595,-0.6349005707720046,1.0406877588542383,-1.353003175696991,1.5405998644197532,-0.8810457822060188,0.825308112323822,-1.2207737357617388,1.2269821561874237,-0.8130258775788022,0.07468494906204738,-1.4411368445325727,0.8748027099339865,-1.2433954249339407,0.02694268742943148,0.24968783737200326,-1.2207253003490393,-1.6662837496712486,1.2272966955171893,-1.3964864137091386,-1.1117869716199593,13
-0.692293422618235,-0.071644723230817,-0.4769115134596632,-0.02212341573407106,-0.4408717934108589,3.77792577811281,-0.6985751910013275,0.5661765275693209,1.2420435211624474,-1.5480362510659884,-1.040269300809607,-0.5965779308460868,-0.47674873146714325,0.8748027099339865,0.5477478032145535,0.7502813959618952,-1.2335965103481512,-1.2207253003490393,-0.45621559020516483,-1.2362550655574602,1.5148455621633654,-0.165865692476013,13
-0.39426266822677936,-0.2839049651997634,-0.5361574099517913,-0.09697684052786193,-0.9052567732023313,-2.524454009158307,-1.1825608416828781,-1.0423091987343784,0.010634892700354339,1.5597340586773283,-1.6265380704239334,1.1505785946732774,1.415558915774639,-0.892475491952855,-1.3925030773013458,1.5479294499332346,0.19965533835740512,1.2218355552834177,-1.5851867835881401,1.2272966955171893,0.7344309553938603,-1.1668190515068406,13
-0.8006682423969461,-0.46584231545886023,-0.5559060421158339,0.29408544798491937,-0.3555395164516905,-0.8726075307961394,-0.7509361303980735,0.18333570309796554,-1.2207737357617388,-0.5026735071625585,1.0154649690373876,1.6425987874466423,-1.0818870338381061,0.8748027099339865,0.5655515433153239,0.5641307216858116,-0.3805278077356043,1.2218355552834177,-1.4310723698283985,-0.004479185020135482,-1.2748788326798863,-0.21530704929989236,13
-0.3671689632821016,0.11029262702827988,-0.5559060421158339,1.083313599641389,-1.1977800353203567,1.1435133531983632,-0.5944813523738706,-1.0160808714132452,1.2420435211624474,-0.7264467844932625,-0.8181884009662006,1.071232856902902,1.7366235034995492,-1.4815682259151355,1.5822029480788005,-0.4935265194629214,0.6984384896536924,0.0005551274671892323,-0.13640268763741795,-0.004479185020135482,-1.3931003894193634,0.27951117378689305,13
-0.5026374880054905,-0.16261339836036545,-0.5954033064439193,0.16608744992183944,-0.6774646254348295,-0.6151331272730426,-0.7152850510171428,0.8763993970183749,1.2420435211624474,0.3057831876178148,-1.2276898101303564,-1.309651933486394,1.4085430400131347,0.8748027099339865,-0.989664402751913,1.0346925697977059,-1.2841397979011344,-1.2207253003490393,1.4796094194530813,-0.004479185020135482,-0.6295764167713126,1.3462210601471536,13
-0.5839186028395238,-0.2839049651997634,-0.5559060421158339,0.8740728619612094,-0.35579486231477714,2.7794439509523037,-1.3036775442277337,-0.1372600839747538,-1.2207737357617388,0.9846582653770349,1.6132893296874677,1.1755737519357141,-0.6967764690036768,-0.892475491952855,0.00266833865348815,1.6518727147680041,-1.009411878357873,0.0005551274671892323,0.373867944978319,1.2272966955171893,1.1709559772489209,-1.0710553832633694,13
-0.692293422618235,-0.071644723230817,-0.5954033064439193,0.42700439412322866,-0.7484908432095437,3.864255742090833,-0.9678478549429649,-1.3827847141584944,-1.2207737357617388,-1.2421930829051722,-0.21684400940648366,0.773048564015523,1.620126360926781,-0.3033827579905745,-1.2043323914362452,-0.2792239337312079,-0.3840180825585862,1.2218355552834177,-0.7029571924383662,-0.004479185020135482,-1.101764406642938,-1.4129688689591258,13
-1.0986989967884018,-0.2839049651997634,-0.4769115134596632,1.0619697623131026,-1.2786101621031152,2.0224990289418963,-0.822402607345002,0.07806466072666746,1.2420435211624474,-1.686848777513881,-0.5989280546185245,0.767175987597896,-1.1872173269897492,1.463895443896267,0.8026668540079911,1.5291603071757232,1.233111807028655,-1.2207253003490393,1.121224616648696,-0.004479185020135482,1.5998900401085971,-0.56857382489044,13
-0.7464808325075906,-0.5568109905884087,-0.5954033064439193,0.17275505863823165,-1.0834584036424801,-1.3634523246328387,-1.2097359632737361,-1.7215182867885874,0.010634892700354339,-0.5756602075625696,-1.711285112145908,-0.8746514613927155,-0.9982822434775309,-0.3033827579905745,1.1487233569683333,0.5923442188140859,-1.2655572374460988,0.0005551274671892323,1.0136161747693955,-1.2362550655574602,1.2564831729218624,-1.060979297847947,13
-1.1257927017330795,0.20126130215782834,-0.4966601456237059,1.255014776730288,-0.6428037624776701,-0.2500456031566143,-0.7135828933338314,-1.0976889659291929,1.2420435211624474,0.5077922994070855,-1.1242166243580813,-1.399285703470537,-1.0514952707744667,-1.4815682259151355,-0.20949292743072706,-0.724437451837684,0.9930683367092853,0.0005551274671892323,-0.8441124978250009,1.2272966955171893,0.030721826864237838,1.459116128747333,13
-1.2883549314011462,0.14061551873812936,-0.5361574099517913,-0.050337516636507124,-1.1076655336206702,3.478088185893627,-0.871009968350939,-0.6430796238248265,-1.2207737357617388,-0.23796507558178825,0.07600934267354961,0.39131187460750905,0.01574067994905062,-0.3033827579905745,-0.06327962244477657,1.2785235539454545,-0.1319265071975662,1.2218355552834177,0.11286108376581049,-0.004479185020135482,-0.4810916733707941,-0.23439269479774977,13
-0.7735745374522683,-0.34455074861946233,-0.5164087777877486,-0.01456811055435865,-0.6521197707956903,1.8328362747191131,-1.0009061352449253,1.0154342139781911,-1.2207737357617388,-0.1687823715244479,-0.15139408681492889,-1.0970150082999992,0.1364391071504689,-0.892475491952855,0.5520013313621928,0.18443987843625329,1.332075743368654,-1.2207253003490393,0.8527656496499024,1.2272966955171893,1.5824095956098094,1.11456419936619,13
-1.0445115868990462,-0.43551942374901076,-0.5361574099517913,0.6670384185284843,-0.38736660226487696,2.2156235127216197,-0.6004515929291028,-0.18082734523375435,0.010634892700354339,-1.5265784360964476,-0.17326371589997644,0.049025452147819476,0.5887710791348592,1.463895443896267,0.6291862399492748,0.3587061332533398,-0.40786617608971726,1.2218355552834177,0.20168820048653652,-0.004479185020135482,0.5186901541600193,1.5603631705167689,13
-0.312981553392746,-0.5264880988785592,-0.5164087777877486,0.7361695813155932,-0.4932248853247771,3.3634788344342312,-1.263612117367281,0.6209381866496323,0.010634892700354339,-0.814452531976862,1.3972651249623542,-0.9300900997231019,0.40585842926800386,-0.3033827579905745,0.3266784701856405,0.46657264780586544,1.6276761564307556,1.2218355552834177,-0.7402073228972187,-0.004479185020135482,-0.7076681951354356,1.7391055426047088,13
-0.5026374880054905,-0.3748736403293118,-0.6349005707720046,0.5965209140783216,-0.45318203711198607,1.5932645080041847,-0.6354410218088214,0.8812900376194006,1.2420435211624474,1.3905702022080921,-0.20503826107151432,0.6172379873318308,-0.12197367586018942,1.463895443896267,0.5102333620609301,-0.48333956561414837,0.8295152836864711,0.0005551274671892323,1.030105547011167,-1.2362550655574602,1.6714219772199999,-0.8908742132033326,13
-0.556824897894846,-0.3748736403293118,-0.6546492029360473,-0.1548962807385595,-1.2269749020189684,-0.7552496331124228,-0.9351483919728434,-0.7903273949145737,0.010634892700354339,-0.5547348358921148,-1.730421715202865,-1.3567129035118854,-1.0663709450942265,1.463895443896267,0.8773668161272961,0.03429171923090071,1.3232230235734201,0.0005551274671892323,-0.16596232981392495,-0.004479185020135482,-0.7696287621904803,-1.3079371831688094,13
-0.8548556522863017,-0.5264880988785592,-0.5164087777877486,-0.03345181951737712,-0.5808117200473377,-0.39355423831954045,-0.8447471445500194,-1.3256375545624226,0.010634892700354339,-1.7429727631110343,0.44356110611170285,-1.5923820934723167,0.372624078953363,-0.3033827579905745,-0.20074982879956213,0.049876376552759165,0.9405932916994442,-1.2207253003490393,1.644667259861711,1.2272966955171893,0.3949254621709912,-0.06425697238282337,13
-1.2612612264564684,-0.2232591817800644,-0.6546492029360473,1.0659558563158047,-0.40783303629004236,-3.831576919789105,-0.7223784498764713,-0.8338094558209861,-1.2207737357617388,-0.9139861536625782,0.08005769982327388,-0.13920832573934858,1.3446099957759419,1.463895443896267,-0.18302226394241805,1.4397173962746646,1.0249055065104986,-1.2207253003490393,-1.576131608947118,1.2272966955171893,-0.16481832690996823,0.7195791659182629,13
-0.8006682423969461,-0.43551942374901076,-0.5559060421158339,0.2855357738308884,-0.8617492449721875,1.1870933014097438,-0.777452423354496,-0.17589753066518904,1.2420435211624474,-1.4683435190604464,-0.47166302563892576,0.4840612955519725,-0.02023624067576671,-0.3033827579905745,-1.643615165873323,-0.26429093893205524,0.3334788992278212,1.2218355552834177,0.22629566576087243,-0.004479185020135482,0.09136315046080801,0.48770366555790395,13
-0.42135637317145713,0.11029262702827988,-0.45716288129562055,0.2922185526251351,-1.3127294308814776,2.417950923354911,-0.5885162230283482,0.590098036169158,0.010634892700354339,0.23138610635990023,-0.7437967749897804,1.4873026277793917,1.6478658578739025,-0.3033827579905745,0.051678222733038404,1.7029438063102684,1.0199925277634523,1.2218355552834177,-0.08789202123153791,-0.004479185020135482,0.19797049325868557,-0.42814076706912396,13
-0.7735745374522683,0.049646843608580925,-0.4769115134596632,0.583052843898617,-0.6368470109214955,2.832007926601582,-0.7085766448747137,0.34089509073490776,-1.2207737357617388,-0.3717040732565508,1.4941132024411274,1.5687517320767885,1.3486044789658065,1.463895443896267,-0.46170153056437463,0.730903908353948,-0.27649644087634656,1.2218355552834177,-0.46412532180128296,-0.004479185020135482,0.10881564895717984,-0.0850930785931921,13
-0.42135637317145713,-0.071644723230817,-0.6151519386079619,0.6287382207522695,-0.9721859637105742,-3.761696870296868,-1.1394537563828289,1.2831828912157435,0.010634892700354339,-0.9015067311646893,-0.15212791741659182,1.3912902224291068,-0.9377450056448374,-0.3033827579905745,0.8454703722107622,1.4588672823065059,1.0873613171385543,1.2218355552834177,-1.6345023301941586,-1.2362550655574602,1.0832594619038696,1.0860431140980422,13
-0.9090430621756572,0.07996973531843041,-0.6151519386079619,0.4595848305852834,-1.1711278314986475,-0.6628590130474972,-0.6151643263737736,-1.1738897217544488,-1.2207737357617388,-0.7054605434902838,1.5405371766828189,0.8771919973408144,0.9542228553746935,-0.892475491952855,1.0186677719700676,-0.11269078292249095,1.6535744550272091,-1.2207253003490393,-0.29964643714646183,-0.004479185020135482,-0.6501614842107365,0.1907158058701166,13
-0.6110123077842016,0.11029262702827988,-0.6151519386079619,0.9602447944328302,-0.4447386024594815,3.808049380505793,-0.7570595594628506,-1.4525233241505553,-1.2207737357617388,1.2763201608449932,-0.5580137609284879,0.6680511799780556,1.1924528798914054,0.285709975971706,-0.8662931695435703,-0.33619345558709285,0.7779058662591027,0.0005551274671892323,-0.30009329116935757,-0.004479185020135482,-1.0505493870123959,0.5821985613354809,13
-0.7735745374522683,-0.5264880988785592,-0.6349005707720046,0.9807516365423764,-0.9304339576073967,2.2161194108304905,-0.7075698361144408,-0.6304391027054077,-1.2207737357617388,-0.8934949675269516,-1.7649121084866493,-0.9075320930412688,-0.9532479302010908,-0.892475491952855,0.9205470301851555,0.5464165817567095,-1.358435786876213,-1.2207253003490393,-0.5213054771691796,-0.004479185020135482,0.5244360756921475,0.8716756164058321,13
-1.071605291843724,-0.3748736403293118,-0.5756546742798766,0.24550025544176124,-1.3328497475535128,-1.7288276698949225,-1.0797054536815354,1.5573331374228523,0.010634892700354339,-0.9241875764918224,-1.5885998470274008,1.6536505062310403,-0.3270756412794587,0.285709975971706,-0.07942855012804431,1.4235464711583137,0.13622338857938085,0.0005551274671892323,0.11463184126408298,-0.004479185020135482,-1.6027842296757764,0.5832851089435758,13
-0.3400752583374238,-0.46584231545886023,-0.5954033064439193,0.1371378471522685,-0.4624827301053001,-0.22661981807655138,-1.232660153409958,0.5447822262147058,0.010634892700354339,1.3104181190898865,-1.509446914323292,-0.8988186233974725,-0.06323999638199419,-0.3033827579905745,1.1326447525622545,-0.8818836497234209,0.9581942738313212,1.2218355552834177,-1.5131362380142641,-1.2362550655574602,-0.027283976044678606,1.6709886949370838,13
-0.7464808325075906,-0.4961652071687097,-0.4769115134596632,0.6245984526757361,-1.2245304620834325,1.9675595650430284,-1.2649788707501255,0.5970148068430284,1.2420435211624474,-0.20359323707690294,0.29513840092039717,-0.5979122836052707,-1.4138055642869274,-0.3033827579905745,-1.1441239350622436,1.2367517181110839,-0.8789267240956393,-1.2207253003490393,0.29568337052035,1.2272966955171893,-0.659268010274193,1.4160548042655192,13
-0.692293422618235,-0.5568109905884087,-0.5559060421158339,0.6491154475833318,-1.2636882651313284,3.1710220316100095,-0.5744463505106971,-0.6592454902834147,-1.2207737357617388,-0.6947152175109773,-0.22452548729315405,1.4029492455649744,1.3894835035542032,0.285709975971706,-0.43354260848463766,-1.4103441516373862,-0.11988196527164724,0.0005551274671892323,0.9502308272632393,-1.2362550655574602,-1.261257187909426,-0.8738665156106293,13
-0.28588784844806825,-0.2535820734899139,-0.5559060421158339,0.7428263339450198,-0.619331698449846,0.5286098705815176,-1.1851771446098298,1.1218893069857685,0.010634892700354339,0.07280838644943623,-1.2424263178125143,-0.61925901271519,1.2197128367831993,-0.3033827579905745,-0.5811678561853286,0.07836967434460433,1.2624453499219477,0.0005551274671892323,0.7394891831126248,-1.2362550655574602,0.06479695726270976,-0.8847283375839722,13
-0.7464808325075906,0.14061551873812936,-0.5756546742798766,-0.2854881132307073,-0.5943610009221504,-1.584266965441043,-0.8057766620578282,1.609063992345785,0.010634892700354339,0.17880227230607784,0.9803236171568728,-1.3219321138111646,0.2517279858931216,1.463895443896267,1.5786776075194071,1.2592665906398848,-0.18468761095904654,0.0005551274671892323,0.41646237824033455,-0.004479185020135482,-0.9435084583627574,-0.23786081884376406,13
-1.315448636345824,0.07996973531843041,-0.4966601456237059,0.2048526303370075,-0.5252561281451682,1.3965679273645988,-1.211102798009335,0.30280673022459076,1.2420435211624474,1.386315603070934,0.7749445089270336,0.35582000386515894,-0.0440567002475612,-0.892475491952855,1.1981481613216518,1.7318237832872654,0.5801762875022202,1.2218355552834177,1.5849441500685963,-1.2362550655574602,1.3783508775607285,1.5168035923876233,13
-1.2883549314011462,0.07996973531843041,-0.6151519386079619,0.5101882024846869,-0.8075971181574957,2.8947044175449497,-0.9341525634683812,-0.11726183888292342,0.010634892700354339,-1.139778192224247,-1.2133879128154912,-1.413117018444581,0.1283198019233413,0.285709975971706,-0.5011120912367418,0.8702745605775043,0.5290464496130517,1.2218355552834177,-1.2486912655098972,-1.2362550655574602,-1.3359669600139314,-1.2555511745367929,13
-0.6651997176735572,-0.071644723230817,-0.45716288129562055,0.6219427112922352,-0.8470539914444549,1.7098647784434782,-0.8780926532163783,-1.7304656067943844,1.2420435211624474,-1.240614633175321,1.6458683693186555,0.7857022296597688,-1.6934201704891423,-0.892475491952855,0.10820123553830001,-1.0966865409001536,1.3398204548807204,0.0005551274671892323,-0.5560740339383853,1.2272966955171893,-1.3601125425585756,0.9864847537533921,13
-0.312981553392746,-0.34455074861946233,-0.5559060421158339,0.7375120502443724,-0.45951548141153864,2.050280652106931,-1.1399440650625579,0.6222327789894148,0.010634892700354339,0.19290265543799556,1.5786964561637904,1.4918789689803549,0.8871847255026173,-0.3033827579905745,1.343165003181965,0.2039896225429942,-0.19487235625874066,-1.2207253003490393,1.3422979800491868,-0.004479185020135482,1.651899791252448,1.5423350819879884,13
-0.6381060127288793,0.17093841044797883,-0.5559060421158339,0.4727079967982829,-0.8478588501696258,-2.6775440856093184,-1.2276007743226651,-0.060500955554095424,-1.2207737357617388,-0.5145179877982867,0.06291181295144932,-1.674622537206005,-0.029853119647200783,-1.4815682259151355,-1.1121908046046685,0.6469624176294043,-0.3708682481768926,1.2218355552834177,-0.4592882986589926,-0.004479185020135482,-1.1336415074388833,0.5788877893663266,13
-0.7193871275629128,-0.2535820734899139,-0.5756546742798766,0.2453830053569461,-1.017898104853335,-0.6682872251225502,-1.2507032156225362,-0.3832062886909114,1.2420435211624474,-0.31048397351092716,0.7962788628954033,1.4533128769366326,-0.919148387920423,0.8748027099339865,-1.2864490362400327,-0.615572264772968,-0.5569018134835969,1.2218355552834177,1.11778124236519,1.2272966955171893,0.8837315418051032,-1.6176847618034276,13
-1.179980111622435,-0.4051965320391613,-0.6151519386079619,1.1053911591180405,-1.3727513142545116,2.665676619637407,-0.9040885478939672,-0.42407893920566686,0.010634892700354339,0.7582217861260924,0.24074977821281648,0.2213053593958144,-1.1033464998474674,-1.4815682259151355,1.3106270394995814,-0.0023414693369259634,-0.5721282858021273,-1.2207253003490393,0.43376678409422786,-0.004479185020135482,0.35988070803961786,-0.9257130791761248,13
-0.9632304720650128,-0.2535820734899139,-0.4966601456237059,-0.2789116573245708,-0.45141762230278926,0.9753823501928521,-1.0454513095551405,-0.5367133755551368,0.010634892700354339,-0.92694144370426,0.9847211695357869,-1.1188460681135426,0.9261004257658945,-0.3033827579905745,-0.5840137921472425,1.1730460162705982,1.3399554084711853,1.2218355552834177,-0.45805165448415885,-0.004479185020135482,0.5550903023986948,1.519872404657882,13
-0.6651997176735572,-0.041321831520967515,-0.4966601456237059,0.8636101165476523,-0.9828912323658062,-1.9871614399867872,-0.9197112471982956,1.5633467455268046,-1.2207737357617388,-1.629508184547227,-0.519973394581038,-0.8686695649473131,0.355494992161535,-0.3033827579905745,0.1483187038767305,-0.09915726868281816,0.22812822022226495,-1.2207253003490393,0.22847959195795212,-1.2362550655574602,1.6693180355667119,1.1790244704341302,13
-0.8277619473416239,-0.2535820734899139,-0.6349005707720046,0.8539895020562768,-0.7576186343185576,-2.382215926553244,-1.056074422044312,1.13780852140151,0.010634892700354339,1.4971578245931039,-0.5447109364888019,1.2803911117179783,-0.2444377610816677,0.285709975971706,0.49845121562116146,0.24972922484343332,-0.32745142500918406,0.0005551274671892323,1.1278452524553149,-1.2362550655574602,-0.1606818580327569,1.6835093104301224,13
-0.4484500781161349,0.019323951898731442,-0.4769115134596632,1.1052993682953964,-1.3442998464086608,-1.8655307827601442,-0.630843061163782,-0.5444028978424854,-1.2207737357617388,1.3200689846645333,-0.8195100098318171,-0.6597411421745344,1.6941951853026505,-0.3033827579905745,-1.0960478695206766,-1.419840328663215,0.4103664014264679,0.0005551274671892323,-0.8296481428540385,-1.2362550655574602,-1.0754951934570054,1.5889091640746638,13
-0.8548556522863017,-0.071644723230817,-0.45716288129562055,0.23476096424956253,-1.0441675185545205,-3.804935921595055,-1.0844419567924597,-0.7391599120029516,-1.2207737357617388,1.0738587593479387,-0.20482626741033524,-0.82345959049404,0.8124236274498664,-1.4815682259151355,1.5142427588092469,1.1008522121996909,0.535760227822911,-1.2207253003490393,-0.8903774330107459,1.2272966955171893,-0.022195786630460883,0.31296979973829775,13
-0.5839186028395238,-0.3748736403293118,-0.5361574099517913,1.1610120500700587,-0.38782996249445034,3.1021390926326786,-0.7078887037842063,-0.14343858489876463,0.010634892700354339,-0.8971433027067541,-1.1491163865371241,-0.891121966491813,0.7286330410901246,-0.3033827579905745,-0.502947670046225,-1.0917290844326002,-0.4501698169726644,0.0005551274671892323,1.083552289226029,1.2272966955171893,-1.491435149423388,-0.21512407518261067,13
-0.8277619473416239,-0.10196761494066647,-0.5164087777877486,1.0628344014432463,-1.1256175965629507,3.7962685284182283,-1.1856695580873187,-1.1108684425423045,-1.2207737357617388,0.7328708248451885,-1.3341858978571521,-1.2920675197985376,-0.7647961695725201,0.8748027099339865,-1.028005078426604,-1.105454687224993,1.6998235291292279,-1.2207253003490393,-0.12247525914022132,1.2272966955171893,-0.09408433242734639,0.41839697532475945,13
-1.071605291843724,-0.4051965320391613,-0.4966601456237059,0.7893747637865612,-0.3789200897218012,-0.8596883154156163,-0.9694232299102621,-0.12761229279165417,-1.2207737357617388,-0.7928958469539633,-1.2128595902357981,-1.1066464076776379,1.6851766368715413,-1.4815682259151355,-0.36217873642635845,1.7349079025952405,0.9661085777344682,-1.2207253003490393,0.3036704847732792,-1.2362550655574602,-0.6119874475996323,0.5603795861713319,13
-0.9632304720650128,0.019323951898731442,-0.6546492029360473,0.8611783313395642,-0.6491799841099464,2.4367681633711915,-1.0665605579716129,-0.4225868716987566,1.2420435211624474,-1.0643176456097598,-1.621235419021639,0.8280179113732017,0.30164658292484076,0.8748027099339865,-1.3120907172819045,1.427954367497537,-1.2838258256110824,1.2218355552834177,0.32933416000990107,1.2272966955171893,-1.7568038722368415,-1.3612622115703055,13
-0.42135637317145713,0.049646843608580925,-0.5164087777877486,1.0414785623710738,-0.8470740860130517,2.7985999683663723,-0.8725734636322026,-1.0873999092046944,1.2420435211624474,-0.8050589048949848,0.4038194413525488,-0.11082631646982043,0.2185042330779742,-0.892475491952855,1.4761281798267498,-0.9866603242907116,-0.05512641111410631,1.2218355552834177,0.44343698332680054,1.2272966955171893,-0.4190347710448996,-0.20880694391154525,13
-1.1257927017330795,0.17093841044797883,-0.45716288129562055,0.9435806673622836,-0.5085094064159117,1.5892758294376501,-1.2391957826828854,1.1720280514819281,1.2420435211624474,-0.30780857195062145,0.9961035745131237,0.3102735307518868,-0.4124640108692341,-1.4815682259151355,1.3630736983602436,-0.6088234901097693,1.642914076130341,-1.2207253003490393,-0.9570649444399183,-1.2362550655574602,0.9766825227476651,-0.004514979033763516,13
-0.28588784844806825,-0.2535820734899139,-0.5954033064439193,0.9521976271324663,-0.7312431324548379,-1.561454935158006,-1.3202717488370934,-0.13077360469007557,-1.2207737357617388,0.7265475870327945,-0.15432890571993577,-0.053525764968933305,1.5289727878533204,0.8748027099339865,0.631434230690127,-1.4034566462409486,-0.038952647943543216,0.0005551274671892323,-0.848909388161871,-1.2362550655574602,-0.39846222110922874,1.4007440169833039,13
-0.42135637317145713,-0.46584231545886023,-0.5756546742798766,-0.05715563701857306,-0.3728859721896315,3.416156895585104,-1.2876732755740685,0.4861201120453013,-1.2207737357617388,0.5277848411115,-0.6067981236982459,1.3607279681554274,-0.0036320723392744897,-0.892475491952855,0.7383888814187625,-0.9640797847391732,0.08457998908494566,0.0005551274671892323,1.6408589129043947,-0.004479185020135482,1.6085571428614267,-0.8914023748825033,13
-0.9903241770096906,0.14061551873812936,-0.6151519386079619,0.9719514763541217,-0.517330549142796,-2.4087252537297528,-1.273515759568891,-0.722102000478429,0.010634892700354339,0.27473433844532946,0.26455590896982745,-0.8798825851556584,-0.6721820086905694,1.463895443896267,-0.09760798620153031,1.3066870452837214,-1.7235584834108557,1.2218355552834177,-0.8107196971727905,-1.2362550655574602,-0.5496777825979651,1.0378426419219204,13
-0.28588784844806825,0.049646843608580925,-0.5954033064439193,0.9414800935454194,-1.387731595454445,0.8355465573681867,-1.0102590748118871,-0.4887526525073243,1.2420435211624474,-0.8123440735721653,-1.4739159613012263,0.2515928928996675,-1.5438692567705337,0.285709975971706,-1.255091842750749,0.5724659764543139,-0.9878257579155784,-1.2207253003490393,-1.2134309536701047,-0.004479185020135482,0.7685897960855452,0.9043921819046429,13
-0.8819493572309794,-0.5264880988785592,-0.4966601456237059,-0.31564627541239043,-0.7958912646112913,0.9623098240594286,-1.2453998468865388,1.6691532438724426,1.2420435211624474,0.9088521677218037,-0.9744881668464473,1.237151648844259,0.6972238936120049,0.285709975971706,0.6918424054093146,-0.2959354310569544,-0.851211872203124,1.2218355552834177,-0.6050088902098042,1.2272966955171893,-0.9233233940856446,0.5327359461200075,13
-0.42135637317145713,-0.041321831520967515,-0.6546492029360473,0.6088117506616295,-0.46427742334288946,4.478911707956845,-0.6877262878566893,-0.14631772877487859,-1.2207737357617388,1.3971315875361023,-1.4154840946863647,-1.1625479612437257,-1.01868639993788,0.8748027099339865,-0.746477188319603,0.5266907417096721,-1.0645128129588681,0.0005551274671892323,1.5688430336527852,-1.2362550655574602,1.3761508121186854,-0.21074444535510262,13
-1.2612612264564684,0.17093841044797883,-0.5164087777877486,0.7350357562648913,-1.0098746488409558,3.159363653910935,-1.1106036316387218,0.28983805035190724,-1.2207737357617388,-1.4594590895799178,1.6280118895476368,0.36465907247912005,1.2102380531739236,1.463895443896267,0.820298961546393,-0.07103463986883612,-1.1459323768953056,0.0005551274671892323,1.461278290211212,1.2272966955171893,-0.22547998887677762,-1.1317833212691224,13
-0.7735745374522683,-0.071644723230817,-0.6349005707720046,0.46410819817867366,-0.45522671607364584,2.8046179188025833,-0.6071233111634963,0.26655771431444336,1.2420435211624474,0.2837506065836107,-1.2103690138470797,-0.9278303944223858,1.4273670695998935,-0.892475491952855,-0.5505237253274267,0.7344706848373799,-1.4372845201884334,0.0005551274671892323,0.9357528083698622,-1.2362550655574602,-1.080208620856102,0.5214259338879935,13
-0.47554378306081274,-0.19293629007021493,-0.6151519386079619,-0.14779055503801944,-1.0425768951674037,2.781261730078753,-0.7197059742379416,0.009541543645510842,-1.2207737357617388,-1.725411006530626,0.12973147402187407,1.0101097299213555,0.10221303273803284,-1.4815682259151355,1.241187678967676,-1.3581601027761596,-0.21662257092309292,0.0005551274671892323,0.10663336105298689,-0.004479185020135482,-0.8694959059425763,1.2841522812743538,13
-1.315448636345824,-0.071644723230817,-0.6151519386079619,0.05147135481108733,-1.1464416768899888,-0.8154594711002274,-1.18172807612871,1.0481730527359314,-1.2207737357617388,1.2114617975211852,-1.5750699549712515,0.2081480237308846,1.228690916200685,0.285709975971706,-1.565826828940979,-0.35425112573325185,0.05369648856759283,1.2218355552834177,0.8230104167547773,-1.2362550655574602,-0.8553750952009437,0.8761897751083428,13
-0.936136767120335,-0.071644723230817,-0.5361574099517913,1.0673162172452626,-0.9661380803566287,-3.79635115011776,-1.2858228613236675,-0.6667819464075734,0.010634892700354339,0.768637615455805,0.3964047624664735,1.1603590237373764,1.6610135025882282,1.463895443896267,-0.83618453869878,-0.8837511339942092,1.2164734638152892,1.2218355552834177,-1.2783506607153232,-1.2362550655574602,-0.9365757096989646,0.3783637213214184,13
-0.8548556522863017,0.049646843608580925,-0.5559060421158339,0.3589165751685553,0.733342947233601,0.9251185954408278,-0.886872035120772,-0.28503584508130225,1.2420435211624474,0.7466276299092264,0.5667981574305638,-0.47000964758638186,-0.5779028369653748,1.463895443896267,-0.06696805620242309,-1.2540285079593079,1.567682388346864,-1.2207253003490393,1.3773668070990162,1.2272966955171893,0.5138065058908802,0.6974680705462196,14
-1.1528864066777573,0.019323951898731442,-0.5559060421158339,0.5368389024221487,0.41740798925470457,0.7298554030074667,-1.1769034406857466,1.0087339599791958,1.2420435211624474,-1.2187822642526305,-0.11991981929341466,1.681698949215862,-0.31655652975159554,-1.4815682259151355,1.2614857834952922,0.24046476680091064,-1.6222179575001767,-1.2207253003490393,-1.0387357809981888,-0.004479185020135482,-1.1822321146846688,-0.05680878282042884,14
-0.39426266822677936,0.049646843608580925,-0.5559060421158339,0.27623370924648566,0.5777883861954509,0.2151678184809491,-0.8766314580221398,0.032094093673642715,1.2420435211624474,-1.1577055427838259,0.16143895373163558,-0.7725229394481086,1.141507224837484,1.463895443896267,0.39432653638789383,-1.348518296193513,-0.815513360377586,0.0005551274671892323,-0.8399442370977566,1.2272966955171893,-0.076769513285115,1.7436498548338384,14
-1.0986989967884018,0.07996973531843041,-0.6349005707720046,0.5052905626019949,0.42966333185213335,0.4635889833413745,-1.2213186624345018,-0.6475718376130031,0.010634892700354339,-0.29745551329825565,0.5005256787118146,1.4608423901240908,1.5843316321887562,0.8748027099339865,0.8152150304292702,0.1890622527469655,-0.49758282546887495,0.0005551274671892323,0.7865930730584848,1.2272966955171893,-1.4035626449216652,1.279408911605599,14
-0.7735745374522683,0.07996973531843041,-0.6151519386079619,0.8419860910418224,0.7118922868273846,0.5444826810857953,-1.0685328759567616,-0.9196958791421164,-1.2207737357617388,-0.04425250797115534,1.6101017305809466,-0.49061277483718574,-1.6542721774387195,-1.4815682259151355,-0.5058994826763585,0.5741215716552552,1.6462914099127584,-1.2207253003490393,0.9922713500310933,-1.2362550655574602,0.9190274954203895,-0.08658996358255057,14
-1.1257927017330795,0.11029262702827988,-0.4769115134596632,0.8446422669848446,0.8191499107541467,0.8990377502745749,-1.100512857537492,-0.9008367865067728,-1.2207737357617388,1.1419610722020637,-0.8170534032716205,-1.1084246710323529,0.7763984368610971,0.8748027099339865,1.5874175865533815,-1.4607709287923287,-1.5069996604424998,0.0005551274671892323,-1.025562347257286,-0.004479185020135482,0.4519444831584012,1.2825483584616633,14
-0.4484500781161349,0.17093841044797883,-0.4966601456237059,0.5818905532239612,0.5286360992061259,0.6026715288226631,-0.8550411664040151,0.5725497918624107,-1.2207737357617388,1.1524904257646686,-1.0303607882704966,0.08192419092559335,-1.0395025414870926,-1.4815682259151355,1.5226467764805114,1.5918024005223013,0.9357094804393864,-1.2207253003490393,0.06140800531046875,-0.004479185020135482,1.7370623981545015,1.4116441136309732,14
-0.5297311929501682,-0.071644723230817,-0.45716288129562055,0.3791898119060318,0.6329380676322635,0.9399458541640328,-0.918078802637158,0.3651508553160321,-1.2207737357617388,-1.6607890963834104,0.34853885354767766,-1.4449896053676696,-1.6620288036489215,-0.3033827579905745,1.0449490519374574,1.2983393500971425,-0.5200339132745269,-1.2207253003490393,-1.0668024105504057,1.2272966955171893,-0.41163767609595187,-0.692797450936476,14
-1.3696360462351795,-0.13229050665051595,-0.5954033064439193,0.8034161582198348,0.739223942967014,0.672836788837919,-1.1218081223926697,-0.8510633224704741,-1.2207737357617388,0.7367680217287222,0.19635131270457576,0.12300859140121677,1.0188729430364356,1.463895443896267,0.5570828210766219,-0.489413969469924,1.5054113136310387,0.0005551274671892323,-1.4907847213872416,-0.004479185020135482,1.442621883290544,-0.42161980747731853,14
-0.8006682423969461,-0.43551942374901076,-0.5559060421158339,0.4993961202116611,0.47790307078574884,0.769360924037809,-1.032047124600864,1.1891484527943927,1.2420435211624474,0.012763556926178875,0.9458081547295296,-1.6460832062305941,-0.11813767263947003,-1.4815682259151355,-1.4323301214577113,1.5227160022173438,-0.45807455960602234,-1.2207253003490393,-1.2253946683614882,-1.2362550655574602,1.0144914465183688,-0.5483332414668588,14
-0.6110123077842016,-0.5568109905884087,-0.5164087777877486,0.7731470391653216,0.6851993143211401,0.8879774791453576,-0.7933501395562712,0.9698702343763612,1.2420435211624474,-1.7363056763227047,-0.5210858529562539,-1.0593191256525074,-0.7519661498232109,-0.3033827579905745,-0.34345256383958017,0.13528545714513232,-0.2981992618690186,0.0005551274671892323,1.1052240488480105,-0.004479185020135482,0.39172634394729783,1.3790538574693787,14
-0.9090430621756572,-0.041321831520967515,-0.6151519386079619,0.44785024994268685,0.6725308645383058,-0.1350711354433282,-1.0705000381428837,1.5311014997707662,1.2420435211624474,1.1899605776015143,0.14187950802855032,0.6183355464850611,0.7209931621273097,0.8748027099339865,0.9328893370927083,1.6641221241820474,1.3548257556011616,0.0005551274671892323,-0.7780743758446964,1.2272966955171893,0.3935812339489321,1.0899912315661502,14
-0.7193871275629128,-0.34455074861946233,-0.4966601456237059,0.5152431825433573,0.48867894852394134,-0.05353799799382555,-1.0820023504089704,-1.6959785965855363,1.2420435211624474,-0.6596180659330785,0.009953043424358314,-0.20816643147770234,-0.6693366250182654,-0.892475491952855,0.7125168643593855,-0.4367355185312449,1.381553622968014,1.2218355552834177,1.0269102754507424,1.2272966955171893,-1.5401150292555024,0.9521868697047869,14
-0.6110123077842016,-0.2232591817800644,-0.6349005707720046,0.6699880979478553,0.6055647191264442,0.2516378432104536,-1.0474584110294953,-0.633412214690859,-1.2207737357617388,-0.3541373851367501,0.11804796990321308,1.4682683531079779,0.9323679133886756,-0.892475491952855,-1.1506647239829764,0.6389997496216355,1.3734220931457946,0.0005551274671892323,1.3978649963802878,-0.004479185020135482,-1.1221026980776843,0.8818941578359303,14
-0.8006682423969461,-0.46584231545886023,-0.5361574099517913,0.8175931589271819,0.672551380514194,0.21737623851330012,-1.199682457651649,0.9293603026053515,-1.2207737357617388,-0.234542359524395,-0.16683194678975208,-1.111453878628899,-1.2045353293104175,-0.892475491952855,0.8201485583723341,0.5235737326724721,0.9518940523948347,1.2218355552834177,1.1148971253715512,-0.004479185020135482,0.8850562240101527,-1.3834869081577816,14
-0.4484500781161349,0.20126130215782834,-0.45716288129562055,0.8232776715383067,0.6149172748678983,0.41921907493650284,-1.1408481999135316,1.2286548391579417,1.2420435211624474,1.5472183850303456,-0.8293018830425037,-0.5856395450660876,0.6847089556335816,-0.3033827579905745,1.3927052143784933,0.4456733774786207,-1.2152138069099108,1.2218355552834177,-1.5334166315242965,-1.2362550655574602,-0.8040334422471475,1.7419535529775085,14
-0.8548556522863017,-0.010998939811118037,-0.5164087777877486,0.44399526057246524,0.4029666785463786,0.4955072621428622,-1.1035058155250543,-0.03349417851649175,0.010634892700354339,0.5315015814947526,-0.6294187550778175,0.8927744094228353,-1.4356076523081769,-0.3033827579905745,-0.9269980184140135,-1.158527382931594,0.8780915396082114,-1.2207253003490393,-1.24246642996075,1.2272966955171893,-1.2396376259337105,0.28120997111863455,14
-0.5297311929501682,0.14061551873812936,-0.6546492029360473,0.29510956453378145,0.6058712781055348,0.842754514899606,-0.9452476788116798,0.3669638875894722,1.2420435211624474,0.7806777765180576,0.4857694290203641,0.26523806806142886,1.4743479246814677,0.8748027099339865,1.3622491754801107,0.2700917621376005,1.342383628861163,1.2218355552834177,-0.6295879775646973,-0.004479185020135482,-0.8612804300057441,-1.5222939729893825,14
-0.8548556522863017,-0.5568109905884087,-0.4769115134596632,0.2951172404351543,0.5463452024250132,0.5348260693744339,-0.9890458249984493,0.27659167145665187,0.010634892700354339,-0.5078226366794748,1.0814689042313341,0.4882138650759207,1.4255585447719628,0.8748027099339865,-0.9262080663301351,-1.0954988915398076,-1.406517123422439,-1.2207253003490393,-0.8359488614968079,1.2272966955171893,-0.875695138879269,-0.7275437995657235,14
-0.7193871275629128,-0.010998939811118037,-0.6151519386079619,0.6593983406624059,0.790560157072219,-0.06230456056611705,-0.8336317103099541,1.1602435443792425,0.010634892700354339,-1.2068727440307743,0.5228575021505778,-0.060558256501656325,-0.7243209388612398,1.463895443896267,0.5802880445268553,-0.6248589247270661,0.738612342785143,1.2218355552834177,-1.10671660061479,1.2272966955171893,-0.04038058420308697,-0.9648183704411513,14
-1.0174178819543682,-0.19293629007021493,-0.5559060421158339,0.711404849950385,0.7392806060743357,0.09695758740093229,-1.0978980431657395,1.5573878929312979,-1.2207737357617388,-1.0227941152269986,-1.4014627337687469,0.31429331131484706,-0.28854763002925504,0.8748027099339865,1.2286063197361132,1.0784721558625026,-0.589569403404805,1.2218355552834177,0.09840916446563798,-0.004479185020135482,1.6954679530383434,-0.4484284315192145,14
-0.5297311929501682,-0.010998939811118037,-0.6349005707720046,0.6174233436217171,0.6440154802581348,-0.022582679661432493,-0.9994862783514902,0.881053187133058,1.2420435211624474,0.34028617659847876,0.4890152348198411,1.3588309267006917,0.04681069873168073,0.8748027099339865,-1.388496757037254,-0.5559449533092479,-1.1582133328589674,1.2218355552834177,-0.8088870634483113,1.2272966955171893,1.7046198694610177,0.8103282394392852,14
-0.6110123077842016,-0.2535820734899139,-0.4966601456237059,0.796817818291231,0.39610955571832657,0.02556222267763982,-0.8499428475571795,-1.080003382069405,-1.2207737357617388,-0.6075153422551498,1.392633054803024,1.624400790754491,1.0001985437536494,-0.3033827579905745,-0.4541964655778373,1.1786470903403492,-1.7190907546585694,0.0005551274671892323,1.1843818932177097,1.2272966955171893,1.1157672365091464,-0.47320924231690015,14
-0.5297311929501682,-0.4961652071687097,-0.5361574099517913,0.3205876154778035,0.6704087638922237,0.31525279384606514,-1.203934970844057,0.731373244545463,-1.2207737357617388,-1.6035484323190372,-0.45856645079802383,0.38042373696101545,-0.5852101363652759,0.8748027099339865,-0.8658971247486297,-0.9647873232921148,0.7940824116575469,-1.2207253003490393,-1.5571454907763624,-0.004479185020135482,1.2828368742853082,0.07323069323474535,14
-0.47554378306081274,0.20126130215782834,-0.6546492029360473,0.658847475235036,0.4577558725515612,0.05345425967154153,-0.8545246401158726,0.5027876313240514,-1.2207737357617388,-0.6292229850088564,1.015550317242402,-0.10134459273294494,1.0241995328337044,-1.4815682259151355,-1.1196118073042098,1.122365946241583,1.2170014324377836,-1.2207253003490393,-1.13577631596899,1.2272966955171893,-0.5267271661070232,0.11963800488783087,14
-0.4484500781161349,-0.2535820734899139,-0.5361574099517913,0.5080647728122425,0.49978173858444724,-0.23534368662964,-1.2094179036715935,-1.6191660163548927,1.2420435211624474,1.4993052266239764,-0.3518165419327683,-0.9692886097302733,0.8566344668843937,-0.892475491952855,0.46553343335178404,-0.5010863290077086,-1.6379402531297096,0.0005551274671892323,-0.1301604361806419,-1.2362550655574602,0.2950568466234227,0.3309719150151202,14
-1.0174178819543682,0.11029262702827988,-0.45716288129562055,0.5301964092708509,0.661539197963282,0.508691057665639,-0.9644089948674784,-1.3464722959862672,0.010634892700354339,-0.36648176346676226,1.542477571715992,-0.8229806780374121,0.6036623874781956,-1.4815682259151355,0.7181140293123404,0.7244866486873419,0.653184660854667,-1.2207253003490393,0.48515428145402323,1.2272966955171893,-0.4506839661233306,0.6701607270188435,14
-0.47554378306081274,0.11029262702827988,-0.6151519386079619,0.45038487761216933,0.7743490911831863,0.40667897495065974,-0.8310906654142425,0.7034786303482469,1.2420435211624474,0.22894267280315433,-0.8849634086749373,0.2366933189230437,1.1392159262678099,1.463895443896267,-0.8770312207855069,-0.09844632395373296,-0.8145271465027512,1.2218355552834177,-1.4575808474493923,1.2272966955171893,-1.264291896987257,1.5545981913839755,14
-0.5026374880054905,0.11029262702827988,-0.5164087777877486,0.6071470578226463,0.7198332337180593,0.3876332912374382,-1.071921209420186,-1.0714561547238628,-1.2207737357617388,-0.1656833016433841,0.4222244929415601,-0.14717099866241376,-0.9161586214111309,0.8748027099339865,-0.8489681198423432,-1.643047216150099,-0.5107848684383866,1.2218355552834177,-0.7149073149638643,1.2272966955171893,0.595807451297353,0.3511778688859404,14
-0.7464808325075906,0.17093841044797883,-0.45716288129562055,0.4365384364567639,0.774941190441854,-0.19219297518278186,-0.8512977338117982,0.609070815710699,-1.2207737357617388,0.46783611789448726,-1.6198360221704367,1.5104706108215145,0.5926623655827131,1.463895443896267,0.7539828404138121,1.4243229969410387,0.007785091108827232,-1.2207253003490393,1.4662237375948148,1.2272966955171893,-1.5892718849443954,0.1099329131437034,14
-0.42135637317145713,-0.3748736403293118,-0.5954033064439193,0.6102367029382029,0.4542136100141668,0.30439399687261337,-0.7933804661157461,-1.613358615353038,-1.2207737357617388,1.6885212583461777,-0.8187939373943955,1.1323467188139458,0.36696046127919174,1.463895443896267,-0.3154617346785002,1.093649199127843,-0.6292734090642272,0.0005551274671892323,0.6219402820995831,-1.2362550655574602,-1.0237502136919132,0.5801879228352397,14
-1.2070738165671129,-0.16261339836036545,-0.4769115134596632,0.5965390845921474,0.5899940885414047,0.41518757440440934,-1.0006290825266622,0.6442782423996938,0.010634892700354339,-1.2002559478158024,-1.4548264605484436,1.4782710999953008,-0.9844463565808935,-1.4815682259151355,0.47376687342821905,-0.5272611981113685,0.16715755333933152,1.2218355552834177,-0.3152331471766516,-0.004479185020135482,1.392571433940759,0.8796624920196591,14
-0.5839186028395238,-0.5264880988785592,-0.45716288129562055,0.5271743519878405,0.7618405290773739,0.8540078028011561,-0.9991056020624742,0.9614458175240634,1.2420435211624474,-0.4941153629573206,0.32357079259123256,1.0018455026661095,1.674401976064294,0.285709975971706,-0.6499799706594552,-0.5898772113623427,0.8460444034303649,-1.2207253003490393,-0.843474749438855,-1.2362550655574602,0.9859331146406863,1.2426960322913636,14
-1.2612612264564684,-0.5264880988785592,-0.5164087777877486,0.39359835185244874,0.6582303213866098,0.7021028314197796,-1.0858544151352216,-0.637416541057689,-1.2207737357617388,-1.1821111526997823,-1.6113726330531546,0.26963025213971276,1.3151617365433683,1.463895443896267,-1.1331419309142012,0.3274082157434801,1.3197742017413736,-1.2207253003490393,-0.5793363370547928,-0.004479185020135482,-1.3067232856866908,0.07652355338077396,14
-1.0986989967884018,0.17093841044797883,-0.5164087777877486,0.5911525711731523,0.6969473894635868,0.8868426621635453,-1.2105996976555413,0.5899664194456804,0.010634892700354339,0.8893854039186864,-1.0092336564814388,-0.7052118773122621,-0.022547121499194484,1.463895443896267,0.5612221384303512,0.3315154480197816,1.3072882889899873,-1.2207253003490393,-0.048215982389810806,-1.2362550655574602,0.5397505531809974,1.3485790329353828,14
-0.9903241770096906,-0.16261339836036545,-0.5361574099517913,0.7169730211011495,0.5983741764231786,0.6743190409210027,-0.9105569186411226,-0.09897595242507311,-1.2207737357617388,1.1725348116912004,1.6534642021337789,-1.469135810992251,-0.31991903731375126,-1.4815682259151355,-1.5368513922135543,-0.45802419663139876,0.6453205822704267,-1.2207253003490393,1.2863618550611449,-0.004479185020135482,0.7853732209061572,0.9582327206361001,14
-1.1528864066777573,-0.10196761494066647,-0.5361574099517913,0.5951230170825257,0.7921840105358161,-0.3238156509721188,-0.9639395536241139,1.3380601035011563,1.2420435211624474,-0.627100038015634,-0.15044585812856417,1.1593379215814543,-0.18628209804271118,1.463895443896267,0.5189424456988446,-1.6018608975481055,-1.3218543625176438,0.0005551274671892323,-0.2642467558686367,-1.2362550655574602,-1.756976623126679,-1.3886223909707038,14
-0.8277619473416239,-0.4051965320391613,-0.6546492029360473,0.7816246198946725,0.7454720158998133,0.9434626109935527,-1.0632092352792784,0.8021205684362724,0.010634892700354339,-1.524270772248537,1.2652900114718684,1.7231122659717348,-0.9002538946183516,-1.4815682259151355,0.374025046212632,-0.011453795594400136,-0.29572102098851144,1.2218355552834177,-1.057725814211694,-0.004479185020135482,-1.071378158791391,0.8867140897005729,14
-0.39426266822677936,-0.31422785690961286,-0.5164087777877486,0.4366530653575538,0.704667221073027,-0.10287132554587501,-0.8206464998640631,0.25083321085588006,0.010634892700354339,1.4162531686746014,-1.0095336972812325,0.1213227520065067,0.2985758873022575,0.285709975971706,-0.7842633818317286,1.6700892096309423,-0.5517425252336785,1.2218355552834177,0.16592397417043267,1.2272966955171893,0.5713572088392372,0.2741777984316353,14
-0.9903241770096906,0.11029262702827988,-0.6546492029360473,0.8413581268541885,0.5241167265899205,0.1989736661778888,-1.1528288334309638,0.41930310724662273,0.010634892700354339,-1.7734819926315972,-0.3607809817349388,0.6019548857566748,0.021673948820219537,-0.892475491952855,0.8478724233432333,0.31797789734600795,0.7379796902326199,0.0005551274671892323,0.12890396831619516,-1.2362550655574602,0.9080297410961903,1.4769034562195913,14
-1.071605291843724,0.20126130215782834,-0.4966601456237059,0.3398650531450799,0.7646660748520516,0.728302600786217,-0.9530398526915678,-0.5451895994202253,0.010634892700354339,0.6630455755483288,0.3810847295496655,-1.181284929428343,0.6295255295314758,1.463895443896267,0.22309829512153834,0.4385557413285459,1.2173849195226303,1.2218355552834177,1.1815960068907467,1.2272966955171893,-0.9405595134301715,-0.031464005899595075,14
-1.0986989967884018,0.17093841044797883,-0.6546492029360473,0.8324106213589577,0.800696489493459,-0.1880107809823611,-0.8116490452599837,-0.3125822647815982,0.010634892700354339,-1.7188232696197534,0.11363398249994917,-0.0060913222592619935,-1.1669340934066657,-1.4815682259151355,-1.627416835626767,-1.1033784221282348,-1.5938757213019379,0.0005551274671892323,-0.09267851894333938,-0.004479185020135482,0.4819953566676631,1.6802534214677247,14
-1.179980111622435,0.20126130215782834,-0.45716288129562055,0.5252389088140199,0.5066963983334473,-0.09284945154084233,-0.8629161439195637,-0.8022766624279696,-1.2207737357617388,0.9333106886825521,0.8293067114329347,1.5804636552562386,1.213639029315321,0.285709975971706,-1.2271061689202847,1.488614484276838,1.5810181789856532,-1.2207253003490393,-0.07716785559234182,-0.004479185020135482,-0.8423837867830731,-0.04863484749202603,14
-1.315448636345824,-0.19293629007021493,-0.6546492029360473,0.8399555168628511,0.6518559862033935,-0.08791382777041619,-0.8198922358954519,1.4354349616783042,1.2420435211624474,1.1513338239833342,-1.1033690870038955,0.8425553902732736,-1.2756617224913496,1.463895443896267,1.0919791229091216,0.40543200877948565,-1.1220985167925346,1.2218355552834177,1.0310836753148664,-0.004479185020135482,-1.1058903703218326,-0.6510535913135223,14
-0.8277619473416239,-0.2535820734899139,-0.5164087777877486,0.7846905183076297,0.8316814377603111,0.5623267598188886,-0.88273093770976,1.1775896866000355,-1.2207737357617388,-1.2541992020161028,-1.2874257286324657,1.029619533050603,-0.7193863424602208,0.285709975971706,-0.09503012777822763,-1.3133677063537872,-1.7316571913459857,0.0005551274671892323,0.15976127698109344,-0.004479185020135482,-0.19359765359751688,-1.1276495419782173,14
-1.315448636345824,-0.43551942374901076,-0.6546492029360473,0.48511692295639147,0.5134999691901003,0.011731092254886201,-0.9799640325222098,0.5371940290056297,0.010634892700354339,0.7723282823153376,-0.7057905722271279,-0.17800116850145206,1.7091121794692963,-1.4815682259151355,1.238951773257969,0.30362529104598784,-0.9506624565802929,0.0005551274671892323,0.16820437458577805,1.2272966955171893,-1.3279583291535182,-0.4469273089008796,14
-0.6381060127288793,-0.4051965320391613,-0.4769115134596632,0.43930438213501327,0.8317796589046315,0.7670862665641915,-0.9212224841640225,1.3169300152724774,-1.2207737357617388,-0.2720349519996428,-0.7013758118606436,1.2887148959243837,-1.3862676590710232,-1.4815682259151355,-1.2047145499544512,-0.5805885928446808,-1.6501370881183601,0.0005551274671892323,-0.5659450332364949,-0.004479185020135482,-0.12613935398691578,-0.2780475399666997,14
-0.42135637317145713,-0.16261339836036545,-0.6546492029360473,0.29469793790303356,0.7174476070554068,0.6620620384047067,-0.8813472644100848,-1.597414647548192,0.010634892700354339,1.3646273453394382,-1.6216264026367317,-0.3001540199182748,-0.6161990127863606,1.463895443896267,1.7644514738815846,0.3063786380741417,-0.5777811573316177,0.0005551274671892323,-1.2838411155749814,-0.004479185020135482,-0.3108684601006303,-1.0919221958261154,14
-1.2612612264564684,0.17093841044797883,-0.45716288129562055,0.40866516453787904,0.46996826979246326,-0.313204832131819,-0.888896630895159,0.5425171830107332,0.010634892700354339,-0.2919318019163517,-0.2903190435144633,0.5302583771003684,0.9446227651480102,0.8748027099339865,1.5647396174414188,0.7366272890396015,-1.092988930555752,1.2218355552834177,-0.3947926459240229,-1.2362550655574602,1.1464340695523276,0.589834816496615,14
-1.3425423412905018,-0.16261339836036545,-0.4769115134596632,0.7367171500164087,0.6344896156014576,-0.3058345752928283,-0.8085654917901116,0.03319412716937815,-1.2207737357617388,0.827817544820923,0.21641259993789558,1.3281370436327584,0.7180978866893087,-1.4815682259151355,-0.26024202613823655,1.6036939150976728,-1.5171943109348491,-1.2207253003490393,-1.615976767539272,1.2272966955171893,-1.4920434191774306,-0.5617356883584019,14
-0.39426266822677936,-0.31422785690961286,-0.5361574099517913,0.5425969820097866,0.6010032435190344,0.8671374279042307,-0.9196927801231638,0.43747271627718515,-1.2207737357617388,1.1210960626750988,0.5964708470059924,-0.04813629726861102,0.9495403886784033,0.285709975971706,0.9729124765453949,1.0838823116224947,-0.29315189061120284,1.2218355552834177,-0.9724509518074883,1.2272966955171893,-0.8402914570811721,1.72050109362496,14
-1.071605291843724,-0.2232591817800644,-0.4769115134596632,0.40227536972382516,0.8232594521998406,-0.013218593386020829,-0.8542598793073289,0.2992355444336784,-1.2207737357617388,-0.07711801935034909,-0.5703403504005367,1.1991037459691447,-0.9160875215589805,0.285709975971706,-0.7533187276673744,1.3206228037256431,-0.7174386317621476,-1.2207253003490393,0.071297182275662,-0.004479185020135482,0.5376519703252417,-0.9998361980754211,14
-0.4484500781161349,-0.19293629007021493,-0.5756546742798766,0.3352990315593465,0.6274553799610195,0.12835389676164874,-0.9156538947125261,0.5264049370090458,1.2420435211624474,0.948724860611534,-1.1425613583342793,-1.2561836958851345,0.3001140906501738,-0.892475491952855,0.7085979662360293,1.133382116942347,0.7030651491687687,1.2218355552834177,0.9795490107700959,-1.2362550655574602,-0.7446931484993492,0.49935474436810073,14
-0.8006682423969461,-0.2839049651997634,-0.5954033064439193,0.2869783158917457,0.6926517045999937,0.8517231629269237,-0.9645159615450234,-0.17721875526407793,0.010634892700354339,-1.1064173489570959,1.086748373960388,0.2544417148056731,-0.2950801596283465,-0.3033827579905745,1.198259350381664,-1.0666471347847717,-1.3795081928299944,0.0005551274671892323,-1.589619162833536,1.2272966955171893,-1.2542548560835767,-0.5784114947289656,14
-0.9090430621756572,0.14061551873812936,-0.5559060421158339,0.4839777034418065,0.6484854093994055,-0.051826384618715575,-1.168883375902563,0.06209967847167126,0.010634892700354339,0.7861222505465767,0.799212726350711,-0.24383864922777507,-0.9849621290870388,0.285709975971706,0.8385009150015115,1.3976758113087215,0.5387447140275944,1.2218355552834177,-0.6482248054903016,-1.2362550655574602,-0.5172759024926136,1.6276164362367778,14
-0.692293422618235,-0.4051965320391613,-0.5361574099517913,0.4181740458750977,0.43386311870264893,-0.2850737189694773,-1.0790222749120812,0.3575370970177294,-1.2207737357617388,1.0550540097027217,-0.5747988439620408,-1.7131305666661631,1.5126158637221483,0.285709975971706,1.5231572379561011,1.0278289801497762,0.7914511379752469,-1.2207253003490393,-0.2860807489435265,-1.2362550655574602,-1.4455298031907775,-0.48513789594528195,14
-1.315448636345824,-0.46584231545886023,-0.5954033064439193,0.3792688286540038,0.8287662881262411,0.1943898470706812,-1.0551786361334539,0.4184516756440709,-1.2207737357617388,-0.5637103256440809,-0.26215817367661154,0.03948302984316966,-0.0937417035034353,-1.4815682259151355,0.5841108729603708,-0.42831850972378144,0.6593794079277556,-1.2207253003490393,-1.2169653249463834,-0.004479185020135482,-0.7373568659580683,0.2706843297141551,14
-1.1257927017330795,-0.16261339836036545,-0.5559060421158339,0.7996630177499189,0.5750590619021342,-0.11878529859023537,-0.8620886792162,0.826169327907824,1.2420435211624474,-0.5347316654076255,-1.0643450367023664,1.551415154550147,0.2940747422276215,0.8748027099339865,-1.6239583188532207,0.6314984285933802,0.5135515570386441,1.2218355552834177,1.5564684365624788,-1.2362550655574602,-0.007357494966445273,-0.20689583931837302,14
-0.3671689632821016,-0.13229050665051595,-0.45716288129562055,0.849030630761681,0.6456815652017278,-0.06981538134064857,-1.1297083867828883,-0.17078309619769072,-1.2207737357617388,1.0851006054476238,0.8347908716473991,0.6093436810099088,1.4899404559268847,-0.3033827579905745,-0.4596345457509715,0.06287983087467423,-0.1300444102696905,0.0005551274671892323,0.6260281426354302,-1.2362550655574602,-0.8560615498574485,0.7206270137427419,14
-0.39426266822677936,-0.46584231545886023,-0.6546492029360473,0.5426847906869942,0.7240445481695319,-0.19233058342824005,-0.827512419861784,-1.680045129844257,0.010634892700354339,-0.8436909348448242,0.539490338012652,-0.5624415507398048,-1.0510389413156433,-0.3033827579905745,0.5780564777674307,1.1904335357810054,0.61864449220638,-1.2207253003490393,-0.31273819243434886,1.2272966955171893,0.7262868782624698,0.9987975794093786,14
-0.28588784844806825,0.14061551873812936,-0.6546492029360473,0.7600676291456335,0.7245294594735016,0.6577220979776801,-1.0976168279892344,-1.1427039555144958,0.010634892700354339,1.7107912331274944,-0.5288346498803245,-0.3555553388061072,1.024586732542467,0.285709975971706,1.0152782156287428,-1.6633210600531707,1.5996689413493648,1.2218355552834177,-0.7305583063524449,1.2272966955171893,-0.7384001899724371,1.4374992894737748,14
-0.556824897894846,-0.2839049651997634,-0.6349005707720046,0.8126038882187606,0.5126021924034143,-0.035081175110687264,-0.9563688274002161,-0.9409257264280659,-1.2207737357617388,-0.17825800593332874,-1.5198479699063023,1.2688086952646107,0.9583787006144361,0.285709975971706,1.3633627951250538,0.15713564484171597,0.13964697010842023,1.2218355552834177,-1.363925351005006,1.2272966955171893,1.059505360094466,0.5449460442006759,14
-1.3425423412905018,0.17093841044797883,-0.4966601456237059,0.36587660688830215,0.7051029386914577,0.9239520374233987,-1.086149272458764,1.1661041259171268,1.2420435211624474,1.328503640882497,-0.2738984957614135,-1.6015743369538957,-0.10623749437175854,1.463895443896267,0.3690660724580319,0.5970866611645788,-1.158893113241023,0.0005551274671892323,0.25862531841865505,-0.004479185020135482,-0.284503536001492,-1.7449540643555659,14
-1.1257927017330795,-0.16261339836036545,-0.5164087777877486,0.425575793521942,0.7016573495924994,-0.0860133526486054,-0.9819755896523154,0.922418417987238,-1.2207737357617388,0.5862169013249768,-0.4086221219316614,0.24181824614588568,0.7109512613162468,-0.3033827579905745,-0.9975852064645927,-0.49047677795072675,-1.0911812141724946,0.0005551274671892323,-0.5055363024618871,1.2272966955171893,-1.0496508760783891,-1.4059102749657415,14
-0.9903241770096906,-0.3748736403293118,-0.6151519386079619,0.6939424488897679,0.7638050633806293,0.7967597795212473,-1.2196275130345717,0.790811549905628,0.010634892700354339,-1.3362885086982241,1.0550349702579191,1.448423055022098,0.03653631826210261,-1.4815682259151355,-0.10267738860396887,1.6540841568379407,-0.03428753003604452,0.0005551274671892323,1.0643712031376722,-1.2362550655574602,-1.4344972622163616,-1.28677590543231,14
-0.42135637317145713,-0.041321831520967515,-0.5756546742798766,0.29428059286403163,0.8272770567711464,0.29607823454934207,-1.2013062564352175,0.4027769084431201,1.2420435211624474,-0.4962264837432352,1.1715592758489461,-0.3266994351661648,-1.3377159548704876,-1.4815682259151355,1.73521615905007,1.1629175428258964,-0.8257796701085053,0.0005551274671892323,-0.4586118836037376,1.2272966955171893,-1.3073186280994282,0.793802699752056,14
-0.5297311929501682,-0.16261339836036545,-0.6151519386079619,0.644836079235666,0.6945712682758581,0.16188362244941917,-0.9039133597434001,-1.510400527252906,1.2420435211624474,1.3933872426764171,-0.3724458111930211,0.7360487643330401,-0.9007676508556796,0.285709975971706,-1.3303658248266714,0.6827221669968455,0.8349311008391892,0.0005551274671892323,1.5742537010590665,-0.004479185020135482,0.6811655152755477,0.16471870863671798,14
-1.2612612264564684,-0.3748736403293118,-0.5559060421158339,0.49993407724596134,0.5534170201381314,0.2306723450897134,-1.2014664409176024,0.3332109922549488,0.010634892700354339,-0.48173488470919074,-0.4655019371103768,0.64423836400433,-1.0726109732867048,0.285709975971706,-0.19841129585154596,0.8488810100213022,0.6986995846426776,0.0005551274671892323,0.03676639272848587,1.2272966955171893,0.959089979332636,0.39670846566802714,14
-0.556824897894846,-0.4961652071687097,-0.45716288129562055,0.8444375617962515,0.38919939487403854,0.8407657839316509,-0.8857375302004767,1.049932776830848,1.2420435211624474,-1.3916612813119005,-0.5563422219111203,0.04347320739122809,0.2524641322856853,1.463895443896267,0.2332265437282984,-1.2753632073796044,1.241276311175846,0.0005551274671892323,-0.34366160266636525,-1.2362550655574602,0.2217861428256588,-0.8146805827541758,14
-1.1257927017330795,-0.5568109905884087,-0.5559060421158339,0.3553098259499369,0.42672059037347093,0.5742455497107114,-1.1453434595316874,-0.22101985925983114,-1.2207737357617388,-1.498037607437656,-0.6572206379536293,-0.3231131958102118,0.849384963246379,-0.3033827579905745,1.1462471909353293,-0.35838040534505156,-1.2336833489054375,-1.2207253003490393,1.0025818016577912,-0.004479185020135482,-0.9067264725068037,0.22535443017641557,14
-0.8277619473416239,-0.3748736403293118,-0.5559060421158339,0.722325271477115,0.8089278206012583,0.7800439614884638,-0.9561951538304496,1.4698046555544746,1.2420435211624474,-0.199935150242647,0.7471204712006193,-0.564610054458164,-0.29628752574925943,0.285709975971706,-1.5537076901668414,1.3044168593358543,1.2226477581439055,0.0005551274671892323,0.8972542026329071,-0.004479185020135482,-1.149129473395395,0.9878655506870444,14
-0.3671689632821016,-0.10196761494066647,-0.4966601456237059,0.7973624181604038,0.7639285150510715,0.07882353052754157,-0.8634771073750428,-0.5232168870706514,-1.2207737357617388,-0.37187204353815995,-1.656902575124741,-1.5139853826724903,0.1837806109788321,0.8748027099339865,-1.4809634409189563,-0.3173610170708357,0.24176296564284105,-1.2207253003490393,0.3256966890342978,-0.004479185020135482,0.4759576544782208,-0.25627654637457725,14
-0.4484500781161349,-0.5568109905884087,-0.5361574099517913,0.5588052363891758,0.5029310123158915,0.2777357310899275,-0.8240201112089927,0.8275238084192854,0.010634892700354339,0.5445245783383266,0.20383144732858258,-0.6675178038227019,-1.6673764112322054,-0.892475491952855,1.104070222739627,0.43344323556311865,1.2748635136333673,0.0005551274671892323,-1.3341296090503525,-0.004479185020135482,-0.20560233373850095,0.7318155184890112,14
-0.9903241770096906,-0.4961652071687097,-0.6546492029360473,0.4634207842731758,0.5613113116707703,0.1445810747334455,-0.9923754716408054,0.7343292753064802,1.2420435211624474,-0.7251728844809504,1.4016654853525923,-0.5380594467913457,-0.993177893024175,0.285709975971706,-0.9692254963507808,0.6021849371065505,-0.36826574795564815,0.0005551274671892323,1.1387285213572609,1.2272966955171893,-1.530211403017495,1.5888077845731756,14
-0.7464808325075906,-0.43551942374901076,-0.5164087777877486,0.7190477366511907,0.4716231829502099,0.5109571168855936,-1.118169444665877,0.586748021954795,0.010634892700354339,0.1919877761935673,1.61073392038768,1.6316925499802988,-1.4469353778873175,-0.3033827579905745,1.1873377575999606,1.0547197394267918,-1.2344419718290904,1.2218355552834177,0.3513955739306858,-1.2362550655574602,1.3259188673362692,1.3304467185777988,14
-1.2341675215117907,-0.2535820734899139,-0.5361574099517913,0.5425416369041344,0.742544512472878,0.02280308016866769,-1.0994880132174776,1.244727710152559,1.2420435211624474,0.47002971521085785,-1.5831989367689698,-1.369611290998927,-0.40699842558557875,-1.4815682259151355,0.520859637322578,-1.3741603366531447,0.2532792402723482,0.0005551274671892323,0.9133398094948111,-0.004479185020135482,-1.5449803946845466,-1.3117486997325372,14
-0.7735745374522683,-0.4961652071687097,-0.5559060421158339,0.3972764498187477,0.6744264327079251,0.17609166991581052,-1.1684635798587613,0.6575066538978945,0.010634892700354339,-0.7510372663184907,-1.6850637239223358,-0.22978164817140417,-1.242403840956367,-0.3033827579905745,1.3151022456432395,-0.9376730436922774,-0.4004840292794275,-1.2207253003490393,0.4801854461379078,1.2272966955171893,0.47522438963967206,-1.4497246355677937,14
-0.28588784844806825,-0.071644723230817,-0.6151519386079619,0.6013947519508377,0.6577263218598148,0.505482088075392,-0.9727443829247188,1.6428621970003312,1.2420435211624474,-1.4520396887693996,-1.1006875924404964,-1.4602558997171018,1.637806618502145,-0.892475491952855,-1.6815773662264786,0.28151542323004425,0.24861307667803198,0.0005551274671892323,-1.3999390605609168,-1.2362550655574602,-1.3496962021580503,0.8269527330139137,14
-0.6381060127288793,0.07996973531843041,-0.5559060421158339,0.7101449137511628,0.7023394435680692,-0.06557195899269452,-0.9450236775528045,-0.8665872167295758,-1.2207737357617388,-0.9714371593954908,0.7310723136773826,0.9511362527124477,-0.21333750857885234,-0.3033827579905745,-0.7444948332478812,-1.126929183663561,1.3453408956185875,1.2218355552834177,0.3203190350336742,1.2272966955171893,1.127267393553474,0.7480343064511755,14
-0.5297311929501682,-0.4051965320391613,-0.5164087777877486,0.749150986311473,0.6594644804788741,-0.1343649103247044,-0.911965929774687,1.6329044150422531,1.2420435211624474,0.2859353451973481,-1.3117739848769654,1.137654796890289,-1.2911632277719707,-1.4815682259151355,0.0015095684378603079,0.8362646191195569,-0.970101694870482,-1.2207253003490393,-0.34516664780375395,1.2272966955171893,0.6363609196213782,0.16497178294883214,14
-0.3400752583374238,-0.5264880988785592,-0.5361574099517913,0.4766885620187045,0.6021359395959581,0.11229929386998587,-1.2256279423773888,-1.6650731931751535,1.2420435211624474,1.5040244108280842,-1.2799192588592536,1.2083549587967581,-1.0200203421798706,-0.3033827579905745,-1.1378222261204112,0.26289961287525604,-0.4226628632299369,1.2218355552834177,-1.4069260914581825,-1.2362550655574602,-1.6283863031484322,-1.1449685648254624,14
-1.2070738165671129,-0.4961652071687097,-0.6151519386079619,0.4879566015338809,0.39841768432210106,0.37636152736499284,-1.188785545280389,1.588865560082111,1.2420435211624474,1.258874426554357,-0.08818492770940113,0.5688997837687627,-1.5924885316433837,-1.4815682259151355,-0.9709692228856854,0.1628153010711721,0.18700432119112478,0.0005551274671892323,1.107091207906656,1.2272966955171893,1.2444542379260968,1.2103206367909947,14
-1.2070738165671129,-0.19293629007021493,-0.5954033064439193,0.7003326150546858,0.39528732854337184,0.317664436634393,-1.152009514558827,1.2875065750598005,-1.2207737357617388,1.3039287697110862,0.9236616186583427,-0.5246857119865792,0.42684249020404963,1.463895443896267,0.19497162308577148,-0.6309481328484544,-0.38947319561806987,0.0005551274671892323,1.605235133603494,-1.2362550655574602,-1.606585108086969,-1.7381319268247108,14
-0.7193871275629128,-0.2839049651997634,-0.6151519386079619,0.8381956594391169,0.38426312600089346,0.25447166503547286,-0.9609230843266845,1.5528483457223181,-1.2207737357617388,1.2904362357440633,1.1435774145911124,-0.8003299013420451,0.08735150539098846,-0.3033827579905745,-1.5945704318300988,-0.6517781684947764,-0.7038519117156584,0.0005551274671892323,1.4748658844916775,-1.2362550655574602,0.5873941059729418,1.497893502923668,14
-0.692293422618235,0.17093841044797883,-0.5756546742798766,0.6814823829770166,0.5483300051610678,0.20309834138273788,-1.0830985001447688,-1.020690530180411,-1.2207737357617388,0.11442117783612112,-1.7145814613940946,0.6669096203276835,0.5715795756941107,-1.4815682259151355,-1.473636111645966,0.30473471167473937,0.6844910183139283,-1.2207253003490393,-0.5800848264278187,-0.004479185020135482,0.7742224230198146,-0.7842474170129645,14
-0.5026374880054905,0.07996973531843041,-0.5361574099517913,0.34945422330450665,0.7720496207471366,0.3015041681453316,-0.8219781186850792,0.5678371878542232,0.010634892700354339,1.1346903051563877,0.9470455358888445,0.6985951365503601,-0.5278341890940025,0.285709975971706,0.3706023277485982,-0.5230992027253545,-0.11497809616136954,-1.2207253003490393,-1.4701864366557365,-1.2362550655574602,0.6743375935143588,-0.3169066529591143,14
-1.1528864066777573,-0.2535820734899139,-0.5954033064439193,0.45709845680016487,0.6262169829849785,0.6998930013927267,-1.0958543422339944,-1.4657180829294552,0.010634892700354339,-0.05292199854406333,-0.3186098468216788,-1.5375206468020748,-0.5682357409079332,0.285709975971706,0.17598014043982335,0.7985603513512536,-1.4313112463034168,-1.2207253003490393,0.3808444867926617,-1.2362550655574602,0.08328149121444155,-0.8452623778016287,14
-0.8548556522863017,-0.43551942374901076,-0.6151519386079619,0.7238611924781421,0.46359946951098835,0.5436769356720679,-1.0735902905661452,0.4884657713560415,-1.2207737357617388,-1.5386891468665722,1.3855872903492406,1.0073767813225476,-1.1849202007395656,0.285709975971706,-0.8109100177045013,0.6290167115354903,1.3342375939489115,1.2218355552834177,-0.818106207309541,-0.004479185020135482,-0.10849402988348805,1.7193778197477139,14
-0.312981553392746,-0.4961652071687097,-0.6546492029360473,0.667852929242509,0.5529212263727257,0.4552654305065929,-0.7938475130037861,1.5333896783611491,0.010634892700354339,0.8640423675824236,0.6464954855674474,-1.1385359757769382,0.16417223127738442,-0.892475491952855,-0.12125131342172002,1.4243194764234377,0.577484529864735,0.0005551274671892323,-1.1115207952149853,1.2272966955171893,-0.7477145949964598,0.9462957823410864,14
-0.47554378306081274,-0.4961652071687097,-0.5756546742798766,0.4563945454349999,0.677151217662995,0.9223896573188043,-1.0916381343914816,-0.8350462553779695,0.010634892700354339,0.2868551867432688,-0.3413478709909705,1.1959546963406957,-1.0332106435504709,1.463895443896267,-0.3557107166362185,-1.7238703786669165,0.48523687782862845,1.2218355552834177,-0.3810174511063601,-1.2362550655574602,0.6782030963954139,0.09984888735967365,14
-0.6651997176735572,0.019323951898731442,-0.6151519386079619,0.5789853094909733,0.7850964385695016,-0.25446054858132433,-0.9823104961904064,0.02346724067833974,0.010634892700354339,-1.6823635615848196,-0.7053470197567342,-1.0243347717438946,-1.0611141748257815,-1.4815682259151355,-1.110742753655872,-1.5186195888348744,1.4408196302958696,1.2218355552834177,-0.8839492506829679,-1.2362550655574602,-1.3209152761937122,-1.0758964041462205,14
-0.8006682423969461,-0.071644723230817,-0.6546492029360473,0.7404578680098107,0.7955035813333545,0.27094568900902244,-1.003934153721451,-0.42048369403328173,1.2420435211624474,0.9995558336482835,1.3181811388542721,-1.5425211387717541,0.8527533580028859,-0.3033827579905745,-0.7411671572457862,-0.7629231621333294,0.013362153726942482,0.0005551274671892323,0.4954762473904653,-1.2362550655574602,-0.3488438324788203,-0.27903603416955325,14
-0.7735745374522683,0.019323951898731442,-0.5559060421158339,0.5817673891791079,0.5461331905296546,0.284771227271307,-1.136582116644982,0.952151055942783,1.2420435211624474,1.346279412941591,-1.5906886711526513,0.493782068384827,0.6094457631323605,-1.4815682259151355,0.30903683467257675,0.2409387838322609,1.5568751280702235,-1.2207253003490393,0.3853276302583484,-0.004479185020135482,-0.1550280279237885,1.6242933370197437,14
-0.5839186028395238,-0.2535820734899139,-0.6349005707720046,0.5571430383169016,0.7382061805623974,0.14720535144311467,-1.098226187961403,-1.0175200282077412,-1.2207737357617388,1.1514292216546371,-0.23152825964157767,-1.1548280458884985,0.2280045085285608,-1.4815682259151355,0.21458750708735722,-0.1606812253755368,1.6087442353166133,0.0005551274671892323,1.5462190934532016,-1.2362550655574602,-0.03138541463482229,-0.9452696286888752,14
-1.2612612264564684,-0.4051965320391613,-0.5361574099517913,0.6283409938438601,0.4032420767474805,0.3309429408938218,-1.0767492014377351,-1.4202155554197302,0.010634892700354339,-0.556174526649703,-1.7137854609196752,-0.36537395853525456,0.08172868130830688,-0.892475491952855,-0.9538677201356172,-1.0278417598336496,1.4147787195092036,1.2218355552834177,0.229572131757087,1.2272966955171893,0.7833633416519202,0.9960957518737282,14
-1.0986989967884018,-0.4961652071687097,-0.5164087777877486,0.6145625395256521,0.7927589614828382,0.7757785013498198,-0.8177846834257486,-0.39743116596983535,0.010634892700354339,-1.3987301502297036,0.516441478530391,-1.0780604570765553,-0.6872751790283124,0.285709975971706,-1.1457981750367534,0.25577606564203736,0.7943805453893962,1.2218355552834177,-1.5034637396536525,-0.004479185020135482,-0.19951491596699447,1.371161111890598,14
-1.2612612264564684,-0.2839049651997634,-0.5756546742798766,0.46224348746812177,0.5411481143358655,0.5848231697023567,-1.0957394757854537,1.475482317893808,1.2420435211624474,-1.6842248909181716,0.6053191503622388,0.32894685049706046,1.6196069857657718,0.8748027099339865,1.3759517373639658,0.11444319642025194,-0.859034793468492,0.0005551274671892323,-0.5634839788030778,1.2272966955171893,-0.2037339235960642,-0.21695308546032663,14
-0.8277619473416239,-0.2535820734899139,-0.6151519386079619,0.5053419137105869,0.5487645704237382,0.38962282994754577,-1.2051343968999273,-1.3442959430506676,-1.2207737357617388,-1.745983224496834,-0.5713674275461068,-0.15314312830741586,-1.5957936296259039,-0.892475491952855,0.16642185076610733,1.4202618011161134,-0.5538106831633263,0.0005551274671892323,-0.23747147581054104,-0.004479185020135482,-0.7608589308165296,-0.647621460013017,14
-0.7464808325075906,-0.2535820734899139,-0.4966601456237059,0.6242430422449551,0.6833070073407858,0.6638353283857933,-0.8615606681759745,1.1760423363237944,1.2420435211624474,-1.1064598415021953,-0.24975520596331985,-0.06684030941961794,-1.3730707896104535,1.463895443896267,1.0998206116003846,-1.449238941868932,0.7879239635197436,-1.2207253003490393,-1.6673110036670153,-0.004479185020135482,-1.306951167604268,-1.5982563174405615,14
-0.692293422618235,-0.16261339836036545,-0.5361574099517913,0.5573923431393338,0.5394792561010029,-0.26079827702751246,-0.9265288008908643,-0.2656005736566973,0.010634892700354339,0.7304421442876394,0.20798165050065176,0.25263219639692625,-0.4837531917409252,-1.4815682259151355,-0.2494062312964652,0.12656891134944875,-0.28701705395647825,-1.2207253003490393,-0.9022263029289754,-1.2362550655574602,1.0728885531535555,-0.3909681616253403,14
0.14761143066677623,0.7773962446449685,-0.6546492029360473,0.7640654779834033,-0.3721065007828477,1.2730689289375463,-0.5746152108001908,-0.2121416225518512,-1.2207737357617388,0.31068995068406013,1.5859163833787857,-0.4925772934617153,0.9868415354681946,0.285709975971706,-0.30968541856385745,-1.0530382822714086,-0.48938611287226386,1.2218355552834177,-1.1532929183896354,-1.2362550655574602,0.7424644928487077,1.4542809814746334,2
-0.692293422618235,0.2619070855775273,-0.5361574099517913,0.22085417067764962,-0.1501334014276155,0.7374052952391973,-0.6608808651356907,1.0903747098396652,-1.2207737357617388,-0.40715176659350033,0.5820162628760261,-1.1448866275239609,0.18407352011549175,1.463895443896267,0.4626920825097414,0.15720898216023727,-1.380693294362329,0.0005551274671892323,1.5721834992025066,-0.004479185020135482,-0.33956213675644775,-0.4508414287473999,2
-0.2317004385587127,0.2315841938676778,-0.5164087777877486,0.12967655497457414,-0.41303443414480767,1.2266961689395097,-0.6048054891245833,-0.39767825389079076,-1.2207737357617388,-1.4827215257606616,-0.6392560084590253,0.8432598023711265,0.6268251659527266,-0.892475491952855,-0.1306073251898081,-1.1085112974994034,-1.1907360014763644,-1.2207253003490393,1.4754363211031736,-0.004479185020135482,1.4190805583606014,0.7003552578869523,2
-0.2317004385587127,0.5954588943858716,-0.45716288129562055,1.6632860489679608,-0.1918634503239967,0.04185945838798705,-0.5501397064561228,0.07367353299108853,0.010634892700354339,1.2068893362451636,0.12604634582793725,-0.501357345744704,-0.7218678356685589,0.285709975971706,-0.4128297568158586,-1.344848255936027,-0.9335307412230985,1.2218355552834177,-0.8883212507964072,-0.004479185020135482,-1.4015942439154838,-0.04901823138205642,2
-0.17751302866935714,0.14061551873812936,-0.5954033064439193,0.47805431938731596,-0.2882355151565145,0.4457843159633775,-0.5636194865004764,1.1442455492225367,0.010634892700354339,-0.10537104597765393,1.3363805170645067,1.2197718552890595,1.2570806895753421,1.463895443896267,0.5876587879369736,-0.21453054015344453,0.8597997226779531,1.2218355552834177,-1.116872992242108,1.2272966955171893,-1.2005336090202308,-1.6212400533140119,2
-0.014950799001290446,0.049646843608580925,-0.6349005707720046,0.6317632863723341,-0.2761340059880669,1.4370867900037552,-0.7498509017689919,0.5423198566185271,-1.2207737357617388,-0.3341014988550358,-0.24543016679480953,1.191721064010878,1.7335872602733962,-0.3033827579905745,-1.345714361070139,0.31011423315199627,-0.12121009098799816,1.2218355552834177,0.9916220445460291,1.2272966955171893,-1.142002464748971,1.6903546384840282,2
-0.42135637317145713,0.565136002676022,-0.5361574099517913,1.6631681450685931,-0.32319267685851233,1.6438376137842885,-0.6662653451152718,-0.6247268856889546,0.010634892700354339,1.0082984180727974,0.30271141214953623,-0.923705099245347,-1.4912112306286767,-1.4815682259151355,0.9909527566354538,0.396082791080424,-0.46892774652283314,-1.2207253003490393,-0.5693262863812117,1.2272966955171893,-0.03947245522687484,-1.5225011309756336,2
-0.556824897894846,0.32255286899722624,-0.5559060421158339,1.6292129598063656,-0.4452655143230322,0.13447491509649712,-0.6450282802386197,-0.7772781848260208,1.2420435211624474,0.19051993611017284,0.11576465178855849,0.8309067697393447,-1.5937912753905232,0.285709975971706,1.3029887877745434,-0.9642580760096459,0.7051653904275281,0.0005551274671892323,-0.30606201524361626,1.2272966955171893,-0.46149349379778254,0.04084014715896974,2
-0.6381060127288793,0.32255286899722624,-0.5361574099517913,1.4273080372172078,-0.12569277991225117,1.3884430519591549,-0.5422059782384842,-1.5614021648767207,0.010634892700354339,-1.3665020519569486,1.1679565908024254,-1.0924422924847499,-0.777375913738201,1.463895443896267,0.4158499259208163,-1.416286705540009,1.3803581392337194,0.0005551274671892323,-1.161694582948053,1.2272966955171893,0.6431440242664335,-0.331034020135409,2
-0.014950799001290446,0.6257817860957211,-0.6151519386079619,0.29318720160157036,-0.3648418254386381,0.09219986980884684,-0.5389693962346166,-0.8256222409193902,-1.2207737357617388,0.5109051834650004,-1.3140896758666594,-0.009319033986914367,-1.5071640024903494,1.463895443896267,-0.2595481603733339,-0.684358160650052,0.4181388143179,-1.2207253003490393,1.4699464614805517,-0.004479185020135482,-0.21730813751509478,-1.150247201082531,2
-0.312981553392746,0.5954588943858716,-0.4769115134596632,0.008331981210037167,-0.46271334412253545,0.9752085602685193,-0.6220223760840471,1.2245347384202063,0.010634892700354339,-1.7387935567206443,0.15712788910262265,-0.6347649594321024,0.8453716595842323,-0.892475491952855,1.4296775247201219,-0.10211948031680351,-0.5407660373725125,1.2218355552834177,-0.05004142615211511,1.2272966955171893,0.6221113976462711,-0.2019872454606816,2
0.174705135611454,0.41352154412677466,-0.45716288129562055,1.3295933722555475,-0.2186668553515289,1.398213625102916,-0.7080571127206136,0.760896793898703,1.2420435211624474,0.9562451694633067,-0.7068718042850234,1.5705557658351958,0.5959394029809623,-1.4815682259151355,-1.693887498474697,0.3459953562465653,-1.496286664850326,1.2218355552834177,-0.29002318648561803,-0.004479185020135482,0.7145103639436332,-1.225519829230629,2
0.03923661088806511,0.29222997728737676,-0.5756546742798766,0.784823673270945,-0.1419671534862643,0.5937468219684322,-0.6539786505259101,1.2217756475435286,-1.2207737357617388,0.7684937674162687,-1.105398579523481,0.4393637850140525,-0.7288216130475009,-0.892475491952855,0.15850753401304807,-1.4452391227159347,-1.7267840552281095,-1.2207253003490393,-0.20082657673675822,-1.2362550655574602,0.5868411174238043,1.4699978179636652,2
0.12051772572209846,0.3831986524169252,-0.5164087777877486,1.046093554864382,-0.12073926928106606,1.6520526629388446,-0.6702110867186337,1.6776027752606641,0.010634892700354339,-0.12339820075598017,0.3960799808794711,0.18454838951954186,-0.0036454326454412695,1.463895443896267,-0.0958012455676583,-1.2659762985912568,1.2954823236826984,0.0005551274671892323,-1.1427200904658805,-0.004479185020135482,1.528394926154954,1.5554043325313425,2
0.012142905943387334,0.07996973531843041,-0.5954033064439193,0.49611577260046813,-0.3267030885522461,0.3063292320471101,-0.593315423086916,-0.9874876426958955,-1.2207737357617388,1.6553264568292676,0.9529299600412182,-0.9059781780512103,-0.5667900941148655,-0.3033827579905745,-1.3843835866340042,-0.09974002937543365,-0.44901794361349,0.0005551274671892323,-0.05224801605231123,-0.004479185020135482,1.3824889376682297,-0.7790021687468995,2
-0.39426266822677936,0.3831986524169252,-0.6546492029360473,0.8827898494322464,-0.09585710052998161,0.25687297777096346,-0.6611396553436885,-0.17494226358039908,-1.2207737357617388,0.29035959933256855,1.6521642882718004,-0.3286690863538046,-0.6247030028761338,0.285709975971706,1.3337166245259702,-0.7197309086642175,1.3160682742527205,1.2218355552834177,1.4862712296209877,-0.004479185020135482,-1.2860451825043762,0.9228331652528419,2
0.2288925455008096,0.049646843608580925,-0.5756546742798766,1.210357109442635,-0.40306404993829287,1.1151947572667225,-0.6277571610218551,-0.29599696470024767,0.010634892700354339,-0.4470336187739022,0.29827410276382094,-0.06336249109010732,1.6130440181801895,-1.4815682259151355,0.9772677442036035,1.499624854358247,1.6575798870983427,-1.2207253003490393,1.431271927785515,-0.004479185020135482,1.0527441062767646,0.34605311544983886,2
-0.014950799001290446,0.14061551873812936,-0.4966601456237059,0.4339718133548482,-0.40330989616685603,1.4569367458090192,-0.6134780231956118,0.9411463678352816,-1.2207737357617388,0.01972445536214231,1.1961403496425762,0.8945637346431992,0.1368271498845617,-0.892475491952855,0.6485142983108432,1.1931256310177611,-0.824351718819197,-1.2207253003490393,0.9931435731810063,-1.2362550655574602,-1.127047675403479,0.5742514013164077,2
-0.556824897894846,0.3528757607070757,-0.45716288129562055,1.436237913422743,-0.30941561411099255,1.5987205981687858,-0.5816259785572158,-1.7382194060002512,1.2420435211624474,-1.6711459839050833,1.233856808990235,1.6316156269273072,0.03807639449654721,0.8748027099339865,1.057598532455018,0.3883321372365962,-0.9756467119780914,-1.2207253003490393,-0.2142377314718688,-0.004479185020135482,-0.5093233791705992,0.2284066214518076,2
-0.8277619473416239,0.2619070855775273,-0.5954033064439193,0.7402016991222031,-0.2917661341834829,1.1593524168817106,-0.7562269604361317,-1.1229799748940765,1.2420435211624474,-0.4557375978889103,0.5480876835115525,-0.9619658587761646,0.8962410181217121,1.463895443896267,0.6909471152152784,-1.2791588550516442,-1.3424515509428774,0.0005551274671892323,0.9176552981309423,-1.2362550655574602,-1.1740104297100384,-0.16258516329113987,2
0.2017988405561318,0.5348131109661726,-0.6546492029360473,0.4364724011868732,-0.17501390386777818,0.5812688767719205,-0.5360065116484068,-0.6282167184015411,0.010634892700354339,0.6574803221895298,0.05677095663521172,1.1568528258841266,1.7243410577713878,0.285709975971706,-0.18966110292685648,-0.6825833641997454,-0.2138838218356518,0.0005551274671892323,0.27005195298890766,-1.2362550655574602,0.0740637309004232,-0.5542674980666813,2
-0.692293422618235,0.5348131109661726,-0.4769115134596632,0.5687087372776722,-0.4956834783455059,0.9282466228054749,-0.5195667385895522,-1.1291502600307655,-1.2207737357617388,-0.21420934571415576,0.6535266469359241,0.9292857179010642,-1.535832684417204,1.463895443896267,-1.5744896476017025,1.0162786537138404,0.7804833851628561,0.0005551274671892323,-0.4054347463903057,1.2272966955171893,1.3103945463390247,1.0967334342190382,2
0.03923661088806511,0.5348131109661726,-0.6349005707720046,0.4200420256584161,-0.13216409897360276,0.7837120258703458,-0.5765217080375445,-0.31637636031878624,0.010634892700354339,-1.1714300402401787,-1.6219439946997394,-0.5157059595722963,-0.3085448688220268,-0.3033827579905745,1.509837597881689,-1.3785965935749893,0.8596265891322579,0.0005551274671892323,0.543316803000429,-0.004479185020135482,-1.0201556849500006,0.8765313012529508,2
-0.28588784844806825,0.29222997728737676,-0.5954033064439193,0.9480589079245975,-0.17155235565237711,0.35531816677792993,-0.7359771356154946,-0.43838009329117245,1.2420435211624474,-0.739955606318431,-1.4909398893948214,-0.39811454138982905,-1.5014754850443555,0.8748027099339865,0.685767577102818,1.2822123346666219,-1.1760548658416234,-1.2207253003490393,-0.11501075102604873,1.2272966955171893,-0.46728272382774355,-0.5324423861544917,2
-0.8277619473416239,0.20126130215782834,-0.45716288129562055,0.33760870949232796,-0.10743195436319768,0.3321293861692355,-0.7693230881730543,-0.3245107740888218,0.010634892700354339,1.064493523850411,1.2321551798559978,-1.298520053840469,-1.4601366136169411,0.285709975971706,-0.696008216542776,0.7812808781963589,1.1234575163056317,1.2218355552834177,0.23111529053117974,-1.2362550655574602,0.05854498149768146,1.4611138219343032,2
-0.06913820889064601,0.2315841938676778,-0.5361574099517913,0.9221989759491003,-0.4397743576231571,0.20521150470616253,-0.6885875474404023,-0.7091050869075805,-1.2207737357617388,0.017005187983913914,-0.21784070877045866,1.0777089321789945,0.686630033063456,-0.3033827579905745,-0.7097821376583495,-1.0487210609538633,0.5699365506024643,0.0005551274671892323,0.819647900165074,1.2272966955171893,1.7206186437538655,-0.9454453673718825,2
-0.042044503945968224,0.4438444358366242,-0.5164087777877486,0.5831319475584928,-0.4469699567646621,0.849853487982672,-0.7273771947725243,1.0096866641363018,-1.2207737357617388,-0.6115752006304537,0.9370493225949617,-0.09838562019036039,-1.1212201525024614,-0.892475491952855,1.5656588399869404,0.06672341824199404,0.04756071850273992,0.0005551274671892323,0.3473382839010482,-0.004479185020135482,0.4221834207193696,-0.034104497562710064,2
-0.06913820889064601,0.2619070855775273,-0.6546492029360473,-0.04945739336049089,-0.2176135940998317,1.3817578405933595,-0.6851666612276023,1.1538615574538358,1.2420435211624474,-0.8400684122680931,0.17722666270789533,0.7787410377824365,0.892083008316721,-0.892475491952855,0.6923795725440907,-0.058490216485534104,1.2572562311212796,1.2218355552834177,0.16307910251405217,-1.2362550655574602,-1.2389648286593669,-0.7187105952846075,2
-0.5026374880054905,0.3831986524169252,-0.6151519386079619,1.843000837461053,-0.2791728561834525,0.8954662789302363,-0.6064536862724317,0.3374462945939771,1.2420435211624474,-0.1813530144614096,-0.8245740601502718,-0.4414860850596448,0.9941147255564459,1.463895443896267,-0.30570160427886456,0.5998345410042442,-1.2047106380163837,1.2218355552834177,1.0957823199317418,1.2272966955171893,-1.1263915403096803,-0.5187504339499139,2
-0.8006682423969461,0.29222997728737676,-0.5164087777877486,-0.1024908517353058,-0.1686258289199536,0.503939888600731,-0.5250102071415798,1.3789296290905477,-1.2207737357617388,0.5650051952251021,-0.8812826169859691,-0.6243768240229428,0.13635421569568335,-0.892475491952855,-0.12855250607433308,-0.6337990979343603,1.5793958935666172,0.0005551274671892323,1.1115003060388058,-0.004479185020135482,-1.1605665273203591,0.6789277233889769,2
-0.8277619473416239,0.565136002676022,-0.5756546742798766,1.355082840263372,-0.32047134402884736,1.1989617618573445,-0.6850957172582819,1.1856240855911113,1.2420435211624474,-1.495572760228453,0.6443260366920215,-1.041434928140228,1.230288462112603,-1.4815682259151355,0.6113805694815453,-0.2659757651336297,1.487099712558846,1.2218355552834177,0.37922331211727617,1.2272966955171893,0.5037194051836349,1.1905659135871143,2
-0.692293422618235,0.3528757607070757,-0.5361574099517913,1.6290585371049942,-0.12981214985189013,0.5308684636792097,-0.6227765237564395,1.1838080493361212,-1.2207737357617388,0.7205775737440483,-1.1600598509568267,-0.21157659069082882,1.7380687535066415,-0.3033827579905745,-1.605884681298264,0.7595237836303955,-1.456269864826785,-1.2207253003490393,-1.470459797333008,1.2272966955171893,-1.2214575100986296,-1.0617687626726529,2
-0.2587941435033905,0.747073352935119,-0.5361574099517913,-0.08250045398845661,-0.49906000157477415,0.14453165771476081,-0.5928701756429646,0.236832363219813,0.010634892700354339,0.3550713160726436,-0.5568228759375013,-1.511888206677987,1.483833077933237,0.285709975971706,-0.03383948175275311,0.15128570278434494,-0.7137383046439463,1.2218355552834177,0.648182115185879,-0.004479185020135482,0.5420209016361567,0.2407201105151979,2
0.06633031583274289,0.41352154412677466,-0.6151519386079619,1.216879837989703,-0.11066435270460907,1.0694403943214104,-0.7642923186835359,1.678560889247362,0.010634892700354339,-0.9258673210618076,-0.1484416197244975,0.8571370760073723,1.6282405431460392,-1.4815682259151355,-0.683642822363761,1.7012725222010745,0.4712653307672218,-1.2207253003490393,1.4157615542657895,-1.2362550655574602,0.6843707554411922,-1.5742071203881005,2
-0.312981553392746,0.20126130215782834,-0.5361574099517913,1.8334274832929518,-0.35412111072360164,0.6507125477666211,-0.7049786500767631,1.5090242895726067,0.010634892700354339,0.28385956593380174,0.690785511088258,-0.3339613235101932,-1.230397379823937,1.463895443896267,-1.0732785570128582,-1.2780212132709052,0.20505838031030196,1.2218355552834177,-0.17234384761582192,-0.004479185020135482,-1.3436742568301852,1.287112717380651,2
-0.692293422618235,0.68642756951542,-0.6151519386079619,1.2098157312397357,-0.12788340776347848,0.9972946048289175,-0.7490546972708021,0.018072688892241628,0.010634892700354339,-0.028446351762625197,-1.7430538004436746,-0.18745677003451625,1.6694499820575417,-0.3033827579905745,-1.4402267218734301,1.5580828161556373,-0.868046078199716,1.2218355552834177,1.5503693447984803,-1.2362550655574602,1.4282030122478129,1.7410876766371641,2
-0.8006682423969461,0.747073352935119,-0.5756546742798766,0.3052478243523505,-0.21212361895771487,0.5823632420267433,-0.6117387260691816,0.7044561413828189,0.010634892700354339,1.1686095551429658,-0.35690220666154143,-0.6118721565648569,-1.2615206265034302,1.463895443896267,0.7085665792217672,0.3396867650897021,-0.7052629831638212,1.2218355552834177,-0.9014267532712805,1.2272966955171893,0.5912230173761642,-0.03198003948499237,2
0.174705135611454,0.20126130215782834,-0.6151519386079619,0.12276058363980409,-0.1615798320625752,1.3377868430816444,-0.543753357484604,0.38155666324974347,0.010634892700354339,-1.5301548068135014,-1.5803788793789901,0.3285332440190347,0.5778450134900959,-1.4815682259151355,-0.5044084881400576,-1.5198137513891892,1.4260170581105445,-1.2207253003490393,-0.5413389061886491,1.2272966955171893,1.3654228287717176,0.3667378953183472,2
0.14761143066677623,0.6561046778055706,-0.6546492029360473,0.9057264560481036,-0.5128962805827485,0.882432053991096,-0.6750630337552531,1.0877018105261893,-1.2207737357617388,1.492295970215819,0.46779755583763094,1.092719599992718,-1.431620661557569,-0.892475491952855,0.6918060788104206,-0.9364169268566295,0.598006159547364,0.0005551274671892323,0.8319669839611222,1.2272966955171893,1.1556022177063623,-1.4457730890700904,2
-0.042044503945968224,0.565136002676022,-0.6546492029360473,1.173749127925303,-0.16380710482698307,0.8627005196473005,-0.5204036860756638,-1.5811622392393216,-1.2207737357617388,1.4779486632257277,-1.246394603966682,1.390856519442769,-0.9196789322498674,-0.3033827579905745,0.8736103419394665,-0.5299584009943227,-1.2216428411512736,1.2218355552834177,-0.9915890414745471,1.2272966955171893,0.4626011270229312,-1.5863930253880798,2
-0.7193871275629128,0.807719136354818,-0.5756546742798766,0.8024893513995451,-0.10765760449006415,0.4375528341024739,-0.6879365363142226,1.3241158062433678,-1.2207737357617388,1.1212383289747652,1.6419233587367543,-0.3844534113758868,-1.1062612993082055,1.463895443896267,-1.3580018183718443,0.32383045254703785,-1.4133044032736959,1.2218355552834177,-1.0755662153629748,-1.2362550655574602,0.47299420566457145,0.2283844235566056,2
-0.042044503945968224,0.68642756951542,-0.5954033064439193,0.28392707596157,-0.16982204024067285,1.1943621859624232,-0.7824837632232777,-0.9143040031737703,-1.2207737357617388,1.3204689332980193,-1.1359276301158434,1.2785376926224545,-1.635157112218682,1.463895443896267,0.11355433674347865,-0.8520417247720485,0.6417986024351968,1.2218355552834177,-1.3713630156406458,-1.2362550655574602,-0.5357129929260576,1.6753040766768164,2
-0.6110123077842016,0.4438444358366242,-0.5756546742798766,1.7822008562509153,-0.45356545440157126,1.589671340059441,-0.5647730987620961,0.8215160001946975,0.010634892700354339,0.888697483610863,0.34044467194825423,-0.8021501853579878,-0.7877558073712994,0.8748027099339865,0.11440664165002905,0.24343182919644427,0.6479836683943082,-1.2207253003490393,1.5650985190682942,1.2272966955171893,1.1832161638060505,-1.1697711428171458,2
0.12051772572209846,0.747073352935119,-0.5361574099517913,1.536393815262093,-0.38388723319335577,0.17241506156053812,-0.7259722385368492,1.4822128596577848,-1.2207737357617388,-1.6151848347573372,-1.6149809834332027,0.2968804363161526,1.3863926114221734,1.463895443896267,1.360291025661957,0.5870872982583037,-0.8432941741856197,1.2218355552834177,0.22502368417610302,1.2272966955171893,-0.45145881915461994,-1.0047264390071753,2
-0.014950799001290446,0.32255286899722624,-0.45716288129562055,0.63693541182648,-0.36432738013259003,0.3424404887298482,-0.6043888625622335,1.680803733728032,-1.2207737357617388,-1.6376543181461485,0.016162355975546078,1.0077051232670922,0.056601045603979896,-0.892475491952855,1.0508761358560643,1.0424304601308434,0.0944190447823623,0.0005551274671892323,-0.7892238705849861,-1.2362550655574602,-0.38744958850419237,0.7763452281969897,2
-0.4484500781161349,0.807719136354818,-0.5756546742798766,1.1608940079017511,-0.3785214496553799,0.06686540940864379,-0.5820340978418754,1.2744014187776314,0.010634892700354339,-0.2597018965902335,-0.6136003482385791,-1.5108825933956749,1.275804145104661,0.8748027099339865,0.8212488630103791,-0.1991661440336597,-0.3205561891921945,0.0005551274671892323,-0.8715846376104361,-1.2362550655574602,-0.6044539651197053,1.3303277618548262,2
-0.8277619473416239,0.4438444358366242,-0.4966601456237059,-0.01316271345626972,-0.33818267064292284,1.5997849231698675,-0.7330957366411345,-0.4034529573390862,-1.2207737357617388,1.345847622937302,1.020329290217,-0.8737746652448567,-1.1111916149404883,0.8748027099339865,-1.681327583315969,-0.3276530711611471,-0.9141027175214251,0.0005551274671892323,1.6686143944894312,-1.2362550655574602,0.39985334650214355,-0.870761709918298,2
0.12051772572209846,0.41352154412677466,-0.6349005707720046,1.729753760890596,-0.0803331217088849,0.16444202100153119,-0.6040816514499194,0.8475861156413462,0.010634892700354339,1.0291020910486381,-0.4369439118536462,0.3307921539639426,0.2063911495266221,0.285709975971706,-0.5685047480404581,-1.1246814160085619,0.6941558721616854,0.0005551274671892323,-0.7803971093159938,-0.004479185020135482,1.5919780157460055,1.6302503400087927,2
-0.7464808325075906,0.5044902192563231,-0.6546492029360473,1.7746977989526262,-0.3759784817299159,1.2072750583053724,-0.7834207025257715,1.6348048406519489,1.2420435211624474,0.002167076686129594,-0.2759519518144231,-1.1094279170806927,-1.2015680901570145,0.8748027099339865,1.0019494566277103,-0.27571690862469495,1.5788489430537758,1.2218355552834177,1.1395984291417809,-1.2362550655574602,0.4113040015768906,0.8397521552432486,2
0.06633031583274289,0.6257817860957211,-0.6546492029360473,0.7542361682569146,-0.29374899071869764,1.3539269722971694,-0.5693869024464608,-0.9167454499143872,1.2420435211624474,-0.3632582703651016,1.7102257784841994,0.24096006907108092,-0.7796123174680146,0.285709975971706,-0.46190622901898915,-0.9600224650777665,1.061066256707708,-1.2207253003490393,0.1181556671748104,-0.004479185020135482,0.6824892986109391,-0.17445372357801464,2
-0.6651997176735572,0.41352154412677466,-0.6349005707720046,0.6895446433196832,-0.1606561598427403,0.9133666062420435,-0.6484596360230526,-0.34259253419143626,1.2420435211624474,-1.0300209343205142,0.6702556163505384,0.9796661618094148,1.6575561832875219,1.463895443896267,-0.9794820436754542,-0.43725206386592624,-0.18608379868500682,-1.2207253003490393,1.0466855647613087,-0.004479185020135482,-0.6969827613938419,1.3749679242287072,2
-0.47554378306081274,0.807719136354818,-0.5164087777877486,0.5834588252061218,-0.25895978587961366,0.160878580552769,-0.6074523140760159,-1.3885016453175827,-1.2207737357617388,-0.5857542117699316,-0.8762371040680818,-0.14957837511758984,0.519165719659493,-0.892475491952855,-0.7706660289568293,0.08416028389807996,0.4628951072916142,-1.2207253003490393,1.682791858297394,-1.2362550655574602,0.11811978795759269,1.605704633307072,2
-0.3671689632821016,0.7773962446449685,-0.5756546742798766,0.38075404050936856,-0.09586863666690762,0.8716671153633567,-0.61978920295053,-1.2483571288807156,-1.2207737357617388,0.7889953594895047,1.185601444952682,0.7735312546286869,1.3147758895356418,-0.3033827579905745,-0.319558674105544,-1.1662631735697049,-1.6149042386939954,1.2218355552834177,0.9370365745204909,-0.004479185020135482,0.9949505026044383,-1.4496762051260461,2
-0.47554378306081274,0.6561046778055706,-0.5361574099517913,1.4677516148984633,-0.11424822988595133,0.28584376668697986,-0.7491164081575497,-1.2959300820684294,-1.2207737357617388,1.1004729379260818,1.5987336331714705,-1.2637168293691718,0.9648265247840406,0.8748027099339865,0.6694640296773317,-1.5058115264099101,0.45944693257615643,0.0005551274671892323,-0.3987240605418069,-0.004479185020135482,0.9714488538685855,-0.7057697911793146,2
-0.7735745374522683,0.049646843608580925,-0.5559060421158339,1.6467529297416375,-0.0683227434396854,1.2330026099780724,-0.7698509521595324,-1.6150689805564826,-1.2207737357617388,1.5127637301091799,0.3222990949558861,0.010857442570490783,0.08491952828161654,-0.892475491952855,-0.28853767765188426,0.9173611601608183,0.3302205342410762,0.0005551274671892323,1.6021297675784512,1.2272966955171893,-0.5592891861682407,-1.1956501897219975,2
-0.8277619473416239,0.4438444358366242,-0.6151519386079619,0.8893628367632894,-0.5105844006454076,0.1411736551740525,-0.5775472537748149,-1.6112601797243569,1.2420435211624474,0.1791686724772915,1.2416733330272804,0.32816497776396286,0.5111314055419875,-0.892475491952855,-1.4062621268290434,-1.7100114342670347,0.04247610244754869,1.2218355552834177,-1.5340664245916056,-0.004479185020135482,-0.013329964837475538,0.7901818867415799,2
-0.20460673361403492,0.4438444358366242,-0.5559060421158339,0.7825791358102944,-0.23837377596301,1.3285603224029052,-0.6192400640359291,-1.7365997222256817,-1.2207737357617388,-1.5977075755041286,0.9758681268897532,0.22191646919584154,-0.9463164559525621,-0.892475491952855,1.3375509976206958,0.581897528382912,-0.6017742045505149,-1.2207253003490393,0.39533760441665144,-0.004479185020135482,0.45389978498601113,-0.006446189491700659,2
-0.17751302866935714,0.68642756951542,-0.5164087777877486,0.3255928562486539,-0.1558690260217563,1.6876333932835454,-0.6287296047045129,-0.3753038084864564,0.010634892700354339,0.0636886291569222,-0.6960304722098215,-1.0703410678868162,-0.8134934192284883,1.463895443896267,0.6086323239535456,-1.4378527708992483,1.581738129027676,-1.2207253003490393,-0.2390489575423472,1.2272966955171893,-1.5532639698900854,1.5720653922737384,2
-0.4484500781161349,0.20126130215782834,-0.6349005707720046,1.13401547828332,-0.32489954800783827,1.1025036224222684,-0.7208357386768488,0.4917223319079049,0.010634892700354339,-0.37328051217018127,-0.47871491706839564,-0.36781987152441536,0.7701071591985597,0.285709975971706,-0.923190915781578,1.5635984591017233,1.4984647913472904,-1.2207253003490393,-1.0089197466901556,-0.004479185020135482,-0.1396240569500918,0.09567049707334545,2
-0.8006682423969461,0.565136002676022,-0.6151519386079619,1.166358441793561,-0.22124073516410758,1.4359035459720393,-0.7598846055483927,1.3174758649177543,-1.2207737357617388,1.5976276857681186,-0.6721849127998692,-1.0103230796987885,-0.11774273923005246,1.463895443896267,0.76300881181432,-1.5193097317195048,-0.03581470018002175,1.2218355552834177,0.39455248948655885,-0.004479185020135482,1.3343220815784407,-0.24822770308735467,2
-0.692293422618235,0.4438444358366242,-0.5756546742798766,0.7473601013378771,-0.32466655515093396,0.8257968769598396,-0.6549512287045076,-0.3264078980169638,-1.2207737357617388,-0.8951443903125654,-0.10664881471741074,1.5723654557688438,-1.0076569872805214,0.8748027099339865,-0.055862698080467184,-0.5794322155833164,-1.1659186230687413,1.2218355552834177,-0.8371846986602657,-0.004479185020135482,0.5427951446315308,-0.45122412124313316,2
-0.2587941435033905,0.2619070855775273,-0.6546492029360473,0.7442342890184767,-0.32942074552427736,1.149571491714525,-0.6956244996823479,1.056478064514668,1.2420435211624474,-1.438643823978906,-1.7411427715124848,-0.7184884234843316,-0.29440451618880376,1.463895443896267,-1.1662246301489319,1.1742142399466367,-0.35691653028123993,1.2218355552834177,-1.43382082770616,-1.2362550655574602,-0.6969631373064663,1.5697805266816642,2
-0.6110123077842016,0.3528757607070757,-0.4966601456237059,0.5472727041962777,-0.4309796144008311,1.2092818555574034,-0.5317788228757522,0.4824626705017801,-1.2207737357617388,-0.5963258245609239,1.4674247449013338,-0.5364005003292643,1.2900223251394007,0.285709975971706,1.6592801632215075,-0.347751384161767,-1.736587406425797,0.0005551274671892323,-0.41800534694976643,-1.2362550655574602,0.4175174971482446,-1.5708246628679687,2
-0.42135637317145713,0.32255286899722624,-0.6546492029360473,0.5645676635473026,-0.3569712724346627,0.039630927514623486,-0.6176296473253816,-0.006576666716886317,-1.2207737357617388,-1.754302020849454,-1.0965961488432683,-0.9967511278487479,0.8188571792405775,1.463895443896267,0.06940891801928382,-0.8701707473368047,0.22163984469526193,1.2218355552834177,1.4762157057673226,-0.004479185020135482,0.24275763211659165,-0.24608629673766574,2
0.03923661088806511,0.14061551873812936,-0.6349005707720046,0.9925169523947923,-0.4643878230680878,0.9020292718002527,-0.5841051320249452,1.563717840713371,-1.2207737357617388,-0.7599019648283913,-1.4462414252102322,1.1129424315095766,-0.5066209114077992,-1.4815682259151355,1.669996746880513,1.575649078162243,0.09777997227413111,-1.2207253003490393,-0.5455904981554537,-1.2362550655574602,1.2313418208326525,1.521241779636279,2
0.2017988405561318,0.6561046778055706,-0.45716288129562055,-0.07116533626053707,-0.4544317231311253,1.0239736767570597,-0.6336561400226314,0.6125671289535151,1.2420435211624474,1.6153054535309281,-1.531632712773839,-1.3290998156265903,-1.434035253523108,0.285709975971706,0.9273458908288444,-1.365217947292995,0.43352955204362725,1.2218355552834177,-0.23256554452690897,-0.004479185020135482,0.486936181026552,0.005417156233438979,2
-0.4484500781161349,0.3831986524169252,-0.5756546742798766,1.4526260655678376,-0.50769058913578,1.443806187602211,-0.5462986412773867,1.6630602175758056,-1.2207737357617388,0.48023772638355405,-0.9588019487174426,1.2416828851579877,-0.8833573851181655,-1.4815682259151355,-1.3543394587595285,-1.7040157066912414,0.042839189559426685,-1.2207253003490393,-0.4073833164102218,1.2272966955171893,-0.07238166981799081,0.16690465904585586,2
0.03923661088806511,0.5044902192563231,-0.6349005707720046,1.5905491008942652,-0.21913226556134954,1.376821400034069,-0.6577097138595921,-0.49231631017121275,1.2420435211624474,-1.0615021492339392,1.1157600742453722,-0.7862489051991336,-1.5326195708916384,0.285709975971706,-1.0323850808370163,-0.488350003849148,-1.2559074931315517,-1.2207253003490393,-0.8597382831133136,-1.2362550655574602,-1.7040698771837162,-1.3659526213830138,2
-0.7464808325075906,0.11029262702827988,-0.5756546742798766,1.4268156911552705,-0.15651118424362195,1.0100275703777628,-0.547067754580544,0.8620986563529986,1.2420435211624474,-1.7328131356651564,1.0819932340810559,0.6803621908888251,-1.5146666485182687,-0.892475491952855,1.1863582517277673,-1.028800971989965,-0.2561920179301774,1.2218355552834177,0.13691973545445124,1.2272966955171893,-0.1332514211399687,-0.5558677549330415,2
-0.2317004385587127,0.14061551873812936,-0.45716288129562055,0.363902478040682,-0.3855368805570027,0.05704708384122428,-0.6188532406090719,-1.5601134084468922,0.010634892700354339,-1.3674291661832818,0.21230241865324848,-0.15405023244386193,-0.30526344803647304,0.285709975971706,0.40097539896851986,-1.112992659517116,-1.6564580523181165,0.0005551274671892323,-0.0941659490886421,-1.2362550655574602,1.6256553209596705,1.2486396593531672,2
-0.3671689632821016,0.2619070855775273,-0.6151519386079619,0.013732710651210197,-0.07359976907768273,0.842345648745972,-0.5249339757892484,0.13805796060061948,-1.2207737357617388,0.25236798121405046,0.8348379395579717,1.1847348725415237,0.9779796541659016,0.285709975971706,-0.6992003244978702,1.0253771621433598,1.6853382966878476,-1.2207253003490393,-0.1675975839249856,1.2272966955171893,1.1356641693413043,-0.719953715891059,2
-0.17751302866935714,0.6561046778055706,-0.5164087777877486,0.8723972913072848,-0.32947822763532175,1.42819343129936,-0.5870062871606916,0.3328486410826839,1.2420435211624474,-1.5795939575162037,-1.3359395279238173,0.1694739610618114,0.493814229344951,1.463895443896267,0.5010021079829643,1.4743198398233817,-0.14564274601055627,-1.2207253003490393,-1.3178268190742524,1.2272966955171893,-0.2621608990149715,-0.4948011238202559,2
-0.8006682423969461,0.807719136354818,-0.5559060421158339,0.5116797707606942,-0.14425457922136367,1.1390970158723759,-0.7122421590004417,0.2312237615096062,0.010634892700354339,1.2975195369156654,0.78624427181073,0.3936090572715813,-0.38881680795407375,-0.892475491952855,-1.1139327739950269,-1.1648120675134117,-0.6548496442125541,1.2218355552834177,1.0162671657528586,1.2272966955171893,1.4784805373041852,-1.7356645800094799,2
0.14761143066677623,0.68642756951542,-0.6349005707720046,0.5247137791866984,-0.46238971724960787,1.3488273096656733,-0.7309853888762479,0.6112731381454245,-1.2207737357617388,1.4625425161007193,-1.0523858256614833,0.24494375207738964,-0.6575959648779888,0.285709975971706,-0.16355301652748286,-0.6381872944513988,0.6890875990636699,0.0005551274671892323,1.4537053364211419,-1.2362550655574602,-0.03661242150707532,-1.7117779124004313,2
-0.5839186028395238,0.68642756951542,-0.6546492029360473,0.5778614002984525,-0.3270517648989098,0.7187323800059191,-0.6146961733066775,-0.8013234958881821,-1.2207737357617388,-0.8226651817471414,0.5638875157964106,-1.1272336265584704,0.9072627861023206,-0.3033827579905745,-0.04362106876360679,-1.149193704966906,-0.06385364752148473,-1.2207253003490393,-1.3344801388572394,1.2272966955171893,1.696160577278941,-1.4684464027242996,2
-0.20460673361403492,0.2315841938676778,-0.5559060421158339,0.2480202068510272,-0.4433360412861517,0.4326574565694329,-0.7269957806668098,-0.5968622800669382,0.010634892700354339,-1.3696736497338258,0.10522307523477759,1.5043581201142875,-0.9078423583413269,0.8748027099339865,-0.021836522351053305,1.341437185050974,-1.3296916261267897,-1.2207253003490393,-0.522318600754272,-0.004479185020135482,1.5114770096434853,0.8831553320883092,2
0.12051772572209846,0.20126130215782834,-0.6546492029360473,1.4185254687885065,-0.1213832020858765,0.8963531552581323,-0.7161507444169409,0.5517804353376965,1.2420435211624474,0.5870100955261538,-1.7442496997727799,0.969074392542733,0.430776157478051,-1.4815682259151355,0.024787399171649894,1.3080356768624621,-1.26889368487463,-1.2207253003490393,0.2731657969276132,-0.004479185020135482,-0.16290163043002762,-0.8835113435939802,2
-0.17751302866935714,0.29222997728737676,-0.6546492029360473,0.15942138586702126,-0.31315372321627044,1.123665604790853,-0.7279559175159767,1.128771797156973,-1.2207737357617388,1.5452671470638555,0.43204978554029405,1.2107322841514951,-1.3543251403549572,0.8748027099339865,1.615746248208976,1.1120742427151717,0.6660634648149769,1.2218355552834177,1.1168531303877665,-1.2362550655574602,-0.8288039700557522,0.9267667059477929,2
-0.5839186028395238,0.41352154412677466,-0.5361574099517913,0.8247874972400449,-0.36362718271541367,0.19624069322226506,-0.736032331002043,-0.19953482401832756,0.010634892700354339,-0.7185074408768262,-1.4052973973652387,-0.5887232125247228,-0.9419345140050085,-1.4815682259151355,-1.5034136862305982,-1.0023592837909885,-1.5371400348141337,1.2218355552834177,0.3799709095419246,1.2272966955171893,1.539799081627085,-1.3428959224990031,2
-0.09623191383532378,0.29222997728737676,-0.6349005707720046,0.3602476586378617,-0.19664784949019903,0.24864362705695423,-0.5634080008258943,0.976694052712127,0.010634892700354339,0.9741692128452684,1.3036218018110117,0.7616554568895417,-0.253519382501642,0.8748027099339865,1.3076673839909596,0.3598161283892553,-1.2091528983682167,0.0005551274671892323,0.43290447320990477,1.2272966955171893,-0.9306665041726756,-0.4705559940604667,2
-0.28588784844806825,0.4438444358366242,-0.6151519386079619,1.6809659174402203,-0.2845175181410313,1.6331505802716564,-0.6016046222536517,0.004203346641696211,0.010634892700354339,-0.6617956924783825,1.2719805315981434,0.7047853391305319,-0.6909286549796256,0.8748027099339865,-1.3440696315703415,-1.3567856744547286,0.17591631767038002,-1.2207253003490393,0.38810718698698543,-0.004479185020135482,0.8885452376799561,0.9350944777421497,2
0.2017988405561318,0.2315841938676778,-0.6546492029360473,1.05337979461504,-0.32563094304244655,1.206329432629061,-0.7402981640244256,-0.37089328896295887,-1.2207737357617388,-0.22347474717740826,1.5917094190839063,-0.5575043165953458,0.04204826410465867,0.8748027099339865,0.6540307240310498,-0.4938661517948185,0.5913834776912996,0.0005551274671892323,0.6723860749974578,-1.2362550655574602,1.3684063662035741,-0.6134682655906892,2
-0.2587941435033905,0.6257817860957211,-0.5954033064439193,0.6204865991226726,-0.469692321496379,0.1675803034605445,-0.5475711379400023,1.1066171053674452,0.010634892700354339,-0.5780661520881261,0.6388800966507504,0.14483656059767736,-1.5999454533770823,-0.3033827579905745,-1.661628966255894,-0.4341242204311489,0.8438456357441905,0.0005551274671892323,1.4842528387807488,1.2272966955171893,-1.5273903954620145,0.9645003571614714,2
0.2017988405561318,0.7773962446449685,-0.6151519386079619,0.3222497977479126,-0.2417273266544803,0.7395831567704428,-0.748831804010955,-1.1857540087249427,0.010634892700354339,1.4666133751769699,0.8028680183039392,-1.5023612747273851,1.559935028457345,-1.4815682259151355,0.014438440987320281,1.3018588291949031,-1.646263980833418,1.2218355552834177,-0.9962474027343102,-1.2362550655574602,0.4288083589748496,1.0325499751161125,2
-0.6381060127288793,0.2619070855775273,-0.4769115134596632,0.5953091962085932,-0.21163973691185312,1.142983175804936,-0.7496450780276835,0.4195073537382831,1.2420435211624474,-0.4856573219243899,-0.08357237014300514,0.8200756303192211,-0.8337869655045844,0.8748027099339865,-1.4223263810328086,0.49248247871270145,-0.9754143443662664,0.0005551274671892323,1.0141584548626843,-1.2362550655574602,-1.6111432101367247,0.8356373099813512,2
-0.6381060127288793,0.20126130215782834,-0.6151519386079619,0.1583059565109887,-0.35198723313642716,0.720267287830623,-0.7105514076284151,0.23970882705766383,0.010634892700354339,-0.7505293885277644,-0.5902344693573235,-0.38058629969472635,-0.2019067555012821,0.8748027099339865,-0.03180861283237302,-0.9864643121279318,-0.1596673118808099,-1.2207253003490393,-1.6185260807937465,1.2272966955171893,-0.2812205840512363,1.314170940659877,2
0.03923661088806511,0.3528757607070757,-0.5559060421158339,1.4223544616229682,-0.23923749513352277,0.4456422890452486,-0.6301545476920422,-1.53508773585182,-1.2207737357617388,-0.6918885917060643,1.574292996250409,-1.7295105142400171,-1.71317693659785,-0.892475491952855,1.276505000607455,0.22378371268511946,1.4015001007984191,0.0005551274671892323,0.8727204220642863,-1.2362550655574602,0.534043727589532,1.0139120895387075,2
-0.17751302866935714,0.049646843608580925,-0.45716288129562055,0.7932412670088425,-0.25015687822795685,1.2305186012472202,-0.5878571046543506,-0.9601971164356068,-1.2207737357617388,0.27269824124226827,1.5531909522623608,-0.38858604824262033,0.19908758875974386,0.8748027099339865,1.4606283600716659,-1.4125913657140563,0.7115187751051814,1.2218355552834177,1.4162932324175064,1.2272966955171893,-0.735098179373635,-0.9279225133323299,2
-0.8006682423969461,0.2619070855775273,-0.4769115134596632,1.5554320911212327,-0.3930412427545415,0.4883968669395681,-0.6917781520345258,0.9445815777374331,-1.2207737357617388,-0.12382576074220703,-1.5683260256771205,1.5707152618783062,1.3831040837933497,0.8748027099339865,0.10727297763229046,-0.39774885949473676,-1.0410322745794565,0.0005551274671892323,-0.024304458675422098,-1.2362550655574602,1.6678828344718422,-1.501285425375552,2
0.25598625044548734,0.17093841044797883,-0.5164087777877486,1.2349843856805318,-0.21293218858291688,0.9331587070310012,-0.5321829547834884,-1.6770831440069836,-1.2207737357617388,-0.3879141893964893,0.5254231248896586,-1.0619277337334054,0.0991126406555764,-0.892475491952855,0.6038995102374636,1.0376636374261896,-1.2134424814538125,0.0005551274671892323,0.6754557793644722,1.2272966955171893,-0.6384061580557571,-1.5864448385347463,2
-0.47554378306081274,0.7167504612252695,-0.5361574099517913,0.9310790180538295,-0.2629105569616483,0.7022513176903517,-0.5790667656077921,1.3488734767332928,-1.2207737357617388,-1.76895289235023,1.4782246121557439,0.3685105835499607,-0.7759246590301824,-0.892475491952855,1.2386089554339645,1.6920315238592278,-1.249890979725645,0.0005551274671892323,0.15890144635706174,-1.2362550655574602,-1.2521007497191892,-1.7421356711344214,2
0.2288925455008096,0.14061551873812936,-0.6151519386079619,0.5787503510585744,-0.23217107844221846,1.1616479063485332,-0.7394356894273235,1.2306847393300195,0.010634892700354339,-0.21248813086629978,1.0379704368463833,-1.3274616728374842,-1.6141412856234603,-0.892475491952855,1.3156298952772532,-1.0023574929977144,0.48034173994235874,1.2218355552834177,0.8474316070802578,-1.2362550655574602,-0.9697190881534451,-1.1966556049499564,2
-0.5839186028395238,0.29222997728737676,-0.6151519386079619,0.8711052233819612,-0.1614494379540957,1.023652566295629,-0.6732260527190898,0.4054143739133135,0.010634892700354339,0.33171268655455677,0.7466436300805377,-1.4254017185829952,1.484638258652517,-0.892475491952855,-0.9847211982645195,0.8157317550375295,-0.7376904256524962,1.2218355552834177,-1.3201325840230451,1.2272966955171893,0.5252530451608213,-0.8178344256191112,2
0.2288925455008096,0.29222997728737676,-0.5954033064439193,1.1928792992964263,-0.5098732655076299,0.07393944329120755,-0.6692526686511396,-1.1612171203521056,0.010634892700354339,0.2974642270178519,1.2585807600882326,1.6624162654049204,-1.5978886474576472,1.463895443896267,-1.4129976547000522,-1.5233483770830725,-0.5991379497009653,1.2218355552834177,-0.9257395486679227,-1.2362550655574602,-0.2472537884358863,-1.324393688998558,2
-0.5839186028395238,0.5044902192563231,-0.6546492029360473,0.9320813631706455,-0.3564706113701117,0.5209799834441826,-0.5331911217889562,-1.29645421629727,0.010634892700354339,0.2578184008659268,-0.19780241708961457,0.9305292800151382,1.635305528712509,-0.3033827579905745,-0.9865971922959537,1.428039543353361,0.49406219298385934,1.2218355552834177,1.7140194016618668,-0.004479185020135482,0.09884680457227489,-0.6182553062844931,2
0.2017988405561318,0.5954588943858716,-0.6349005707720046,1.5315457961509884,-0.2607782248340509,0.5229802295842612,-0.7019355938985764,1.342455998281748,-1.2207737357617388,-0.2625389712222862,-0.9714804675978863,1.3385620829253602,0.6345549377141277,-1.4815682259151355,-0.5307170991759567,-1.4940620779069747,-0.6199791087306881,1.2218355552834177,-0.3039922670915975,1.2272966955171893,1.5793513430595936,1.5005874050395098,2
0.12051772572209846,0.7167504612252695,-0.5164087777877486,1.1492641699308226,-0.38136661333219746,1.6686508556208242,-0.704095176277315,0.3063460898063429,1.2420435211624474,0.010582262104150234,-1.685174616042478,0.1766809314719737,0.6332119628637933,-0.892475491952855,-0.6482481051975058,0.3886877689094699,0.6191163268630713,1.2218355552834177,0.32279879190139865,1.2272966955171893,-1.2976732172305918,0.034805316906058405,2
-0.2317004385587127,0.7773962446449685,-0.4966601456237059,0.4149132593682005,-0.36797865822048514,0.40369262168236886,-0.6351443477891063,0.46843747689328913,-1.2207737357617388,-0.3736611166184481,-0.022327672026846313,0.02717871983065567,0.6574935269664433,1.463895443896267,-0.7527107590693545,1.2119863352027749,-0.8713599837107795,0.0005551274671892323,0.4170763734319011,1.2272966955171893,0.8741203931631264,0.3076948562344902,2
-0.17751302866935714,0.7167504612252695,-0.5361574099517913,1.3872212171012523,-0.4573874828604188,1.1082227354022545,-0.7575614660969288,1.3786777722269588,1.2420435211624474,-0.17212883623470487,-1.2102537591592528,1.1821834058680671,0.17163824940742747,-1.4815682259151355,-0.5369170409946226,0.008190928252681494,0.7011450866162562,-1.2207253003490393,1.674641280632212,-0.004479185020135482,1.336184544478648,1.232276898185343,2
-0.3400752583374238,0.2619070855775273,-0.45716288129562055,1.408663296485812,-0.16632709392498818,1.2723494193683877,-0.7295505850977605,-0.4579476682841524,1.2420435211624474,0.7562011465209704,0.3859496112683211,0.9876140695755538,1.65276623281306,-1.4815682259151355,-0.9510795243651531,1.1285097376264075,-1.0449955747957385,-1.2207253003490393,1.608856751677785,-1.2362550655574602,0.8859370184804037,-0.14719822623861978,2
-0.5026374880054905,0.68642756951542,-0.6546492029360473,0.48103609102737827,-0.3586794832817967,1.466381709690659,-1.0939070141040652,-0.1509916989542513,1.2420435211624474,1.3848648700220514,0.8430780110213574,1.0419138955455436,0.38264246337791313,-0.3033827579905745,0.26805069359289396,0.08699064666822717,1.2996120408562135,1.2218355552834177,1.4567830118647944,-1.2362550655574602,-0.8896164055027967,0.4511463721311853,10
-1.0174178819543682,0.2315841938676778,-0.5164087777877486,-1.2198086948099094,-0.36857704129982427,1.6275711756667253,-1.03069305933567,-0.29575987494687395,0.010634892700354339,0.6838591692544865,-0.18143725432066107,0.8777015381141112,-0.1717320474749013,-1.4815682259151355,-1.4535918987966874,1.1180516272480434,-0.37529265623530267,-1.2207253003490393,1.5457177505038264,1.2272966955171893,1.6606376043367344,-0.5963462141895777,10
-0.3400752583374238,0.20126130215782834,-0.5559060421158339,0.8359319045712458,-0.48713663492608233,1.3204801170770661,-1.031180361239455,0.8440297199150778,-1.2207737357617388,1.3796622550789586,-0.5164128789809809,-1.3929551428956628,-0.9761113150197084,-0.892475491952855,0.7885822009848256,-1.5620234599778393,-1.2827850870569957,1.2218355552834177,1.0621172090879645,1.2272966955171893,-0.005350297017226067,0.946384179225631,10
-1.071605291843724,0.6257817860957211,-0.6151519386079619,-0.8399652912045678,-0.06999585483321596,0.21244848538240665,-1.0342604720500597,0.523325603370005,-1.2207737357617388,-0.5577579644450327,-0.6171980716007709,-1.085684136527226,0.20205454089414987,-0.892475491952855,0.31225996884520507,0.9667943640048328,-0.7793520913391183,1.2218355552834177,1.3719306350855793,-0.004479185020135482,0.5289345655313001,-1.6396687849198488,10
-0.3671689632821016,0.5348131109661726,-0.6349005707720046,0.1324212408158511,-0.13307628627232365,1.1054867860783484,-1.043304940538007,-0.982874982811076,1.2420435211624474,0.5281638453000742,1.2875593816449644,0.41980460962063004,-0.26618160490269466,0.8748027099339865,-1.50326875104473,0.6511627107096376,-0.6872427090687081,-1.2207253003490393,-0.1551660390390453,-1.2362550655574602,0.4225448543463666,-1.484275267791662,10
-0.5839186028395238,0.5348131109661726,-0.5954033064439193,-0.6797388380405336,-0.41974686466772093,-0.07630073145020863,-0.9099392803437568,-0.5720762438429117,1.2420435211624474,0.5250541835327115,-0.3938822987666609,1.7586099763301066,0.8241450714039693,-0.3033827579905745,-0.850477570018021,0.6567242832375768,0.471219705403313,0.0005551274671892323,-1.647074530378058,-1.2362550655574602,1.273267764260599,0.009510308214063122,10
-1.315448636345824,0.565136002676022,-0.5954033064439193,0.18957295854613626,-0.47185995299894884,1.7670031607422108,-0.9568057206261328,-0.38965690458267327,1.2420435211624474,-1.0423081509021688,-0.0708584516055979,0.4548506780921087,0.3904180599005764,0.285709975971706,1.690744526989086,1.402786242068209,0.6100449453245016,1.2218355552834177,1.1627762527928134,-0.004479185020135482,-0.5473827264262555,0.428191365559442,10
-1.2070738165671129,0.17093841044797883,-0.5361574099517913,0.19228889827504134,-0.2399821294554227,-0.4268292034248544,-0.9564628857434836,-1.7116676260172092,0.010634892700354339,0.04307005113544807,0.9165879774795993,-0.2155454368843961,1.7048805845418995,0.285709975971706,0.04470863812460144,1.0574188933434605,-1.6490302156754624,0.0005551274671892323,-1.4667951931908787,-1.2362550655574602,0.47579314075007334,-0.1659242672459045,10
-1.0174178819543682,0.32255286899722624,-0.5559060421158339,-1.2803045475633885,-0.40013522074065616,0.15649651734178874,-1.219275503672452,1.059341209331698,1.2420435211624474,0.1227750811096018,1.2423205733882565,0.08959505033338695,0.8505775140912792,-0.892475491952855,0.10665863469366887,-1.4010400176453988,1.4246278772870336,-1.2207253003490393,1.3235413009930797,-1.2362550655574602,0.30248559462721014,0.45160734491167576,10
-1.1528864066777573,0.14061551873812936,-0.6151519386079619,0.619541106242942,-0.10447026977317632,1.0553247021541352,-1.2432119226279252,0.13912921714074383,0.010634892700354339,-0.09600364949929532,-0.19857574084525081,1.097308952976464,-1.6258095323153396,-1.4815682259151355,-0.9146741469606325,1.1115234690184725,-0.4575925134649199,-1.2207253003490393,-1.533986659827042,-0.004479185020135482,-1.0862958116074486,-0.7307273817780446,10
-1.2070738165671129,0.7167504612252695,-0.5559060421158339,0.03382035096743307,-0.5031795983914737,-0.5313959910486324,-0.9886140193226044,0.1030323449533278,0.010634892700354339,1.3537860540788165,-1.548407006848304,-1.346532715264996,-0.7138970011925644,1.463895443896267,-0.8577868159832663,-0.6327572584082821,-0.3148264454916787,1.2218355552834177,-1.4435747010030984,-1.2362550655574602,1.55343716995309,-0.8821749985896019,10
-1.315448636345824,0.6561046778055706,-0.5164087777877486,-0.3404428382625764,-0.4355134330207306,0.24442315880238885,-0.9264814568640534,1.480415039664074,0.010634892700354339,-0.7837326110798432,-1.670395959023713,0.3984566098303844,-0.7840571472298841,-1.4815682259151355,0.3469819259516082,1.3084643631912605,1.2212227053931002,0.0005551274671892323,-0.2866927492588132,-0.004479185020135482,-0.039495103755923966,-1.1982076695408816,10
-1.2883549314011462,0.47416732754647367,-0.4966601456237059,0.6040068991132118,-0.37259275852354756,1.0725273987238175,-1.1011462717172118,-1.2810815871563215,-1.2207737357617388,0.5248551750937094,0.20820167646034984,0.892002020378485,0.25913845619108616,0.8748027099339865,-0.7430194091675514,0.2031068119556751,1.152766812614299,0.0005551274671892323,0.9033858632428107,1.2272966955171893,-0.4105977037029669,-0.007494730406398897,10
-0.6381060127288793,0.807719136354818,-0.4769115134596632,0.5539418358462667,-0.43616174882078373,1.739205324576695,-0.9907925940204294,-1.1547058676346673,1.2420435211624474,-0.22273867571806683,-0.0474247881786866,1.471852820890736,1.5961087514101469,0.8748027099339865,-0.042434339153804485,0.5910710632378838,0.37270949519838514,0.0005551274671892323,-1.2084688894399456,-0.004479185020135482,-0.46480157238516906,-0.5215710791782033,10
-0.312981553392746,0.747073352935119,-0.6546492029360473,-0.8417120249307409,-0.3989629051901278,-0.7031728487578053,-1.1225853236519405,-1.1200875649778823,-1.2207737357617388,-0.4457769203804586,-0.40368212092625855,1.1991620485555845,-1.629725672624031,1.463895443896267,0.7742023668932704,1.6587799668649665,1.6257045891280026,0.0005551274671892323,0.677313079302185,-0.004479185020135482,1.2386529248494937,-1.2765139408993156,10
-0.28588784844806825,0.7773962446449685,-0.6151519386079619,-0.8867558378589957,-0.3726351885771282,-0.08503450098350329,-1.1783466068721433,-0.2864243879141324,-1.2207737357617388,0.7164738298977158,0.5911319533092092,0.8469237629658263,0.7377769155632797,0.285709975971706,0.1745852610549591,0.932320475786995,0.8972909118226527,0.0005551274671892323,0.1316138741988127,-1.2362550655574602,-0.5241481041951211,-0.03753304546168874,10
-0.3671689632821016,0.2619070855775273,-0.5164087777877486,-0.3152265402960183,-0.44291100351221824,1.1994211112493065,-0.9770088941013486,-0.5640751664989807,0.010634892700354339,1.6660771132926548,0.06474912625465652,-1.147968710030629,1.5751225292386135,0.285709975971706,-0.6315544215935995,-1.5521826867965909,1.2583015338371293,1.2218355552834177,-0.5938763106529001,-1.2362550655574602,0.08663848124778276,-0.17029471336657823,10
-0.5297311929501682,0.20126130215782834,-0.4769115134596632,-0.04177690145887753,-0.2527107340059954,1.6191752685209062,-0.9380697371513304,0.3194928643806733,-1.2207737357617388,-0.40228115681988347,0.654987670343343,-1.4454963148334514,1.5163825827164983,1.463895443896267,-0.21753575086477447,1.4545421056818824,-1.0403527355383335,-1.2207253003490393,0.6383486452154524,1.2272966955171893,-0.9209775134089483,0.07950693583695051,10
-0.7735745374522683,0.41352154412677466,-0.5164087777877486,0.6743438875379858,-0.3140388937251257,1.3007189224414373,-0.8831283380866056,1.520190927972539,-1.2207737357617388,1.4413705222980058,0.7864958788049198,-0.40708185082647774,-0.161333085556071,-1.4815682259151355,-0.8409767484322119,1.6614753097975867,0.31464224163308274,1.2218355552834177,-0.5867601114182636,1.2272966955171893,1.1428402387001186,-0.7408325374691141,10
-1.2883549314011462,0.747073352935119,-0.5954033064439193,-1.067152096668488,-0.127105171376572,0.539765600032103,-0.9566924704948342,1.3302333951679555,-1.2207737357617388,0.43302087807977646,-1.3084955831777294,0.06014158716744448,-0.5841849144321745,0.285709975971706,0.8490790185304765,0.6370760740294948,1.5353047849893413,-1.2207253003490393,-0.17614632243141495,-0.004479185020135482,0.5766195182474454,1.1227722519912802,10
-1.2612612264564684,0.807719136354818,-0.6349005707720046,0.7070701443981477,-0.15553981123422914,1.2568426013566867,-1.0652485438903025,-1.2647778152484264,-1.2207737357617388,-1.0089245057684098,-1.4479235522713114,-0.6567940446808583,-0.9918586373545252,-0.3033827579905745,0.057436600087273956,1.390920701056402,1.541902120655679,1.2218355552834177,0.5676735159553471,1.2272966955171893,0.6099951918112685,-1.1353251070414307,10
-1.0174178819543682,0.2315841938676778,-0.4769115134596632,-1.4455835591043948,-0.08050845769201928,1.4997254039602304,-0.9841051654226782,-0.8604587865452924,1.2420435211624474,1.6861822618827977,1.125092647207086,-1.4553533139201063,-1.1081604964317766,-0.3033827579905745,1.3946752357283303,1.3112619175540219,-0.09749109120012384,-1.2207253003490393,1.1727406612597768,-0.004479185020135482,-1.4352147682760008,-1.272722646585155,10
-1.0445115868990462,0.3831986524169252,-0.5559060421158339,0.3551745870761865,-0.36228085650319086,1.120030978349303,-1.0743637592445894,1.0421970609985896,-1.2207737357617388,0.646491702568203,0.7063633729678414,-0.1096791476467257,-0.626838462483965,-0.892475491952855,0.2780830333888704,-0.45061732252893255,-1.7171925420654586,-1.2207253003490393,1.654940863908626,-1.2362550655574602,-0.37582969716612313,-0.7899721767076832,10
-1.2612612264564684,0.2315841938676778,-0.5361574099517913,-0.15320274894948768,-0.5117363920547102,0.36280575559577466,-0.9952654361319639,0.38817203688522234,1.2420435211624474,0.673114756398656,-0.5373283151406545,-0.3509719124006023,-0.8024720470553992,-1.4815682259151355,0.32987566230639215,-0.8072501643342717,-0.1611689363620421,-1.2207253003490393,-0.5508508197854317,1.2272966955171893,-1.1225278903442322,-0.6669413994890445,10
-1.1257927017330795,0.20126130215782834,-0.5361574099517913,0.8548763076725772,-0.18727683179645777,1.3599795716407472,-1.148266241396168,0.4815152039436249,-1.2207737357617388,-1.4408902246472672,-1.2556950312391584,0.1645365295192885,1.1837738394683972,0.8748027099339865,-1.5666500457748425,-0.9764023910893536,-0.5404218712923308,1.2218355552834177,-0.9690712157166188,-0.004479185020135482,-0.5686218119153718,0.6573302468775658,10
-0.8819493572309794,0.3831986524169252,-0.5164087777877486,0.05207978949875334,-0.1765907245936766,-0.15780164451118966,-1.0113076071610616,0.1311637262732491,0.010634892700354339,-0.41339533865137135,1.1435076268341247,-1.420227019944176,1.5894720618878064,-0.892475491952855,-0.1009667956524896,1.5772114970507674,-0.1198302156405786,-1.2207253003490393,0.9925048538641573,-0.004479185020135482,0.9733513561849367,1.10809989967274,10
-0.5026374880054905,0.07996973531843041,-0.5954033064439193,-1.1001215527897998,-0.2532858206299918,0.8604346840103739,-1.0448518955486252,0.03588424658531175,0.010634892700354339,-1.126300708502258,0.42342160909644566,-1.041954284603074,0.39857781708602036,0.8748027099339865,1.6389032170648568,0.32134560558277225,-0.894403612374003,1.2218355552834177,-0.25903746891553703,-0.004479185020135482,0.6582890800717662,-0.20741661915532056,10
-1.2070738165671129,0.565136002676022,-0.6546492029360473,-0.5178613944893482,-0.21442383876195434,1.5517670883642625,-0.8912988401274767,0.8137367750506226,1.2420435211624474,-1.3821697154424524,0.7971020955507375,0.5562654620769506,-1.0553565355276346,-0.3033827579905745,-0.24059160998779938,-1.198970800111646,-0.7084929058182746,0.0005551274671892323,-0.6018474418089442,1.2272966955171893,1.137775648917378,-1.158146838695763,10
-0.9632304720650128,0.7167504612252695,-0.5559060421158339,-0.09572312445561462,-0.20465459117754597,1.2022682666355826,-0.9904925252067139,0.22860693008761657,-1.2207737357617388,0.7352330909253554,0.9216258776582373,0.043263881011066395,1.5252647175685958,0.285709975971706,1.1400753130320849,-0.20867755681750658,1.1454690393758504,-1.2207253003490393,-0.5428031775470785,-1.2362550655574602,0.7400758011159586,-0.007692818864916068,10
-1.3696360462351795,0.3528757607070757,-0.4769115134596632,0.5687989281311678,-0.40593549047127764,1.7731762041336065,-0.915779854983138,0.06798809340537952,1.2420435211624474,1.3390581026112602,-1.1395103381801763,1.7287042422823131,-1.5360691575879035,0.285709975971706,-1.1923058786164076,-1.5980033003038392,0.7715165227946198,1.2218355552834177,0.35701730816704225,1.2272966955171893,-0.0030163184963178766,-0.2124330642534207,10
-0.556824897894846,0.7773962446449685,-0.5164087777877486,-1.447593343560786,-0.0897008395768723,-0.2782037853739638,-0.9984214375961186,-0.6804955630520991,0.010634892700354339,-0.06734048404841048,0.37816228329784796,-1.3492686412195964,1.3917670547071257,-0.3033827579905745,-0.11007572274273976,-1.048336068356733,-0.17690753714724078,0.0005551274671892323,-1.151254173763175,-0.004479185020135482,1.0294371961398416,-0.9169257587331778,10
-1.2883549314011462,0.29222997728737676,-0.6349005707720046,-0.2441088933439743,-0.4626134211756344,0.516181668085327,-0.915886201050189,1.5354851523366362,0.010634892700354339,-0.7281360743887697,-1.2040365849782724,1.7321957329131055,0.2857448686865475,-0.3033827579905745,1.5168882496351646,-1.4839386410456565,-0.7002729692324822,0.0005551274671892323,1.160047666540127,-1.2362550655574602,-0.35400122987496835,1.487474496312455,10
-1.315448636345824,0.747073352935119,-0.4966601456237059,-0.8489164450245112,-0.22653711678478763,1.0998665032585713,-1.0562660913164306,0.18091548155655415,-1.2207737357617388,0.821813545602628,-0.5680073433966989,-0.7962342361999514,0.7933794118517122,1.463895443896267,-0.057622683098457674,0.059258671167423116,1.2891845668712558,1.2218355552834177,0.5241390575017161,-1.2362550655574602,-1.421558548971566,0.6989566245185374,10
-1.0986989967884018,0.747073352935119,-0.5954033064439193,-1.3974694508109309,-0.39424509556419957,-0.2229409079792418,-1.0807987802765768,-1.4729277875008475,0.010634892700354339,-0.8350528905220016,-1.5579293501187188,0.9689244911529192,0.7209493900294563,0.8748027099339865,1.1666828327897432,-0.47982687896991577,-0.7721514691410318,0.0005551274671892323,-0.7494644940854307,-1.2362550655574602,-1.2682926932827456,-1.3992544949603765,10
-0.9903241770096906,0.41352154412677466,-0.45716288129562055,-0.06501362870743949,-0.4771985571143939,0.9972990364254615,-0.9844221130218542,-1.5907912231051538,1.2420435211624474,1.634069936893572,1.2930886625679445,-0.8288584977027675,-1.1866252593927564,-1.4815682259151355,-0.7562268951658251,-1.0942053489813368,0.5165374084636919,1.2218355552834177,1.0481899165095105,1.2272966955171893,-0.7433490147585314,-0.11340672593423025,10
-0.312981553392746,0.3528757607070757,-0.4966601456237059,-0.03588001565886908,-0.10583008236651825,1.5721624949977635,-1.1363328305134062,-1.6371147850864194,1.2420435211624474,-1.0899344001035272,-0.3856669333166244,0.724143431445198,-1.4288614026482591,1.463895443896267,-0.49174810188531887,1.5911188487186636,-0.6439756821894779,1.2218355552834177,0.9779071385768562,-1.2362550655574602,-0.15125044078601757,-1.1561033416364603,10
-0.8548556522863017,0.565136002676022,-0.6546492029360473,0.6359908512744509,-0.0773021812115568,0.544457058212336,-1.0806635922013115,-1.6950883667093986,1.2420435211624474,-0.1381969868460362,-1.0706928428225067,0.1625782438952346,-0.13645428164821416,0.285709975971706,1.5904430434815147,-0.40151896505163864,-0.7314026798761377,0.0005551274671892323,-1.087508514368437,1.2272966955171893,1.0534266843586775,0.16404123973807178,10
-0.8819493572309794,0.11029262702827988,-0.5361574099517913,0.3477172612417643,-0.33885552645416506,-0.405246293050623,-0.9826018149421506,1.0669635918213491,-1.2207737357617388,-0.10978391515853456,0.25068521003499983,-0.4056886634371577,-1.4893240246188602,0.8748027099339865,-0.010210030911081098,-1.0519875547317372,0.5249212486844848,-1.2207253003490393,0.02103011499878126,-0.004479185020135482,0.6113389618234447,-1.3260621480528656,10
-0.5297311929501682,0.14061551873812936,-0.6546492029360473,0.533841514293087,-0.5070888837676112,-0.38981595335829144,-1.0573754646056779,1.285206223704586,1.2420435211624474,0.8429831108107297,0.6544737046699052,-0.5246079225625425,0.3944980766544538,-0.892475491952855,0.8345764155798722,0.3931778836571513,-0.8815654477556306,-1.2207253003490393,0.852455475969946,1.2272966955171893,-0.7391636603727239,1.0552417712315434,10
-0.6110123077842016,0.14061551873812936,-0.45716288129562055,0.3685106321473327,-0.42381666803477275,0.5068226221209462,-1.1948556631757565,-0.4284175203636716,-1.2207737357617388,-0.8409398248085002,-1.231221641967551,0.7553259280160886,-0.5149715414018258,0.8748027099339865,-1.3023232603187687,-1.54223337341648,-0.01379837547536718,0.0005551274671892323,-0.17793152810596286,-0.004479185020135482,1.5733303256715703,0.010832149419342777,10
-1.2341675215117907,0.3528757607070757,-0.5756546742798766,-1.4489640845370049,-0.15176616779021107,0.6576722208690642,-0.9948171926499041,-0.04327483829666352,-1.2207737357617388,-0.40457700160250676,0.7843973306692613,-0.7591433062692835,-1.6927998380652858,0.8748027099339865,-1.1546230113320255,-0.7244181579200604,1.510622760179894,-1.2207253003490393,-0.6727820792406948,1.2272966955171893,-0.43145312710915124,1.2531099386994369,10
-0.936136767120335,0.3528757607070757,-0.5756546742798766,0.3942257056814814,-0.09811497384328063,0.7414170558454766,-1.1054494543894935,1.5481991430780189,1.2420435211624474,0.24584638325622435,0.6724464762310686,1.413533685900007,0.5872278090077341,-0.3033827579905745,0.47210951258714545,-0.10948839411101854,-0.19605507591262888,0.0005551274671892323,1.5744479207789386,-1.2362550655574602,-1.472614961565406,-0.1260502683101234,10
-0.4484500781161349,0.3528757607070757,-0.5756546742798766,-0.4299171070571977,-0.3711646685144564,-0.6812017129498034,-1.0566918747045213,-1.6170055189259798,0.010634892700354339,-0.6066304758529414,-1.520531440182739,0.8764285004915623,-0.6787573945720898,1.463895443896267,-0.3945023640193214,-1.6358721870070494,-0.8604718829086205,0.0005551274671892323,-1.2428242662822457,1.2272966955171893,-1.7384890871316343,-1.3927670049088168,10
-0.9903241770096906,0.47416732754647367,-0.5756546742798766,-0.9204679779311765,-0.3504460240222478,0.9951061276272101,-0.9293659130275853,-0.896340525771929,-1.2207737357617388,1.056679543227786,1.244586136056938,-0.9324504765614816,1.0874327609491499,0.8748027099339865,-1.6158512462562218,-0.43201205341172505,-0.5687082562201637,0.0005551274671892323,0.2869613738730064,-1.2362550655574602,-1.2476364988886244,1.3181220808969967,10
-0.7735745374522683,0.049646843608580925,-0.6349005707720046,-0.3599986982155223,-0.15498117476950127,0.06053219139463553,-0.9777697299892948,1.195073645666287,1.2420435211624474,-1.758874230595437,0.21976190661418257,0.04336398724993691,-1.2536016375358203,1.463895443896267,1.2734746000958292,-1.5721408983063072,0.7773138515333606,-1.2207253003490393,0.5274654703179402,1.2272966955171893,0.48701987812210207,0.036368486144899514,10
-0.7193871275629128,0.2315841938676778,-0.6151519386079619,-0.5884531375080133,-0.27118909826544174,-0.3052761566489813,-1.1858855478289096,-0.3574220588270391,0.010634892700354339,-1.1335485082332106,-1.1215999009854678,-0.20086948313900535,0.34783025844534227,0.285709975971706,-1.6396841996123002,1.3462179970042076,-0.13250164508060333,0.0005551274671892323,0.2483391445082633,-0.004479185020135482,-0.711643936669724,0.5976797766236075,10
-1.315448636345824,0.7773962446449685,-0.6546492029360473,-0.8060022404149941,-0.26998379928299904,1.338659501855271,-1.2323500703816346,-0.15947014421225958,0.010634892700354339,-0.3752737681734425,-0.808674922764321,-0.6036522445092057,0.6361758014418875,0.285709975971706,-0.8337152104906224,0.722044888793514,-0.7830613065588463,0.0005551274671892323,-1.6814603306069533,1.2272966955171893,0.08887057198231607,1.6982219716167857,10
-0.6651997176735572,0.29222997728737676,-0.6151519386079619,0.8419199688600272,-0.2583670190183491,0.6214065329335132,-1.0648130480389817,0.7916498245148003,0.010634892700354339,-0.5363994539909649,1.5015919236167679,-0.09468265533410247,0.5981789552604909,-1.4815682259151355,0.23281694577067094,-1.447545138616107,-1.6107103823867244,-1.2207253003490393,1.6220917598428366,1.2272966955171893,1.6523665947039954,0.416569645144582,10
-0.6381060127288793,0.2315841938676778,-0.6546492029360473,-0.06931515761545125,-0.19685441633611686,0.6314279029074413,-1.0032458651982652,1.4663133002913296,1.2420435211624474,-1.2174484448363692,1.0114079324418976,-1.1243519757519966,-0.9867660497759311,-0.892475491952855,-0.12235540560380492,-0.44651345025833616,-1.1669138302574444,0.0005551274671892323,0.5579306904746817,1.2272966955171893,0.8319870046707721,0.4723211372348852,10
-0.7193871275629128,0.5044902192563231,-0.6349005707720046,-0.08639649540660217,-0.11450355688005481,0.10152301066526591,-1.2453852166766362,-1.0022499517592216,-1.2207737357617388,0.6045192432371681,0.07416218104931581,0.5573718583954274,-0.5245529831415157,1.463895443896267,1.0345638409861122,-1.6473928869099252,0.8951561437636624,1.2218355552834177,0.032075962666634074,-1.2362550655574602,-0.4136625202898415,-0.7680416847942169,10
-1.0174178819543682,0.6257817860957211,-0.45716288129562055,-0.2951681892915697,-0.4666229358950195,-0.010160088711521843,-1.0779214877053171,1.175859710853811,-1.2207737357617388,1.0716170312603261,0.6789168426928549,-1.34752760307016,-0.6622165535587496,-0.892475491952855,-1.6975570433679519,0.8005733220503793,-1.6671784759547132,-1.2207253003490393,-1.3609109208860815,-1.2362550655574602,0.3215939402398742,-0.9743730522278156,10
-1.2070738165671129,0.32255286899722624,-0.4966601456237059,-0.4504785515706681,-0.18317165088293155,0.7699837707805007,-1.2244202463681935,0.3257242540809675,0.010634892700354339,-1.4511377802136702,0.5204232807009213,1.1207648942589497,-1.6503232635012817,1.463895443896267,-0.7568836984008858,0.4547154168810806,-0.6401249993705844,0.0005551274671892323,0.9109806523383526,-0.004479185020135482,0.7646209525215839,1.484062548154851,10
-1.0445115868990462,0.14061551873812936,-0.4966601456237059,-0.7644777117252269,-0.36330642976833366,0.3820444573737167,-0.9651420375971446,0.8181677717839464,-1.2207737357617388,-1.4377976465556368,-1.0651642033632918,1.739642956715043,0.25063377942956083,0.285709975971706,-0.908581494390774,-0.18239125492353098,1.4859662148120436,0.0005551274671892323,0.2381328687397331,-0.004479185020135482,0.3854111008304768,1.4839055797915204,10
-0.5026374880054905,0.7773962446449685,-0.5164087777877486,0.3922315831453134,-0.3603109831762095,-0.7147242141917636,-0.8933426606313902,-0.7669600965488063,1.2420435211624474,-1.3131286582263482,1.2976015608238316,1.6963125927160216,0.30764529353627273,1.463895443896267,-0.9338804565454603,-1.1025916408357246,-0.3530124073429154,-1.2207253003490393,0.04717070765695735,1.2272966955171893,0.039524271130885094,-0.5562827318509213,10
-1.2070738165671129,0.4438444358366242,-0.5954033064439193,-0.242469764456501,-0.4033132216005162,0.31257822517141065,-1.0228813067416778,1.4151037612516963,0.010634892700354339,-0.7232488320746662,1.3225157861529913,0.10516997939474039,1.5016798299055127,0.8748027099339865,-0.031119688215608374,-0.3911052317930701,-0.19605630576982222,-1.2207253003490393,-0.16067580063842926,1.2272966955171893,0.45746579196477727,1.0426113286170289,10
-1.0986989967884018,0.7773962446449685,-0.5559060421158339,-0.12510755933440187,-0.20604795866343664,-0.11579613567164121,-1.1875308952644086,0.5267264691812734,1.2420435211624474,1.6463169190767044,-0.5906651416064422,0.24070645927582707,0.2751670133476544,-1.4815682259151355,0.8544153096557218,-0.8094080527276217,0.859419569591632,0.0005551274671892323,-1.5305034961925719,-0.004479185020135482,-1.2798733924159589,-0.7037069158277205,10
-0.3400752583374238,0.7167504612252695,-0.5164087777877486,0.5172414136422778,-0.09730028033450355,-0.20186548713686245,-1.239316226435996,1.3484822190868042,-1.2207737357617388,-0.711672140536708,0.7632233839513894,1.7169734176109555,0.6928079402644696,-0.3033827579905745,-0.3180462255691932,-0.9998376400925251,0.629262830118642,-1.2207253003490393,-0.6584739276056585,1.2272966955171893,-1.4955884015893208,-0.1701113293639698,10
-0.9090430621756572,0.6257817860957211,-0.6151519386079619,0.0817812849305166,-0.086399626053691,1.1938180650008656,-1.207545996278412,1.3343925089260869,0.010634892700354339,-0.8500739106702306,-0.2536969933518164,-0.17632194267337645,-1.4601542663409592,-0.3033827579905745,1.0775248848024535,1.2356799799177365,0.3337373404708126,1.2218355552834177,-1.0240199961545495,-0.004479185020135482,0.8525836263656462,1.2472373000628578,10
-0.6651997176735572,0.4438444358366242,-0.4769115134596632,0.4804355929767974,-0.3326718457236197,1.3382037517623404,-1.2067399005957296,-0.9512363346518506,0.010634892700354339,0.3337400980522883,-1.7456149859032382,-0.8992455458925721,0.3072438892897992,0.285709975971706,-1.2706969676941668,-1.2922598068587812,0.9365151266909135,0.0005551274671892323,1.1211658697523732,-0.004479185020135482,-0.7436851297040273,0.488080001829662,10
-0.7464808325075906,0.6561046778055706,-0.6151519386079619,-0.14656286315532133,-0.3360314290985793,0.9416286072351354,-1.0043021235110978,1.1854024218035053,1.2420435211624474,-1.5292907802650497,-1.038273365664672,-0.1129770709236518,0.3707249812616612,-0.3033827579905745,-0.20799142291178765,-0.5269644704100059,0.2007955771217011,-1.2207253003490393,-1.2531701988945623,-1.2362550655574602,0.32229381658722706,-1.4604128290683953,10
-0.5026374880054905,0.747073352935119,-0.5164087777877486,-0.32501692336569876,-0.41000520039193633,0.6947324983299303,-0.9109796739595958,0.42585517009953117,-1.2207737357617388,0.36712913134877917,0.5043499083751063,-0.04269559304968889,-0.9901914062416812,-1.4815682259151355,-0.9323174369123347,-0.38585451918560704,-0.7917705467261336,1.2218355552834177,-0.4461438573053768,-1.2362550655574602,-0.46783876345059977,-1.586269926316664,10
-0.8548556522863017,0.7773962446449685,-0.5756546742798766,-1.0975006156734608,-0.16709173745579828,0.26853548981746933,-1.102330995310286,-0.3145910173007992,-1.2207737357617388,0.6554013543143515,-0.2946093162767768,0.6203871699399192,-0.5689982637741685,0.8748027099339865,0.006046585874481324,-0.8688480319660566,-1.159857680289165,0.0005551274671892323,1.5775356393354036,1.2272966955171893,-0.07010914149991813,-1.2693809147355415,10
-0.7735745374522683,0.20126130215782834,-0.5954033064439193,-1.189909575534489,-0.45804210404569506,0.3547607213018282,-1.1227984249157759,-1.4230880298553255,1.2420435211624474,1.6550451849634868,-1.2218105133266566,0.34930196957037624,-1.644835001573832,-0.3033827579905745,0.6550959951347994,-0.21952518648877062,-0.27834386606319644,1.2218355552834177,-1.4465069533555233,-0.004479185020135482,-0.8719156361932214,1.3862672281748023,10
-0.6110123077842016,0.47416732754647367,-0.6349005707720046,0.8205051146295127,-0.2330997406095898,0.10065314086374294,-1.2333389438626294,1.1985503445938255,0.010634892700354339,0.6527163757844004,-1.539826257641917,1.3184319801118496,1.292499689344894,-0.3033827579905745,1.0150731959738837,-1.0799852238929493,-0.06333395337755432,1.2218355552834177,1.2079527669320536,-1.2362550655574602,1.1875311560136244,0.29085519279861405,10
-1.3425423412905018,0.41352154412677466,-0.5361574099517913,0.37631072865626064,-0.4917258093023232,0.10610182047874156,-1.0082416670173986,-0.0076393033853413145,-1.2207737357617388,1.6120787309337554,1.027083438111815,-0.9761920296774461,0.08447480598029787,0.285709975971706,1.0331490224802606,-1.1515414950146148,1.1230837582387938,1.2218355552834177,0.6898502853086824,-0.004479185020135482,1.1246228537147809,0.8012149651432939,10
-1.0445115868990462,0.41352154412677466,-0.4966601456237059,0.002512204046645554,-0.3743553071004526,0.1493227525049678,-1.0549798826198478,-0.9553912012342929,-1.2207737357617388,-1.348129164644308,-1.5669839880950072,-0.01935639533921471,-0.27476856088619883,-0.892475491952855,0.6736042595842668,0.9970456956892235,1.6242032191004292,-1.2207253003490393,-1.65415028862719,-0.004479185020135482,-0.2134652922432569,1.0394832377035697,10
-0.39426266822677936,0.41352154412677466,-0.5559060421158339,-1.032169871456979,-0.4944792220990161,0.5874706176265035,-0.9126899883939668,-0.009598520280944796,-1.2207737357617388,-0.33667879150420904,-0.054415172919285534,-1.2322082398389282,-1.2233094781678144,-1.4815682259151355,1.7360968240181738,-0.6856597531428106,0.9723297564393385,0.0005551274671892323,0.4209585756687609,-0.004479185020135482,-0.8646427188233416,1.0392826044785413,10
-0.6110123077842016,0.5044902192563231,-0.5361574099517913,-0.04461343935618589,-0.49341552405329536,1.2508935364636131,-1.1698764491512286,1.6344255571387905,1.2420435211624474,0.8463221187466463,-1.0980455873323107,-1.2012211392090617,-1.2880334322727394,0.8748027099339865,-0.3797713276128453,0.11100589266171211,0.9575385830987314,-1.2207253003490393,-0.16261201264182593,-1.2362550655574602,0.6909764718528815,-1.0697906443606469,10
-1.0445115868990462,0.5348131109661726,-0.5756546742798766,-0.13934496184001957,-0.48376950350857667,0.8699460404197724,-1.1150286969340744,0.5552841456350873,-1.2207737357617388,0.799097178137558,1.2658327813034398,-1.4005087944966839,-0.8723296546215775,-0.3033827579905745,-0.31588264267649924,1.3405314867919524,0.1434306837752548,-1.2207253003490393,-0.8387872135747931,1.2272966955171893,0.47697007588457646,1.0598494682581951,10
-0.7735745374522683,0.4438444358366242,-0.6349005707720046,0.4125795404173073,-0.3716573700129229,1.6506937136646043,-1.2012188766616516,-0.9637805644068794,1.2420435211624474,-0.9402190222480267,1.1180364307747177,-0.8197296033286027,-0.9173940636950991,0.8748027099339865,0.7078528561909208,0.5423740580141613,0.4356270142015173,1.2218355552834177,1.7330859204166988,1.2272966955171893,0.15582811895320706,0.9213665472410644,10
-0.6651997176735572,0.3831986524169252,-0.5164087777877486,-1.4916024169351383,-0.28655443431314614,-0.21841431966520503,-0.9448281020745191,-0.5942779050467842,0.010634892700354339,-1.1212500847634463,0.6282740607387957,0.36374746272550534,-1.540308603356689,0.285709975971706,0.5773070909296535,0.7492243186003142,-0.8388154960723943,0.0005551274671892323,1.250666656803891,-1.2362550655574602,0.2951566633124063,-0.25343660296466847,10
-0.936136767120335,0.3528757607070757,-0.6349005707720046,-1.4786807974531155,-0.4053804759528032,-0.505008094011561,-0.961869886968097,-0.13880826130992596,-1.2207737357617388,-0.4884809429649527,-0.2558622616780914,0.18141927509451983,-1.4351337628905285,-1.4815682259151355,-1.117774787473433,-1.541394890609839,0.86800484483415,-1.2207253003490393,1.397038266606094,-1.2362550655574602,0.25648097886286275,-0.5517662837418077,10
-0.9903241770096906,0.17093841044797883,-0.5164087777877486,-0.3533775952690536,-0.16099854787611725,0.3840027060914237,-1.029310798152365,-1.3070989551622325,1.2420435211624474,-1.4659740125957272,-0.15657393699476677,-0.11818309773633677,-1.332131651498196,-1.4815682259151355,-1.1809501094780912,-1.3066002791153546,-1.5125676746069585,-1.2207253003490393,0.7753130916304094,-0.004479185020135482,0.6206052382948308,0.8343981226141178,10
-0.47554378306081274,0.17093841044797883,-0.5756546742798766,-0.478645688440412,-0.3924151658482482,1.514088899788353,-0.9811746774322359,0.9239277225901568,0.010634892700354339,1.5016509664122932,0.3584838837066959,-0.5223557704877474,0.9320483254715004,0.285709975971706,0.8133829375971365,-0.7096926811815236,1.155589875115592,1.2218355552834177,1.0575069282830065,-0.004479185020135482,0.6313711735111511,-0.5887453848673859,10
-0.8006682423969461,0.29222997728737676,-0.6151519386079619,-0.1040143028533259,-0.14854149674668635,0.11657563849568264,-1.1285426775305634,0.7265465835631592,-1.2207737357617388,1.5539961159985858,1.5526676650928823,-0.9940421236007625,-0.8745044435218228,0.285709975971706,1.2534714589004456,-0.8686493225617746,-0.5789059864597772,1.2218355552834177,1.2587908821886147,-1.2362550655574602,-0.7803019836799969,-1.1870287168661116,10
-1.3696360462351795,0.47416732754647367,-0.5361574099517913,0.04998186649497297,-0.4312267329379764,0.7798824673382709,-1.2153922169604414,0.06514142082346916,0.010634892700354339,-0.14012999846939497,-1.0773341454008263,0.19450131510908159,-0.5702948345103463,0.285709975971706,-1.6237020442019803,-1.0925998634045682,-1.5109416707956593,1.2218355552834177,-0.18650212401603147,-1.2362550655574602,-1.507389682233984,-0.8553972732718312,10
-1.0986989967884018,0.6561046778055706,-0.6151519386079619,-1.4175694029885173,-0.15399918975409846,1.6319166526815607,-1.1730399916698735,-1.705291663757402,0.010634892700354339,-0.04827917685360746,-1.2992869817580552,-0.9565329462055541,0.21044445928928351,-0.892475491952855,0.7863342518704493,1.1159267587875206,-0.18489184946460116,-1.2207253003490393,0.8057517457395537,-1.2362550655574602,0.826987220178001,0.24587499154406395,10
-0.556824897894846,0.2315841938676778,-0.5954033064439193,0.30278264719554704,-0.20015210360574492,-0.4028339045547404,-0.9273764119576373,-0.5680249950270272,1.2420435211624474,0.5329883908438957,-0.4590686725486345,1.419697834885758,1.254686016515571,0.8748027099339865,-1.6375001100907853,1.2921446438700486,1.406355054337444,1.2218355552834177,-0.790695226078135,-1.2362550655574602,0.29662704984972915,-1.2241601300665221,10
-1.3696360462351795,0.6257817860957211,-0.6151519386079619,-0.4508526046049377,-0.31343274560993356,0.9970876858448523,-1.0273478433777958,-1.4224680798654807,0.010634892700354339,-0.3284693519655156,0.3088760574576966,-1.5872267864904028,0.8503306213460765,-0.892475491952855,0.07868164790053418,-0.24796724122744185,-1.1964618749875067,-1.2207253003490393,1.5378674750009045,-0.004479185020135482,-1.1977710571287563,0.2515133473563185,10
-0.42135637317145713,0.6257817860957211,-0.5164087777877486,0.21861455954176048,-0.38247253252489893,0.5549844263030068,-1.1027376062020502,-0.3239492926086,0.010634892700354339,1.5224677653039613,-1.0554974862881088,1.532811936355651,1.726411665434285,0.285709975971706,-1.1267973029829224,1.6403308008054633,1.1628619793436472,0.0005551274671892323,0.8983293526992202,-1.2362550655574602,1.6719664022561698,-0.10225911277399351,10
-1.179980111622435,0.29222997728737676,-0.4769115134596632,-1.196764299655191,-0.3157902305319114,0.45130301454530236,-0.9175746399656367,1.4764328268420266,-1.2207737357617388,-0.7909105557144296,1.4131928066016382,-0.5191162499770836,-1.0730449958541866,1.463895443896267,-1.318505583810234,1.0238033247463982,0.7359715076564386,-1.2207253003490393,1.3815244362337824,1.2272966955171893,-0.6965215533013432,-1.6723486468601065,10
-1.1257927017330795,0.07996973531843041,-0.6151519386079619,0.10287973637314997,-0.21155087747877468,-0.2682249207306722,-1.0370355599008336,1.1202660341554729,-1.2207737357617388,0.6286759726045388,1.2678651590111065,-0.4358781731173372,-0.0918398181800831,0.8748027099339865,1.166112894821601,0.9563169348719709,-0.3995084759804545,-1.2207253003490393,-1.3458439693300661,1.2272966955171893,-0.20580884428574703,1.3737925306830918,10
-0.9903241770096906,0.6257817860957211,-0.6546492029360473,0.4708372634878118,-0.2652999475371897,0.030444516080200455,-0.9741077700871253,0.7147177631881492,1.2420435211624474,-0.8613777093721818,1.321601701937957,0.33181293708082443,0.4990479382528298,-0.3033827579905745,-1.4325655803001895,0.897111497232907,1.6670248812067145,-1.2207253003490393,0.4896695656299917,-1.2362550655574602,-0.3389201919966129,1.600773809129914,10
-0.9903241770096906,0.68642756951542,-0.5559060421158339,0.6801187905049317,-0.42119414308495334,0.7405310441247808,-1.2186991751023268,-0.8953284218178864,-1.2207737357617388,-0.6873271693050537,-0.1315827297279582,0.9286000030195181,0.5647622453680786,1.463895443896267,-0.5471380471027434,1.3480120154703352,-0.8320965926465843,0.0005551274671892323,0.28346971919897135,-1.2362550655574602,-1.4330578003629328,1.2899870467421855,10
-0.39426266822677936,0.3528757607070757,-0.6349005707720046,0.019052388815740003,-0.3310808364208697,1.5799870635024602,-0.9699173375998,0.5137331431221944,1.2420435211624474,-0.6229156242805137,-1.0349510324909723,1.148236318533219,0.6702402671629072,0.285709975971706,-0.8705537083832965,0.596538067621199,0.6678564844836339,1.2218355552834177,0.03888521840913197,-0.004479185020135482,-1.5973039057967422,-0.40472766375362285,10
-0.6110123077842016,0.41352154412677466,-0.5361574099517913,-0.7542209850551826,-0.3482189341072729,-0.2823683591639767,-1.034471302716675,-0.18974870168058786,0.010634892700354339,-1.252003362763019,0.6513719882610879,1.6703565783940733,0.036679366541792824,0.8748027099339865,1.3194166439551107,1.2470715219147241,0.005667099801671143,-1.2207253003490393,0.39144608825617205,-1.2362550655574602,0.9998507206753904,1.4640282966516982,10
-0.6110123077842016,0.7773962446449685,-0.6349005707720046,-0.1797455773867253,-0.503767590501463,-0.5393070564601626,-0.9161598829980838,1.2550256134241835,-1.2207737357617388,-0.736710087920549,-1.011500982266422,0.025815130074893736,0.025008750487749868,1.463895443896267,-1.3579604754948338,1.477256624997861,-0.2907905998936021,-1.2207253003490393,0.40756912171554516,-1.2362550655574602,1.245562272124157,-1.18235719675794,10
-0.28588784844806825,0.2315841938676778,-0.5164087777877486,-0.9217454446565654,-0.25477186492396925,0.6885012897492416,-1.0778698501822714,1.107626015643643,0.010634892700354339,0.9202335445136621,1.4174793720311898,0.5053265538156155,-0.1466042821986285,1.463895443896267,-0.6151381540787071,1.3856473575225832,1.7021329573648634,0.0005551274671892323,-0.3788899507564275,-1.2362550655574602,1.721630707618577,0.5517442970458399,10
-1.0986989967884018,0.5044902192563231,-0.5756546742798766,-0.1515151014913961,-0.11235557338014586,1.0377193609839712,-1.1257046266522215,-0.6779215952752449,1.2420435211624474,-0.4182760905640148,0.39877046308655073,-1.40530618062779,-0.8768361528459208,-1.4815682259151355,0.21370764950237553,-0.686621682230173,-0.44253139718502127,0.0005551274671892323,0.2706926096857138,-0.004479185020135482,1.0731240806182931,-1.162915699797833,10
-1.0445115868990462,0.807719136354818,-0.5756546742798766,-0.7320023596566457,-0.28146927613388284,-0.6558589463754998,-1.2259612804635047,-0.7613139525402022,0.010634892700354339,0.726660205891725,-0.6433983515625818,-0.019812720788675558,0.6132397974451678,0.285709975971706,-1.0500998329482425,-0.7361492025948164,-1.0109361734303,0.0005551274671892323,-0.9440339324439939,-0.004479185020135482,1.4598789775163976,0.4508288798283402,10
-0.3671689632821016,0.7167504612252695,-0.5559060421158339,0.06272981031353497,-0.12473516553645006,0.7896822471458732,-0.9543920650431438,1.327900697631154,-1.2207737357617388,0.7266346220823634,0.5084160042058107,0.36697539170447285,-0.9552757238231211,-0.892475491952855,0.43987975198669516,0.8640934516865464,0.4469005800576569,0.0005551274671892323,1.5995946891256356,-1.2362550655574602,1.1513971316805673,1.6275811527449624,10
-1.3696360462351795,0.41352154412677466,-0.5164087777877486,0.8305770251101728,-0.09319742659557308,0.1606674380465372,-0.9445481435887648,0.5990996308640637,-1.2207737357617388,-0.23817992003027097,-0.5039875568704467,-0.2079221902882897,0.7499941727544256,-0.3033827579905745,-0.15252024083420737,-0.34703748207407525,-0.4789268453597865,1.2218355552834177,1.6682806223152233,-1.2362550655574602,1.360529249039233,1.0211813074587484,10
-1.179980111622435,0.5954588943858716,-0.45716288129562055,0.3764099385951061,-0.37511658251775987,1.0579180610789876,-1.060229213653564,-0.18390035793199477,0.010634892700354339,1.248967763474405,-1.7087696139866366,-0.2460748518864405,0.7328606186475255,-0.892475491952855,0.8059372247930056,0.7386396752337205,1.4141733680756639,0.0005551274671892323,-0.3498370752652463,1.2272966955171893,-1.359835218469101,-0.09174256458055069,10
-1.0986989967884018,0.07996973531843041,-0.5954033064439193,0.4701213484034907,-0.12754174349038563,1.1083897971575551,-1.043896033995972,1.5214007315618132,1.2420435211624474,1.705807300368288,1.1269709589827217,0.34989657209444675,0.6237750367333843,-0.3033827579905745,-0.3079783391011268,-0.5638268554341033,-0.104850522747879,-1.2207253003490393,-0.08858045192281196,-1.2362550655574602,-0.39246058844598436,-1.6464549032204694,10
-0.312981553392746,0.5044902192563231,-0.6546492029360473,-0.9577091423009463,-0.34054640614021975,-0.13327653011613283,-1.010748821848219,-0.9544548372345524,0.010634892700354339,1.6073134945249752,0.8695029602514445,-1.2386769491721477,1.1165978803555008,0.8748027099339865,-1.376451618216009,1.53575882550245,-1.2931198285390386,1.2218355552834177,1.1253070027377152,-0.004479185020135482,0.05640509571706165,0.15896569735817548,10
-0.6651997176735572,0.07996973531843041,-0.5164087777877486,-0.506356539787453,-0.4967481414049395,0.7000102222262606,-0.9256524328085749,0.515856864913344,1.2420435211624474,1.2748696886324455,-1.2055102212039743,0.8548144449421898,-0.7310003240180132,-0.3033827579905745,1.3564795951205058,1.6302644479970687,0.4962203438853839,-1.2207253003490393,0.29869123957031934,-1.2362550655574602,-0.38580485627934524,1.430498471219245,10
-1.1257927017330795,0.7167504612252695,-0.6151519386079619,-0.781769830637196,-0.3548450556546718,-0.24394396675625954,-1.1900262870694083,-0.9023007785665476,-1.2207737357617388,-0.9293205849607186,0.9391193551379075,-1.7237401221207271,1.291924221051149,-0.892475491952855,1.5331342308563598,-0.3288508254744599,0.21940402375643572,-1.2207253003490393,0.683113170390306,-0.004479185020135482,-1.563617343400772,1.5802538122020144,10
-1.2612612264564684,0.17093841044797883,-0.5756546742798766,0.1253228433690664,-0.17314460671392626,1.4888490757511037,-1.140267598412857,0.6625369995234986,-1.2207737357617388,1.6355426255203325,1.6737884863644366,1.0610905946212652,-1.1095782958455216,-0.892475491952855,1.6686199581372603,1.0023694018662734,-1.275497365187449,1.2218355552834177,-0.6231441168641702,-0.004479185020135482,0.881245780265765,-0.19672629187072696,10
-0.4484500781161349,0.5954588943858716,-0.6546492029360473,-0.9173731694583913,-0.3436841675455976,1.50038947140044,-0.916566653319406,0.016230000418083493,1.2420435211624474,0.8028892671622978,-0.6480732135730607,1.1379628140977662,1.166838224950592,-0.892475491952855,1.6553471032731542,1.3915925173555777,0.5934467795314822,-1.2207253003490393,-0.8509614588406451,-0.004479185020135482,1.4726964554052344,-1.2162781261654545,10
-0.47554378306081274,0.7167504612252695,-0.6546492029360473,-0.33952526385685583,-0.23185302375973743,1.7224065830883595,-1.141455354625479,-0.5710448163437666,1.2420435211624474,1.5325751334974793,-0.907487191852896,0.9615004234988631,-0.5224967289832276,0.8748027099339865,-0.691922125919521,0.9244581860405151,-0.3760576451632683,1.2218355552834177,0.02520321650368783,-0.004479185020135482,-0.4224023473278177,-0.7553672624081633,10
-1.315448636345824,-0.890362799396753,-0.20043066316306582,-0.20867303539811535,0.905422909407266,-0.7063473167728558,0.1547851125622134,1.6693151235152366,-1.2207737357617388,-1.6714844999516025,0.25655408278035147,-1.4298820183880667,-1.3087876315058788,1.463895443896267,-1.37046469402821,0.864117986982845,1.3037565455819644,1.2218355552834177,-1.6213514564961982,-0.004479185020135482,1.3319470288417554,1.745299890515363,19
-1.2070738165671129,-1.07230014965585,-0.22017929532710848,-1.1771314752603794,0.829122486009021,-0.68733104392069,0.08339543934884878,1.0427258689656873,1.2420435211624474,-0.9317279015019797,-0.9590537886447063,-0.6536384516449952,1.3399426678479098,-0.3033827579905745,1.2517790908428934,0.4264400529540065,1.6609468254456095,1.2218355552834177,1.678654001466134,1.2272966955171893,-1.3446195805341736,-0.22264408741993666,19
-1.1528864066777573,-0.829717015977054,-0.23992792749115116,-1.3496327949452933,0.7152556511871705,0.4333388549252632,-0.017202003696417806,-0.6862266760907274,1.2420435211624474,0.9905918957918697,-1.3481136409854486,0.5582731434154996,-1.5250596219598032,1.463895443896267,-0.638996601083024,1.3411153348293139,0.18299914162138814,0.0005551274671892323,0.3606698710990167,1.2272966955171893,0.8661802811214211,-1.1423164917031259,19
-0.3671689632821016,-1.07230014965585,-0.18068203099902314,-0.2902227597130944,1.0346172129230853,-0.05791117216396703,0.12317585675491508,1.648399235812787,-1.2207737357617388,0.7374199910256108,1.2180068122050065,0.42163508519698295,0.3404300431195621,0.285709975971706,-0.8066083479340084,0.7907615947250664,1.4175758740104911,-1.2207253003490393,0.4411781411038566,-0.004479185020135482,0.5148953999828427,-0.06785856282011174,19
-1.3696360462351795,-0.7993941242672046,-0.20043066316306582,-0.6262459376606689,0.8275258124172165,0.34705275586946666,0.10786873552074044,0.4358499671268668,-1.2207737357617388,-1.5707056084732227,1.2573600521721713,-0.05416224814547623,-1.136148466543841,0.8748027099339865,-0.3567386307374803,1.4030529927497308,1.601409633039712,0.0005551274671892323,-0.21945131160633233,1.2272966955171893,-0.5103025166396868,0.10085370408445894,19
-0.5297311929501682,-0.8600399076869035,-0.20043066316306582,-0.12908620064130402,0.940000405153246,0.03604030686553094,0.10834774126360125,-1.376538129540555,-1.2207737357617388,-1.5014897569327752,-1.5850103298449734,-1.6214034665796715,0.6421307375895888,-0.892475491952855,1.641815505385003,-1.215636340887626,-0.7748517078261359,-1.2207253003490393,-0.8485710488279727,1.2272966955171893,0.20555113518521273,-0.9809352272101194,19
-0.8006682423969461,-0.9813314745263014,-0.20043066316306582,-0.6051513834268389,0.8016698392534739,-0.18326868189253287,0.026060342515432704,1.0580802238299913,0.010634892700354339,-1.4861832338182652,-0.1959923849685588,0.5349294529948949,-0.9698686270404874,-0.3033827579905745,-0.7446253068258081,1.7332556437369426,1.042077585238542,1.2218355552834177,1.4280217768876968,-0.004479185020135482,0.8632906930119193,-1.0764283251014646,19
-1.2070738165671129,-0.708425449137656,-0.16093339883498045,-0.5621398315586092,0.8973192611147627,-0.13971432682970017,0.06374024091606123,0.6138943621524435,-1.2207737357617388,-0.8776389594379286,-1.302374375407662,0.8461875730907517,1.490926530769276,0.285709975971706,0.7141963365926252,-0.8571188044214934,-0.5100589697841346,1.2218355552834177,-0.19875468762710222,-1.2362550655574602,-0.6059753365907922,-0.26682726648939636,19
-0.692293422618235,-0.7993941242672046,-0.1411847666709378,-1.2672032337685275,1.0240833676325396,0.5867817738266103,0.08333106511489684,-1.6132717073039522,0.010634892700354339,1.369220039730544,-0.779149959797317,1.0928041835275035,-1.543106033895316,0.285709975971706,0.6850799398592218,0.7322912477878735,0.7608119866546406,1.2218355552834177,1.5744775545254268,1.2272966955171893,0.7569722876662027,-1.3587258348767308,19
-0.9632304720650128,-1.2845603916247963,-0.20043066316306582,-0.49147923258370263,0.9525019758515165,0.20828893768716275,0.10791270422725271,0.7340332596081107,1.2420435211624474,0.6147795782990985,-1.126202816677839,-1.7419408114038692,-0.012357052011404584,0.285709975971706,-0.36649885575577945,1.1588522775923127,-0.3076376815508467,1.2218355552834177,-1.6374812751872863,-0.004479185020135482,0.341483051772957,-0.4326780868621917,19
-0.9903241770096906,-1.4664977418838931,-0.23992792749115116,-0.1362646716058068,0.6159016530993381,-0.8231916261483727,0.023763830712101558,-0.5691795412233892,0.010634892700354339,1.2990835577374273,0.14939726503021886,-0.4927923026682752,0.6381511977186943,-0.3033827579905745,-0.4561962279175241,1.2939094478256825,1.039595696567539,0.0005551274671892323,1.0127203478649494,-1.2362550655574602,1.387796597791771,-1.655248279109092,19
-0.936136767120335,-1.3148832833346458,-0.1411847666709378,-0.16623862598143552,0.6358985562881585,0.34831636572198305,0.04178520741084644,0.8636583238714637,-1.2207737357617388,0.40146626554981535,-0.1702905405030849,-1.4655574266717644,1.7056931983170414,0.8748027099339865,0.975777280210228,1.002785625249925,0.3805203870887237,1.2218355552834177,1.6759614356823687,-0.004479185020135482,-1.096189211891494,0.10213148439554474,19
-0.39426266822677936,-1.4058519584641942,-0.22017929532710848,-1.135607821615468,0.6682370813986634,-0.8879276828274058,0.0883274400432516,1.312342326705142,0.010634892700354339,-1.5499165245308988,-1.5900023228376152,-0.3048631231716903,1.373005740799725,0.285709975971706,0.12491082773593218,1.1603049971799793,-1.545799452313954,0.0005551274671892323,-1.260398612938964,-0.004479185020135482,-1.6312282881256084,-0.9299171198867728,19
-1.2612612264564684,-1.0116543662361508,-0.1411847666709378,-0.26670709265797926,1.0025552118630143,0.0873171227782938,0.019543870451065943,-0.8872538754516999,-1.2207737357617388,-0.9750022109280174,1.6752569735204892,-0.15827375126350024,0.6106503546406378,0.285709975971706,-0.6614516869831668,1.3233113969570813,0.1487166477356715,1.2218355552834177,-1.518464100926671,-1.2362550655574602,1.527117902504024,-0.023125941572300277,19
-0.5839186028395238,-0.951008582816452,-0.16093339883498045,-0.3931265769610764,0.8199421290576118,-0.41921903553513495,0.07680340022197556,1.154509352407167,0.010634892700354339,0.4818680150173215,0.7959880541021249,1.356138245362062,-0.9894761851828303,-0.892475491952855,-0.3047780338430317,0.13598916739469527,0.9786897825881544,0.0005551274671892323,-1.5070730936921732,1.2272966955171893,-1.385275679903905,0.8385552487500458,19
-0.936136767120335,-1.1632688247853984,-0.12143613450689511,-1.1729005109176387,0.7910406903228218,0.5444879734123779,0.09251296643172584,-0.8127210437766567,-1.2207737357617388,-0.57101398432991,-0.8976199535901735,1.7438603095877792,-0.4971360649451643,0.8748027099339865,0.3319840642719927,0.4715288312430565,1.0077107540294574,1.2218355552834177,0.00873755649795524,-0.004479185020135482,-1.33939320275196,1.4570068469441169,19
-0.8819493572309794,-0.7993941242672046,-0.1411847666709378,-0.6421900667626597,0.9356789443600635,0.912250110144634,0.02471481892540198,0.7200632522288185,0.010634892700354339,0.357398459416922,-1.7045246087494104,-0.3844968781141114,0.3688110183283461,0.285709975971706,0.38967284836925914,0.5220441787943032,0.5320123823802092,1.2218355552834177,-1.635796057578868,-1.2362550655574602,0.9493675507041108,1.494244621500332,19
-1.071605291843724,-1.07230014965585,-0.12143613450689511,-0.7973919353313084,1.051312268231479,-0.6861948208213395,-0.010998404859636003,-0.20448164146728257,-1.2207737357617388,1.361435319539434,-1.7492885709533716,1.3782335090312847,-0.13877366933005014,-1.4815682259151355,0.20809881234426736,-1.5819649671899683,0.20983223572797344,1.2218355552834177,0.6111078915046557,-1.2362550655574602,1.4249641776909132,-1.3368658636683823,19
-1.2341675215117907,-1.1632688247853984,-0.20043066316306582,-1.452596512272825,0.7496382896391,-0.9823431703056,0.08393742886695983,1.4877876134089365,-1.2207737357617388,0.14674081783637055,-0.5801914532798634,-0.32772012199395695,1.1851271261372749,1.463895443896267,-0.09803071031717966,1.587625650433921,-0.7299073637092495,0.0005551274671892323,-0.28906888045225243,1.2272966955171893,0.29628565808684787,-0.7691988839440569,19
-0.8819493572309794,-0.9206856911066025,-0.08193887017880977,-0.37647917450631047,0.8147879629633933,-0.368433786940919,0.039790692681694904,-1.212953274292719,1.2420435211624474,-0.7799071963093199,0.7567540307435544,0.41646761521364883,0.23356491014184386,-0.892475491952855,0.07545863257857674,1.2712878931431313,-0.3091679492240271,-1.2207253003490393,-1.4093469099433467,1.2272966955171893,-1.2275345254939354,-1.1783574811839201,19
-1.1257927017330795,-1.3755290667543447,-0.16093339883498045,-0.6180705338206689,0.8284700715962575,0.1085988099490781,0.14922866487273617,-1.4516776108402525,1.2420435211624474,-1.6533721169194064,-0.7813573894774961,-1.228905634975639,1.6537193329859678,0.285709975971706,1.5396997813943665,0.38841515090047035,1.4170902981928657,1.2218355552834177,1.0697655994735964,-0.004479185020135482,-0.4213851403529117,-1.1858427525923347,19
-0.28588784844806825,-0.7993941242672046,-0.0621902380147671,-0.7814158562281073,1.0473271798601222,-0.754549915164577,0.16327540445272434,0.9448088879268298,0.010634892700354339,0.7757476428864792,-0.9833150042094481,-0.4106059531997667,1.2406927934896452,-0.3033827579905745,-0.016510989537190626,-1.5789984847754188,-0.6295954267709792,-1.2207253003490393,0.9380715281452564,-0.004479185020135482,-0.37710513969112053,-1.3757835811786086,19
-0.7735745374522683,-0.9206856911066025,-0.08193887017880977,-1.0836081625657705,0.8011802686584361,-0.4208082972985596,0.07057917200118283,-0.6213955034017004,0.010634892700354339,0.7931119619656969,-0.933238861716295,0.4338260564918898,0.9885128017922352,-0.892475491952855,0.2691596994427104,-0.7740640202833879,0.5159738209410413,0.0005551274671892323,1.3974474230325746,1.2272966955171893,-1.338102464847834,-0.2611666437656277,19
-1.1257927017330795,-1.132945933075549,-0.18068203099902314,-1.423103324923146,0.8822369777856834,-0.47596185810135444,0.03130064830739241,1.516266600303393,1.2420435211624474,-1.1245150838806222,0.7395647835459421,1.2496178947991392,-0.6271239199350422,-0.892475491952855,-0.7443626273684901,-0.32651585695997776,-0.878575108938756,0.0005551274671892323,0.10024393252677771,-1.2362550655574602,-1.0715179288775896,-0.4654025298843836,19
-1.0445115868990462,-0.7387483408475056,-0.16093339883498045,-1.1719936227256154,0.8208434842121854,0.16097599296395199,0.14228905474975898,-1.2798783921090482,-1.2207737357617388,-0.0508333509608579,0.6541136986490161,-0.515768448093324,-1.3210191682612709,-0.3033827579905745,0.9627550574561674,-1.5026695971163941,-0.2937759327568514,0.0005551274671892323,-0.49558990374599243,-1.2362550655574602,-1.4117366400833007,-1.1004037213088214,19
-1.3696360462351795,-1.1026230413656994,-0.12143613450689511,-0.47679436018786336,0.8856133680335461,0.504497339246383,0.10248220952849885,-1.6476787397246573,0.010634892700354339,-0.3732795781044324,-0.34939186574525966,-0.10048582319755038,0.5700242548779391,-0.892475491952855,0.6029041358771082,-0.14151881157553606,-1.169719812333875,-1.2207253003490393,-0.7096373030698889,1.2272966955171893,0.6953263210080177,0.012925925803137703,19
-1.315448636345824,-0.9813314745263014,-0.08193887017880977,-1.3223788236773928,0.711231468528908,0.1285330940350458,-0.012054183427817,1.0683123898551203,0.010634892700354339,1.1799405833655616,-0.3396775084784022,-1.5585887087730697,1.4602841188930138,1.463895443896267,0.7925464949970706,0.1900504504488714,-0.40319266161342676,-1.2207253003490393,-1.1484756877197975,-0.004479185020135482,-0.9437508860239521,-1.2761788543273571,19
-0.6110123077842016,-1.4361748501740437,-0.16093339883498045,-0.6933258866667872,0.8921712135129807,0.38820165221788944,0.062003263162103854,-0.2767368578535209,1.2420435211624474,-0.785890598303714,-1.3646978245145838,-0.05539055655289222,-1.16362453429531,-0.3033827579905745,-1.5167775990222359,-0.21331966143588482,-1.0869092196978793,0.0005551274671892323,-0.04304105711026065,1.2272966955171893,-0.7810337370855642,-0.2818463270133558,19
-1.1528864066777573,-0.9206856911066025,-0.08193887017880977,-1.410761899685679,0.8179891753681716,0.8547306014963589,0.09122056054806815,1.4199871563319282,0.010634892700354339,1.0157587237113201,0.037730710066216304,-0.35797835632637803,0.9198445692122103,-0.3033827579905745,0.3803019173141172,-1.6258134756087246,-0.15782066588842353,-1.2207253003490393,0.9381805832601214,1.2272966955171893,-0.6324493553740342,-0.6088095661984438,19
-0.5839186028395238,-1.132945933075549,-0.23992792749115116,-1.1467530743624657,0.7838563483268483,-0.9423340472448366,-0.010984831507544856,1.539471174809527,1.2420435211624474,-0.7229753787016971,-1.6261212599362085,-0.6172289145037635,1.2286308262602565,-0.3033827579905745,-0.623881631758027,0.08097788106802162,-1.0867762025787657,0.0005551274671892323,0.5977383034519798,-1.2362550655574602,1.1903039714223331,0.18709075189475785,19
-0.9090430621756572,-1.07230014965585,-0.10168750234285244,-0.22284201453174216,0.8695498319853167,-0.8096479550027904,-0.004854253592269973,-0.5444859690053012,-1.2207737357617388,0.10793222912356583,-0.6142323500330157,1.326841750679095,-1.0608649264706393,0.285709975971706,-0.7509952488899735,0.8703989035401963,-0.657004001290522,0.0005551274671892323,-1.1276518399515882,-1.2362550655574602,-0.791158012914364,-0.4859629952367248,19
-0.4484500781161349,-0.9813314745263014,-0.12143613450689511,-1.3544365126884126,0.8290131240778994,0.2316051464054214,0.13751743909866862,-0.5495243197457589,0.010634892700354339,1.3148623147931766,-0.7171797309197709,-1.3673155665836205,-0.021865578480974698,0.285709975971706,-0.11080305627390341,-1.4855150877056331,-0.4518468349298235,0.0005551274671892323,-1.5619914947977094,-0.004479185020135482,-1.5597080069207148,0.7164399231767586,19
-0.8006682423969461,-0.9206856911066025,-0.12143613450689511,-1.199969596861685,0.8453187105442356,0.5599539946296432,0.01656779561689684,1.219155980581225,1.2420435211624474,0.8883433941985622,-1.1678794821637721,1.0756238396698095,-1.0627812648593347,0.285709975971706,0.4926916967222167,1.7048285110221952,1.6622725709885406,-1.2207253003490393,0.0076820681064281755,1.2272966955171893,0.6667693194723848,-1.3176441911964765,19
-0.692293422618235,-1.1026230413656994,-0.16093339883498045,-1.3241683239863302,0.7308409164657361,0.17905227624144765,0.142256231552526,-0.15085869581614375,1.2420435211624474,0.9428907170815789,1.6972074371469834,-1.1326132538333396,1.4619441531824484,0.8748027099339865,-0.30226671570229163,0.9037733465311886,-0.540474966989092,1.2218355552834177,-0.6309237636384264,-1.2362550655574602,1.1419475967196902,1.1747521985234888,19
-1.1528864066777573,-0.8600399076869035,-0.23992792749115116,-1.1264846730873055,1.0543509113173113,0.4640217728789798,0.010265565210897734,-0.09420695730722335,1.2420435211624474,-1.1691075625193876,-1.1712799413430763,-0.11723596133759903,-0.019423730263383912,0.285709975971706,-1.147115540884298,0.5661819347582224,-0.8572401280860514,0.0005551274671892323,-0.4836792266448391,-1.2362550655574602,0.47452563792925884,1.556184806560013,19
-0.6651997176735572,-1.07230014965585,-0.12143613450689511,-1.1634419812021126,0.8161986445384263,0.5698069729815912,0.08672298537938074,0.17034544985128675,0.010634892700354339,-0.5597615157905557,0.7075031803337904,0.34509750396709415,-0.8757731527558795,0.285709975971706,1.4085033191366325,-0.546005128211497,1.043170143129284,1.2218355552834177,0.15399170568501142,1.2272966955171893,-1.7011801717457962,-1.281580483946217,19
-1.2612612264564684,-1.0419772579460003,-0.12143613450689511,-0.3524643388047642,0.7349274350563441,-0.21049700685277148,0.14122285138125917,1.077390130702091,-1.2207737357617388,1.2976974747361583,0.38510088517492785,-1.3189107274292975,0.27521790121011014,0.8748027099339865,-0.4441112930332884,0.950828930105839,1.5172438312832754,-1.2207253003490393,-0.36601658014005667,-1.2362550655574602,-0.3313150132844238,1.7477135837192617,19
-0.39426266822677936,-0.890362799396753,-0.1411847666709378,-0.13265275705468968,1.0232041970110846,0.6975019023952042,0.0075761669255795805,-1.2910223223083972,1.2420435211624474,1.236423815933885,0.9023942224895399,-1.0368645286591025,-0.4534384876982548,0.8748027099339865,0.2719748181540272,0.9775644329159109,1.3095130155949717,0.0005551274671892323,0.6742423100150777,-0.004479185020135482,0.1513279995893717,-1.1920841704996412,19
-1.2341675215117907,-0.890362799396753,-0.16093339883498045,-0.18251220453331607,1.0058300937201248,-0.22173812692653883,0.022019660428315293,-0.7158971895182294,-1.2207737357617388,-1.6577177506856386,1.0702097841474292,0.8987811939981966,1.5519590051307683,-1.4815682259151355,-1.6005215543474418,1.5884260896452576,-1.1707094998690994,0.0005551274671892323,0.42708848219573303,1.2272966955171893,-0.2717781915520247,-1.3299487353343866,19
-0.8548556522863017,-1.1026230413656994,-0.18068203099902314,-0.17607326301260764,0.6325176383828484,0.3348823355575768,0.14223269567303543,1.2397536246373033,0.010634892700354339,1.0453848184579437,-0.8889858500078736,-0.6122176119376642,0.9888631944100968,-0.3033827579905745,0.39936359128627685,1.6654695042444199,1.1949675840888923,0.0005551274671892323,1.2648808564095237,-0.004479185020135482,-1.46267061400835,1.0776757301298046,19
-0.312981553392746,-0.708425449137656,-0.20043066316306582,-1.084382970341659,0.7239632174607544,0.6406063080016504,0.08375372634081124,-1.5460839064660277,0.010634892700354339,-1.7043774858916139,0.6071838468522359,0.15328703607099725,-1.6201061026809425,0.285709975971706,0.8753104021225143,0.35931946972795575,1.0891469780924006,-1.2207253003490393,0.07302007824534362,-1.2362550655574602,-0.7802192161133583,-1.642085749118994,19
-1.2341675215117907,-0.7387483408475056,-0.08193887017880977,-0.907027334383114,0.9692893921371596,-1.1520139030333683,0.024042654081242728,-0.7482712714062051,1.2420435211624474,0.0391017504110266,1.0588880600451747,-1.268536529994399,0.4765090824073607,-1.4815682259151355,-1.1824397012885293,-0.5183317459678374,0.8575315968064768,-1.2207253003490393,-1.4777361096296033,-1.2362550655574602,-0.35733712330875433,-1.4061373465975737,19
-1.2612612264564684,-0.890362799396753,-0.10168750234285244,-0.6344585773258832,0.7488764773542945,0.9434741197037385,0.1165849423708139,-1.2539657824718085,-1.2207737357617388,-1.458512502975634,-0.6197384719606834,-1.7316513017069017,-1.5381913408550938,-0.3033827579905745,-1.6898509663857733,-0.9678655314932004,1.5087632104527213,-1.2207253003490393,-1.4365185795111817,-1.2362550655574602,-0.8684843656203223,1.6322397318000514,19
-0.3400752583374238,-0.9813314745263014,-0.2596765596551938,-1.0428109798510203,0.8040998799085123,-0.8117651971009863,0.1365280895129659,0.15094738806914826,1.2420435211624474,-0.07008036552221684,1.2244807018226194,0.07014252515832532,-1.1728184245873197,-0.892475491952855,1.1296989773496733,1.1542683203703537,0.4092068991001157,1.2218355552834177,0.15593313051161126,-0.004479185020135482,-0.8218828432279623,1.32623557941569,19
-0.3671689632821016,-1.2845603916247963,-0.23992792749115116,-0.2703054450014726,0.6324952314652851,0.3110300988079336,0.06293368751039002,-0.08534092046496167,-1.2207737357617388,-0.005002772534327848,-0.3305363592152828,-1.0947042676274108,1.0299180229871574,-0.892475491952855,-1.3150403889570106,-0.4012589764312329,0.7958854768564496,0.0005551274671892323,0.6121385296657673,-0.004479185020135482,-0.49449190606912424,1.4948691837841428,19
-1.1257927017330795,-0.8600399076869035,-0.1411847666709378,-0.15820779614382394,0.9176907837051159,-0.6420131176303493,0.10595306926383252,0.3295650819981256,0.010634892700354339,-0.6076032773682468,-0.0014389306831607248,-1.064363960130398,1.0587764169695972,-1.4815682259151355,0.607081083224454,0.29803173425694823,-0.7823072784748116,-1.2207253003490393,0.47854450694013406,1.2272966955171893,-1.0243409546730406,1.2776518506983034,19
-0.5839186028395238,-0.951008582816452,-0.10168750234285244,-1.175867928266585,0.7399248066390023,-1.173007333523929,0.04685381885272326,1.5617431771813004,-1.2207737357617388,-1.65397621150378,-0.3219162777824165,0.2964271686741421,-0.4877212190187091,-0.3033827579905745,-1.150746252754522,0.5873790751209734,-0.9827877551836034,0.0005551274671892323,-0.25709757758574625,-0.004479185020135482,0.37640356233051403,0.5020563082729177,19
-1.2341675215117907,-0.9813314745263014,-0.20043066316306582,-0.6286227313365343,0.8472117925006867,-0.46839385176721177,0.1637254489791969,-0.6899644560441207,1.2420435211624474,-0.817723487778466,-1.3327574428646984,0.78393966553138,0.685519372535396,-0.3033827579905745,0.16117703265054628,0.385742960110965,0.4111808897511081,0.0005551274671892323,-0.49549051979669206,-0.004479185020135482,-0.3268511468915816,-0.9468748882256643,19
-0.7735745374522683,-0.829717015977054,-0.20043066316306582,-0.5324777882056208,0.6131225582687106,0.6701742936467642,0.12339645193596296,-0.13574220347251026,-1.2207737357617388,-0.5298386892706635,0.9087049120920941,0.3972397468152219,0.15281273690706562,-0.3033827579905745,-1.198872396232193,0.22647154000263772,-0.0739583673424257,-1.2207253003490393,1.2419554993835151,-1.2362550655574602,-1.7370254422169085,-1.1697157627037633,19
-1.2612612264564684,-1.07230014965585,-0.22017929532710848,-0.5328908864129317,0.6256043380991626,0.8555533857461446,0.051288910738494196,1.6336368771135472,0.010634892700354339,-1.3908462802446513,1.3762142581658632,1.7482143400972157,-1.0920292194012777,-0.3033827579905745,0.9486978121210009,1.6995659533614587,1.0079162676920397,-1.2207253003490393,-0.608892209317549,-1.2362550655574602,1.7054937619520514,1.5948105834934636,19
-0.8006682423969461,-1.4361748501740437,-0.1411847666709378,-0.14494519163187541,0.8048557138704703,0.798007401248698,0.06791253792717551,0.1424677057577962,1.2420435211624474,0.5616852866871108,0.8133203559513106,0.8259283451349476,-1.3075622213365197,0.285709975971706,1.6840790307251758,1.5687676443073721,0.3791600349948696,1.2218355552834177,0.37231000086098603,1.2272966955171893,-0.9666224267427659,1.1626027789631115,19
-0.5839186028395238,-0.9813314745263014,-0.0621902380147671,-0.4358293170061647,0.9726956704051668,0.3615846639977692,0.03203913293570262,-0.7254774609929667,-1.2207737357617388,-1.6989510862000752,-0.10572026637143608,0.7402704629482106,-0.012967973832331474,-0.3033827579905745,-0.19436860515260246,0.12007885130810368,0.9155034058475896,1.2218355552834177,0.8055100998035377,-0.004479185020135482,-1.0594844840227928,-0.5613779766136201,19
-0.7464808325075906,-1.4664977418838931,-0.08193887017880977,-0.8708948320924588,1.0234746726538757,0.8963024910855634,0.07466299106755242,1.5122537765772757,0.010634892700354339,-1.0345469809756784,0.10713948682117846,1.5829696540687541,0.3716784178765774,0.285709975971706,-1.4937367376789097,-0.8041566391678988,-1.056169704831857,0.0005551274671892323,-0.9704346197725799,1.2272966955171893,-1.3023733799874695,1.409962777057116,19
-1.0174178819543682,-1.4058519584641942,-0.10168750234285244,-1.4644536703049202,0.8823964269834766,0.7030606430172983,0.11281537607089837,1.3964431568002276,1.2420435211624474,0.19012995610424457,1.6822256648301075,-0.4715134713999646,1.6773938625601026,1.463895443896267,0.5269587182115485,-1.6363371887129825,1.6885185045894806,1.2218355552834177,0.3124548147011474,-1.2362550655574602,-0.748090466457942,-0.4128769208611144,19
-1.2341675215117907,-1.2239146082050973,-0.22017929532710848,-0.6464046995684595,0.8223846537913523,-1.0613556327000857,-0.002645293367873242,-1.503529919587079,-1.2207737357617388,-0.6055396661296872,0.04477024388897675,-1.6213039483238136,-0.20647981097060028,0.8748027099339865,-0.7183491933516034,1.7346041734093032,0.7791813375990397,0.0005551274671892323,-0.6403295078244925,1.2272966955171893,1.099987791569577,1.5224721143974482,19
-0.6381060127288793,-0.890362799396753,-0.1411847666709378,-0.25452200810959114,0.8716189458309732,0.181930828888282,0.1273432762407407,0.038732094614631216,0.010634892700354339,1.4973890408903952,-0.6507597018830034,-1.0596226959578194,-0.19340164965916348,1.463895443896267,1.660361407056509,-1.6745904776193727,0.12122693752606747,-1.2207253003490393,1.3238727698675237,-0.004479185020135482,1.6853225348834637,-0.093277596515114,19
-1.179980111622435,-0.9206856911066025,-0.2596765596551938,-1.1585670984114733,0.774308149982233,0.7558318051748429,-0.016559051224800066,-0.22586621305996152,-1.2207737357617388,1.2616739942696475,-0.5617956407562736,-0.09571936214140077,1.3349483246504685,0.8748027099339865,-0.624380284162031,1.3523174775468414,-0.05503372480280273,-1.2207253003490393,1.3025611454651818,1.2272966955171893,0.8785229823407846,0.057596813888630576,19
-1.0445115868990462,-1.0116543662361508,-0.18068203099902314,-1.1366710188922406,0.6611166059689823,-0.5718565515054269,0.13755599520808784,-0.08139401986045393,0.010634892700354339,-1.124244351046493,1.092954390080727,0.19287738157871306,0.5348991720211009,-0.3033827579905745,-0.4808832663970766,1.4692834709048457,0.8125730768333672,1.2218355552834177,-0.8346568655193309,1.2272966955171893,-0.6420841067094409,-0.5080726636256685,19
-1.2612612264564684,-1.0419772579460003,-0.10168750234285244,-1.4903246894740365,0.9732697709001594,-0.891815397502062,0.05271634581385101,1.0371081655982024,-1.2207737357617388,0.8749883618511993,-1.3589596329600042,-1.3663535416760284,1.0609897579206244,0.285709975971706,1.2828971369918414,-1.0800827644657705,1.3842676105140914,0.0005551274671892323,-1.109523467451546,-0.004479185020135482,-0.7348378451265105,0.5792708483766242,19
-1.2883549314011462,-1.3452061750444952,-0.0621902380147671,-0.34065876298791675,0.8148131386796116,0.08499280790192563,0.021000050166128572,-0.04810452389300592,-1.2207737357617388,0.5220837078100022,0.21737944328778025,0.6902293167858152,-0.8190936113024234,-0.3033827579905745,-0.7424139672176922,-0.7053640447651501,1.1564595919727625,-1.2207253003490393,0.2679851521280833,-1.2362550655574602,0.2723889743860388,-0.21294361098251033,19
-1.3425423412905018,-0.7993941242672046,-0.23992792749115116,-0.3220197248626098,0.9821120037591353,-1.0138583444166782,0.0278023779719188,1.468280653402763,0.010634892700354339,0.28609961171985937,0.9098692210893853,1.3457962553052243,1.7120195298275713,0.285709975971706,0.3325437089024518,-1.5124418048505055,-1.420359433355914,-1.2207253003490393,1.463170027710731,-1.2362550655574602,-0.7815305992012537,0.03828678622998962,19
-0.7464808325075906,-0.708425449137656,-0.08193887017880977,-0.923896198246583,0.6266007214965397,-0.4455104881592185,-0.007899800402306393,0.94920904573043,1.2420435211624474,-1.380490788128136,-0.44725914548496376,0.7692994740363375,-1.3541975938759994,-1.4815682259151355,0.9309010879117049,-0.49599486788529035,-1.1500304714072282,1.2218355552834177,0.00839395934140737,-0.004479185020135482,0.30501052033015147,0.9430784642494063,19
-0.7193871275629128,-0.9813314745263014,-0.12143613450689511,-0.9469716821845511,0.7074241300227515,0.6843634981042257,0.10882228443481755,1.6747041283730248,-1.2207737357617388,-1.146317339048536,-0.653872017685567,0.858410764596876,-1.0402405919356854,-1.4815682259151355,1.7779659274632458,-0.3821319602272204,-0.4908504211006714,0.0005551274671892323,-0.9771636132027173,-1.2362550655574602,0.5484431504773509,-0.27320964449627844,19
-1.0174178819543682,-0.708425449137656,-0.22017929532710848,-0.9385486999085828,0.9046400263086133,-0.2485665497324533,0.061968379756428216,0.9464015422361864,0.010634892700354339,-1.2353819424332892,0.2479948741220008,-0.9390261841433215,1.4428458867915464,0.8748027099339865,-0.9297146689461676,-1.5365250500488405,-1.6660188053587264,-1.2207253003490393,-0.7988786657732414,-1.2362550655574602,0.8745474597874786,-1.5613714114507655,19
-0.28588784844806825,-1.2845603916247963,-0.08193887017880977,-0.2287054155453199,0.6571333173392139,-0.19008956421500756,0.14403830639571172,1.649767496347414,0.010634892700354339,1.4795481667497061,1.6927315078271217,0.7084086559364153,0.5242957387986199,-1.4815682259151355,-1.6931540308893003,1.407551931769539,-1.2240558143172426,0.0005551274671892323,0.5319560299838171,-1.2362550655574602,-0.5906523133324852,-1.7089560778790758,19
-0.8006682423969461,-1.3452061750444952,-0.16093339883498045,-0.218221349061403,0.8609291636690808,-0.6630958714790838,0.039262986304802606,0.40937672142017256,0.010634892700354339,-1.6601939049250223,0.46132315946899244,-1.3027626043056788,-1.3018220032242143,-0.892475491952855,1.0220182182789934,1.2118536441143204,1.538592800143773,1.2218355552834177,1.2277882507142377,-1.2362550655574602,-1.529374861843917,-1.3060938929015085,19
-1.2883549314011462,-0.7993941242672046,-0.08193887017880977,-0.20703439045192784,0.9231566025053691,0.15744216886585,0.13649306778940887,1.0002797530197887,1.2420435211624474,-1.7088173159925242,0.6888246900283383,-0.9932497776746664,1.6793147802819113,0.8748027099339865,1.1425120372514563,1.582975407889801,1.5045893036105478,0.0005551274671892323,1.2630873225102168,1.2272966955171893,1.2852763542334273,-1.587904463915307,19
-0.28588784844806825,-0.7387483408475056,-0.12143613450689511,-0.1943580817952773,0.7877335654167572,0.8201682815040255,0.13161971023674351,1.5356715709881485,1.2420435211624474,-0.9958760100177344,1.4098794385987232,-0.28986360124380145,-1.124176449843273,0.8748027099339865,-1.645777956095364,-1.428191520464721,-1.4658559622761032,-1.2207253003490393,-1.0185807255200876,-1.2362550655574602,0.09765802021957723,-1.6533610863691428,19
-0.9903241770096906,-0.8600399076869035,-0.16093339883498045,-1.0947696816657804,0.8758990049301604,-0.07962141113392927,0.004454383303295224,0.3062746426129838,0.010634892700354339,1.2801234839549311,-1.138549694471767,1.0615170393768805,-0.9595363879052654,-0.3033827579905745,-0.2874459657502789,-0.8717802298573383,0.5247353225046778,-1.2207253003490393,-1.0041292607058308,-1.2362550655574602,1.3070669709016431,-0.9375595427740626,19
-0.3400752583374238,-1.1935917164952479,-0.22017929532710848,-0.752778243491999,1.0402357842291385,0.24416110398519905,-0.014828601710846928,-0.3147467324459812,-1.2207737357617388,-0.8655033020553364,-0.6857451600550227,-0.7998201785286324,0.2297689199462905,-1.4815682259151355,-0.7576289365589847,-1.6620037611635576,1.081441488729566,-1.2207253003490393,0.11321628723314968,1.2272966955171893,-1.24302432575922,-0.5262313728761536,19
-0.4484500781161349,-1.3452061750444952,-0.23992792749115116,-0.5538617847595404,0.6676276855720519,-0.2500008542413746,0.12702629897601908,-1.3107522517012606,1.2420435211624474,0.504001188876878,0.9115978234061322,-0.7543401777663159,0.5624623172984154,1.463895443896267,1.5316032907045984,-0.20795894106483767,0.42360525412405853,-1.2207253003490393,0.7905813160588445,1.2272966955171893,-0.8434226455956124,-1.2095815234731684,19
-0.5026374880054905,-1.1935917164952479,-0.22017929532710848,-0.5700495160778737,0.7639197409738783,0.4598006558459168,0.022215833403448716,-0.5268408392332286,0.010634892700354339,0.025247872074269682,-1.5483853876882077,0.44187089083328224,-1.4923197861070703,-1.4815682259151355,1.3277147308233557,-0.9525860059492482,0.4737872321960991,0.0005551274671892323,-1.5498583920407256,-1.2362550655574602,0.6714623440662423,-1.013417798855515,19
-0.8819493572309794,-0.9813314745263014,-0.2596765596551938,-0.4614471321687753,1.0540360189865643,-0.13042715053106554,0.139674746694251,0.4224610747669881,0.010634892700354339,-0.8002172107471179,0.6694967243050205,1.0959883705600775,-1.5683976240198099,0.285709975971706,1.3694931656683687,0.8350579085649046,-0.8337735462925556,0.0005551274671892323,0.6207424679586592,-1.2362550655574602,-0.9468783401582366,-1.0944882549198929,19
-1.1528864066777573,-0.9206856911066025,-0.20043066316306582,-1.247419083896574,0.7051490868332534,0.6926300669918379,0.03663610588187128,0.8353556059700282,1.2420435211624474,1.0222668268823532,-0.040935329937441776,1.1390922207187035,1.492943628399607,-0.3033827579905745,0.7714199050268437,1.1273208204748213,1.5171073271117268,-1.2207253003490393,-0.3982550452978957,-0.004479185020135482,1.1126952333706113,0.5186866590969762,19
-0.9632304720650128,-1.4361748501740437,-0.1411847666709378,-1.3051673570374145,0.7797338775843011,0.5529976106532435,0.09492505738468103,-0.9723258725646635,1.2420435211624474,-1.0609013892534858,-0.2745441518328866,-1.36437202262422,-1.6908517807183372,0.285709975971706,0.8897781404030749,-0.9003238350023188,1.3378066557297166,-1.2207253003490393,-0.7140438580246773,-1.2362550655574602,0.4711684943699637,-0.16616836589011158,19
-1.3696360462351795,-1.4664977418838931,-0.23992792749115116,-0.24973458832381262,0.8717625086926877,-0.4091356981680543,0.03759206261906654,-1.482492428154526,0.010634892700354339,0.5828281024188013,-0.43021400462092224,-1.0034752256777084,-0.4599858870918032,1.463895443896267,-1.0975372362249625,0.6639095112358674,1.231395524186424,-1.2207253003490393,1.3183234294303412,-1.2362550655574602,-0.15619506381849235,0.21714217577731298,19
-0.7735745374522683,-1.3452061750444952,-0.08193887017880977,-0.17656715571138898,0.7814784256004847,-0.9371339971262614,0.15886529896422577,-1.615656366465675,0.010634892700354339,-0.9350024127063014,0.33215962801364085,-1.4516058464978352,-0.685050102705576,0.285709975971706,-1.1655220198672833,0.8814423201248942,-1.3655101565190328,-1.2207253003490393,1.2578059211922668,-0.004479185020135482,-0.07845625247601058,-1.1648681068252147,19
-0.9903241770096906,-1.3755290667543447,-0.10168750234285244,-0.7290929836576586,1.0325410371358315,0.7523954774931079,0.15019403996566666,0.7611595930488145,0.010634892700354339,-1.5612901943122148,0.8427695509875359,0.892640189339078,-1.5744695685825905,0.285709975971706,0.3185184495697284,-0.796507465786243,-0.04570459946131056,1.2218355552834177,1.633373440131322,-0.004479185020135482,-0.18369271619051877,-0.3014468054955436,19
-0.5297311929501682,-1.2845603916247963,-0.0621902380147671,-0.15341920699787684,0.6921143734636184,-0.5620168278791023,0.07607340940356205,-0.7889148613734589,0.010634892700354339,1.2832013567928076,-1.504210816177985,-1.397608998046957,0.27384215026264425,-0.3033827579905745,1.5032042436002326,-0.3499933284381955,-0.6842121319118352,-1.2207253003490393,-1.6579508610658884,-1.2362550655574602,0.8018362446098072,-0.5821935440029852,19
-0.312981553392746,-1.1026230413656994,-0.0621902380147671,-1.4852716234525327,0.8509010466636014,0.5880500711683849,0.025811474067458734,0.7896877444165059,0.010634892700354339,0.5719114598514825,0.771896688537511,1.339968965469946,-0.8990203299995602,1.463895443896267,1.5919400956086815,-0.9892749360827997,-0.8810604158088815,1.2218355552834177,0.3617594648418464,-1.2362550655574602,1.2503561880284995,-1.6918379075793073,19
-1.0986989967884018,-1.4664977418838931,-0.12143613450689511,-1.0617464033724133,0.880790164354109,0.5396052716153845,0.10537853318425128,0.3483632182571585,1.2420435211624474,-0.2108763319328048,-1.107693767578856,1.236630539723274,0.6625478937196568,-0.892475491952855,1.393057066678593,0.3360427758732161,0.26114490197203755,-1.2207253003490393,1.3518911382128993,1.2272966955171893,-0.7618918355803893,-0.35930532729204623,19
-1.1528864066777573,-0.7690712325573551,-0.20043066316306582,-0.472149681353399,1.0309623546702567,0.48454427160130936,0.04055134821040374,0.7172483528239675,-1.2207737357617388,-1.4180314860349525,-1.2458840397269009,0.8013414116789626,-0.41755679951414265,0.285709975971706,-1.526389068805809,1.0754488403086362,0.686774441605434,-1.2207253003490393,0.5621722617740622,-0.004479185020135482,1.3858801914939853,-0.5285586121773324,19
-0.5026374880054905,-1.2239146082050973,-0.12143613450689511,-0.4177621532858407,0.9656200469978402,-0.8832460545460704,0.05742730179409195,1.6965868366884642,-1.2207737357617388,-1.0824125594824752,1.6612463357774967,-1.2852114106054762,-0.9689012179500662,-0.892475491952855,-0.3124314579222429,-0.21254420065854854,1.5625504669919128,1.2218355552834177,-0.06849482721271231,-0.004479185020135482,1.6858470358198399,-0.4841114277630886,19
-0.8819493572309794,-1.3452061750444952,-0.16093339883498045,-1.2187445000215071,0.7879818228318182,-1.088569941718498,0.049085155634368424,0.6850528815107636,0.010634892700354339,0.4643264761293115,0.6748803978013045,0.5890979010864837,1.6521557404423934,0.285709975971706,1.7394279821624816,1.5880564823498833,0.6585898384932717,-1.2207253003490393,-1.0718685005604551,-0.004479185020135482,0.6313853725019685,0.5940752020705018,19
-0.8277619473416239,-0.7993941242672046,-0.1411847666709378,-1.007942838365628,0.9450206688558929,-0.9943517875866988,0.12945001045097757,1.5180174403881235,1.2420435211624474,0.7319579403751092,1.5143437753729911,0.18128695893058935,0.13877460128373972,0.8748027099339865,-0.3944764755612636,-1.2743281433539062,1.6734787254767245,-1.2207253003490393,-0.5463137374590317,-1.2362550655574602,-0.13222488624339226,1.1905335048153596,19
-0.312981553392746,-0.8600399076869035,-0.23992792749115116,-1.3261993228484708,1.0565370937259466,-1.1653132935662744,0.07546815947443797,-1.5927111219276706,1.2420435211624474,1.070043585646748,1.4240853068179113,0.8814481915847556,-0.33304428731064284,0.285709975971706,0.4550302941275811,-1.2506666971416924,1.1331353183824164,-1.2207253003490393,-0.6294973120752564,-1.2362550655574602,-0.8468165864491394,0.3194454131001577,19
-0.8277619473416239,-1.4058519584641942,-0.0621902380147671,-1.3254698811113959,0.7978654694673425,-0.5060912374662112,0.16400567190690063,1.1675025516348696,-1.2207737357617388,1.3478323679887247,0.04965123896455512,1.62976915865741,-0.1708866334910326,-1.4815682259151355,-1.505198458894662,-0.397756609457648,0.8922879803677533,1.2218355552834177,1.4851048631708927,1.2272966955171893,0.6569285174846207,0.38824761496091936,19
-1.071605291843724,-1.3148832833346458,-0.0621902380147671,-0.5897747357281191,0.76257613548933,-0.09238561368729009,0.10141074462059226,0.6932875221417751,1.2420435211624474,-1.1099506901700864,-1.0380705337032563,-0.6924961025072042,-0.5281133591108855,1.463895443896267,1.4329270640408582,0.06701824418812335,-0.9435599022031154,1.2218355552834177,-0.5695293773635683,1.2272966955171893,-0.30685135199852004,-0.8136849650307223,19
-0.28588784844806825,-1.07230014965585,-0.10168750234285244,-1.230634186809085,0.6877657107848301,-0.9073949510790958,0.11737806438221937,1.1294941864955959,-1.2207737357617388,0.9995733622872306,-0.6393282685025201,0.8279734040649501,-0.9541633899848693,-0.892475491952855,-0.1768409616060625,-0.519899061278784,-1.0127955075755017,-1.2207253003490393,-0.9931527239038835,-1.2362550655574602,1.0452414802771735,-0.9900772599120481,19
-1.2883549314011462,-0.829717015977054,-0.18068203099902314,-0.2435615656261667,0.8856083740426561,0.7889937148113544,0.002503480566119881,-0.3968877442434592,-1.2207737357617388,0.7618698258550448,0.022109126317980055,1.4636418806086016,-1.3935985172802587,-0.892475491952855,-1.6415862596622812,1.4870592962763332,1.3972262404825058,0.0005551274671892323,0.00834568276666702,-1.2362550655574602,1.219056177866427,-0.004082263355434674,19
-1.1257927017330795,-1.132945933075549,-0.23992792749115116,-0.36272951765751016,0.9637598154918978,-0.7446060367417744,0.06395505040573082,-0.11789925215646561,-1.2207737357617388,-0.8168195809403362,0.9519716894713502,-0.819063798585875,1.1777186029706381,-0.3033827579905745,-0.05639613636704473,-0.3148674939799859,0.9439328986096015,0.0005551274671892323,0.11705495985571697,-0.004479185020135482,0.4620127478468472,1.7022868283422814,19
-0.556824897894846,-1.0116543662361508,-0.20043066316306582,-0.5960067024743675,0.9740735293839048,0.7608834543204174,0.12065749944968801,1.3895926491681454,0.010634892700354339,-0.31086181687775605,-0.9921492698977059,-1.3729565844054372,0.9586531209607517,0.285709975971706,-0.5179626408033374,-0.45134795812513306,-0.8003087306219437,0.0005551274671892323,-0.5240081541876848,1.2272966955171893,-0.43165311375878096,-0.5876771284891006,19
-0.28588784844806825,-1.3452061750444952,-0.1411847666709378,-0.24465227644648618,0.6253689861700953,-0.8875769508457658,0.04849648019136585,-1.678378997041286,1.2420435211624474,0.7230950161780088,1.0148539785314858,-0.36577521809885444,1.058627432233355,-0.3033827579905745,0.2560012792491858,0.4542216368312064,-0.7890110320733498,1.2218355552834177,1.289122130001822,-0.004479185020135482,-0.43966100294479504,-0.14260104664306328,19
-0.28588784844806825,-0.708425449137656,-0.2596765596551938,-0.9330212430344778,0.8803724207899709,-0.2582398216103517,0.017782090117020546,-1.501585726727113,0.010634892700354339,0.43931677902943583,0.9907069968808069,-1.5764761166038128,-1.2444029839832222,0.285709975971706,-0.6807548317841032,1.074211145098861,-0.2532646952021092,-1.2207253003490393,-0.01386913654818236,-0.004479185020135482,-0.8739484566938881,0.6063499786164327,19
-0.5026374880054905,-0.8600399076869035,-0.2596765596551938,-1.4848526725185702,0.6391231729710414,-0.7451469680911209,0.06445326049443051,-1.3453112462540868,1.2420435211624474,-1.6176054978946197,-0.18395926639250842,-0.8404930533390007,0.4714728553271576,0.285709975971706,0.05884112174416774,-0.5636521344081732,1.4615063394715895,-1.2207253003490393,-1.5076908173658725,-1.2362550655574602,-0.38494252877132507,0.7441687089381193,19
-0.47554378306081274,-0.9206856911066025,-0.0621902380147671,-1.1089275518778123,0.6448880557206963,0.8362506914039257,0.16149323497098844,1.4989658911952581,1.2420435211624474,1.404903741796401,1.4939629485369248,0.2197876370841883,0.05154794044639479,-1.4815682259151355,0.5101673127127604,-0.879672674587416,-1.1032536008771106,0.0005551274671892323,-0.9668760520197819,-1.2362550655574602,-0.2029374021987108,1.1761281877214085,19
-1.2612612264564684,-1.1935917164952479,-0.1411847666709378,-1.1387139622154214,0.8232961537199704,-0.050812259823111224,-0.011739177192904402,0.08831623377657657,0.010634892700354339,-0.7671076742380165,1.0501228771192515,0.06195571067282192,-0.3771950600522254,-0.892475491952855,1.1238563156849795,1.1312746787272454,0.8118940330926137,0.0005551274671892323,-1.4013704950822115,1.2272966955171893,0.6141715236850239,-0.7823251601738234,19
-1.0174178819543682,-1.1026230413656994,-0.0621902380147671,-0.861594800061456,0.9510331504032421,0.8918002125793423,0.051228791599365185,0.7465411121653415,1.2420435211624474,-1.4174421137584936,0.29075163793710385,0.30075852797454133,-0.7281824303777519,-0.3033827579905745,0.3297836272696858,0.15325324969535634,1.4474369749045264,0.0005551274671892323,-0.469484115561985,-0.004479185020135482,0.6207349722422422,-0.2939061572051726,19
-0.312981553392746,-0.890362799396753,-0.18068203099902314,-0.38764739767458095,0.9814025848003068,-0.0493877180089395,0.11545834686736658,-1.2323712571479255,0.010634892700354339,-1.4376786406514537,1.5409959149020755,1.4568524348559548,-0.3865783478350209,0.8748027099339865,1.7319243257634334,-0.6984783959377047,0.6233366505476846,-1.2207253003490393,-1.6400569348149534,-1.2362550655574602,0.4259430272862649,-0.9221180928201249,19
-1.1528864066777573,-0.7690712325573551,-0.22017929532710848,-0.34215557955778575,0.6615087775682543,-0.5000355118374066,0.08824177577540862,1.4405735799144344,0.010634892700354339,1.1342629405286582,-0.5149924567921105,0.7857958465119564,0.2870200337623751,-0.892475491952855,-0.2601775728537033,-0.2720548502037871,-0.7588696490487565,0.0005551274671892323,-0.5691417531855065,1.2272966955171893,-0.5137756400805283,-0.7568589971247666,19
1.0958911037304986,1.2322396202927106,-0.04244160585072442,0.7410582653215927,0.21417292371472993,-0.41297727848813137,-0.19355851794508191,-1.2472828468731971,1.2420435211624474,-1.765921038761121,0.4935855036110737,0.7276218157423713,-0.05057274720684309,-0.3033827579905745,1.7631198925921916,0.0428049449558151,0.26494529915947185,0.0005551274671892323,-0.09914742729696906,-0.004479185020135482,0.32123511383200687,1.581436417411659,1
1.4752029729559875,1.26256251200256,0.03655292280544627,0.33924206861451284,0.547873181237131,-0.8018022960273993,-0.04393733593972031,0.49798899493422805,0.010634892700354339,1.0000204662455099,-1.6331899508532814,1.071310583953553,0.6932372777272182,-1.4815682259151355,-1.2103576745507012,0.8144855255691744,-1.1097351345454227,-1.2207253003490393,0.489100962535961,1.2272966955171893,-1.2168921838187579,-1.462877424999434,1
1.5564840877900208,1.1715938368730117,0.09579881929757429,0.3524459759866782,0.5157716986267371,-0.24901687955244522,0.02682902048125825,-1.3167292041237253,-1.2207737357617388,0.6559025898439553,0.8437568780871261,1.12226735888452,-1.184514699469873,0.285709975971706,0.09602005870647239,-1.592555023037417,0.08411620393661721,0.0005551274671892323,1.5549571858203135,-1.2362550655574602,1.279296815056448,1.1111336074595464,1
0.9604225790071097,0.68642756951542,0.11554745146161696,0.7307836664035756,0.3878958801384134,-0.7013209105388317,-0.24303678657094838,0.4077437563321427,1.2420435211624474,-1.6918059250789308,1.1442813353706907,0.31214892105730957,0.9416770164934143,-0.892475491952855,0.3738688743093725,0.38638432017435176,1.416249771319256,1.2218355552834177,-1.6599514245138827,-0.004479185020135482,-1.5846005237002025,1.4495218133060168,1
0.7978603493390429,0.7167504612252695,0.016804290641403596,0.08653387477061669,0.3555799726491174,-1.2282742250740517,0.17773996777272466,1.6618147411807267,1.2420435211624474,-0.39039921978756537,1.4334678066943203,-0.3945984361494715,0.6819597719228748,1.463895443896267,-1.520150073786668,0.7449551581629155,-0.6460985136110248,-1.2207253003490393,-1.542483993391661,-1.2362550655574602,0.9422816257319698,0.044434538352598,1
1.1500785136198541,1.2322396202927106,0.09579881929757429,0.04939761109415768,0.5814348450551813,-0.5044204699962604,0.201509040291516,-0.582877517290603,0.010634892700354339,-0.750226604209891,0.8168359483580976,0.5370100664949896,0.7375305080354636,1.463895443896267,1.4394784883618579,1.303164832543174,-0.7243962716178183,1.2218355552834177,0.4049296341300345,-0.004479185020135482,-1.6397053255672835,-1.417813634847559,1
1.0687973987858208,1.1715938368730117,0.13529608362565965,0.2751703954287503,0.3910232312561968,-0.43272257288103994,-0.11171604705375997,-0.3455496309754526,0.010634892700354339,-1.4761718057574675,-0.306932917419591,-0.3603347923892476,-1.609904946817742,-0.892475491952855,-0.1428650480382299,-1.5672191107438065,-0.3479466367495879,-1.2207253003490393,-0.43448323168395775,1.2272966955171893,0.767889166333175,-0.6498960320831875,1
1.5564840877900208,1.0806251617434632,0.09579881929757429,0.7771315470257688,0.295876854241004,-0.8542454334506889,-0.07496161303139157,-1.743475109966315,1.2420435211624474,-1.4315621445281614,0.5708477921617575,-0.1662728011316235,1.5137511781841888,1.463895443896267,0.8754438720227041,0.4978363592821537,-0.8319268823302273,1.2218355552834177,-1.5391988716252916,1.2272966955171893,0.3808868068624003,-0.02943810358387341,1
1.5564840877900208,1.0503022700336138,0.13529608362565965,0.13278085857291214,0.534992271195956,-0.747028321048314,0.1894468019540602,-1.072565141317135,0.010634892700354339,-1.1845346638480714,1.279653193035745,-1.7210368748006286,-0.13398933803629245,0.8748027099339865,0.08060423518994081,0.44031041458405373,0.044316469999440264,1.2218355552834177,-0.10650152682902246,-1.2362550655574602,-0.05325096378973082,-0.9656803938817514,1
1.4752029729559875,0.7167504612252695,0.07605018713353161,0.7004352165330723,0.21024254191683955,-0.8437449470188474,-0.0628998293229721,-1.4578145352600818,0.010634892700354339,0.79642103726664,-0.6644067188024192,0.24440145166033134,-0.41511763858226347,-1.4815682259151355,0.7427412944031256,0.7077786092618947,-1.715781779151713,0.0005551274671892323,-0.3982744439649307,-1.2362550655574602,-1.0041081509427277,-0.17089110056581366,1
1.8274211372367986,1.0503022700336138,0.07605018713353161,0.5992567112021056,0.5034310403709817,-0.8094441028541293,-0.08577186015014052,-1.1729191754348254,1.2420435211624474,1.474771615353103,1.711539141058615,-0.39205727766695014,-0.31944749239972925,1.463895443896267,0.48279736261260836,0.4108285290405793,1.6387132048488884,-1.2207253003490393,-1.465027265525905,-0.004479185020135482,0.33594333678098626,0.25221655527113235,1
1.3668281531772764,1.0199793783237643,0.11554745146161696,0.6828248519057958,0.22546965816990863,-0.11983459958728254,-0.05995700719945678,0.82578710579231,-1.2207737357617388,0.37097351781948423,-1.4832433769725013,-0.3999175298811886,0.7671830806506201,-1.4815682259151355,1.6416625453640683,-0.21124748436640717,1.1941276329031183,-1.2207253003490393,-0.5805774556535176,-1.2362550655574602,-1.009427732221605,0.6722064088259596,1
1.2042659235092097,0.6561046778055706,0.03655292280544627,0.48698657579386995,0.1699340175219155,-1.0931845015534418,0.269583989177953,-0.6244022603864611,-1.2207737357617388,0.44663852096509193,-0.8312990246249012,1.27569645022109,-1.1770378984876588,-0.892475491952855,1.3065014655784757,0.38328913927906616,-0.05144721540939929,1.2218355552834177,-0.7661849584272298,1.2272966955171893,-0.5647214590305986,0.7410461701139969,1
1.5022966779006652,0.9593335949040653,0.09579881929757429,0.3127279645616713,0.3291661586627728,-0.7165318765093032,-0.06805507416784737,0.9300523539607881,1.2420435211624474,0.5131287063842793,0.14491675696589024,0.7553947893219751,-1.4498805939660284,-1.4815682259151355,0.5044631588692298,-0.6061019158989355,-1.5442347352110242,0.0005551274671892323,-0.735913361537866,1.2272966955171893,-1.0341102814249832,-0.7009079085662949,1
0.9604225790071097,1.26256251200256,0.016804290641403596,0.4816890048573795,0.29490646780987684,-0.013912791547093385,0.08976216228698776,-1.453528022653458,1.2420435211624474,-0.8224976768629609,0.32108352198162293,0.13790284227283375,1.5256103780123371,1.463895443896267,0.2852321923444717,-1.3778541797590251,-1.7011539886437916,1.2218355552834177,0.6119266057284518,-1.2362550655574602,0.8338450253130129,0.7784218886168066,1
0.8791414641730764,0.7773962446449685,0.13529608362565965,-0.09259353146837326,0.5330533901738983,-1.1689016719231515,-0.08730153561743699,-0.9170021423928084,1.2420435211624474,-0.17076027446830652,-0.30030867202699485,-0.04373244290825146,0.1536803228187075,0.285709975971706,0.024785687030201346,-0.5825851583611207,-0.8368136791016962,-1.2207253003490393,0.5094951476008519,-1.2362550655574602,1.6086058247188697,-0.178817164589275,1
0.9333288740624319,1.26256251200256,-0.02269297368668175,0.06398816432104297,0.30821273684696177,-0.3329796239757434,0.29818995792790354,1.271875563395443,1.2420435211624474,-1.020039152007165,-1.3499150303348162,0.2706597650757343,0.7653003469451328,-1.4815682259151355,-0.00520891152767402,0.6735975648339309,0.6410014134649356,0.0005551274671892323,-0.8328119853545497,-1.2362550655574602,0.42887170570898997,1.523261348196759,1
1.5835777927346986,0.7773962446449685,-0.0621902380147671,0.40518404055122503,0.36855835177085366,0.026615897113796836,0.09465646953875777,-0.8349630936213903,-1.2207737357617388,0.9097621503540967,-1.5686909547538437,-0.04265906962613837,-1.1436883069686636,-0.3033827579905745,1.106462971140145,-0.5090110348847776,-1.3778065862781887,0.0005551274671892323,1.1275227527758849,-0.004479185020135482,1.3858024059192056,-0.5898424616457283,1
1.3397344482325986,0.68642756951542,-0.0621902380147671,-0.009721043523661219,0.20032110924391203,-1.1363239575980522,-0.012319094930052383,1.4861647631033064,1.2420435211624474,-0.7100627341097765,0.9356609691510526,-0.38409248337781915,0.014058934247702791,0.8748027099339865,0.9576782708745719,1.520063695952064,0.4626196166376304,-1.2207253003490393,-0.07493374871924013,-1.2362550655574602,-0.5081136637708458,0.12944025559215594,1
1.8003274322921206,0.9896564866139148,-0.002944341522639078,0.6082601227798252,0.4968912740730323,-0.31567187052314727,0.2311005785450703,-0.733748955532995,1.2420435211624474,-0.23452365526220212,1.4504401755918177,-0.6029563452522712,1.5176711045159919,-0.892475491952855,1.0855456438571627,-1.1560543035778987,0.3896955936812834,1.2218355552834177,0.562658446375283,1.2272966955171893,-1.0545708460255454,0.7877578027444397,1
1.7190463174580874,1.2322396202927106,0.09579881929757429,0.1420623823188239,0.2413172854284844,-0.3602175966082499,0.27703926656223077,0.5768046561289948,1.2420435211624474,-1.2647108712604733,0.04189263023777255,-0.00912979801567848,-1.698263993132312,1.463895443896267,0.4057449644446644,0.1275295199407702,-0.07519822240146025,1.2218355552834177,-1.4013156971495702,-0.004479185020135482,-1.4091870639346729,-0.07938662187070969,1
1.6106714976793763,0.747073352935119,0.03655292280544627,0.06341764297639055,0.3332112041268055,-0.7158677470344967,-0.09547901597741802,1.5809196256929405,1.2420435211624474,0.8335895839921067,0.8140424749966055,-0.6257166178660986,-1.0537390382501555,1.463895443896267,1.6433974315639421,-0.12449912014054486,1.4633979201801257,0.0005551274671892323,-1.1894890064718342,-1.2362550655574602,-1.13137532168726,1.425196082576842,1
1.177172218564532,0.5044902192563231,-0.002944341522639078,-0.09469025548292709,0.6021076752068922,-0.3545375757636615,-0.21838265014306554,0.09785267296558024,1.2420435211624474,-1.5841654569382642,-0.9989613564410599,0.6814636621943586,1.7379292110394173,-0.3033827579905745,-0.132042923321532,-1.5183578954109263,-1.5054050152396676,-1.2207253003490393,-1.251523074609751,-0.004479185020135482,-1.541366150186085,-0.7543750142697433,1
0.7978603493390429,0.5348131109661726,-0.02269297368668175,0.373135058532807,0.41853474789157824,-0.4046549947778201,0.029375146921133605,1.680067229643818,0.010634892700354339,0.2923583148411489,0.8788495715649386,-1.0133700660365796,1.2053022829989353,-0.892475491952855,-1.485986527020926,1.2787184689588966,1.0248635141410778,-1.2207253003490393,-0.3133396696591465,-1.2362550655574602,1.189858871311124,-1.2077222142146182,1
1.7190463174580874,0.7773962446449685,0.056301554969488944,0.1173011669352015,0.48801099999611813,-0.20197800755726375,0.15663313227529252,-0.33168977877076805,1.2420435211624474,-0.2849537329434119,-1.3722708168385633,0.2181614797294745,-1.0291844494389224,0.8748027099339865,-1.4299314301344768,-0.8353113759907975,0.8178677007937303,-1.2207253003490393,1.3537988030162722,1.2272966955171893,0.5732058203709542,1.5744896607103793,1
1.0146099888964653,0.747073352935119,-0.0621902380147671,0.6889330264711546,0.34656513531695826,-0.18766755001744426,-0.20720924615094824,-0.2452874401993665,-1.2207737357617388,0.4725480571986682,0.7906172879035197,0.3143339055179935,1.4182045452656458,-1.4815682259151355,-0.6204644152657294,1.231685865062185,-1.3469230816153945,-1.2207253003490393,1.4748926091293373,-0.004479185020135482,0.5106371285634003,-1.5437965193177097,1
1.664858907568732,0.5954588943858716,-0.002944341522639078,0.716592591893531,0.262296497550253,-0.9847877017695965,-0.23289048930619125,-1.7117194681064571,-1.2207737357617388,1.2470277615238785,0.8295999442418943,-1.1195406752934398,1.0453018302284913,0.285709975971706,-0.23196522766805758,1.7065450614952287,0.2970680810532436,1.2218355552834177,1.0064550330954527,-1.2362550655574602,-0.33899253779188543,0.9005085378633932,1
1.8003274322921206,0.68642756951542,-0.02269297368668175,-0.010710336052655632,0.26508723813761387,-0.4526768682941868,-0.1885706528423783,0.06592543003549198,0.010634892700354339,0.3983440838909959,0.8054624609676911,-0.6197537697922644,0.6077829250107162,1.463895443896267,-1.4905671396957747,0.9836797982369669,-0.4791449085968978,-1.2207253003490393,-0.36480848749544803,-1.2362550655574602,-0.6330539532418981,0.5518844392359098,1
1.6377652026240541,1.0199793783237643,-0.002944341522639078,0.1545269261699211,0.44380341811247964,-1.1606658889968364,-0.09638818796523571,-1.2143847567854202,0.010634892700354339,1.5503960477630603,-0.1415345479932765,-1.402405433762143,-0.5344185686893606,-1.4815682259151355,0.5423103573752079,-0.5722438530318258,-1.550939028800774,-1.2207253003490393,0.10856665388947541,-1.2362550655574602,0.49532666512895346,-0.6263335030768669,1
1.041703693841143,0.8986878114843664,-0.02269297368668175,0.4897747689443691,0.28366768898736905,-1.083290018178738,0.11060345475185793,0.38891462135305244,1.2420435211624474,1.2968740216779886,0.6747758818643149,0.8689903663595273,-1.3579223100730138,0.285709975971706,1.7696239067408375,1.5249851619803074,0.6867903730376009,1.2218355552834177,-1.1059933995785067,-1.2362550655574602,-0.12139492663964956,0.3972288954652315,1
1.1500785136198541,1.1412709451631622,-0.02269297368668175,0.4407688161194207,0.5314461831968469,-0.4759067959343145,0.25159723744884244,1.2784483173349814,0.010634892700354339,0.5409158262504034,-0.6871736385911614,-1.3660368794772961,1.6074916877828385,-0.3033827579905745,-0.267186283471781,0.35583322437545983,-1.3045431810124297,-1.2207253003490393,-1.0385808447390168,-0.004479185020135482,-0.4343927977776972,1.6501818068958138,1
1.1229848086751764,0.8380420280646674,0.07605018713353161,0.3510394905145138,0.44852939216773874,-0.040507023409105336,-0.16657540268517948,-0.03500234188363914,-1.2207737357617388,-0.03647252569615884,-0.6124271218059112,-0.6394192781567473,-1.4301779298052075,-1.4815682259151355,-0.969501265742055,0.8152998748496967,-0.1259035279535355,0.0005551274671892323,0.20170573182713394,1.2272966955171893,1.6044878184903293,1.2815009790533356,1
1.4752029729559875,0.6257817860957211,-0.0621902380147671,-0.09304857652116882,0.44478065263672856,-0.4796191232937563,0.2867274823036217,-1.02591710941699,0.010634892700354339,0.9339427016713379,-1.7416988196355276,-0.21756233411076092,-0.7162173454761229,1.463895443896267,-0.27015628551490106,-0.4625800526702594,-1.2738489477707051,-1.2207253003490393,-1.4298898272244245,-1.2362550655574602,1.658301407603642,0.4488519259170546,1
1.3939218581219541,0.5348131109661726,-0.002944341522639078,0.6001501616285498,0.350655687377358,-1.0005821819632972,-0.018204779216469416,1.092387267692784,1.2420435211624474,1.2939884922611076,0.5044201775830033,-0.16779224382064734,-1.5838763371125764,-0.892475491952855,0.7635389641018862,-0.07718349888747461,1.432622688231462,0.0005551274671892323,1.087121386772917,1.2272966955171893,-1.3000535425248876,-1.072770499022326,1
1.177172218564532,1.1412709451631622,0.056301554969488944,0.7001722546900296,0.2333043349471389,-1.1003200840956262,0.1112419482917752,-0.6576525394587195,0.010634892700354339,0.47182673421055155,-0.3719196344580983,-1.658360196723511,1.2313510350885521,-0.892475491952855,0.8604400500172807,-1.4445776833927377,0.7191709232886464,0.0005551274671892323,1.362901035745164,-1.2362550655574602,-1.193018168049993,1.1102365961142808,1
1.7732337273474428,0.5348131109661726,-0.02269297368668175,0.3864689505590488,0.47541340279597927,-0.04354604663527846,-0.22059682531558275,-0.1671529344922483,0.010634892700354339,1.6420100948854661,-1.5100934360165554,-0.3064111879619183,1.2348004288444494,1.463895443896267,-1.1026537398994647,-1.2168297542508908,0.24576205228229556,0.0005551274671892323,-1.2022932608852572,1.2272966955171893,0.37258206522981707,1.7251104371209693,1
1.8003274322921206,0.7773962446449685,0.016804290641403596,-0.040916720514374,0.48881007403015025,-0.37845735914305206,0.17318536195760045,1.46898445566628,1.2420435211624474,0.771087180642223,0.8137131131776739,1.346703499436229,0.6813616339134992,-0.892475491952855,-1.0282314656623872,-0.051524196714786086,-1.6814506158819469,0.0005551274671892323,-1.3047841880980897,-1.2362550655574602,-0.49630701122304793,-0.4718504063534888,1
1.8545148421814763,0.565136002676022,0.13529608362565965,0.07396427417983392,0.5327366262197217,-0.32159303147892293,0.15677348670542282,0.8044711909829132,0.010634892700354339,0.9521084026244598,-1.7428051589777263,-0.8812882913178848,0.5936006144749685,0.285709975971706,-0.585503259288068,1.0183337530837004,-0.3333821366447137,0.0005551274671892323,-1.038933721624937,1.2272966955171893,1.1726799261512528,-1.572010632660841,1
1.3126407432879208,0.5954588943858716,0.09579881929757429,0.13316219442971486,0.43031428571574426,-0.7725605929782668,0.27680649758765424,-1.3930363027229296,1.2420435211624474,0.5578509029346397,-1.6178210884102133,0.3981598212406694,0.5861909155459701,0.8748027099339865,-1.0557552267082397,1.4239968765631603,0.4835118942051609,-1.2207253003490393,0.6405234548421299,-1.2362550655574602,-1.0813473199859254,0.377247486965266,1
1.0958911037304986,0.9290107031942159,0.07605018713353161,0.6976711414360373,0.32474729258416296,-0.10176029883212658,0.2561269624250773,1.389057849764806,1.2420435211624474,0.019654997105806954,-1.5404753378554847,-1.6388946091558245,0.029365648557214127,-1.4815682259151355,1.5604383042233039,1.3884138614479342,-0.4095111644322399,-1.2207253003490393,-1.5704717015527538,-0.004479185020135482,1.0044771816580935,-0.9399640477240381,1
0.7978603493390429,1.1109480534533127,-0.02269297368668175,0.1938119859432789,0.35389271895267005,-0.3342569822458861,0.07153976056743055,-1.4924856695677915,-1.2207737357617388,0.7284948415598502,1.1443085526817829,-0.1815419551236221,1.6709868583894354,-1.4815682259151355,-1.0135942388425507,-0.18974147900343144,1.4545503570437623,0.0005551274671892323,-1.6692621754067596,1.2272966955171893,1.47406060981915,-1.5341216342975386,1
1.3668281531772764,0.5044902192563231,-0.002944341522639078,-0.050498084404571736,0.1594947229091937,-0.5903411439175681,0.23822507053613168,-0.7976763596292975,0.010634892700354339,0.3119881219497149,-1.280709548118938,0.9748298358915114,-1.3498963292516248,0.8748027099339865,-0.5018265349230374,-0.7690183540141375,0.17957785578976962,0.0005551274671892323,-0.3964374571609503,1.2272966955171893,0.7864085560531582,0.2755111001070823,1
1.5564840877900208,1.0806251617434632,0.09579881929757429,0.6921595005532578,0.3908138439465507,-0.7246545716571304,0.162606320821369,0.5123878843390713,-1.2207737357617388,0.1991365679787523,1.625115257544184,-0.007715801806521095,1.4476245881394303,-1.4815682259151355,0.12957866766745385,-1.3762916364439992,-0.9981206178126582,-1.2207253003490393,0.0022801775022154745,1.2272966955171893,0.615719150087436,0.47932430129226217,1
1.3397344482325986,0.807719136354818,0.07605018713353161,0.37981878743218944,0.25942694346632783,-0.5423869449773048,0.12489662219720334,0.9276073725389904,0.010634892700354339,0.4675675532228161,-0.8131243155514962,-0.7166359069185678,1.7158210397906926,-1.4815682259151355,-1.4488998712073637,-0.24750105282689,0.025764177829466425,-1.2207253003490393,1.3361005472496852,1.2272966955171893,1.2223595583977207,-0.9322298491910267,1
1.5835777927346986,1.1412709451631622,0.09579881929757429,0.8001879320727504,0.5403880267659779,-0.5937023877659849,0.12352978491364383,-0.7521708317313432,-1.2207737357617388,-0.6485152422781548,1.3303723838183752,-1.1034290606596404,0.09124405490013705,0.8748027099339865,-0.43586074930488594,-0.9153975450429844,0.8960497078064271,0.0005551274671892323,0.19427914967866616,1.2272966955171893,-0.6050127630404049,-0.4110778683799781,1
0.8520477592283985,0.747073352935119,-0.04244160585072442,-0.11026393246886783,0.6061192839341525,-0.9444782562994342,0.12698354783085702,0.8955199126770759,-1.2207737357617388,1.5738479016205744,-1.373452044110195,1.5234074237809583,0.9613200367980187,1.463895443896267,1.2458216064451701,0.5748242610985033,-0.013316899236881504,0.0005551274671892323,-1.3874640949861912,1.2272966955171893,-0.4008531329917196,-1.60495848506977,1
1.5022966779006652,0.5044902192563231,0.13529608362565965,0.0497775998164427,0.31637983209551135,-0.9420530718754708,0.23365348256113064,0.37452286198608215,0.010634892700354339,1.50198784849397,-1.3862459542343937,-0.9511809023656771,0.10451352086079532,-0.892475491952855,-0.12179783134517196,0.14530075843697896,-1.3594891995114498,-1.2207253003490393,-0.8775600412826896,-1.2362550655574602,-1.2017768121493215,0.47273629243449905,1
1.0687973987858208,0.9896564866139148,0.07605018713353161,0.046246224946894385,0.47055764562788766,-0.8739379829272442,0.2843153476713356,-0.9967073809893877,1.2420435211624474,1.2382273767279643,1.0826631481077256,-1.2707667831704705,1.647577385054776,-0.3033827579905745,-0.22208575509927134,1.625930341107211,1.4382695898573712,-1.2207253003490393,1.3361394803446567,-1.2362550655574602,-1.6253901377170188,1.0569596854530847,1
0.8791414641730764,1.26256251200256,0.03655292280544627,0.17788882038767825,0.28381451034278,-1.240704114135857,0.09811643310099291,1.3886326217865876,1.2420435211624474,-0.6654669735283115,-1.5455011043521718,-0.41719592012183526,1.529124993991889,1.463895443896267,-1.3498152410809787,-0.23371027583548484,0.4379061837631852,0.0005551274671892323,-1.0513485066548094,1.2272966955171893,-0.8062627992604628,-0.8936714328572367,1
1.8545148421814763,1.1109480534533127,-0.002944341522639078,0.6026565291022162,0.3643801119513804,-0.6242719349083631,0.26925920969274136,1.6575132936692243,0.010634892700354339,0.22089616047819333,-1.2740043223792612,-1.3214389083364513,-1.5021401541140422,0.285709975971706,0.1696636107406145,0.7452493767150538,-0.9807275865455415,0.0005551274671892323,-0.07283644146507613,-1.2362550655574602,-1.3199994543865279,-0.9191410092116419,1
1.529390382845343,0.565136002676022,-0.0621902380147671,0.5003647711633671,0.45207880604976924,-0.8771588915926971,-0.21946263561445906,0.9593745519054214,1.2420435211624474,1.3038462793482968,-0.15607839375557225,0.8230073401606484,0.6241553281467351,-0.3033827579905745,0.8311034177660385,0.8025242359973106,1.5073282930544996,-1.2207253003490393,-0.9223696424617578,-0.004479185020135482,-0.806311948033946,-1.6020782472787176,1
1.7732337273474428,0.8380420280646674,0.13529608362565965,0.15938247106183673,0.5488953603316035,-0.7158968942485151,-0.15179358819465305,-1.5287942285333125,-1.2207737357617388,-0.7794482325403437,0.9617256060107199,-1.576314334115147,0.9728078842707699,0.285709975971706,-1.4737951872665902,1.4938759439844214,1.2596141913077727,1.2218355552834177,1.6113648784143995,1.2272966955171893,0.08918005981452545,0.8329602855150147,1
1.3668281531772764,0.6561046778055706,0.03655292280544627,0.1931064469551775,0.4459200683179825,-0.29330964018125005,0.11864215695956433,0.7362492194062685,-1.2207737357617388,-0.42496421749438457,-1.2772802530197815,1.4735472331486854,-1.2783111371068427,0.8748027099339865,1.034849849703481,0.6203867927263637,-0.7101172009580632,0.0005551274671892323,-0.4839506088725409,-0.004479185020135482,0.22640957090851851,0.8520634159118886,1
1.1500785136198541,0.8380420280646674,0.03655292280544627,0.4151981012831697,0.22897747762475779,-0.5601217510596441,-0.022816477557082777,0.9719317386953575,1.2420435211624474,-0.45981720943991056,0.0708226346455268,0.0011328301130762732,-1.2467325811607743,1.463895443896267,-0.07885778805926529,-0.4601990347344239,-1.6284329991921904,-1.2207253003490393,-0.1471062629674349,1.2272966955171893,0.29051745021015496,-0.2807647127087278,1
1.2042659235092097,0.6561046778055706,-0.0621902380147671,0.6650914654531463,0.5156535149967032,-0.8265871815910333,0.10117058655919765,0.19353477533892466,0.010634892700354339,1.7105291658253368,-0.5519488370975254,-1.1422184227262362,-0.507145736914177,-0.892475491952855,-1.5660159470822754,-1.5203731066097508,-0.3498919942167588,-1.2207253003490393,1.2237528554663173,-1.2362550655574602,0.3733257287885422,1.5461169873825547,1
1.529390382845343,0.5348131109661726,0.13529608362565965,0.7513801462908615,0.5609373908708785,-0.4929367507058816,0.2505268718040979,0.08047591196048777,0.010634892700354339,-0.8841983161728929,-0.6975564103137692,-0.9850321213843168,0.4921091054230324,0.285709975971706,-0.24859768784586078,0.47516859067758127,1.3343640945665176,0.0005551274671892323,-1.6679063029134045,-0.004479185020135482,-1.5177997297887715,0.2923884336363573,1
0.8791414641730764,1.2322396202927106,-0.02269297368668175,0.35208791474281337,0.43234477879612115,-0.00014101401769316455,0.15782585282587386,1.4461312759173737,-1.2207737357617388,0.17418365823128137,0.5062742117453426,0.8756683818818228,-0.8843590350181982,-0.3033827579905745,0.775233079251915,0.234898002859176,0.3777654863392228,1.2218355552834177,0.1209896721093035,-1.2362550655574602,-1.4449969128353635,0.854040278746602,1
1.3939218581219541,0.5954588943858716,0.11554745146161696,0.15521258208462574,0.5808186132655093,-0.9676791814729366,0.13745467736001735,-0.393152801102039,1.2420435211624474,1.6137208258845628,-0.23489618357099362,-0.6885295921172002,-0.6161960273755103,0.285709975971706,-0.29782554801824007,-0.0998368085623617,-0.7106095011548048,1.2218355552834177,-1.6391853634529097,-1.2362550655574602,-1.6973247692133129,-0.325273519577495,1
0.9604225790071097,0.7773962446449685,-0.0621902380147671,0.4338228779550764,0.503670441493994,-0.8553225530874637,-0.0774223471072588,-0.22338073335187864,1.2420435211624474,0.6481593786067185,-0.1548279202554405,1.0440172743776372,0.6953167851320451,-0.892475491952855,0.39422597294168116,-0.4820225429799137,-1.6416337444766615,0.0005551274671892323,1.0877328439897163,1.2272966955171893,-0.5754327219269662,1.1410939516467904,1
1.8003274322921206,0.9896564866139148,0.09579881929757429,-0.08293008916084556,0.54255153359867,-0.9900958717293257,0.22558468347443109,1.4112475918886156,-1.2207737357617388,-0.6858639013912637,-0.7245713121759418,0.2609667088187419,1.59743297747769,-0.892475491952855,-1.4381246325196864,-0.7191445654853407,-1.1536187323173939,0.0005551274671892323,-0.9890576200662052,-1.2362550655574602,-0.5309233189626453,0.3956577047322594,1
1.6377652026240541,0.7773962446449685,0.09579881929757429,0.5324716147821236,0.19281668100493166,-0.3935045615309788,0.29541986935855324,-1.3096584183347932,1.2420435211624474,0.2721238704458913,1.4023236851175152,0.07868286570663961,-0.7382236406473169,0.8748027099339865,-0.3174681619035465,-0.45046188496187467,1.491667962347205,0.0005551274671892323,-1.3102199094180211,-1.2362550655574602,0.3165200693296542,-0.1251152928206328,1
1.2042659235092097,0.6257817860957211,0.03655292280544627,0.056272974816878735,0.40387477846392694,-0.6035429462745995,0.12083840649865606,-1.383000428801962,-1.2207737357617388,-1.1320356484632412,1.4496370739799838,-0.8576566022730969,-1.4490561608922439,0.285709975971706,-0.28343671695763006,0.01931438790460336,-0.509628490393487,-1.2207253003490393,1.4327200884841538,-0.004479185020135482,-0.3672546550965896,0.43047865132514995,1
1.0958911037304986,0.6561046778055706,0.13529608362565965,0.3693530712117196,0.20803589834221964,-0.3322866432436437,0.10579915968133252,1.557892265972276,0.010634892700354339,0.0060038906452806184,-0.1961352060544153,-0.40845815852169126,0.47851823553600153,0.285709975971706,0.3551796013530876,1.648995137509111,-0.4033343365579083,-1.2207253003490393,1.3705623433969867,-0.004479185020135482,1.4591237652020321,-1.6556654435439844,1
1.1500785136198541,0.8986878114843664,-0.04244160585072442,0.7439454116257658,0.5401227634551676,-0.9100619166384188,0.10528555626841919,-1.1953803525974689,1.2420435211624474,-0.3909245890875075,-0.9235894283035023,0.3779067180812351,-0.6550331010118852,-0.892475491952855,-0.6721382482018611,-0.717677663189372,-0.3918836432958384,0.0005551274671892323,1.0123150169339772,1.2272966955171893,0.10858473416471015,0.6682184502749314,1
1.1229848086751764,0.9593335949040653,0.056301554969488944,0.7120736627330757,0.4312936115522988,-0.9417826113703472,0.09824194929840661,1.1161096834874782,1.2420435211624474,0.5227826296849947,-1.4075215715907474,0.987064676096469,0.4749052271741761,0.8748027099339865,1.3483369903009144,0.7809641123904036,-1.3693334688610184,-1.2207253003490393,-0.7433486438255873,-0.004479185020135482,-1.3651256221039745,-0.8012919161173673,1
1.4481092680113097,0.807719136354818,0.11554745146161696,0.29122950305441786,0.44267038239385814,-0.7629746399656164,0.12138236340663185,0.602426834254075,1.2420435211624474,-1.6792432131665342,0.4143402386079648,1.2733240579080007,1.4894073196241235,-0.892475491952855,-0.7236720028969664,-0.06222057623056009,-0.1765270411897877,0.0005551274671892323,0.48197463591417616,1.2272966955171893,-0.49403899723298894,0.733105589357968,1
1.421015563066632,0.565136002676022,0.056301554969488944,0.10077630631506485,0.46417118487665043,-0.4781850604612874,0.018520589305107648,-0.472998242501585,-1.2207737357617388,-0.10025762406603252,-1.519337667037279,0.9081904954272931,0.4435158150116909,-0.892475491952855,-0.603884521456009,-0.6860077648655489,-1.7303995304677828,1.2218355552834177,-1.6239730266415437,-0.004479185020135482,1.6798651867036043,-1.615821273141455,1
1.1229848086751764,0.6561046778055706,-0.0621902380147671,0.670769007334486,0.29067875531347076,-1.027547151964578,-0.2371187258904546,-0.6067485005534261,0.010634892700354339,0.2964157790570286,-0.2861441296567716,-1.1219667251781291,-1.413247957422237,0.8748027099339865,0.0216234821780401,-0.9510005741661091,1.0318947965989578,0.0005551274671892323,-0.7625495803901123,1.2272966955171893,-1.132522895394469,-1.0184656765823115,1
1.1500785136198541,0.9593335949040653,0.016804290641403596,0.46453372676358073,0.35062514747876966,-1.001905554395986,0.2914303212081955,1.2914508732140222,-1.2207737357617388,-1.5585532103869169,-0.5573503403451461,0.08791422450392834,0.033574312226139894,-0.3033827579905745,-0.26109019220350277,0.11543723779017126,-0.4970044697930614,0.0005551274671892323,-1.109860763229408,1.2272966955171893,1.7142987517350263,-0.24374889407106537,1
1.881608547126154,1.0199793783237643,0.07605018713353161,0.4859563872633242,0.20546714056005927,-0.728887600625263,0.2826180453096532,-0.3076538538514902,-1.2207737357617388,0.7603768414690185,0.28156051248136776,1.7665129594460722,1.5265578403982247,-1.4815682259151355,0.1284039328287226,-1.0597529186802401,-0.6216585965559485,0.0005551274671892323,-1.002291051058749,-0.004479185020135482,-0.27373575648405307,-1.2879988136929457,1
1.5564840877900208,0.565136002676022,-0.04244160585072442,-0.08957091123325477,0.606355368159473,-0.4634958157931982,-0.227826098379667,-1.220188111233583,1.2420435211624474,0.5939311116213917,1.2590888794709922,-0.4354233836489571,-1.2245256948315364,0.8748027099339865,-0.5255088197134282,0.4190740868523456,-0.6684275012786774,1.2218355552834177,-1.4635898310013402,-0.004479185020135482,-0.08649002369050311,-0.7503847019831051,1
1.4752029729559875,1.0503022700336138,0.11554745146161696,0.033827343425193834,0.5853950650051892,-0.580326870443093,0.19540840637757573,0.06481649171290459,0.010634892700354339,-1.3185609137364898,0.7166283006289762,1.3532283080388798,1.1891734175111937,0.285709975971706,-0.8947988183682134,1.3728901357668022,-1.1208053720708877,1.2218355552834177,1.0063804834598753,-0.004479185020135482,0.4901158399572799,1.7106142123852464,1
1.285547038343243,0.7773962446449685,0.03655292280544627,-0.05432904855904526,0.5836551156297716,-0.04337608605494148,-0.2256532818916408,-1.314229001664214,0.010634892700354339,-0.45288056733372234,0.6853751323384917,-0.26321771778345904,1.7395115507217158,0.285709975971706,-1.2373192845303225,1.1778359662691802,-1.00271754134447,1.2218355552834177,-0.87869600128481,-0.004479185020135482,-1.659058363794095,-1.0471213642580897,1
1.6377652026240541,1.0503022700336138,0.13529608362565965,0.7568664286502687,0.30854993321438684,-1.2459729412370244,-0.12763882299768406,0.17830647308733613,1.2420435211624474,-1.614355912407618,1.2887917044733443,-1.086945189992674,-0.1700125460951123,1.463895443896267,-0.2494434870380095,-0.7047382082066486,-0.4389458870194519,0.0005551274671892323,0.15737270764886008,-1.2362550655574602,-1.734704070307925,-0.3741740706312273,1
1.2584533333985652,0.6257817860957211,-0.0621902380147671,0.1696722795631205,0.3161254907811497,-1.023260893434802,0.17567197348909136,0.46080381836417633,-1.2207737357617388,-0.30134693567183557,1.3108216136735051,0.015715316860346575,1.1811462267937793,-0.3033827579905745,-0.29203980281703895,-1.6513001443974018,1.2778196999559388,0.0005551274671892323,0.3284665589831912,1.2272966955171893,-0.8941068450136582,-1.2146958327537807,1
1.2042659235092097,0.8683649197745169,-0.002944341522639078,0.35133187993826975,0.5314737013625527,-0.9698916415084382,-0.19441523233041538,0.2773333619306238,-1.2207737357617388,0.6591588115122168,0.6421417547646551,-0.36197736728865887,-0.4477632059412048,0.8748027099339865,-0.965166292222741,-0.6470911095120814,1.5589707729390705,0.0005551274671892323,-1.650049038519698,-1.2362550655574602,1.239815159842695,1.4264941213173759,1
1.041703693841143,1.1412709451631622,0.13529608362565965,-0.10523637114075672,0.394449435170475,-0.2506039636430261,-0.16623699725068253,-0.053786812149860294,-1.2207737357617388,1.1918886398990398,0.8942386848731305,-0.6603712486941573,-1.5557843434476593,-1.4815682259151355,-0.7690922793556534,0.403891175955019,1.1871457326408814,1.2218355552834177,-1.5184550639329912,1.2272966955171893,1.563730453584633,0.9621774090519755,1
1.041703693841143,0.9593335949040653,0.13529608362565965,0.20853714398206621,0.22479416384584713,-0.2508465331347262,-0.21348399898183343,0.6578503184285105,0.010634892700354339,0.4599236937344159,-0.6446921041582128,1.2311916859739984,0.6400009141030317,0.8748027099339865,0.43880312730410703,-1.2221851356681936,1.013751138082356,1.2218355552834177,-1.496692695953597,1.2272966955171893,-1.721161165371675,-0.9895689100925597,1
1.8274211372367986,1.0503022700336138,0.056301554969488944,-0.03298341768509553,0.3598782510993793,-0.34580207055403095,-0.050990856297885065,0.1913072512999165,1.2420435211624474,-0.1559244861396789,-0.15055956451371397,-1.1215570528817294,-1.1225159694280133,-0.892475491952855,-0.622174839495736,-0.5454386055364089,-0.005406425560865492,-1.2207253003490393,1.4911087974671007,1.2272966955171893,1.5145580033660853,0.46842066887990375,1
1.3668281531772764,1.1715938368730117,-0.0621902380147671,0.5158464874533953,0.4115801088105073,-0.9194377817329915,-0.099363657658674,0.5626804676444421,0.010634892700354339,-0.3149156127483191,0.7997068203348807,0.19996075980533617,-0.3725539417226773,1.463895443896267,-1.3326450784142654,1.2005160373959596,0.2718490069589213,0.0005551274671892323,-0.862864248781855,-1.2362550655574602,0.72547768983023,0.1253563626442601,1
1.3126407432879208,1.1715938368730117,-0.02269297368668175,0.49613009726252566,0.269587969995453,-0.1881023634337863,0.0007440789356391042,0.9725597274517755,1.2420435211624474,-0.7354073435097811,0.5532464749273196,0.7662635938567824,1.0269125145867333,-0.3033827579905745,1.5519531529683397,0.6731759504764573,0.7987055727018345,1.2218355552834177,-0.3604018788317012,-0.004479185020135482,-1.7512433239003946,-1.5015858046450992,1
0.8520477592283985,0.7167504612252695,-0.04244160585072442,0.6579236787270706,0.48102971072257,-0.7345661727035264,-0.13892740701953912,-0.8648687917832398,0.010634892700354339,-0.08367672303743817,0.7611810021062644,-0.42243130027389725,0.43759931348398806,1.463895443896267,0.14610967845882117,-0.11444391631804053,1.529783087515527,0.0005551274671892323,0.4893942872151016,1.2272966955171893,1.1653134068386009,0.4568458697763806,1
1.0687973987858208,0.9896564866139148,0.13529608362565965,0.46342293731807954,0.5693157216909062,-1.0662112189161228,-0.10744730771789449,-1.5402935216337352,0.010634892700354339,1.5993686637400424,-1.1998968914963735,1.711982134169171,-1.5565991645839523,-0.892475491952855,-0.6837100867256797,-0.9478311223413174,-0.6717390797059594,1.2218355552834177,-1.4550009772249133,1.2272966955171893,1.6397269943547395,1.1552834390312872,1
1.2042659235092097,1.0503022700336138,0.07605018713353161,0.4714805854040035,0.3333107389117666,-0.30244230380666315,-0.15982726291136762,0.4345330562593213,0.010634892700354339,1.4986439420785997,1.564305259287223,-0.17500176325991734,-0.018065494075034647,0.285709975971706,-0.19847155325383384,1.5999489571144399,0.9230133042742162,0.0005551274671892323,0.973156795150193,-1.2362550655574602,0.7750233350768536,-1.5739226538488464,1
1.4481092680113097,0.5954588943858716,-0.04244160585072442,0.6960553286421834,0.3880381050993657,-0.24182855984823176,-0.2368188993150286,1.207675769900789,0.010634892700354339,1.627193186756772,0.8888238109675661,0.6172586781725273,1.5239928236135984,1.463895443896267,-0.653484569420709,0.015032250587143428,0.8911531260845964,1.2218355552834177,-0.04502996205547005,1.2272966955171893,-1.7203831916394776,-0.6389717687175033,1
1.3939218581219541,0.5954588943858716,0.07605018713353161,0.45351551156699244,0.5337809646886678,-0.1465427269699349,-0.2406283444801022,-1.269509293353081,-1.2207737357617388,-1.5411551081254713,0.826310073697979,-1.5743369815363917,-1.2758785303216018,-0.892475491952855,-0.12581239526746807,-1.6306508905623716,1.5277821470312205,0.0005551274671892323,1.3055989582481933,-0.004479185020135482,-1.015609655077338,0.9870580541891465,1
1.3397344482325986,0.6257817860957211,0.07605018713353161,-0.03583905842393185,0.45186716569367585,-0.8170755550726585,-0.1271369099937036,-0.060027618656130564,0.010634892700354339,-0.18815524618151427,-1.1194903389649085,1.5895750236277946,-1.2300489970833186,-0.892475491952855,0.07665882892913099,-1.1543857030914961,1.5343912384759149,-1.2207253003490393,1.560716699311482,-1.2362550655574602,-0.0164171557844132,0.6801766002572565,1
1.177172218564532,1.0806251617434632,-0.002944341522639078,0.5814338983256643,0.585578407726866,-1.0546426453433508,0.13869365978198542,1.5203407937802955,1.2420435211624474,1.5781374512283433,1.3872659930748628,0.5467702336458719,-0.8552885029621867,-0.3033827579905745,0.3399320186834204,0.27539744579963366,-0.7818322770150502,1.2218355552834177,1.233716268368371,-0.004479185020135482,1.3137111524720668,0.06263664351030326,1
1.3126407432879208,0.5044902192563231,-0.04244160585072442,0.19349038819384037,0.5172701825225275,-0.9589645599520085,-0.05371322519817792,0.20762009933171655,1.2420435211624474,-0.8439531327956535,-0.5196410509479626,-0.5508678207278054,-1.3827975514378088,1.463895443896267,-1.297905840224244,-0.22653648530320558,-1.6676592390474214,0.0005551274671892323,-0.29243312811151473,-0.004479185020135482,0.6818614227762585,-1.395513775999021,1
1.664858907568732,1.0199793783237643,-0.002944341522639078,0.31226506583315305,0.2657509249707996,-0.3481291097831298,-0.07269243047544634,1.6630419993962795,-1.2207737357617388,0.784336498710156,-0.2087598251605383,-1.1559612308964582,0.90382112732862,0.285709975971706,1.20790585659616,0.7076296649375186,1.6536412985677702,-1.2207253003490393,-0.8565905678713914,1.2272966955171893,0.1988103613497481,1.1870843851529223,1
1.8003274322921206,0.8683649197745169,-0.0621902380147671,-0.06366863735816182,0.35084820087413676,-1.1050023624478467,0.035641782312357186,-0.788444928668433,0.010634892700354339,-0.401329273495402,-0.7398380986545983,0.3922297440331452,1.2144706322245922,-1.4815682259151355,1.4314507632652402,-0.6051498321660477,-1.4074495373276943,0.0005551274671892323,0.8076920827696629,1.2272966955171893,1.4618064722853574,0.04963552260609371,1
1.2313596284538875,0.9896564866139148,0.056301554969488944,0.8479128093530075,0.24734672569912586,-0.27412864479505733,-0.20864175512658584,1.488713713918447,-1.2207737357617388,-0.43850278540278526,1.0478765954262674,-1.2447904922694715,0.10533553974620026,0.8748027099339865,0.6964829909274477,1.6052856134952473,0.5520855225018246,1.2218355552834177,-1.6967849137457163,-1.2362550655574602,0.08952968636726479,1.358906006544735,1
1.6919526125134097,0.9593335949040653,-0.0621902380147671,0.4609255869544923,0.2316102237230784,-0.5583749989623268,0.1024372707768451,1.1781648928469812,1.2420435211624474,1.5928423991718965,-0.2802095492184363,-1.5573798961687157,1.1971096361972835,0.285709975971706,1.7747890788893865,-0.5883265204833499,0.1528374224489219,0.0005551274671892323,-0.6324789906755433,1.2272966955171893,1.551115236910091,-0.019061410324566413,1
1.4752029729559875,1.2019167285828611,-0.04244160585072442,-0.11971310532777954,0.32709967164913606,-0.9163317856970987,0.08927683760091683,1.007182997800314,1.2420435211624474,0.7153072351099836,0.511407620684845,-1.0396042475278138,0.017247495797437253,-0.3033827579905745,-1.643394887335196,0.19124485776573963,-0.902730038441022,1.2218355552834177,0.48622198787187526,-1.2362550655574602,0.8788806957217861,0.7903802069343483,1
0.9333288740624319,1.0806251617434632,0.056301554969488944,0.7101502292042234,0.5939291013268889,-0.4023404283799407,0.09257267971707153,-0.9786449402982711,-1.2207737357617388,0.21803024813640104,0.5758725929160944,0.979205474654753,1.704303935022852,0.8748027099339865,-0.726868729182456,1.5034840831624685,-0.7660585416158309,0.0005551274671892323,-0.5427478146762689,-0.004479185020135482,-1.4209622054278603,0.23149854763198052,1
1.5564840877900208,1.2322396202927106,-0.02269297368668175,0.34426445670904304,0.5869363832899147,-0.10603868672237106,-0.23024741859325334,0.08559256867666512,1.2420435211624474,-0.7754412309021075,1.1817274579526673,-1.4846529855439041,1.3397312291075565,-1.4815682259151355,0.22251992418254782,1.0036883381967276,0.22953235147190687,0.0005551274671892323,1.1863537667405224,1.2272966955171893,0.5240797831734728,-0.5766083452925018,1
1.1229848086751764,0.8380420280646674,0.07605018713353161,0.47296600071223466,0.2267108940293995,-0.7470854600819755,0.004375629469602057,-0.840419050667468,-1.2207737357617388,-1.6088641746549863,-0.10409542899952887,0.9965849717761586,-1.2459157910218162,0.285709975971706,1.1550645193917213,0.16097084627448457,-1.213007088637283,-1.2207253003490393,-1.4653880186981316,-0.004479185020135482,1.6054150543808712,0.3147176975288318,1
1.6106714976793763,0.5348131109661726,0.11554745146161696,0.6036121235155599,0.48188493974916063,-0.9616152285056664,-0.16532227198192684,1.4240142952500736,0.010634892700354339,0.5597765051648907,0.8942978430492761,0.07607324329725532,0.6476518762915525,-1.4815682259151355,-0.11714508556951929,-0.5345232176012625,0.5378588716517414,0.0005551274671892323,-0.7450221912449099,-0.004479185020135482,-0.7534038111024245,0.572428375497441,1
0.8520477592283985,0.6561046778055706,0.13529608362565965,0.3416442998245722,0.3147348323421344,-0.24349944234066534,-0.20580994766261104,-0.2755754592780647,1.2420435211624474,-0.08730399040847324,-0.6136250146056818,0.20183440207662506,1.2955426224244964,0.8748027099339865,-1.4588378055076825,-1.4675005070308407,-0.8382408705308145,0.0005551274671892323,0.11199631528588402,1.2272966955171893,1.2578809096828134,0.23609607959067605,1
1.8003274322921206,0.8380420280646674,0.09579881929757429,0.7685386875316159,0.30208689134700356,-1.2430677253448386,-0.09715005959931694,-1.4809254177435727,-1.2207737357617388,-1.1277777344405755,-0.5969522529224317,-0.9133053479626442,-0.5208956988861625,-1.4815682259151355,0.8375479694916611,1.072791916554262,-0.8688032594482702,0.0005551274671892323,-1.009371850949521,1.2272966955171893,0.1640153765590621,0.576116176237708,1
-1.315448636345824,-0.4051965320391613,-0.41766561696753524,0.8140991858055735,-1.075214301827139,-0.6653901486864836,-0.24328999456045178,-0.8628802393119953,0.010634892700354339,-1.680101185168636,1.6547801134998854,-1.1113147196177229,-0.12069863334928055,-0.892475491952855,-0.777512567594463,0.4062381781922276,0.6879740748784722,-1.2207253003490393,-0.8453901412976232,-0.004479185020135482,-1.73366737480841,-0.944056321540506,12
-0.312981553392746,-0.890362799396753,-0.3386710883113645,1.5685054113818027,-0.7975281682230865,-2.2130392425279144,-0.08714717759380583,1.6684443362981727,0.010634892700354339,1.3978217795265067,-1.4650161972534739,1.751419857592612,0.517251451974926,-1.4815682259151355,-0.5716734729031072,-1.1276070468136832,1.348601508089075,-1.2207253003490393,0.7189129631169761,-1.2362550655574602,1.3583578397695846,1.121700889085902,12
-0.8006682423969461,-0.829717015977054,-0.41766561696753524,0.2739525640966575,-1.0695355195956597,-0.9950001667357293,-0.13854487108300811,1.2489234736207941,0.010634892700354339,1.4723835692521166,-1.2405657703587791,0.24887197158673072,0.9480141356258461,-1.4815682259151355,0.7218448108353219,0.841510118262047,-1.0466594238020563,1.2218355552834177,-1.5554065136367754,-0.004479185020135482,-0.5171844862703062,-1.0329097057241459,12
-0.692293422618235,-0.951008582816452,-0.45716288129562055,1.5694034148068732,-1.1656634786386852,-0.6359402588212032,-0.14120064956929534,-0.20345721023445523,-1.2207737357617388,-1.358576895183854,-0.013223290864767223,0.13665766948832464,0.8232713903200958,-0.3033827579905745,0.6276920685945685,-0.8194070152240212,0.12388069485011026,-1.2207253003490393,-0.5760346216718297,-1.2362550655574602,-0.29343759956710463,-0.08445552383077662,12
-1.3696360462351795,-0.9813314745263014,-0.31892245614732184,2.031034890723863,-0.7737243304142025,-0.05084333527919557,-0.2050460318358416,-1.419615872181611,-1.2207737357617388,-1.5640669735790553,1.5865009212850743,1.0978932064589664,0.9022659154500386,1.463895443896267,1.0695280522757924,-1.035204761418467,-0.4513300955036873,-1.2207253003490393,-0.03361796596228586,-1.2362550655574602,-0.1515051675027685,1.0249965090012678,12
-0.8277619473416239,-1.0419772579460003,-0.2596765596551938,1.6910200287579193,-0.9371668385140188,-0.4595018655782819,-0.09931179336710198,-0.945292531462201,0.010634892700354339,-1.0820897580206512,1.527277454879456,-0.32396890385397537,0.2838214406192724,-1.4815682259151355,1.539534299293605,1.400968823819687,0.12236440275710932,0.0005551274671892323,1.657745475527848,1.2272966955171893,0.8110611007146965,1.189623203682352,12
-0.8548556522863017,-0.9813314745263014,-0.2794251918192365,0.8690563443707657,-0.8216838114850163,-1.8031484905901582,-0.10437947061728814,0.9993925033156412,0.010634892700354339,1.0915121261838272,-0.090107018896605,-1.136799328379581,0.9445551937394192,-1.4815682259151355,-0.03952154924324437,0.4671055865857002,-0.30903985887262925,1.2218355552834177,1.3843034203927618,1.2272966955171893,-0.49154439048738346,-0.5665348545478069,12
-0.8819493572309794,-1.1026230413656994,-0.3386710883113645,1.2107771448001317,-1.1824787724992374,-1.036459007318068,-0.17670545324079479,1.5372915494915207,-1.2207737357617388,0.393693298286624,-1.1211482526530867,-1.4435470839504745,0.39535730212074127,-1.4815682259151355,1.6911023780410948,-0.6012402849150849,-1.286816834566195,1.2218355552834177,-0.0066092887271338345,-1.2362550655574602,-0.2045678603613691,0.5177933964389703,12
-1.071605291843724,-0.5264880988785592,-0.2991738239832792,2.049116624039794,-0.8650069484171306,-0.63436292320911,-0.14727773176998746,-1.2397503923118447,0.010634892700354339,-0.12231329019262174,0.4401598873023552,-0.3242397444524461,-1.6745152976669309,-0.3033827579905745,0.9276681021514424,0.47329413250959046,1.2981436996117668,1.2218355552834177,-1.1761988311361498,-1.2362550655574602,-1.6123983110921913,-0.67425820542159,12
-0.556824897894846,-0.7690712325573551,-0.3584197204754072,1.2345776616712982,-0.8665564037262347,-1.8156321494315595,-0.09092524298153702,-1.2042964340405697,1.2420435211624474,-0.9437100558278136,0.8063241090362723,-0.725336436293733,0.8758996759955209,0.8748027099339865,-0.6561705568169957,-1.2151605680134971,-1.067553523090423,1.2218355552834177,-1.257227061253087,-0.004479185020135482,1.003145469216769,-0.8968830146781905,12
-0.8819493572309794,-1.0419772579460003,-0.41766561696753524,0.4224990706263495,-0.8596942887043392,-2.193303078852296,-0.17019509282481315,0.7467201547684016,0.010634892700354339,-1.4726661064367785,-1.4233142432202157,1.2744335093411334,-1.001404229349282,0.285709975971706,0.7193343631285836,-0.014209721575823352,-0.4562906798607377,0.0005551274671892323,-0.3804797625099685,-1.2362550655574602,-0.8601482457092804,0.7223091647449722,12
-0.7464808325075906,-0.9206856911066025,-0.41766561696753524,1.799054311028792,-0.9009760280808264,-1.6908711682677815,-0.11194784270724514,-1.7328929698736528,0.010634892700354339,-0.3629081792648825,-0.823272645313834,0.01374747610267731,1.7408283498694377,-0.892475491952855,-0.7510467230547507,-0.5309093179737163,-0.08057325555607048,0.0005551274671892323,-1.3952569659200422,-1.2362550655574602,-1.0172156899900964,1.6109217906092819,12
-0.3671689632821016,-0.708425449137656,-0.2794251918192365,0.37981126757719064,-0.8017648358490725,0.4242897144231763,-0.07479309325868207,-0.9450764119444972,0.010634892700354339,1.184641990673192,-0.2202762039085022,0.12662663353368964,0.408593512915706,-0.892475491952855,1.1759015421321404,1.280434599447178,-1.532722774401395,-1.2207253003490393,-1.047500206301935,-1.2362550655574602,-1.5449017202419404,-0.7644635323313481,12
-1.071605291843724,-0.7993941242672046,-0.3584197204754072,0.4108827000500575,-1.029686272991013,-0.09658920594661594,-0.24764707297718902,1.4354443741484377,0.010634892700354339,-0.36376318376816325,0.0004517400853685771,-1.368477647375937,-0.639926863574456,-1.4815682259151355,-1.4723333096661682,-1.0926203209646024,0.7947973284673862,-1.2207253003490393,0.39869291475254887,-1.2362550655574602,0.3961534110422007,1.0245923508256658,12
-1.0445115868990462,-1.0419772579460003,-0.3386710883113645,0.3234485361148303,-0.8454464457242283,-1.1667359627110403,-0.2109444262615718,-1.3871823199638709,0.010634892700354339,-1.1537391617312582,1.6634962895401006,1.1642615332564332,-0.17443913527965202,0.285709975971706,0.5188474887611881,-1.330263068071564,-0.9487431430423368,0.0005551274671892323,-1.1857121807026667,1.2272966955171893,0.5438851832388262,0.7071161439216006,12
-1.2883549314011462,-0.7690712325573551,-0.2991738239832792,0.9325243116665681,-1.015094275481287,-0.9233204832367531,-0.16443721480673187,-1.6545961893578915,-1.2207737357617388,0.6554018762916802,0.5922718814357211,0.9881183470139712,-1.2526345080450376,-1.4815682259151355,0.32113318289613707,-0.6195466107170353,0.6949648560879297,-1.2207253003490393,-1.0958623622184416,1.2272966955171893,-0.35258044873246874,1.0163224543898206,12
-0.3671689632821016,-0.46584231545886023,-0.31892245614732184,1.2328069521111407,-1.1658657968185495,-1.3597719308747438,-0.2166712702970142,-0.7131816047767279,0.010634892700354339,-0.6729244125316258,0.23933093620750337,-0.7754247708745231,-0.7013577536489883,-1.4815682259151355,-1.1430284536182402,0.3145398256840635,0.46410626569389,1.2218355552834177,1.4466317914079336,-0.004479185020135482,1.4910285000513694,1.1299759264292544,12
-0.6651997176735572,-0.4961652071687097,-0.3584197204754072,1.9325295565637657,-0.9893705604120082,-0.3919891648795132,-0.11016501111965105,-1.1455817617953146,1.2420435211624474,1.633745850411425,-0.5448033466117173,0.7651422564336527,-0.9327010388529839,-1.4815682259151355,0.5757234299680614,0.07512559800928346,-1.7115371740109753,-1.2207253003490393,0.9862035238821878,-1.2362550655574602,-0.2802278221031155,1.2065209197328397,12
-0.9903241770096906,-1.07230014965585,-0.3584197204754072,0.8278810395644048,-0.8690424946959012,-1.6519489508015148,-0.1404580661817677,-0.7459665265299208,-1.2207737357617388,1.3996775803214414,1.031630716434062,0.3196493382001056,1.6428924070594784,-1.4815682259151355,1.373191811422358,1.07109884009905,-0.5770847061245842,0.0005551274671892323,0.5328775439241629,-1.2362550655574602,0.7522005186632678,1.274605863995371,12
-0.28588784844806825,-1.132945933075549,-0.2596765596551938,1.6884899521117924,-0.7779842032954459,-1.9576316043266258,-0.09336719367111766,-0.79939834751767,0.010634892700354339,0.5572674080127388,-1.0621254818736057,0.4448883819004084,0.9251452099018157,1.463895443896267,0.9235589673070903,-1.158944097627928,1.4349974196591964,-1.2207253003490393,-0.4280033945427929,-0.004479185020135482,0.7272614092261651,1.4020341481694651,12
-1.2612612264564684,-1.0116543662361508,-0.45716288129562055,0.6550901866969558,-1.0576172579054495,-1.040233676863021,-0.06333923793235949,0.9150786727707186,1.2420435211624474,1.7072644805177803,-0.8930937439375347,-0.7537187260031817,-1.1429011540329843,1.463895443896267,1.2499893417168164,1.2087449011763214,0.5707513833430595,1.2218355552834177,-1.146025954567611,-0.004479185020135482,-0.651580106437747,-0.5096426551074202,12
-0.39426266822677936,-0.8600399076869035,-0.2991738239832792,0.4676816522368334,-0.8154810959937644,-1.1901534105997027,-0.07005070199194917,0.4292026862159028,1.2420435211624474,-1.4483191671582776,-0.14556340444601093,1.4726012721311734,0.31125267739987894,-1.4815682259151355,-0.5349623593612922,-0.6902414071835797,0.5676560366051451,-1.2207253003490393,-1.454199236501393,1.2272966955171893,-0.29937373796105177,-0.25309339578818396,12
-0.556824897894846,-1.1026230413656994,-0.3386710883113645,1.103887431076503,-0.7629437120686094,0.4328942736446214,-0.16077831718965627,-0.26903308138363763,-1.2207737357617388,0.6693743681690496,1.3993245033666055,-1.6346836885238722,-0.050730868764834326,-0.3033827579905745,-1.3334195780331564,1.1088908774286594,-0.23926942868417672,0.0005551274671892323,-0.3000771632335884,-1.2362550655574602,1.1685476150704854,1.1737873567387007,12
-0.6110123077842016,-0.4961652071687097,-0.3979169848034925,1.2874522905161365,-0.9414808442617866,-0.48026448342571865,-0.08791045151640763,0.7575152205188996,0.010634892700354339,0.01371911210404098,0.8892902117368849,1.0751290335715584,1.250012072929293,-1.4815682259151355,-0.12964807372799766,0.28682949624596077,-0.4153891383753244,-1.2207253003490393,0.6528547977513901,-1.2362550655574602,1.5016723014951094,0.03522176091409213,12
-0.3400752583374238,-1.1632688247853984,-0.3584197204754072,0.6523086679856587,-1.048667720733045,-1.8015564695795423,-0.11739437845829104,0.3380154012342786,1.2420435211624474,0.050471755574298005,1.2521580866347362,-1.2812679805327754,-1.0835821734475624,-1.4815682259151355,-1.6175972338508735,0.37912828220825784,1.6206005046887602,-1.2207253003490393,0.0717743619653706,-1.2362550655574602,-1.4603994602898362,-0.7942151535698578,12
-1.0445115868990462,-0.4961652071687097,-0.3584197204754072,1.0827539600622178,-1.0813640246775662,-2.4852790911751694,-0.2398252237238518,1.5235691427212052,-1.2207737357617388,-0.42307230658601197,-0.6054803954822546,-1.6391785879220737,-0.44635396613386485,0.8748027099339865,-1.2419329733144444,-0.4119221952214505,1.466490122905157,-1.2207253003490393,1.0845035065488575,-0.004479185020135482,-0.7977482882951057,0.14572308207161294,12
-0.3400752583374238,-1.0419772579460003,-0.3386710883113645,1.8018408054466153,-1.006037387721519,-0.7939921802914867,-0.23320091922120118,1.0036144421193163,0.010634892700354339,0.7024757084570075,-1.1418302092769919,0.958409109381145,0.29502953350608035,-0.892475491952855,1.2231539059276213,0.9484693573066247,-0.9790905811658684,0.0005551274671892323,1.157552880149444,1.2272966955171893,1.0075429981277733,1.1585052593650906,12
-1.1528864066777573,-0.6174567740081076,-0.37816835263944987,0.8621189097461561,-0.9881797218096277,-0.03500638723409393,-0.21186185801087126,-0.48369062956715314,1.2420435211624474,-1.4447387684103115,0.47020755133446246,0.9093454776563634,-1.0834867403404818,1.463895443896267,-1.0704610299017687,0.4731864170658729,0.29542525023939725,0.0005551274671892323,-1.025571361247368,-0.004479185020135482,1.4727887523856216,0.6374002243757487,12
-0.9632304720650128,-0.7993941242672046,-0.3979169848034925,1.617300723330142,-1.1390179989139215,-2.535607964160932,-0.23001104352591303,-0.7797211023998485,0.010634892700354339,-1.357329977532423,-1.7119507602974715,-0.5452544930804487,-0.251665599726735,-0.3033827579905745,-0.040411315172219846,-0.8261116284537541,1.3558318807343608,1.2218355552834177,-0.3554206677979066,-1.2362550655574602,0.391213467742663,0.5409621173554379,12
-0.4484500781161349,-1.132945933075549,-0.45716288129562055,0.8801374561323344,-0.9219463443755339,-0.468082668133737,-0.20688638218639582,0.09731519557751205,1.2420435211624474,1.3943109882597304,0.4700926872863942,0.4074838507265071,0.6611321928019495,0.285709975971706,0.8724873871713961,-1.204494673180516,0.1708397713114371,1.2218355552834177,-0.6564487694116912,-1.2362550655574602,-0.8936666491908908,0.9492493224101283,12
-1.071605291843724,-0.5264880988785592,-0.3386710883113645,0.4551791673889353,-0.8851404104808023,0.007714589879076128,-0.05833171021483685,-1.3273354555937025,0.010634892700354339,-0.9567231154016814,1.2888125385165514,-1.4475228346178695,0.6005265984278199,1.463895443896267,-0.9260083412001592,1.2413553591093138,-1.206762735868611,-1.2207253003490393,0.05618466761830136,-1.2362550655574602,1.6998929595690122,-0.19517773447706474,12
-0.47554378306081274,-0.7387483408475056,-0.2794251918192365,1.1443224992922112,-1.000257736398409,0.46978211689558297,-0.19048303732555436,-0.7649164079124459,-1.2207737357617388,-1.784881832716311,-0.5989861171377505,0.47880302762126103,-0.2365162962973289,0.285709975971706,0.8985882855784364,-1.206346538967667,-1.245354537662965,0.0005551274671892323,-1.271707459688038,-0.004479185020135482,-0.2671031917010004,0.4933069772375919,12
-1.0445115868990462,-0.6781025574278066,-0.4374142491315779,2.00915235958536,-0.8778514103216648,-1.3882882090973896,-0.05910530392536596,0.07398818489707426,-1.2207737357617388,-0.06828740010216228,-0.20061976960804254,0.48740689799385467,1.3707583407666195,-1.4815682259151355,1.0969437535977262,-0.059576962493698954,0.09558303846342796,1.2218355552834177,0.4697642507406796,-0.004479185020135482,-0.2871014140730247,-0.2972116248820108,12
-1.0445115868990462,-0.5871338822982581,-0.3979169848034925,1.5298780712717046,-1.1887196806095544,-0.43192969318431407,-0.08458666172633976,-1.2195537239651784,0.010634892700354339,0.08353648301107075,-0.11108562048334265,-1.4168520762903993,1.0662223442001055,0.285709975971706,-0.5152079284477646,1.232587634922577,-1.5221324711393633,1.2218355552834177,1.3625868561733159,-0.004479185020135482,0.2420978674564099,-0.29963946046629947,12
-1.2341675215117907,-1.132945933075549,-0.3386710883113645,2.0432796146160888,-1.0236423930063387,-2.473360147489242,-0.09931975592713595,-0.07939258270167528,0.010634892700354339,-0.004868446657717322,0.06757093137424787,0.38297665130624636,-0.24972905281178573,1.463895443896267,1.0115321017590186,1.2765799644307756,-1.4181578263478236,-1.2207253003490393,-1.1612793673217958,-1.2362550655574602,-0.9806954044096359,-0.29756177844329423,12
-1.3425423412905018,-0.708425449137656,-0.37816835263944987,0.5366986325342972,-0.9023828028778119,-0.04559841346857499,-0.2145972409858221,-1.1371323657637553,1.2420435211624474,0.038765444021268844,1.56603121863076,0.5923056156277631,0.5040010613467782,-0.3033827579905745,0.9874602594316447,0.7545998512001457,-0.7581661729397724,0.0005551274671892323,-0.2968493474026459,1.2272966955171893,0.9024701375626073,-1.4560792210838476,12
-0.936136767120335,-0.5568109905884087,-0.3386710883113645,1.3155847831156355,-0.9563919715367749,-1.4896110499571433,-0.1359298000951863,1.5181402617615476,1.2420435211624474,0.016537700377037865,-1.7366348309091812,0.3843776686765316,1.2490674803666466,0.8748027099339865,-0.9591855864343747,-1.5753833062003497,-0.49467862405054097,0.0005551274671892323,0.5870165404705522,1.2272966955171893,-1.7366998509522915,-0.6596257927177562,12
-0.42135637317145713,-1.07230014965585,-0.4374142491315779,1.259958132274682,-0.9269597244934007,-1.5380587922763531,-0.1105858820389883,1.0340203664819783,0.010634892700354339,0.8268624095289309,0.7102220247760149,-1.0150226754716625,-0.7153395558737645,0.8748027099339865,1.052392151794162,-1.106068929953317,1.375528154373439,0.0005551274671892323,-1.6111577498751606,-1.2362550655574602,-0.9311956487274147,-1.3512346141149774,12
-1.2612612264564684,-0.4051965320391613,-0.4374142491315779,0.3884064243109985,-1.0293756800928688,0.32382282822933894,-0.1386653379497648,0.9048187561126515,1.2420435211624474,-0.6104696642171838,-1.0968471032707883,-1.1986640709943024,-1.0716177030151246,-1.4815682259151355,0.9937809949701333,-1.3651996326919291,-0.0106075189978809,1.2218355552834177,1.0974545455327647,-1.2362550655574602,1.2552339462073194,-0.20589821506988307,12
-1.1257927017330795,-0.7387483408475056,-0.2794251918192365,0.7443752798800798,-1.149854825264931,-0.9590258281635535,-0.04825091010683089,-1.178938549434463,1.2420435211624474,0.766717609176789,-1.1166021599811962,-0.8200617314647097,0.8822245524787093,0.8748027099339865,1.459798077391296,-0.862200338816489,0.9600199254734488,1.2218355552834177,1.5544426417295092,1.2272966955171893,0.693259985010585,0.7591103218885995,12
-1.315448636345824,-0.46584231545886023,-0.2991738239832792,1.33740264784674,-0.8198552951457599,-2.297973267810671,-0.24109759025846092,0.9555741948357513,0.010634892700354339,-0.0162503711181224,-0.30913961117186506,1.6828878500497466,-1.3519300615895449,0.285709975971706,-1.3879855468013047,-0.6680006374199403,-1.6151566634925976,0.0005551274671892323,-1.5736746328253686,-1.2362550655574602,0.05759372714780485,0.15662171324376103,12
-0.6651997176735572,-0.6477796657179571,-0.31892245614732184,1.046591315142908,-0.9682547148379789,0.4403241741641402,-0.24247812228625198,-0.34825157940721646,0.010634892700354339,1.108336930965309,0.34767315439827506,-0.29875902284043926,-1.428529590704922,0.285709975971706,-0.03288202699754475,0.5721174244440704,-0.04512627844293209,-1.2207253003490393,-0.40889919606163116,-0.004479185020135482,-1.138467311074353,0.2853166603176537,12
-0.4484500781161349,-0.46584231545886023,-0.3386710883113645,1.9281627410134035,-1.1636178023164845,-0.01994765933494315,-0.11006811744181358,-1.3639308171055018,1.2420435211624474,-0.1955043428487876,-0.022443633658555975,0.609400975338616,-1.3761246506830278,0.285709975971706,-0.6704101819579364,-1.1310859564999998,1.3124315483034166,0.0005551274671892323,1.4836793645551896,-1.2362550655574602,-0.8010411782944177,-0.5306032600712752,12
-1.2341675215117907,-0.6477796657179571,-0.2991738239832792,1.3248886096413723,-0.8487494230480784,-0.8099602668905039,-0.18375288943215326,1.6889325850773669,1.2420435211624474,0.1502393594782095,-0.052934612018892574,1.5341272086092892,0.4310878200960938,-0.892475491952855,0.5354273078348173,-1.499679631404743,0.4135357465595949,0.0005551274671892323,0.46658688246687735,-1.2362550655574602,1.6563603417679889,1.0518250716319295,12
-0.5297311929501682,-0.7387483408475056,-0.4374142491315779,0.5150499062701893,-1.081668445621154,-1.867959146457218,-0.10365345825793477,-0.9956976445499138,1.2420435211624474,1.6442554383963173,0.7235434564889709,-0.8591328570121692,0.19917261476726622,0.285709975971706,0.3996883689039994,0.5986467494866773,0.06690019418805851,1.2218355552834177,-0.0491251190016532,-1.2362550655574602,-1.1430070224087767,1.1394814961246087,12
-0.4484500781161349,-0.5871338822982581,-0.2596765596551938,0.3275172319815598,-1.0923208860652722,-0.06044434848272835,-0.14934078664927972,0.1379358391378556,0.010634892700354339,0.5146678653604765,1.6018162487798193,-0.42424675361664965,-0.44755215609304627,1.463895443896267,-0.7457867395277927,1.5720324095328622,1.1853123676284476,0.0005551274671892323,0.11482148100772464,-1.2362550655574602,1.18282894565218,-0.8520756390810452,12
-0.39426266822677936,-1.0419772579460003,-0.31892245614732184,0.2944860684081406,-0.9332495508919538,-1.9728678106238724,-0.20185796082491017,-0.4081196201974598,1.2420435211624474,1.492713476976185,0.3881470125387515,-0.5391439672844207,0.054888243515266104,-0.892475491952855,1.7672442599463811,1.413097425916351,0.3558825709227795,0.0005551274671892323,1.1077123438055998,1.2272966955171893,-0.06522876106159904,1.383770238412074,12
-1.179980111622435,-1.1026230413656994,-0.4374142491315779,1.8322654711314441,-1.0209757694457091,-0.07102116073222113,-0.21535566231675318,-0.4210021824224549,-1.2207737357617388,-1.6236195883849698,-1.1667357789022883,-0.8575006088762395,0.2906055747776119,0.285709975971706,-0.5437382439816083,0.7171329101051402,-0.5038286120606408,0.0005551274671892323,-1.2371969485481453,-1.2362550655574602,-0.13015526003312558,-0.6344735015647464,12
-0.3400752583374238,-1.1632688247853984,-0.41766561696753524,1.6058998488454805,-1.0323087390875754,0.3984534665045218,-0.20382347120433383,0.060543284611551965,-1.2207737357617388,0.13615393566451053,0.8909732094507586,1.171183046777575,-1.3442313925893277,-1.4815682259151355,-1.5657868798297412,-1.364486291957308,-1.6537587695341953,0.0005551274671892323,0.8739283918842222,1.2272966955171893,0.40542592377104153,-0.6468211069949945,12
-1.2341675215117907,-1.0419772579460003,-0.45716288129562055,0.34268213265216135,-0.7656461813062017,-0.03638331878722645,-0.1307782818252295,0.898306121459403,0.010634892700354339,-1.5967249302288165,-0.4567315378178673,-1.7127834165712963,0.6627948551086904,-1.4815682259151355,0.4772447069416637,0.3658398107017569,0.9293829168700589,1.2218355552834177,0.6808111786822049,-0.004479185020135482,-1.4826964979507293,-0.8115761105558217,12
-0.3671689632821016,-0.5264880988785592,-0.4374142491315779,1.4373565348159911,-0.8476908465835151,-2.3507802161765317,-0.16328865769968,-1.086817111123055,1.2420435211624474,0.21525716978195691,-0.5239014693132102,-0.28609382192838706,-0.17199345685464537,0.285709975971706,-0.7677353095795715,0.0689217768167157,1.1403938482810037,-1.2207253003490393,1.6222639587434997,-1.2362550655574602,0.2236204669881885,1.534887251274903,12
-0.8006682423969461,-0.6781025574278066,-0.31892245614732184,1.929788605959106,-0.9010001237723867,-1.570183349037734,-0.23963967028605437,-0.3353122450813518,0.010634892700354339,-1.7106043956939925,-0.3666734202302946,-0.17592518239630708,0.5200698460374101,-1.4815682259151355,-1.0101625163077483,0.5691655741794504,1.2159478737959972,-1.2207253003490393,1.1966810126368457,1.2272966955171893,-0.5219876835972134,0.5092104717837627,12
-0.3671689632821016,-0.5264880988785592,-0.41766561696753524,0.38255652427165787,-1.0590525877636943,-0.7222449488703778,-0.23769433557159128,-1.6171921393246993,1.2420435211624474,-0.9359340966029609,0.9896289602979788,-0.6642469812768858,0.08781017111087548,0.285709975971706,0.7240382541448159,1.5751740569890134,-0.8419471966816464,1.2218355552834177,-0.5997089573765331,-0.004479185020135482,1.6311881839434577,-1.2222550433276747,12
-0.7464808325075906,-0.9206856911066025,-0.3584197204754072,1.4232153813186577,-1.079406509636065,-2.2154188715868743,-0.22880551856146256,1.1693840479274427,1.2420435211624474,1.0195228871230082,0.11678138729049677,-1.643056844970145,1.5057026014200865,-0.3033827579905745,-0.5662595546592076,-1.2406147493711013,0.577979060749389,-1.2207253003490393,0.40799681337522464,-0.004479185020135482,0.5894298859451058,0.1884804758347984,12
-0.39426266822677936,-0.829717015977054,-0.4374142491315779,0.9000709799141224,-0.9163671791438707,0.44606775979276064,-0.1497693742504174,0.3826818123559336,1.2420435211624474,-0.5430444623566363,-1.4436563682844934,-0.8676787060083695,-0.6548432382282233,1.463895443896267,0.868472276765925,-0.27141517169381946,0.5284121868131558,-1.2207253003490393,-0.9044373778309774,1.2272966955171893,0.005937016441367819,0.938715781422145,12
-0.7193871275629128,-0.6174567740081076,-0.2596765596551938,0.720496814882311,-0.7484337506082239,-1.4560217180680801,-0.0492308431567709,0.9457819242266402,0.010634892700354339,0.8971745248967103,0.3810874477294538,-1.5191427938485267,-0.42516780455820885,0.8748027099339865,1.2174462534998027,0.21650981553685017,0.33745894178258246,0.0005551274671892323,-0.4613830764862596,1.2272966955171893,-0.010997737541258048,0.01473069922810372,12
-0.6651997176735572,-1.07230014965585,-0.3584197204754072,1.2730081680459604,-0.9163513871527079,-0.1722047352134258,-0.12495001219936709,-1.3387203911144396,1.2420435211624474,1.5016007428458398,-1.4210339269637648,1.4346883775301575,-0.3266486472063415,1.463895443896267,-0.3501286799376436,1.0184918594868158,0.10324127363518881,0.0005551274671892323,0.8858199640748923,-0.004479185020135482,-0.9723285899512784,-0.809363670634851,12
-0.7735745374522683,-1.1026230413656994,-0.4374142491315779,0.6087660567279035,-1.0675811026614972,-2.2165026754515065,-0.06954480051906174,-1.3394694368545654,1.2420435211624474,-0.9757602285101576,0.541981467807114,-1.3577812441699235,-1.6323488006582625,1.463895443896267,0.4135079228599997,1.516886653771593,-0.009259471465559433,0.0005551274671892323,-0.4073717981120472,-0.004479185020135482,0.8594475341806406,1.2082580555253812,12
-1.071605291843724,-0.5871338822982581,-0.31892245614732184,0.6966396492269261,-0.9916075803540289,0.46813724887000435,-0.10759857269890312,-0.7724247676032943,-1.2207737357617388,0.8225278961421592,0.14133421179441893,0.16056293728364066,0.24504181347951207,1.463895443896267,-0.9278735416588625,0.6151163388818365,-0.3765406984487487,1.2218355552834177,-0.9832491531646016,-1.2362550655574602,-1.5725672544689318,-1.5689284940946104,12
-0.5839186028395238,-0.5568109905884087,-0.3979169848034925,0.5394300425821812,-0.8060986059582307,0.6435284321987621,-0.2377074865081526,1.4924521217432904,-1.2207737357617388,-0.5736868842149185,-1.7251218958112908,0.28244214456415045,-0.8469974366340682,0.285709975971706,-0.8327680996014187,-1.0791217500361099,-0.8473093146363102,-1.2207253003490393,1.5528071239542633,-1.2362550655574602,1.4040200787411237,-0.8800226638378562,12
-0.7735745374522683,-0.7690712325573551,-0.4374142491315779,0.40617846285784875,-1.1709937826478247,-1.9667513750949,-0.19316711546836368,0.7069457363457814,1.2420435211624474,-0.922883070513478,1.291197809051125,1.4182219957234716,1.7021837233848085,0.285709975971706,-1.6748343950310616,-0.20057928565372676,1.433161922214636,1.2218355552834177,-1.1248193061822642,1.2272966955171893,-0.7764031637002264,-1.407429008065649,12
-0.7464808325075906,-0.890362799396753,-0.31892245614732184,0.4949169650990809,-1.1372108525966742,-1.0841323433266732,-0.18493066036772418,-1.6331230333945204,0.010634892700354339,-0.9405548909974025,0.5433248744536648,0.9434624334119343,-1.4190188875472214,0.8748027099339865,-1.1469485450024322,-0.498111541548343,-1.597413132823126,-1.2207253003490393,-0.1685807782084597,-0.004479185020135482,-0.042419017587616625,0.4693515728055301,12
-1.3425423412905018,-0.5568109905884087,-0.2794251918192365,1.0226988928834049,-1.1135580349412268,-0.25341371475190705,-0.20475541522934224,1.4661545443176274,-1.2207737357617388,-1.1194739012345252,-1.367598028586784,1.2499641921311013,-0.5372401315533668,-0.892475491952855,-0.2682051829346244,-0.22707912782153242,0.6349146427665788,0.0005551274671892323,0.4415186225490254,1.2272966955171893,-1.4892274872340132,-0.7027170378048252,12
-1.315448636345824,-0.890362799396753,-0.2794251918192365,0.6474640522657181,-0.7491110657891649,0.004257877370190709,-0.1583453214909081,-1.5195643258782092,0.010634892700354339,1.5882470103548776,-1.2191017575885543,-0.6854638242680963,0.8828610511643262,-0.3033827579905745,0.36844898353760636,1.5170546585090068,-1.2133247838245351,1.2218355552834177,-0.9366343297856423,1.2272966955171893,-1.242666430176035,-0.13202497424494122,12
-0.312981553392746,-0.4961652071687097,-0.45716288129562055,1.5237245760987543,-1.1622549356434309,0.6252136737129894,-0.09423497676290722,-0.7362647011541246,-1.2207737357617388,-0.9636836412200116,0.8337875004952853,-0.8068503765827728,0.05772656742539579,-0.892475491952855,0.8627906704929215,-0.9584176995250305,-1.4665671901476312,-1.2207253003490393,0.627594980433419,1.2272966955171893,0.6183261040265625,-1.498359841840537,12
-0.9632304720650128,-0.5264880988785592,-0.41766561696753524,0.429202726055081,-0.7867877394639482,-1.0672145845862586,-0.22662521179616837,-1.4071675847074747,-1.2207737357617388,-0.7801161861157536,-0.13739228573936765,-0.9839654495120178,-0.9924248800252811,-1.4815682259151355,0.8116917172978818,-0.5392611199031366,1.697252710254363,0.0005551274671892323,-0.17954598696967497,-1.2362550655574602,-0.9461169669342913,-0.728609475971173,12
-1.2883549314011462,-1.07230014965585,-0.3386710883113645,1.1924887033712666,-1.0456630054268106,-0.09972848871350967,-0.2250613854619756,-1.3993448584760344,0.010634892700354339,1.3046678694523057,0.747943673050707,-0.5876790437832851,0.6012148950772217,-0.892475491952855,-1.0083759651824167,-0.284707918522436,0.10609898299810498,1.2218355552834177,-1.4318380411833187,-1.2362550655574602,0.4952233484539526,-1.0147383849702538,12
-1.1528864066777573,-0.46584231545886023,-0.31892245614732184,0.8168264971670578,-1.1116772065923255,-1.9226376825007474,-0.21944627661303687,0.5947263818503676,-1.2207737357617388,-1.5220652483921906,0.7355615962880794,-1.299319755192195,1.5993797268076988,0.8748027099339865,-0.02093235140563272,-0.7561029511668788,1.660839188788243,0.0005551274671892323,-0.024902524443330215,1.2272966955171893,1.5764924453203755,0.032038741647531545,12
-0.47554378306081274,-0.6781025574278066,-0.2794251918192365,1.1286127577694296,-0.9550806886204666,-1.3546996229158812,-0.24899937195943803,1.2799091698044265,0.010634892700354339,-0.13398356225763572,-0.15608116366231087,-1.3541775927979118,-1.123125516367814,-0.3033827579905745,1.770253562399463,-1.3306322140235005,-0.12398512111545726,0.0005551274671892323,0.07213210825803401,-0.004479185020135482,-1.0643272280460747,-1.3727139320020265,12
-0.9903241770096906,-0.7387483408475056,-0.31892245614732184,1.9792268902007495,-1.0113461235843255,0.6113510077442212,-0.10818160004042014,0.2901310277867668,-1.2207737357617388,0.764875245083347,0.05639034188874604,-0.1769629221433139,-0.7382288864869319,1.463895443896267,0.9110957543163289,-1.6517012845894072,1.3733668828389014,-1.2207253003490393,0.890341389401471,1.2272966955171893,1.0236138303896316,1.2021947281564884,12
-0.8819493572309794,-1.0116543662361508,-0.4374142491315779,1.1948417542950727,-0.8758727170928168,-1.3358627838440158,-0.24539434497120244,-1.21704230288956,1.2420435211624474,1.5841121600838906,-1.0469781100843767,0.844513041179536,-0.20042579360150808,-1.4815682259151355,0.8775092809166207,-0.5654692032921858,-0.06900087381087311,1.2218355552834177,-0.44407881293898605,1.2272966955171893,-0.512828418312477,-0.9806117528693585,12
-1.1257927017330795,-0.9813314745263014,-0.31892245614732184,1.314169142264453,-0.8051148562436363,-0.7746105003982576,-0.13692199648128323,1.5863622216425033,-1.2207737357617388,-1.2706880612484779,-1.7506507687998747,0.07493780273507333,1.3610571659142854,0.285709975971706,0.9784765093155098,1.2504126439875147,-0.5951892890260785,-1.2207253003490393,-0.9366213961701736,-0.004479185020135482,0.04952179594585764,-1.560607453574818,12
-0.8277619473416239,-0.708425449137656,-0.41766561696753524,0.433337281392622,-0.8934609379678091,-2.223392515690816,-0.1376748779990701,1.4288517257759692,0.010634892700354339,1.3783736914897504,0.3816987495830766,-0.42060925424268153,1.2877796819387077,-0.3033827579905745,0.9871822404244981,1.4004821096082802,-1.720856304119581,1.2218355552834177,-1.1554518724448595,1.2272966955171893,-0.23095651429303232,1.3463327287581526,12
-1.1257927017330795,-0.46584231545886023,-0.45716288129562055,1.7716934144152632,-0.9498028799196657,-1.2555972652328788,-0.057467139737838215,-1.1957472114540542,1.2420435211624474,1.037714122158544,0.8403456677808926,0.7392309481063979,-0.7613732492513485,1.463895443896267,1.7463705750489762,1.5085254624219602,1.439828082363398,1.2218355552834177,1.1744957879063656,1.2272966955171893,1.6331936664442661,0.35811368666344995,12
-0.6651997176735572,-0.890362799396753,-0.2794251918192365,1.1171273120759975,-0.8645443604680842,0.44175228684481826,-0.2496922628281275,1.1948064915487406,0.010634892700354339,1.2547685646386622,-1.031373209607566,-0.36109947134919945,1.4408448748696148,1.463895443896267,-0.5193503071873393,-0.6973483504282592,1.1166233487221167,1.2218355552834177,0.08001719622734708,1.2272966955171893,-0.9989065186503654,1.7613667180241384,12
-0.5297311929501682,-0.5264880988785592,-0.37816835263944987,1.6435346866119331,-0.8428180161304486,-0.011550475310330826,-0.10924316448197653,-0.9760195740946642,1.2420435211624474,-0.7073270563195515,0.9849961396283445,1.5693876883901732,1.3469227487034603,0.8748027099339865,1.429427240518254,-0.47652371067453236,0.5327583850548738,1.2218355552834177,-1.191167849828704,-0.004479185020135482,1.1551134288351919,-0.3449917802095024,12
-0.9903241770096906,-1.07230014965585,-0.2596765596551938,1.0815195976908587,-1.0989473526455071,-2.1690568668371446,-0.21834227824745941,-1.2329000791387776,1.2420435211624474,-0.7816960223907236,-0.5830899345395402,0.9963600820215109,1.3382895190981037,0.8748027099339865,-1.2132769971141713,1.710853747264976,0.04409402550239134,-1.2207253003490393,1.0997406325935606,1.2272966955171893,0.12518679070055613,1.0785027660511308,12
-0.28588784844806825,-1.132945933075549,-0.2596765596551938,1.239940351352142,-1.00891903906999,0.018962082715327767,-0.2524290524595321,-0.18521807190185688,1.2420435211624474,-1.070942550745127,1.095518016204934,0.3960161736852542,-0.5950809860905852,-0.3033827579905745,0.2946370011449922,0.37760319322364383,-0.40037499755623396,-1.2207253003490393,0.6477640650963923,-0.004479185020135482,-1.6269135649207602,-0.189168545238397,12
-0.6110123077842016,-0.7993941242672046,-0.2794251918192365,1.3507708068665536,-0.9337829267300389,0.07389132124474074,-0.15314955059878793,0.00198385680116882,-1.2207737357617388,0.9749373538644731,-0.8997637491880272,0.4685943301332911,-1.347349541580122,-0.3033827579905745,-0.9200179374971372,-1.115818424668495,0.7022611894363626,0.0005551274671892323,-0.7990786631708447,-1.2362550655574602,1.204064718817586,0.3701806074894227,12
-1.3696360462351795,-1.1026230413656994,-0.3584197204754072,1.9473282519500084,-1.0561901755899141,-0.24600120330544403,-0.10324575683887446,0.14066900722094383,1.2420435211624474,0.08287045124336549,-1.3849668970607227,0.7636805210224722,0.5572760428921812,-0.3033827579905745,0.832186766026511,-0.48697313201937636,0.6487915204151901,0.0005551274671892323,-0.40491581786497055,1.2272966955171893,-1.1115576835199474,0.6908744161507951,12
-1.3425423412905018,-0.7387483408475056,-0.37816835263944987,0.33843704710023015,-0.9963859526771416,-0.5395123315273989,-0.18075384054388766,-0.5735904878657118,1.2420435211624474,-0.3505654246837436,-0.5594657911755725,-1.0956905258119771,-0.8314277783690474,0.285709975971706,0.9034187370967253,-1.1810370136611335,-1.063555882785979,1.2218355552834177,-1.1446530185394566,1.2272966955171893,1.4947909927507714,1.6401293466407045,12
-1.315448636345824,-0.5264880988785592,-0.3386710883113645,1.0441297013741841,-0.9669106901924461,-0.9534725556327339,-0.2127261573120234,1.6343805336654524,0.010634892700354339,-1.7628675254225785,-1.2239683108035553,1.5210013619413103,-0.28481884159311,0.285709975971706,-0.49385141839693975,-0.5087157977398963,-0.07354071604326237,-1.2207253003490393,-1.4630521198545723,1.2272966955171893,1.092673483305224,0.7320054817529321,12
-1.0445115868990462,-0.7993941242672046,-0.4374142491315779,0.6869159196868203,-1.1642914398427453,-1.4816034276949175,-0.13155586564264027,0.4368335867979385,1.2420435211624474,-0.13994345279981657,0.37653222300968914,0.4676839602477171,-0.19526515099696673,-1.4815682259151355,0.7451684189018365,1.5296856234132175,0.7521832788504452,0.0005551274671892323,-0.6069314700153962,-0.004479185020135482,1.5625178149373593,-0.7072452614437686,12
-1.179980111622435,-0.7690712325573551,-0.2596765596551938,0.8700311917461994,-1.1095789424139157,-2.32677774714088,-0.12423939862414393,-1.4846367848762163,-1.2207737357617388,0.5549453273460282,0.945593488514311,-1.0838214867946483,1.5783812995721624,0.285709975971706,0.8849754590756049,-1.4925162939429455,0.664982952572076,1.2218355552834177,-0.2426640375126798,1.2272966955171893,1.2924378990265002,-0.6675107746045726,12
-1.3696360462351795,-0.5264880988785592,-0.4374142491315779,1.6818397731827701,-0.9085827554108079,-1.7683397187742438,-0.12877349990534506,-0.6904729030300893,-1.2207737357617388,-0.6558894005293642,-0.04363572463479884,-0.5918138808217809,-1.053650666979008,0.8748027099339865,1.717003668209885,0.583464930236453,1.2614320074357324,0.0005551274671892323,-1.463472062092527,-1.2362550655574602,1.7161309942459217,-1.2526109407369241,12
-0.6651997176735572,-0.5568109905884087,-0.3386710883113645,1.546627972490788,-0.8276284019815114,-1.4602989479791746,-0.0985107499270323,-0.7865601087054549,-1.2207737357617388,1.3788172593697325,-0.7378498571851989,-0.09060029033832684,-0.2949338215172871,-1.4815682259151355,-1.6250510316641336,0.9471322340209926,1.5930131959600629,-1.2207253003490393,1.620351257913683,-0.004479185020135482,0.4238188167210387,-0.16612397767661008,12
-0.6381060127288793,-0.9813314745263014,-0.3584197204754072,1.9308867279945454,-0.8533069846892569,-1.8201961381458303,-0.22267076635812694,1.3601615487092027,1.2420435211624474,0.07882486218560365,0.422980199076214,-1.459915227656492,0.16173794394565516,0.8748027099339865,-1.002147741493105,-1.6808123247597753,0.8315705531080688,1.2218355552834177,0.7316309152731698,-0.004479185020135482,0.3769908192439176,1.3695752918063382,12
-0.7735745374522683,-0.46584231545886023,-0.3386710883113645,1.1688307299243592,-0.8276154371929993,-0.8379504542488192,-0.08905860604562599,-1.0315328680328064,-1.2207737357617388,0.27164205007453446,0.6602975149357602,-0.6812781384794775,1.7210846669365645,-0.3033827579905745,-1.5440775405973874,1.7057551409188578,0.8137439632521759,1.2218355552834177,-1.536014771616243,-0.004479185020135482,0.9692608251185187,-1.3523694645857776,12
-0.7735745374522683,-1.07230014965585,-0.3386710883113645,1.0169300500465184,-1.0577352038761478,-0.663580218228981,-0.23802725124217727,-1.5612081319160922,-1.2207737357617388,1.2281598759981553,0.5752362900466614,-1.6559675424493352,-1.1949276057334113,-0.892475491952855,-1.3571064063144287,-1.716058831409342,-0.11265290316060288,-1.2207253003490393,0.606476996799516,-1.2362550655574602,-1.1315402994416406,-0.08219625332334561,12
-0.6110123077842016,-0.9206856911066025,-0.3979169848034925,0.8695080768948426,-0.9606765924372838,-1.0254415659087361,-0.13424486735603305,0.4694296071706281,1.2420435211624474,0.6215059271806943,0.8526063729637126,1.2189862447989417,-1.4174893785770983,-0.892475491952855,0.1530691480001589,-0.870807555554738,0.5604517355294896,-1.2207253003490393,0.4805865636370528,-0.004479185020135482,1.7127032465845513,0.4156607733275034,12
-1.179980111622435,-0.6781025574278066,-0.41766561696753524,1.1283521761274042,-1.0732220961600045,0.07060867006155191,-0.1599793359599986,-1.0735227535613534,-1.2207737357617388,0.46981595384582636,0.58057798427466,-1.511924723063274,1.5069609745043684,-0.3033827579905745,-0.34908740453553505,-1.5037133428543314,-0.7835275284528951,1.2218355552834177,-1.332726221409137,-0.004479185020135482,1.012770988449345,1.0414314050381985,12
-0.5839186028395238,-0.5871338822982581,-0.4374142491315779,1.6323248622705249,-0.7676809311393391,-0.25269585039196507,-0.25792971800344855,-1.0771336328720031,-1.2207737357617388,1.5383984958357164,-1.0237187323195542,0.8992698640206132,1.2694174180904505,0.285709975971706,0.9407392263784917,-0.7338401786738438,-0.276999322262683,1.2218355552834177,-0.48476513452381786,-0.004479185020135482,-1.5176172634923832,-0.2789386263340422,12
-1.1528864066777573,-0.4961652071687097,-0.2991738239832792,0.4862687545734637,-0.7420778360452362,-0.441107741579589,-0.10937885450555337,-0.47138706918847617,-1.2207737357617388,-1.001658522507973,1.178541392481204,-0.11486126507849054,1.4637595063517619,1.463895443896267,-0.990321584799846,-1.104676292582382,-0.29958907027363496,1.2218355552834177,0.6218283968600274,1.2272966955171893,1.1416618025162462,1.5544694308304108,12
-0.312981553392746,-1.132945933075549,-0.41766561696753524,1.9599041990850805,-0.832722361642919,-1.9831883062564262,-0.21690520842168232,0.9687710892608452,1.2420435211624474,0.9985229132193293,-0.5152465317116468,1.1428127223798914,-1.0668267740276658,1.463895443896267,-1.3716566224334612,-0.4332440728799101,-1.4760736930631873,-1.2207253003490393,-0.7068561735474118,-1.2362550655574602,-0.6862406174220526,-1.5937083074280247,12
-0.28588784844806825,-0.890362799396753,-0.45716288129562055,0.6103010454012291,-0.9453126041740946,-1.3240142959519698,-0.13775389045080197,1.3649111682166744,1.2420435211624474,1.5173528108169065,0.0529589803869511,-0.04607047457775872,1.52013005931431,0.8748027099339865,-1.3437464448823884,-0.8067673314244606,0.19513786075868178,0.0005551274671892323,-0.4052928334650845,-1.2362550655574602,-0.4901711878191664,0.9622737678209765,12
-0.8548556522863017,-0.46584231545886023,-0.4374142491315779,1.1591427725339856,-1.0199366585836356,-2.5120880868130295,-0.1873012615981953,1.6612685488105599,0.010634892700354339,0.26878763612239204,-0.7778778524967097,-0.6652175324903519,-0.1082817868912865,0.285709975971706,1.6243184287650023,0.17237048820371637,-0.06964397672641826,0.0005551274671892323,1.0471527801943723,-0.004479185020135482,-0.4968031014529106,1.7446397871762955,12
-0.8006682423969461,-0.9813314745263014,-0.3584197204754072,0.41124123140831376,-0.9014812549900528,-1.3771315336191952,-0.048986095125682756,-0.919775151085284,1.2420435211624474,1.2812087035997866,-0.07018477846804279,1.1852097152264347,-1.2368698098480624,-1.4815682259151355,1.3710154724335637,0.8378692412019335,-0.4904357660526423,0.0005551274671892323,0.747276421719296,-1.2362550655574602,0.010815859425998444,-0.35544777418844065,12
-0.7735745374522683,-1.07230014965585,-0.2991738239832792,0.9473622912335885,-0.8536315963434036,0.19662832286542403,-0.17362345912303748,1.6551745385162184,0.010634892700354339,1.095330475897017,-1.583246276559706,0.6856753774648977,0.7324778901125466,-0.3033827579905745,0.8273542420178527,-1.1958416884843819,0.6982104568361254,1.2218355552834177,0.7233627527229542,1.2272966955171893,0.963423859183959,-0.05453371114006027,12
-0.5297311929501682,-1.0116543662361508,-0.3584197204754072,1.2960296085815717,-0.7847813362347318,-0.33858515548523854,-0.2106798769337888,-1.4335527564665842,-1.2207737357617388,1.067950995457911,0.5255421253076812,1.2990065624108247,0.5010927311030561,-0.892475491952855,0.03319462436231698,-0.10995490174821199,-0.37100728295302415,0.0005551274671892323,-0.2969972777063015,-0.004479185020135482,-1.4844000638378736,1.033435496066765,12
-0.8819493572309794,-0.829717015977054,-0.3386710883113645,1.3817052187716297,-1.0662149986100389,-1.3583054174859504,-0.2249803643070119,-1.4497059616256935,0.010634892700354339,-1.3110826941660958,-0.14875213336485132,-1.003625038958364,-1.201973786424936,0.285709975971706,0.19731674892735723,-1.2506394652280826,-1.1000313988839867,-1.2207253003490393,1.4495941168084996,-0.004479185020135482,-0.08065078543531133,-1.592948159906649,12
-0.7193871275629128,2.323863721847292,2.9001045865916337,0.8652728894236574,0.4519475003896963,-0.46160770752683694,-0.6613471208818487,0.033921808999675326,-1.2207737357617388,1.274538669764066,1.5046496468400257,1.0850324111257805,-1.6395207160673684,-1.4815682259151355,-1.6612910722113376,-1.6770696107118095,1.4489331191557253,0.0005551274671892323,1.4602091396303456,1.2272966955171893,-1.6349041361846084,-0.4475339455204142,7
-1.0174178819543682,2.7483842057851846,3.0778422760680177,1.009718119974102,0.49168802436234327,-0.48753822089324916,-0.6384880932095054,-0.6310079328137571,0.010634892700354339,-1.6858258947443014,0.7657428392228997,1.0320903341762302,-1.0431227113709287,-1.4815682259151355,1.4446188608617108,1.2401393048086067,1.626928325132309,-1.2207253003490393,-0.28845864972515356,-1.2362550655574602,-1.2593753092090068,-1.6263038139052455,7
-0.7735745374522683,2.1116034798783456,3.0975909082320605,1.3490178411617821,0.5572311483334129,-0.740714583190244,-0.6319731282640534,0.3482970473791653,1.2420435211624474,-1.0621487640478953,0.9329728788897184,1.1690625155890546,0.3737455748050935,0.285709975971706,-0.7308464668462701,-1.0693824803470047,1.08208095436418,0.0005551274671892323,0.06556608261470659,1.2272966955171893,1.112524872840162,1.7066642856229437,7
-0.39426266822677936,2.1722492632980446,2.9198532187556765,2.3405819095659393,0.41232805778379095,-0.4060927357449539,-0.6665635611973665,-0.8776378400161998,1.2420435211624474,0.05119954207598765,1.3581280821685862,1.1823823110024017,-0.673650252088286,-0.892475491952855,-0.10098317807637305,-0.9118488480689306,-0.636721030285835,0.0005551274671892323,0.40874307145002325,-0.004479185020135482,-1.3390355831834884,1.2817662276327058,7
-0.7193871275629128,2.3541866135571414,2.9198532187556765,-0.7077951563063865,0.5508821506005567,-0.9525237002801997,-0.6937596774406404,0.7029819210704408,1.2420435211624474,-0.8028569187658238,-1.0097007445902881,-0.1273710942524162,-1.0944746783929318,-0.892475491952855,-1.5547820752976673,-1.6551501075722503,0.8215597549729431,1.2218355552834177,1.0545810596920522,-1.2362550655574602,-1.6462960423716386,0.40933671142928035,7
-1.315448636345824,2.1116034798783456,2.9593504830837616,2.7717539530610784,0.48201357814367884,-0.2797314868462811,-0.6017664092214906,-0.5949524184598215,-1.2207737357617388,0.019513061120569077,0.8119746660758876,-0.6562515936397689,0.5688994876510032,-0.3033827579905745,-0.30511094045945286,-1.2109180588355852,1.1932722551136294,-1.2207253003490393,-0.9611166304159553,1.2272966955171893,0.9056239498704061,0.8274879112814477,7
-0.42135637317145713,2.6270926389457867,2.9396018509197193,-1.746271653459235,0.5063464478811559,-0.4695107989078396,-0.6679443420153469,-0.9549237656416022,0.010634892700354339,0.8282753374081273,1.1520216323138324,0.47171942522390775,-1.1684580198671177,-0.892475491952855,-1.4067006003159797,-1.5443696369774327,-0.5161514537251132,0.0005551274671892323,0.4091847719156679,-0.004479185020135482,1.2958083896761685,-0.4289558326491135,7
-1.071605291843724,2.081280588168496,2.9001045865916337,-2.66154605414654,0.5429929819968592,-1.0627013362954156,-0.6157408880823274,1.5934545127390167,0.010634892700354339,1.2217029161832151,0.2635204567363854,-0.10922740525754147,-1.138695529358184,0.8748027099339865,-0.07653205606336419,1.6226878535346423,1.2378619829955533,0.0005551274671892323,1.4048897823953763,-1.2362550655574602,0.07157282214170173,1.4359949723615748,7
-1.2070738165671129,2.1116034798783456,3.058093643903975,-2.540088828727039,0.4556947169242048,-0.43833849647797013,-0.6676605905256918,1.29060262031985,-1.2207737357617388,0.08161320383864816,1.492054707463032,-0.10638248282774082,-1.1194096029167224,-0.892475491952855,0.535776948149591,1.1567361608372948,-0.4068578314902248,0.0005551274671892323,-1.693282774383322,-0.004479185020135482,0.07865518889289962,1.0423667956891904,7
-0.9090430621756572,2.44515528868669,3.0778422760680177,2.6516972221181505,0.3909542646732996,0.03893299823100095,-0.5383292838294964,1.0876703260346177,1.2420435211624474,0.9837482702901528,-1.1906250900900157,1.4064509521704314,-1.2260194514625662,1.463895443896267,-1.2930118495636596,-0.5507724561719821,0.20831007004039442,0.0005551274671892323,0.6158787243675544,-0.004479185020135482,-1.2852292779795607,0.33277480868950365,7
-0.692293422618235,2.323863721847292,2.9396018509197193,2.7834481690499033,0.5033595682566708,-1.1820797046903175,-0.5195764384949745,-0.4557523644296095,1.2420435211624474,0.9314787855752078,0.08910341043722314,0.9650017010528651,-0.5246342358884685,1.463895443896267,-0.6583244132490178,0.14091537315647149,-0.9134329581692148,1.2218355552834177,0.9514153355510861,-1.2362550655574602,-1.2929051355147658,1.0737460784242403,7
-0.6381060127288793,2.778707097495034,3.0975909082320605,-3.1897228711065733,0.4857224654836246,-0.8649139754837762,-0.6813248225607141,-0.785383962408191,1.2420435211624474,0.9735696562502638,-0.7606531443078699,1.2175583571196036,-1.1138533365387164,-0.3033827579905745,-1.204024480975954,0.9438380647664754,1.607238781125033,1.2218355552834177,-1.6689229010610687,-0.004479185020135482,-0.05808011090210017,0.8968673459034456,7
-1.1257927017330795,2.081280588168496,3.01859637957589,0.7844272878277918,0.42399345218663786,-1.162101253263461,-0.6442607102718223,-0.8675922448313576,0.010634892700354339,1.5557470605122263,0.04020456392382369,-1.679908669352062,-0.8513618726644232,-1.4815682259151355,1.670341166705341,-0.659991045485311,-1.6659434571372589,1.2218355552834177,0.24001238950299536,1.2272966955171893,1.4345310874605242,1.3467344430816495,7
-0.936136767120335,2.5967697472359372,3.058093643903975,-1.5383816018333392,0.425861953698364,-0.2505153291273606,-0.6846037673276927,0.9447175570099576,-1.2207737357617388,-1.029676214816939,-1.6237678817889822,1.7024659066756667,1.6283582789803352,1.463895443896267,-1.6740612138113276,0.23533710923627932,-0.7599974697954973,1.2218355552834177,1.0285736631387303,1.2272966955171893,-0.6761792512935096,0.05750094484467945,7
-0.5026374880054905,2.657415530655636,3.0778422760680177,-3.31659167415313,0.5128660544675903,-1.2055835512643687,-0.6593375062079897,1.0539723231162639,1.2420435211624474,-1.733781246073296,0.6455308852162357,-0.3789740581338264,0.5575126810828086,0.285709975971706,-1.4116057890586617,-0.9592808019568446,-0.7368405921234563,0.0005551274671892323,1.5197233894440088,1.2272966955171893,0.06671137201970002,-1.4150782018429018,7
-0.7735745374522683,2.5664468555260878,2.9001045865916337,0.43823894885197356,0.540581566376034,-0.3376791065896149,-0.5539053807456538,-0.8983175711051974,1.2420435211624474,1.352839903033662,0.2946600308676657,-1.1512198625874561,0.735929032054714,0.8748027099339865,0.24813690996439317,-0.5726799605456211,-0.13618416143026216,0.0005551274671892323,1.5041887707477921,-0.004479185020135482,1.6052459988227956,1.4057269806085602,7
-0.5297311929501682,2.7483842057851846,3.038345011739932,-2.882944917882587,0.40765059588436797,-0.7739842727700124,-0.641067413756932,0.6970885088276202,-1.2207737357617388,0.5450663596942726,-1.3102037380084237,-1.5927418585892983,-0.46566790822642434,0.8748027099339865,1.0466411424675928,-0.008574284734967755,1.208973656429929,0.0005551274671892323,1.6355519656690534,1.2272966955171893,-0.6178837702387688,-0.16480181575100025,7
-1.2883549314011462,2.505801072106389,3.0975909082320605,-1.5861322702212204,0.42079119345181426,-0.17409570870275043,-0.5834304692690476,0.8067629592935507,1.2420435211624474,0.29929227301192374,1.0543484687058087,1.7046296063615998,-1.12373861482729,1.463895443896267,-0.8948071203681718,1.0823019589507614,-0.021365904934689362,1.2218355552834177,-0.9006916115183645,1.2272966955171893,-0.14875131385805773,-1.2814427682271319,7
-0.6110123077842016,2.081280588168496,2.9396018509197193,-1.1303691947275798,0.5055038866812218,-0.7921103775834639,-0.6151703652232737,0.30417848351597243,0.010634892700354339,-0.9866290632779147,0.6604423327982586,1.6518322965544734,0.7834406448886737,1.463895443896267,-1.7075546250166556,-0.33837510002394505,0.3214427472884438,1.2218355552834177,-0.1872949322387886,1.2272966955171893,-0.6100660770676763,-0.45239313052872376,7
-1.2612612264564684,2.505801072106389,3.0778422760680177,0.8534812432147564,0.46253068896986144,-0.7373532824767796,-0.690513114891649,-1.2930720526210946,-1.2207737357617388,-1.1495454476252296,0.3125009403119332,-1.3957726663239554,0.9170047649025587,-0.892475491952855,0.40880640117113354,0.2435914371345527,-1.102397535797161,0.0005551274671892323,-0.6298684390119121,-0.004479185020135482,0.594175317695747,-0.6063171697055438,7
-0.312981553392746,2.778707097495034,3.01859637957589,2.1955176884819876,0.40916672003315285,-0.896761321600414,-0.5682198185691918,-0.19515113337491852,-1.2207737357617388,-1.5753768257081093,-1.6029896764359974,-0.667987307235888,0.4535161232396207,0.285709975971706,1.0023607197557087,0.9768856150150986,1.3743672582542275,0.0005551274671892323,-0.14369248490751863,-1.2362550655574602,-1.0396010088467211,-0.31939405241088187,7
-0.3400752583374238,2.384509505266991,2.9396018509197193,-1.026211584371799,0.45196027379280734,-0.6957932893139952,-0.6648903927580142,0.32047011980939744,0.010634892700354339,-0.46548155533162916,1.6799589179350078,1.3704261745143842,1.4811151590831066,-1.4815682259151355,-0.8779278401266651,-0.9836409307658412,0.6756511482925129,1.2218355552834177,-0.4025515492235015,-0.004479185020135482,-1.0601425684156944,1.3470892451438305,7
-0.39426266822677936,2.4148323969768404,2.9593504830837616,-0.019129835926637476,0.5616549747082994,-0.3112516973912264,-0.6240837869825208,0.02588411934509556,1.2420435211624474,-1.3698933199260717,-1.1609250345331674,1.3881417332136885,-0.027820862092725593,0.8748027099339865,0.36026459414680695,-0.9246020012418492,-1.4327015593000472,1.2218355552834177,-1.5868612821159305,-1.2362550655574602,0.5337119088819897,-1.2513298064372562,7
-0.692293422618235,2.0509576964586467,3.01859637957589,0.9661253565969806,0.5047891700307264,-1.1311484912734318,-0.6075367536846177,-1.4565185175920166,1.2420435211624474,0.27640592636609485,-0.9666013331799901,1.542725238575205,1.6750584190719242,-0.892475491952855,1.0807561964865724,0.941536002951438,0.21006364163080204,-1.2207253003490393,1.3349467092145657,-0.004479185020135482,-0.626412462721381,-0.24519653428292845,7
-0.9632304720650128,2.1722492632980446,2.9790991152478044,-1.4200714327680468,0.4076814300492419,-1.1634714682790481,-0.6134454884639605,-1.5103562608893342,1.2420435211624474,-1.5786509690028467,-0.19390897954044828,0.5533703014770195,-0.26677980501644116,-0.3033827579905745,0.21607867443396137,-1.6678388333682976,1.4622462597171786,-1.2207253003490393,0.17191058729709038,-0.004479185020135482,0.16858518462886965,-0.2157051698945412,7
-0.7193871275629128,2.6270926389457867,3.0975909082320605,-2.6723873542359597,0.5441548850134856,-0.6945956287003443,-0.633268796447741,0.9473223216097457,0.010634892700354339,-1.6572529696171112,0.304376084535724,0.3041790942681068,1.5303686422576568,-1.4815682259151355,-0.7489406590715157,-0.3207542854781637,-1.2541205169947864,-1.2207253003490393,1.0523414038489909,1.2272966955171893,0.03249778015326766,1.3754548378142772,7
-1.0174178819543682,2.384509505266991,3.058093643903975,-0.39803483589826677,0.4942591174058065,-0.05979044308498811,-0.5500799838889191,-1.2281834048442222,0.010634892700354339,-0.42077554197850964,-1.752673526508699,0.31351667125530247,-0.27649852760842847,1.463895443896267,1.4091456875418695,0.05519956949098174,-0.3423006996235239,0.0005551274671892323,1.0030269191070293,-0.004479185020135482,0.43375521151755836,1.6038555838867996,7
-1.2341675215117907,2.202572155007894,2.9396018509197193,-2.531554144901242,0.43699596743346925,-0.0671773122721809,-0.6617284216033001,-1.512850317354727,-1.2207737357617388,-1.633220348255833,1.1572988292817143,1.3992760672902411,1.3706707736405117,-0.892475491952855,-1.1708737664632263,0.07874408431869023,0.31759606614307695,0.0005551274671892323,0.5720179209692661,-1.2362550655574602,1.0267018049978156,-0.5079436649121692,7
-0.556824897894846,2.020634804748797,2.998847747411847,2.4581750139394476,0.4836532438152068,-0.30316283436190167,-0.6872610261793046,0.495652647158026,0.010634892700354339,0.3377488154191369,0.7665009070078533,-0.2878317078239295,-0.7821509460319532,1.463895443896267,-0.6448292041442643,0.47230299739543335,0.7077662596578914,-1.2207253003490393,1.3117369122544977,-0.004479185020135482,-0.5454072133547024,0.5033956585301514,7
-0.7464808325075906,2.6877384223654857,2.9396018509197193,2.6566028638218566,0.47425619186651063,-0.6060086664307351,-0.6216283395616756,-0.32889253431733084,0.010634892700354339,0.004107327789033829,-1.7014905304895072,0.21467938578649576,-0.9128276692285914,-0.892475491952855,-0.728043528886521,-0.015482702813960915,-0.9117300049198495,-1.2207253003490393,-1.0648749052934157,-1.2362550655574602,1.431890648911213,-0.8006071172874504,7
-0.6651997176735572,2.4754781803965393,3.058093643903975,1.6132992854257764,0.43494641398448014,-1.013719368825304,-0.5264830281357408,-0.5051637893026437,1.2420435211624474,-0.9832821750886874,0.5489117105369496,1.4893424593996525,0.4759688610667466,-0.892475491952855,-0.8250358788799511,-1.1326065998540586,0.0769310765407193,1.2218355552834177,0.45284598142818894,-0.004479185020135482,0.2810194396990217,0.9039516687825858,7
-1.179980111622435,2.202572155007894,3.058093643903975,-1.748949344049132,0.47269392272076044,-1.043396040377273,-0.5492043854728406,1.2984406257019947,1.2420435211624474,0.5910794065320024,-0.6013960081002768,-0.8957518276902239,1.0963895864009932,-0.3033827579905745,-1.29913907744944,-1.016166689902273,-0.5450526799650667,0.0005551274671892323,-1.195752322815465,-1.2362550655574602,0.39247755327806133,0.4734769541908348,7
-0.5026374880054905,2.5967697472359372,2.9593504830837616,2.0299522666611916,0.5025766290003295,-0.14383395655397047,-0.6720099613604893,-0.23695096273400304,1.2420435211624474,-0.12642283627835987,1.3616671182112505,-1.3033056957077929,-0.3462033978347173,1.463895443896267,0.38999352382404395,0.7519967119763429,1.1577647935812705,-1.2207253003490393,-0.17684799198814896,-1.2362550655574602,1.0462794740173758,-1.3295792993466133,7
-1.1257927017330795,2.657415530655636,3.038345011739932,-0.9093730629789762,0.4356731151348837,-0.45231592257457776,-0.6748306083914134,-1.5824983101615464,0.010634892700354339,1.2573158884158988,-1.5764350028381937,-0.9549725921411454,-0.8359616942822907,1.463895443896267,0.3168112505758583,-0.21368413966203614,-1.6515724041543125,1.2218355552834177,0.478614737868126,-1.2362550655574602,0.9708274258002725,0.8488860571374862,7
-0.8277619473416239,2.6877384223654857,2.9198532187556765,-2.907101498999088,0.38342740390885033,-0.3384494961600449,-0.6327943235274488,-0.11520063228184621,-1.2207737357617388,0.22718837618221496,-1.0485533661901525,1.1767964128142014,-0.6655920176426374,-0.892475491952855,0.868110012300266,1.6195498752537367,0.22631308750046156,0.0005551274671892323,-1.576503270564948,-1.2362550655574602,-1.4959655604853839,-0.5894560622330131,7
-0.5026374880054905,2.2935408301374425,3.01859637957589,-1.8278610826876196,0.5176811961493203,0.023348691252948344,-0.5806985158495649,0.3762248923445128,-1.2207737357617388,1.5658711777775582,0.32691708912344236,-0.7443966918714972,-1.6794934217126807,1.463895443896267,0.7055264995567776,1.2815179858386927,-0.22220880086396463,0.0005551274671892323,1.4704683158015561,-0.004479185020135482,-0.2580035385192497,0.8580880018466703,7
-1.2883549314011462,2.44515528868669,2.9790991152478044,-1.053321362864528,0.4420992959943028,-0.8430276060758198,-0.5896262546015124,0.6279263418044295,-1.2207737357617388,1.4414608429202125,-1.523991616538827,0.6885861592814132,1.5789415254359447,0.8748027099339865,-0.15966275388453996,-0.2791787308257349,-1.4880273613618504,1.2218355552834177,1.64454051009045,-0.004479185020135482,0.37832356227686986,0.4656908013340916,7
-0.3400752583374238,2.5664468555260878,3.0778422760680177,-0.09978262741318583,0.5289019416150157,-0.18610383229184513,-0.554243156105802,-0.4899871593897328,1.2420435211624474,-0.49909943949005997,0.9114531219889128,-0.5261790966923943,0.7939012344166878,-1.4815682259151355,1.0126110342231947,-0.2515268947842352,1.1537417005767012,-1.2207253003490393,-1.657368472754495,-1.2362550655574602,-1.189928262568645,0.8547848473744102,7
-0.9903241770096906,2.3541866135571414,2.9593504830837616,1.5501671160994246,0.5564395994295901,-1.1717936292125524,-0.6468474344658441,0.4406363352656767,0.010634892700354339,1.3543764552286472,-1.354221620090425,-0.7912797234344295,1.528453429682253,-1.4815682259151355,-0.049950281443650636,-0.012866349438227473,1.460765667741263,1.2218355552834177,-1.6661802299181332,1.2272966955171893,1.1682767393825435,1.120223353267406,7
-0.8277619473416239,2.081280588168496,3.0778422760680177,-2.729546765645053,0.4214735430571802,0.02312032251447945,-0.6987606528945268,-0.879560209947176,1.2420435211624474,0.6005467330820402,-0.6404375523723664,0.18710158174651095,-1.542327280911882,-0.892475491952855,-0.09456076943112439,-0.9666634783190999,1.0576134097245269,1.2218355552834177,0.613084491546015,-1.2362550655574602,-0.6962895829509399,0.6846082457518967,7
-0.28588784844806825,2.202572155007894,3.01859637957589,-2.8153995279747477,0.38408360155274757,-0.4555628534612097,-0.5875008531192102,1.055272821537017,-1.2207737357617388,1.0811401376940049,-1.447653184989002,-1.083045225168838,1.2075270060726042,-1.4815682259151355,-1.6034300191101938,-0.8934190508091305,1.309304414943073,1.2218355552834177,-0.39390938289996286,-1.2362550655574602,-0.35552406354859145,1.2346651750271251,7
-0.39426266822677936,2.263217938427593,3.0778422760680177,-0.07522238395681002,0.4135553710292416,-0.9999037573909753,-0.6629293325744249,1.5671560539140736,-1.2207737357617388,-0.3088060602970027,-0.9672302484557802,-0.6399491314343835,1.2540084419701205,-1.4815682259151355,-0.45956466642531185,-1.193644347553144,-0.7982234212565887,0.0005551274671892323,1.6712869396350778,-0.004479185020135482,1.686505110327166,1.659552324789246,7
-1.071605291843724,2.384509505266991,2.9396018509197193,-1.9013434702146081,0.4383842780318598,-0.9501155055815724,-0.5289142342559005,1.1530961381433094,1.2420435211624474,1.5795255668607682,-1.755335077472545,0.9265707700168043,-0.9157163887569759,-0.3033827579905745,0.4329941934772269,0.03757363668523259,-1.3990672287739916,0.0005551274671892323,0.28625601829574554,1.2272966955171893,-0.6018713246783993,-0.4283089558937424,7
-1.3696360462351795,2.5361239638162383,2.9001045865916337,-0.628203620405657,0.391052562192075,-0.18090869583033128,-0.6927967509382039,-1.7204302712220825,1.2420435211624474,-1.0984444992381581,-0.3375360109354275,-1.342288293928818,-0.49360279034365473,-0.3033827579905745,-1.5381807549604667,-1.3057353458879533,-1.0256437501492606,-1.2207253003490393,1.6856359961945984,-0.004479185020135482,0.7065951813830261,-0.5372417585379821,7
-0.8548556522863017,2.1116034798783456,2.998847747411847,1.8063092032357588,0.42920954493597024,-0.39090394972779147,-0.6872097373629177,0.7609651406399915,1.2420435211624474,0.6601976992988975,-1.4418897696220319,0.4856314753697944,-1.4665500148082524,0.8748027099339865,0.2663725628324607,-0.7474655192648655,1.3295786020286675,1.2218355552834177,0.049407435396550736,-0.004479185020135482,-1.292672524711584,0.2888003697257805,7
-0.5297311929501682,2.505801072106389,2.9396018509197193,1.085258808552828,0.5327491314137142,-1.0542056167749305,-0.5830033105280237,-1.6955170618675788,-1.2207737357617388,-0.22727486523863177,0.2541870523263293,-1.2687461735487258,-1.1816959369023463,-0.892475491952855,-0.02177057253069124,-1.2096762071322154,-0.47823073186951676,0.0005551274671892323,0.446809927181395,-0.004479185020135482,-0.0034443913449454253,0.9856374873573193,7
-1.2612612264564684,2.44515528868669,2.998847747411847,0.5850838644887333,0.42565327891746507,-0.8132009296980328,-0.5481998898971355,1.4790783129195832,0.010634892700354339,0.6805762267155324,-1.4010722953922614,-1.7288650604660025,-0.01411556646805922,-0.3033827579905745,-0.01807305302776108,0.6454770109711035,1.5937132477293774,-1.2207253003490393,1.702924016423179,-1.2362550655574602,0.030560187954968232,-1.4999258535524833,7
-0.312981553392746,2.5967697472359372,3.01859637957589,3.075576286239502,0.42841823324222195,-1.201273163861018,-0.6328897807012898,-1.2946025179550376,-1.2207737357617388,1.5618425637021496,-1.0825313586148455,1.2376765214845573,0.8339448846938089,0.285709975971706,-0.14524307360702035,-1.646954861263253,-1.310976593968122,0.0005551274671892323,-1.354570642455096,-0.004479185020135482,0.15146149576079232,-1.101021715580592,7
-1.1528864066777573,2.2328950467177435,2.9198532187556765,0.27879314828939716,0.5251489552149987,-0.8221883302671589,-0.5916182539471931,-1.5369389493868182,-1.2207737357617388,0.8003842271586777,0.4629776562693503,-1.0640805613597675,0.28492542699784973,0.8748027099339865,-1.3747542617725756,-0.3508587756030044,-1.698663160527044,-1.2207253003490393,-0.770513355560328,-0.004479185020135482,1.3129261543960908,1.1931554270226057,7
-0.312981553392746,2.5664468555260878,3.058093643903975,-0.8736326676954547,0.48741297587672155,-0.09052695117644607,-0.5247945344391323,0.711279939871541,0.010634892700354339,-1.7461948257440327,-0.10940047404111732,-1.1922553278855939,1.3968576609732726,0.285709975971706,-1.5404016947758352,-1.1101133809193373,-0.996874075803584,-1.2207253003490393,0.47204272852199747,1.2272966955171893,-1.6540138302201624,-0.3725314342391307,7
-0.5026374880054905,2.020634804748797,3.0778422760680177,-3.009560983086489,0.5374695948273519,-0.4271616649252035,-0.6564988429090286,-1.5626384072523367,1.2420435211624474,-0.2898911202029148,-1.373896906012255,0.33135940534503583,-0.38583498201162836,0.8748027099339865,-0.0767808843263555,0.7272427805856955,-1.2578161584248346,-1.2207253003490393,0.9305442138979612,-0.004479185020135482,0.7078057280859513,1.4405543842248387,7
-1.0445115868990462,2.6877384223654857,3.058093643903975,1.1249864948530084,0.4978846694321395,-0.6418373774933632,-0.6998284622064279,1.1079876973285658,1.2420435211624474,1.2053635415230357,0.4051794345009471,-0.0523440464993367,0.3947341306793933,0.285709975971706,1.683505811557243,1.6401401001772347,-1.624517022541155,0.0005551274671892323,-1.0314305586925825,-0.004479185020135482,-0.693402738287129,-1.3572897845517036,7
-1.1528864066777573,2.4148323969768404,2.9001045865916337,-1.017198379402672,0.4265379062691602,-0.017318612423219366,-0.5854034369842441,1.4131371276219373,-1.2207737357617388,-0.47168591645256913,-1.0687549289550384,-1.2888534268595564,0.9087179734435374,-1.4815682259151355,-0.4582077455759518,-1.0275375366254167,0.94464703156731,-1.2207253003490393,-1.6536238495780218,-0.004479185020135482,1.1280544681356313,0.6194523778211204,7
-1.1528864066777573,2.5967697472359372,2.9790991152478044,0.7413650505171464,0.4518755062335162,-0.17195654125157125,-0.679381530218967,0.6825969394905036,0.010634892700354339,1.0422041022914816,0.4979043066469719,-0.21473163420348396,-0.003792382732747422,-1.4815682259151355,1.2000002634765008,-0.41819204076780575,0.9280046459650758,0.0005551274671892323,-1.3489918432160395,1.2272966955171893,0.3644345421608188,1.3278763842743704,7
-0.8006682423969461,2.44515528868669,3.038345011739932,-2.941813746206548,0.3836480816093789,-0.05694277074373404,-0.6946004452302349,-1.482349250457632,-1.2207737357617388,-1.7455223205919017,0.5446862938463506,0.2785324884004794,-0.73835263650716,1.463895443896267,-0.16704682080304353,-1.1077608900397595,1.5498864104506016,-1.2207253003490393,1.4083058744014683,-1.2362550655574602,1.4874088120950753,-1.0990099770119657,7
-0.28588784844806825,2.6270926389457867,2.9001045865916337,-2.1012482397665964,0.4051449018381906,-0.22627686626732252,-0.5792840426156658,0.5294709832253033,-1.2207737357617388,-0.1381599988328252,-0.49521130465312313,-0.40940335946231515,0.6122770795109634,0.285709975971706,-0.3293422579365574,-0.9272178111155289,0.5865214705435464,0.0005551274671892323,0.5869457477087646,-0.004479185020135482,0.03578855391740266,-0.17325493289490046,7
-0.312981553392746,2.2328950467177435,3.038345011739932,-2.0328652462566854,0.4578145780016838,0.01071127320020428,-0.5798909003081629,0.43161599713603127,1.2420435211624474,1.313305015209928,-0.8723672465561355,-1.541370802960693,-0.3493610874771554,-0.892475491952855,-0.1276844609081594,1.3503977134327356,-1.6076493199557658,1.2218355552834177,0.1384113078557363,-0.004479185020135482,-0.3695725525036977,-1.488926290777659,7
-0.8548556522863017,2.020634804748797,2.9001045865916337,-1.3583781492767562,0.4330572365597695,-0.6952289928920533,-0.5442731440708073,-1.70515038738245,1.2420435211624474,-1.1631296511307556,0.6625326535008224,0.2560831876148582,-0.45308115296614493,0.8748027099339865,1.3208492512911498,-0.034577717471638014,-1.7275329521211678,1.2218355552834177,1.0410013594212222,-0.004479185020135482,0.2397115091696343,0.8227696808035725,7
-0.8006682423969461,2.5967697472359372,3.01859637957589,-1.234936889027806,0.5336849781710739,-0.6318242943077247,-0.6608811627011326,-0.22720323205477835,0.010634892700354339,-1.6964001820232888,-1.4656651575751893,-0.08789348368608528,-0.6214755280512104,0.8748027099339865,1.7027991596338166,1.6996881315118335,0.496477304912339,1.2218355552834177,0.3764430738116131,1.2272966955171893,0.6117911248202438,-1.2989409926367865,7
-0.9090430621756572,2.505801072106389,2.9001045865916337,3.0796625699152442,0.4550448951995864,-0.10299912069347258,-0.6836066593828283,0.8250223007399027,0.010634892700354339,-0.10348396636217894,-0.24615709704758268,0.013477038220345463,1.5550016058850857,0.8748027099339865,0.9363815623976277,1.3420795450334435,0.2852288814588199,1.2218355552834177,-0.3950978272971471,-1.2362550655574602,1.627078415879901,1.7416297505348841,7
-0.47554378306081274,2.5967697472359372,3.058093643903975,1.526074468564945,0.4954710659077852,-1.0031416351035634,-0.5966354418947458,1.1626637181568316,-1.2207737357617388,-0.9297590160857172,-1.7374647300031096,-0.7223119701624007,-1.2801968592856752,0.8748027099339865,-0.023361490327311076,-0.787528976313947,-0.03190142987433382,1.2218355552834177,0.5265976299516285,-0.004479185020135482,0.5570423366379637,0.6547678908836011,7
-0.7735745374522683,2.4148323969768404,3.01859637957589,-0.35481528804070034,0.38817709268191314,-0.6028780581683628,-0.6586418873830854,0.3022953883041108,0.010634892700354339,-0.5193721550968913,0.3083558039294971,1.571134247638936,1.622561566276867,0.285709975971706,-1.436337425369522,-1.116413565748191,-1.3160632166847501,0.0005551274671892323,-1.479011374036919,1.2272966955171893,0.7682459353298858,0.2666917206674063,7
-0.5026374880054905,2.323863721847292,2.9198532187556765,2.9715731380905033,0.43884675276700696,-0.12474191231836676,-0.5356788531492944,-0.5502768641382009,1.2420435211624474,-0.8918806785239649,0.39984834599947816,-0.30073491597943175,0.2023608111641156,-0.3033827579905745,-0.29510618201833805,-0.7533686917976739,1.4248772220125385,-1.2207253003490393,1.3362908595779939,-0.004479185020135482,1.4591143699188656,-0.10455652670470642,7
-0.3671689632821016,2.4754781803965393,3.0975909082320605,-2.723614048437195,0.3953923227541417,-1.2388247256075782,-0.5343693830250172,-0.5820033911243252,1.2420435211624474,0.0479114744662481,-1.7008559777322512,-1.3779969541993409,-1.6220697956867234,-0.3033827579905745,0.29508860250297225,-0.2762826412230999,1.1423220811041987,1.2218355552834177,1.2340507530367353,1.2272966955171893,-0.5986518698271034,-1.4020816244463152,7
-0.9632304720650128,2.6270926389457867,2.9001045865916337,-2.435745732565155,0.5418165157192856,-0.9951735430960792,-0.6854669362441594,1.044684885736604,0.010634892700354339,-0.7732590261359561,0.22141042497248714,1.04712088832177,1.1472426055444382,0.285709975971706,1.685654416362931,1.0868915532514813,1.1032943790757053,-1.2207253003490393,-0.8660855318852417,-0.004479185020135482,1.1898940833521592,-1.651366754737379,7
-0.312981553392746,2.384509505266991,2.9198532187556765,2.0176691573362913,0.5320973217069359,-0.892891954950298,-0.5420569765748073,1.4548812117572296,-1.2207737357617388,-0.4181305457003287,-0.7458948262036948,-1.3398685823989867,0.1664658845979323,0.8748027099339865,0.385886846534023,-1.0457036873655332,-1.2847810571366711,0.0005551274671892323,-0.5765578655967758,1.2272966955171893,-0.5062598436002959,1.009245193566619,7
-0.28588784844806825,2.0509576964586467,2.9790991152478044,0.1116725742334607,0.4293629677399357,-0.19889035308397132,-0.6807521721542491,-0.34314045421245193,0.010634892700354339,-0.32448981186492487,-0.7944228614481177,0.5910832732632683,1.4807983042401298,0.8748027099339865,0.11600036884144659,0.7959863292224267,0.8560660288642219,0.0005551274671892323,-1.4589691000024334,-0.004479185020135482,0.5023934602016698,1.4247776200182676,7
-0.28588784844806825,2.384509505266991,3.038345011739932,-0.20555857298331762,0.41445176903236863,-0.6431786585388609,-0.6143778612744011,-1.5230876438948564,-1.2207737357617388,1.381276240804572,-0.5804848059124641,-1.2388790614302647,0.06049818854497665,-0.3033827579905745,0.029456395122089776,-0.5430270755682117,-1.2619943375385347,0.0005551274671892323,-1.1398291138642744,-0.004479185020135482,0.45366738803434875,-0.009435527010047315,7
-0.5839186028395238,2.6877384223654857,3.058093643903975,0.8011790220979497,0.5495910624381608,-0.7473675133024702,-0.6730029723661085,0.1060038647363351,0.010634892700354339,-1.763282191917529,-0.32842859867537955,-0.2939904735975875,1.5840312839502004,1.463895443896267,-0.14855344523410452,0.5058218463013439,0.6801623375785918,1.2218355552834177,1.59152594200914,-1.2362550655574602,-1.480645244997758,1.6156225075752508,7
-0.5026374880054905,2.0509576964586467,2.9790991152478044,2.716941522569378,0.4390075484015314,-0.4389818172225452,-0.5347558200717931,-1.6791700632044935,-1.2207737357617388,-0.2672027838340077,-1.66723651141926,0.018822352989295143,-0.5076652718464407,0.285709975971706,-0.759480779160483,0.9087028304949042,1.3331150895364152,1.2218355552834177,0.608007694602131,-1.2362550655574602,1.2697162927518806,1.730767408232276,7
-1.2070738165671129,2.6270926389457867,3.0975909082320605,-1.570470373701797,0.5142810997196215,-0.20212224187314545,-0.6114474641005676,-0.4605163424840697,0.010634892700354339,0.37397243781901746,1.6948396861129544,1.6669339305241668,1.67225013887952,0.8748027099339865,0.2595222535671154,1.2645093710463902,0.9049236125248837,-1.2207253003490393,0.17415384341885756,-0.004479185020135482,-0.8173292322760005,-0.7270464653860981,7
-1.1528864066777573,2.020634804748797,2.9198532187556765,-0.3060583615250361,0.5023726359735746,-0.5373973433529042,-0.6123313981709655,0.8631208118867818,-1.2207737357617388,1.2610556527697232,-0.8586922315668573,-0.12582350478683432,0.6730610731285716,-1.4815682259151355,0.9744294480858074,-0.5951096019162397,-0.024357817565178266,1.2218355552834177,0.7336730043150408,-0.004479185020135482,0.1052571656446305,0.173242334073888,7
-0.4484500781161349,2.4148323969768404,3.038345011739932,-2.034945287136141,0.3870538324443797,-0.8590252793005859,-0.5212802170454582,-1.2863341369548864,0.010634892700354339,-0.4757638715774847,0.9426001664286526,0.5524026167093923,-1.4657055125353695,0.285709975971706,-0.13464632490665013,0.2686617636749549,-1.4629994941891284,-1.2207253003490393,-0.06349526513138896,-0.004479185020135482,-0.7261630241252743,0.9566456023330491,7
-0.42135637317145713,2.4754781803965393,2.9790991152478044,-0.7588152727625436,0.40737444472098316,-0.08886497323350073,-0.6200162990720001,0.32484325555472954,-1.2207737357617388,0.23358361859518126,-0.06262398143128449,1.1141376563695122,1.072460109544883,-0.3033827579905745,1.5055028838676363,-1.5090824040231512,1.0975189888963397,-1.2207253003490393,-0.5221285635847989,-0.004479185020135482,1.5026272742238689,-0.7902620827633365,7
-0.936136767120335,2.778707097495034,2.9790991152478044,0.25678607634246436,0.4172116404124578,-0.666243438449492,-0.6216002595757889,1.2780066772268879,0.010634892700354339,0.1070581016534687,-0.3356655971017301,0.30884897701328434,-0.18120149881685735,0.285709975971706,-1.4021547042886073,1.6805876311651797,-1.7324924894050082,0.0005551274671892323,0.8582711502142713,-1.2362550655574602,-0.794460463961519,1.5644453032647683,7
-1.1528864066777573,2.505801072106389,3.01859637957589,3.168291719203337,0.48248004232099,-1.1117427910671744,-0.5326513691985812,0.7403032322961756,0.010634892700354339,0.2114945952568748,-0.7803279508951985,-1.7416812902565861,1.5411027252935285,0.285709975971706,1.1584646167463875,-1.0294758701220015,-1.6733368275837373,1.2218355552834177,-1.1121681979672295,-1.2362550655574602,1.575779980412597,0.16977469023364486,7
-0.692293422618235,2.2935408301374425,2.9001045865916337,-1.5070456747074805,0.4355743773398327,-0.8946016685158648,-0.5658726214522295,-1.1703132564965575,1.2420435211624474,-0.6712186675749984,-0.06501727527887034,0.3366096427695716,-0.5046372353457029,-1.4815682259151355,0.06457632970411951,-1.4825047834274527,-1.0809267046633015,0.0005551274671892323,0.573140035896672,-1.2362550655574602,0.26106892631737416,1.0882395232824338,7
-0.936136767120335,2.323863721847292,3.01859637957589,0.6921533377091289,0.5080765826897349,-1.0172183010472013,-0.6299533337581233,1.6108140341586346,1.2420435211624474,0.33297390054549475,0.1178976278475379,1.534895178001938,0.49786792282704845,-1.4815682259151355,0.9434723492442006,0.3042876889779784,0.27668245191042573,1.2218355552834177,-1.181761286542477,-1.2362550655574602,0.9984424211533595,0.9673883327606206,7
-0.312981553392746,2.2935408301374425,3.058093643903975,1.7329010957579538,0.5257325000853499,-0.7825191154431939,-0.5902832037507368,-0.49120529151765213,-1.2207737357617388,1.2402504071311695,-0.7469692218675898,-0.14885465686712263,0.05735587393302414,1.463895443896267,-0.5845059988006157,-0.22308409543893745,0.9812004266709988,0.0005551274671892323,1.500729207321605,-0.004479185020135482,0.6782324053018395,0.44206006546331744,7
-0.3400752583374238,2.4754781803965393,3.058093643903975,3.1100277661295053,0.5083865798671228,-0.03244790596918443,-0.6104656160759602,-1.7402899512519618,1.2420435211624474,-1.3690982182835458,0.9642885510863359,-0.8729149845599303,-1.2883383437884173,-1.4815682259151355,-1.4372864694039358,-1.3075809779918812,0.6992964648008961,-1.2207253003490393,-1.2570679025030052,-0.004479185020135482,-0.6906778168038319,-0.3756222387831287,7
-0.47554378306081274,2.020634804748797,3.0975909082320605,1.877561583392291,0.48462416801235564,-1.1872489946953442,-0.6142127550414048,0.801989811754406,0.010634892700354339,-1.6542937696611153,1.2956065990571348,0.39003776362196546,-0.7093906938285622,0.8748027099339865,1.5695796432473266,-1.599279505244942,1.5027677269810273,1.2218355552834177,0.4039280127874542,1.2272966955171893,0.662795601002963,-1.2508067287853981,7
-0.42135637317145713,2.1722492632980446,3.0778422760680177,-1.17865710510182,0.38952673174847446,-0.4675060074411207,-0.5417758452990172,-1.0597621614015367,-1.2207737357617388,1.1051594693284612,0.5138951275463368,1.0591676656078644,-0.46421296827467917,-1.4815682259151355,-0.3989091440959825,-1.6617455609826328,-0.3233402852684604,-1.2207253003490393,0.8990445646325502,-0.004479185020135482,0.42753558821435955,-1.2546604832764783,7
-1.3425423412905018,2.384509505266991,2.998847747411847,-1.8444515143890676,0.5148950811584154,-1.09689371684392,-0.6713700136628461,-0.5118657556964404,0.010634892700354339,-1.506342309405058,-0.6035482908539406,1.454152266054705,-0.6154404513516656,-0.3033827579905745,-0.49353763262705597,0.08776989354182309,1.1575160385732843,1.2218355552834177,1.5294203923184966,-1.2362550655574602,0.05042081546811201,-0.7244696037521979,7
-0.312981553392746,2.6270926389457867,3.058093643903975,-0.8883202165828936,0.4111736879840809,-0.1545749136403032,-0.6221730819696196,-0.08682962278486155,0.010634892700354339,-1.4876540706557555,0.14443022270914868,0.7104162747326594,0.8421782398221765,-1.4815682259151355,1.2881431698502734,-0.30559047210526186,-1.4668395733816293,-1.2207253003490393,1.4495783165045035,-1.2362550655574602,0.26029805032058556,-0.2607703761572191,7
-0.6110123077842016,2.778707097495034,3.038345011739932,-1.2658468312812599,0.5131691734513367,0.019183066751944013,-0.666701619914661,-1.4279951820077037,0.010634892700354339,-1.156086944719151,-0.6757040695143142,1.1342253437099121,-0.5909933159384569,-0.892475491952855,-1.1621787509865125,-0.007469738652624355,-0.7140331578865197,1.2218355552834177,-0.0064677896350758745,1.2272966955171893,-0.4853833264023029,0.9251456004490913,7
-1.2070738165671129,2.263217938427593,2.998847747411847,0.06851034280156032,0.4985166056069812,-0.8151497995600618,-0.6032448466496221,-0.16716751471751642,1.2420435211624474,1.2653779210288958,-0.4109091382673239,1.7067962931797136,-1.5891162707574227,0.285709975971706,-1.2222022147223919,0.5685623343107156,0.7440814474690971,1.2218355552834177,-0.2843699530518872,-0.004479185020135482,-1.2836383666234445,-0.5745389144070333,7
-1.2070738165671129,2.5967697472359372,2.9790991152478044,0.011378820237418619,0.45552575057068834,-0.23066743726484398,-0.5342430105307194,-1.2430289926354583,1.2420435211624474,0.483118180337972,-0.44053806596277,-0.9708780455941814,1.330218220315245,1.463895443896267,0.9170632784335679,1.2579955810245516,0.9187523907077263,1.2218355552834177,1.6517374939948801,-1.2362550655574602,-0.6415097508654772,0.3240735819663244,7
-0.5839186028395238,2.081280588168496,2.9198532187556765,3.226093547854708,0.43462334778991063,-1.0741698713257175,-0.5531809979893392,0.7177406098275608,1.2420435211624474,-0.5781097382269842,-1.106084668055731,-1.2990306306548722,-0.1194021979962623,-1.4815682259151355,1.5201222130722827,-1.5047799724425823,1.3126557686199587,1.2218355552834177,-1.2638879631101172,1.2272966955171893,-0.8100512244265798,0.7740469733590343,7
-0.3671689632821016,2.7483842057851846,2.9396018509197193,-2.8495847907758347,0.4190105391869953,-0.06969084171702136,-0.6755974203398217,-0.7018226605291762,-1.2207737357617388,-1.2036792991283451,-0.4387140116222142,0.5062930056027545,-0.7605978039412787,0.285709975971706,-1.2962639595433483,0.7355890463282376,0.9135856338238589,1.2218355552834177,-0.9915389759488562,1.2272966955171893,-0.2953005015581922,-1.6591756237044517,7
-0.3400752583374238,2.020634804748797,2.9396018509197193,-1.5945202171233723,0.515089717865067,-0.1883751541134698,-0.5404046495462181,0.11290805303962564,1.2420435211624474,0.19821209339104792,-1.049375153115648,-0.5051361897409982,-0.18175962308929555,0.8748027099339865,-1.4059315067067815,1.6202323599202353,-0.02462939588190483,-1.2207253003490393,0.26386193654918466,-1.2362550655574602,0.08513437002061244,0.9247239694477691,7
-0.3400752583374238,2.657415530655636,2.9593504830837616,-2.480573687927268,0.3954040677976673,-0.9207874116013753,-0.5952640983602103,0.012062672048711186,0.010634892700354339,-0.6656554314483389,-1.051707052520929,-0.6061620976825443,0.04145416447145269,0.285709975971706,1.5010793507298235,0.13007157812033404,-1.4532631562984062,0.0005551274671892323,-0.7646819404086596,-1.2362550655574602,-0.4895869159709887,0.9957108778895521,7
-0.9903241770096906,2.0509576964586467,3.058093643903975,-3.1390577411881364,0.551058643881328,-0.40166194565018365,-0.5277836153400816,0.5776871431460667,-1.2207737357617388,1.1118100063640226,1.6839590726811386,0.19455339037462244,-0.9544281495493794,0.8748027099339865,-0.9719284390212993,-0.808344578313265,0.33275953210486464,-1.2207253003490393,1.3440673021949572,-1.2362550655574602,1.1731712529916318,0.8303826045253571,7
-1.2070738165671129,2.1722492632980446,3.0778422760680177,0.4550639143026499,0.5144423917881089,-0.951119949102836,-0.6104682810611395,-0.9950148936723288,0.010634892700354339,1.3197922454828195,0.959207549476708,-0.3995658690708963,-0.4895217716174729,0.285709975971706,0.2910828028492738,1.5779213699514862,0.8636433747882456,-1.2207253003490393,0.29718184010601206,1.2272966955171893,0.6042286689331039,0.22528280151794358,7
-0.5026374880054905,2.5664468555260878,2.9396018509197193,-3.1763650846274936,0.41553758781607325,-0.7247136621958329,-0.6192000828883379,0.4134098489994311,1.2420435211624474,-0.7761887365057452,1.6991106507104476,-1.5801589294121312,1.221014409524351,0.8748027099339865,-1.4034829806315892,0.6668408326368306,0.0865077145989361,1.2218355552834177,0.5787748369391068,-1.2362550655574602,-1.1404724781854323,-0.5971129364463255,7
-1.071605291843724,2.141926371588195,3.0778422760680177,-2.4071353331314698,0.38567125442279315,-0.14001590931685656,-0.5835417574703979,-1.1280818098593677,1.2420435211624474,0.37144415698001165,-0.32382724360412385,-1.1547126997258554,1.4406250605721889,1.463895443896267,-1.5259211221667488,-1.6132739676837706,-0.4320780362605559,0.0005551274671892323,0.14916165329285777,1.2272966955171893,0.834836700711017,-0.0024529051271235084,7
-0.7464808325075906,2.5664468555260878,2.998847747411847,-3.114014269913755,0.3928584281140331,-0.6514943652894709,-0.6376387167697731,0.08767781849482192,-1.2207737357617388,1.5120693073900293,-0.7303706082604922,-0.3034265589650843,-1.6076436334805337,0.8748027099339865,-0.8001797351418213,0.27900729238523125,-0.8312302842078868,1.2218355552834177,-1.1845471768737659,1.2272966955171893,0.3338967341705636,0.3795202813303854,7
-0.28588784844806825,2.718061314075335,3.01859637957589,-0.12714471511485917,0.5052622801334818,0.009405553487609724,-0.6690853160265524,0.9747870986060843,-1.2207737357617388,-0.03868033509544536,1.474383298015933,-1.7144809900386635,-0.2590500420453214,0.285709975971706,0.8957844318303557,-0.21577923189779233,-0.6398476869642925,1.2218355552834177,1.2815960125485715,-1.2362550655574602,-0.9413650343345716,1.4199756838350226,7
-1.2070738165671129,2.6877384223654857,3.038345011739932,0.32015959212618667,0.5150313336369199,-0.3165536677683892,-0.6012926990515148,1.694845789481611,1.2420435211624474,0.9927517423355363,0.3819754461630501,-0.5963811026145447,-1.1071671288073863,0.285709975971706,0.8462144903436202,-0.6952373998241569,-1.299075314865669,0.0005551274671892323,1.0437540971685015,1.2272966955171893,-0.4801349655541481,0.044871804380991726,7
-0.3671689632821016,2.141926371588195,2.9001045865916337,-1.3648039216686805,0.539012721389635,-0.33544150574117154,-0.6709728828238717,-1.6513887144957178,-1.2207737357617388,-0.7693216463439224,-0.03128967720920553,1.7293351403354917,-1.1349785531175969,0.285709975971706,0.4435195754151076,0.9965820745762116,-0.19133893503455426,1.2218355552834177,-1.1174368657176268,-0.004479185020135482,-1.0427057961870543,0.16379883511052723,7
-0.42135637317145713,2.44515528868669,3.0778422760680177,-3.0945210254447897,0.49731499236592547,-0.8120609379968969,-0.6816792927071409,-1.1274250562183374,-1.2207737357617388,0.016845592176699908,1.6919470223770188,-1.5255932515206658,-1.355575986436494,-0.892475491952855,-1.2360006035319788,1.1690904801498492,1.2570218574232808,-1.2207253003490393,-0.39917671747293143,1.2272966955171893,0.3150919931472808,-0.3560122295659339,7
1.8545148421814763,-0.8600399076869035,0.056301554969488944,0.1692922098547424,0.4241372288968286,-0.239946896718053,-0.9064594941911529,-0.8754253492749273,-1.2207737357617388,-0.2718089733185975,0.8363726246141537,0.5125926143866562,-1.5823354614209448,1.463895443896267,0.5071361198203059,-0.9517608545498215,0.8136628084326024,0.0005551274671892323,-0.4317622559152792,1.2272966955171893,-0.6048012892204443,-0.7982135263606698,21
1.8545148421814763,-1.0419772579460003,0.13529608362565965,-0.08462916948490369,0.5375161365222266,0.45076059565800897,-1.029912152249163,0.7381623610788982,1.2420435211624474,0.7659652020747566,-0.34867255392713753,-1.3711509615735242,-0.849381410141345,1.463895443896267,0.3639705238097663,-1.2513895911271895,0.9780267814895697,1.2218355552834177,1.5047164732539484,1.2272966955171893,-1.5097336898195015,0.0001586698852975285,21
1.4752029729559875,-0.708425449137656,0.03655292280544627,-0.06255618671012485,0.4624471685605086,-0.12055258930880657,-0.8448708229395838,1.3274782649506847,0.010634892700354339,-0.4959363500471088,-0.33277100625170447,1.1211855797419414,0.1032252059491069,-0.3033827579905745,-0.04137999009259211,0.6968865674076047,-0.7593963322571791,1.2218355552834177,0.8410908557844419,1.2272966955171893,0.7340785885689355,1.161019451456963,21
1.7190463174580874,-1.3755290667543447,0.03655292280544627,-0.1718349407870536,0.7559671218200422,0.1448867993223585,-0.8281854846821578,0.2712505603310413,0.010634892700354339,-1.399757174491088,1.5703270121097346,-0.9417292594005701,-0.9768549908769557,-0.3033827579905745,-0.5889854882294663,0.2862468968604097,-1.0570423748024596,-1.2207253003490393,0.09170100348270255,-0.004479185020135482,1.5241044069086793,1.3932370225568034,21
1.1500785136198541,-0.951008582816452,0.07605018713353161,0.19183093969817824,0.44224643093424404,0.5987109687297425,-1.1208890743261282,0.2504930003581418,1.2420435211624474,-0.6700092650913021,0.6789785480892103,-1.668726509497281,-0.7741056175412852,-1.4815682259151355,0.48151556731265355,-1.211731489134364,0.20748446460897488,-1.2207253003490393,-1.6182526944027165,-0.004479185020135482,-1.4763536318529875,-0.41168387930084727,21
0.7978603493390429,-0.829717015977054,0.13529608362565965,-0.21368836585095602,0.7865442556512784,-0.42568767507504707,-0.9891087687343127,0.859022186296984,-1.2207737357617388,0.39567523211348116,-0.6353749638207317,-0.03978537953432651,-1.3607134058427202,-0.3033827579905745,0.5325767729772191,1.5340839091019836,-0.5731447248239832,1.2218355552834177,-1.4694007406473464,-0.004479185020135482,0.0646550551985071,-0.3159608501555146,21
0.9333288740624319,-0.7993941242672046,-0.0621902380147671,0.08990085379776719,0.7748317251805865,-0.003081331152851847,-0.831128979831364,0.6351536533084451,1.2420435211624474,-0.360407405577305,1.1964867387455085,-0.7165374288035375,1.0839995987125353,0.8748027099339865,-1.3355019815506215,-1.3731745501540875,-0.08335046303134576,-1.2207253003490393,1.1818173301904682,1.2272966955171893,0.7112472869792978,-0.41600697410643467,21
0.9333288740624319,-0.951008582816452,0.09579881929757429,0.06895640432387615,0.8216537992183344,0.4910964226330597,-0.800792645286178,0.8913525372778777,0.010634892700354339,-1.7759497825828459,1.6993082820830987,0.2050833865658374,-1.342601944889556,-1.4815682259151355,-1.6143831501949282,0.5077160700374425,0.20066314215151146,-1.2207253003490393,0.8768896376068832,-1.2362550655574602,1.393258873670412,-0.13635306383314785,21
0.8520477592283985,-0.951008582816452,-0.0621902380147671,0.11992584521397054,0.6229855932356461,0.05520581169582364,-0.889275916543476,-1.249821772688528,1.2420435211624474,-0.49023205335214204,-0.8431127715840159,1.4186964103179283,-0.012765717893925542,0.285709975971706,-1.3482306837030027,-0.3813376570467963,0.29470881953576045,-1.2207253003490393,-0.3314238796855876,-1.2362550655574602,0.7422571396704377,-0.9446588804077724,21
1.8274211372367986,-1.2239146082050973,0.11554745146161696,-0.2376497665334753,0.8236742957809636,-0.5555914639327426,-1.0807944611187355,1.618950578697919,1.2420435211624474,-0.6208080787154383,-0.21401631511666264,-1.6192748394092646,-0.6890591615914073,-1.4815682259151355,-0.017111263051108723,-0.30315254893095717,0.6510915163133275,0.0005551274671892323,-0.1116505422981826,1.2272966955171893,-1.5244125145500804,-0.40502718584287967,21
0.8791414641730764,-0.8600399076869035,0.09579881929757429,0.17297621585526882,0.38479260449542246,-0.5321831260831708,-0.8323763321231271,-0.20836942119500168,1.2420435211624474,0.6021744697204561,0.7988467266148838,1.0169640487046803,1.6198674119340095,0.8748027099339865,-0.49340928602308637,-1.5443930318021069,-0.4948882283139766,0.0005551274671892323,-1.537977515438089,1.2272966955171893,-1.511031729114705,-1.607450606302866,21
0.9604225790071097,-1.1632688247853984,-0.02269297368668175,-0.3106479994455135,0.5706649213797149,-0.05890870399718133,-0.9040594287039985,1.1169171861727374,-1.2207737357617388,-0.05334364386463883,-1.287389545016753,0.10545021097876306,-1.0369095139689406,1.463895443896267,-0.7835141872902254,0.05827250708067702,0.47987354747542865,0.0005551274671892323,0.42532845510391804,-0.004479185020135482,-1.3177427378329925,0.21041754809072175,21
1.3668281531772764,-1.3148832833346458,-0.02269297368668175,-0.014631688587680361,0.5317932938671652,0.6042138963076918,-0.8351892672041785,0.1617766423236506,-1.2207737357617388,-0.6638267886304288,-0.058326758641902385,-0.37526003020863474,-1.6452756245256015,-0.892475491952855,-1.486376582310754,1.4606305224957632,0.9086494854718704,1.2218355552834177,-0.4051085800093347,-0.004479185020135482,1.5378615901692962,-1.719832840377012,21
1.8545148421814763,-1.3452061750444952,0.03655292280544627,0.2230599809838192,0.5587829681058181,-0.2819904159647087,-1.1405647070419151,0.556427105572924,1.2420435211624474,-1.4630999801503466,-0.11866642432028594,1.7698899122904739,-0.03521295489089715,0.8748027099339865,-0.8507858304656868,0.4963888358654197,0.186409401660749,0.0005551274671892323,0.2724631991016911,1.2272966955171893,0.6221772763077278,1.3090346503567087,21
1.4481092680113097,-1.1026230413656994,-0.04244160585072442,0.01914016391334818,0.3930116532429359,-0.3611759626399831,-1.0987906453993634,1.023146802671553,0.010634892700354339,-1.714788271079617,-1.0170321822742527,-1.1932828055100912,-0.024065720700570746,-1.4815682259151355,-0.18205118595296996,-1.495169258272018,-0.8053461953277714,1.2218355552834177,0.710846809639321,-1.2362550655574602,0.8827740642164055,-0.516082988231029,21
1.2042659235092097,-1.2542374999149468,0.056301554969488944,0.029352277122660468,0.5701541991037593,0.2741498018072559,-1.0782058348718482,0.2278357062573886,0.010634892700354339,-1.6824693710252316,0.10140638807977545,1.0882480870394087,0.041483951059130955,1.463895443896267,-0.5097093786076812,1.3567665991250524,-1.2735416000151758,-1.2207253003490393,0.04472883599422249,-0.004479185020135482,-0.34419110451468815,0.24332137323039138,21
1.3939218581219541,-1.1935917164952479,0.07605018713353161,0.23281621755143267,0.8161452116213261,0.05334955302562527,-0.8321410716067146,1.3087298362851527,-1.2207737357617388,1.1753244306052597,1.3015627310941118,1.7390573313617546,1.4083196212841964,-1.4815682259151355,-0.26771130277273564,0.7267364060825253,-1.6612018147495993,0.0005551274671892323,-0.5559185917479298,1.2272966955171893,-0.6397701690770597,-0.1968400047892657,21
1.5835777927346986,-0.9813314745263014,0.13529608362565965,-0.14138663703950433,0.8200578058084483,0.3887475876914189,-0.8374462399311469,0.7361401485382367,1.2420435211624474,-1.4350887728563966,-1.116597762448691,0.9621567534711423,1.6303536473914733,0.8748027099339865,1.1178091654307287,-1.135771179114682,-0.3984472948854674,0.0005551274671892323,0.6446975447066183,1.2272966955171893,-1.443003255562832,-0.8202614076836006,21
0.8249540542837207,-1.07230014965585,0.03655292280544627,0.2353065616303648,0.7523769096022173,-0.05129743240858546,-0.8128862688608924,0.6689502529953831,1.2420435211624474,0.0677426695945981,-0.5100529947456843,0.8241665069163385,-1.2759440092072758,-0.3033827579905745,1.4198861540209058,0.6612740520899553,-1.1578411093796974,0.0005551274671892323,1.199063241634934,-1.2362550655574602,-1.7087622782896044,-0.8240109659162154,21
1.421015563066632,-1.1026230413656994,0.056301554969488944,-0.09962322703001908,0.3838685337806325,-0.3354930797545003,-1.0784624376553518,-0.5770406129867945,1.2420435211624474,-0.4659103721649425,-0.8183145319200241,-0.2813264533024801,1.6133456926885696,0.285709975971706,1.1122448111331973,-0.09274431933332394,-1.0672646206804068,-1.2207253003490393,0.5748791773900854,-0.004479185020135482,-0.14824739335921314,0.78567256902855,21
1.4752029729559875,-1.1935917164952479,0.03655292280544627,0.11824756646411701,0.7281010035280077,-0.06517234891793271,-0.7972887909122374,-1.351521096966951,1.2420435211624474,-1.130600580835565,-1.6425131567327176,0.30901776009781307,-1.3305461608537519,-0.3033827579905745,0.3758766690429721,-0.8605350506985185,0.9740905563968696,-1.2207253003490393,0.5180866104580768,1.2272966955171893,-1.0655463053311618,-0.7229575521121535,21
1.2584533333985652,-1.3755290667543447,0.07605018713353161,-0.13943854620832702,0.6959115182262258,-0.2993406204676688,-0.9823827050403521,0.3925829500960464,-1.2207737357617388,-0.8102407151460815,0.6209064504853595,-0.2960751907725073,-0.4338286040825641,-0.3033827579905745,-1.662005728548247,0.48331369895787263,-1.4920434825735063,-1.2207253003490393,0.5186882283796019,1.2272966955171893,0.36560324588562726,-0.11418485660999511,21
1.881608547126154,-1.0419772579460003,0.016804290641403596,0.0352081958113788,0.5744494719945523,0.3786586180998585,-0.8555937083024908,0.5972276041866232,1.2420435211624474,-0.2874413245252692,0.8394417998198533,-0.42720943310704457,-1.5461711268012341,0.8748027099339865,1.640689049855578,0.6200030923305407,1.247505558548337,-1.2207253003490393,-1.3925657970820955,1.2272966955171893,-0.3111682505035184,0.7459726230030461,21
1.2042659235092097,-1.132945933075549,0.13529608362565965,-0.06852851401840286,0.7219080617207976,0.1852869174031862,-1.1527184952550615,0.5731465354968706,1.2420435211624474,0.5336660460538041,0.43031595827016356,-1.3256869328414016,0.36602499179098447,-1.4815682259151355,1.7790024762593433,1.3176944027533946,-0.9890115045384081,1.2218355552834177,-1.6256131268754332,-1.2362550655574602,0.18507801856669354,-0.24551421658063138,21
0.8791414641730764,-0.7387483408475056,0.07605018713353161,0.029191156278841286,0.7238201973069381,0.30398089944248746,-1.0448901870340979,-0.4193191771222482,-1.2207737357617388,-0.47250182747484676,0.8560373559141494,0.6933901370544532,-0.498957114357082,0.285709975971706,-1.6702389734402556,-1.6044481425848347,1.3592017462599897,1.2218355552834177,-0.6660934527173876,1.2272966955171893,1.2587109316275407,-1.2081397451422407,21
0.8791414641730764,-1.3452061750444952,-0.0621902380147671,0.047128396578475465,0.792940286121834,-0.5426349399114937,-1.0303205408896967,-0.5806199747910517,1.2420435211624474,0.6142740345300256,-1.384104110032352,0.15652530757227856,0.9399700187957069,1.463895443896267,-0.7381179787023538,0.20608195099902996,1.0018812097318377,-1.2207253003490393,-0.2914738505276254,-0.004479185020135482,1.025806500612458,-1.5964837583938014,21
1.0958911037304986,-0.9813314745263014,0.03655292280544627,-0.25302465229086046,0.447398166523721,0.3780881401887738,-1.003578476023521,-0.4685871831577052,-1.2207737357617388,-1.219311105901496,0.10165285257939723,-0.9665631585134202,-0.9693589170042267,-0.3033827579905745,-0.628344338942922,-0.6524958106951431,-1.5088269745632539,-1.2207253003490393,-0.026828809821710764,-1.2362550655574602,-0.8587484995734933,0.420823326571987,21
1.7732337273474428,-1.4664977418838931,0.11554745146161696,-0.047452126347857275,0.4273086049465355,0.23845476883986924,-0.8414344582278749,-0.35685957458332296,-1.2207737357617388,-0.5462845221617901,-0.5315833887526479,-0.17700837634746133,1.3909625188093018,0.8748027099339865,-0.6442800264393194,-0.09167084199943475,-0.9152876043507134,-1.2207253003490393,1.6582531979643806,1.2272966955171893,0.8783853334389615,0.9180075011266032,21
1.664858907568732,-0.7690712325573551,0.11554745146161696,-0.14919166974954737,0.6097110470026927,0.34707127061198617,-0.876644541073741,1.075131458028869,1.2420435211624474,0.1336941126987602,-0.7041365828485752,1.6368651288913627,0.8240588989254364,1.463895443896267,-0.9625504814840933,0.3522238876460493,0.7600267100254186,1.2218355552834177,0.4969408855294121,-0.004479185020135482,-0.44032094068454947,1.0101801758620672,21
1.0146099888964653,-0.7387483408475056,0.056301554969488944,-0.17725863077314574,0.7845859854011872,-0.48308166834717453,-1.0010550848573994,-0.021546615139382105,1.2420435211624474,0.4026503002780875,0.024543796501730903,0.4120091839380313,0.6603226795216495,0.285709975971706,0.146882669743602,0.07355266906828635,1.4822332656966617,1.2218355552834177,0.06487277299583452,1.2272966955171893,1.473171175798915,-0.43751513858206365,21
1.8274211372367986,-1.1632688247853984,-0.0621902380147671,-0.27679205375118954,0.5716399212772375,0.08856251772217837,-1.0092158662451658,-1.6344442224822187,1.2420435211624474,-1.0343429490929075,0.6090290259490007,1.3346420568827408,0.4483647294326738,0.285709975971706,0.6433430043057934,1.2109462314995194,0.970544176953019,0.0005551274671892323,0.617837455063025,-0.004479185020135482,-1.1575288320232588,1.669182559048812,21
1.1229848086751764,-0.9813314745263014,-0.002944341522639078,0.03963943481086041,0.4744864505178958,-0.11896806802252628,-0.8851256357351299,-0.06453736368611056,1.2420435211624474,-1.095694784809971,1.1409586033099637,1.146088312389826,-0.7566691879648093,0.285709975971706,-0.8707544427366551,-1.5210238786040124,-1.188899755177646,-1.2207253003490393,0.8008907208113686,-0.004479185020135482,-0.6709269128607077,1.6057253408340695,21
1.5022966779006652,-1.1935917164952479,-0.0621902380147671,-0.22637762043081705,0.5697589698306839,-0.06780938666122104,-0.8407529640246175,-0.09731581768249817,0.010634892700354339,1.542950370266238,0.013571532313613716,0.5659785937133716,0.5143615958893303,-1.4815682259151355,0.6722770335328705,-1.3404422086299494,-1.1549262539949445,0.0005551274671892323,0.07703690862510525,1.2272966955171893,0.15734309200952798,0.6063513629608104,21
1.3126407432879208,-1.4664977418838931,-0.02269297368668175,-0.29341768872445,0.6003556308132361,0.2321217110819035,-0.9512803815381518,0.9110088893755794,-1.2207737357617388,-1.3536706721440463,-0.9479689565382441,0.9879517677873001,-0.795355821944799,0.285709975971706,0.887276408803288,-0.00752123384523508,-1.6380565027380374,1.2218355552834177,0.060154291265559025,1.2272966955171893,0.18937964062184365,1.150547906007694,21
1.285547038343243,-1.3755290667543447,0.056301554969488944,0.1112279882382487,0.6757253151081721,-0.27158761593018904,-0.9833881877689364,-0.4974297545847313,-1.2207737357617388,1.465952039771802,-1.587757010448927,0.1254030159241716,-0.15971367508162718,-0.3033827579905745,1.0689171631030796,-1.4585009569981868,0.1095026930751599,1.2218355552834177,1.0013690744409014,-1.2362550655574602,-1.700648120069168,1.301717514576153,21
1.5564840877900208,-0.951008582816452,-0.04244160585072442,0.11070272626779959,0.6850223196645299,-0.4501534171909395,-0.9123302881936509,1.2779267709483295,-1.2207737357617388,-1.5709043676579602,1.4395046323812142,-0.747776325191821,-0.38218459568810803,-0.3033827579905745,-1.5223499670710625,0.03822582377906709,-1.2727412633652182,0.0005551274671892323,-1.4023401254175858,1.2272966955171893,-0.3937094114911459,-0.5254792385811008,21
1.8545148421814763,-1.4058519584641942,0.13529608362565965,0.08344201340149837,0.591051067881318,-0.5661375354544992,-1.0749541096079365,-1.1305220252042272,0.010634892700354339,-1.0116444626945154,-1.3385811524152633,1.074127708042067,-1.6229579619973231,1.463895443896267,1.3371248535673688,-0.2613763703729961,0.12614017608133085,1.2218355552834177,-0.45694197748863025,1.2272966955171893,1.198525495270834,-1.604461851432171,21
1.8003274322921206,-0.7993941242672046,-0.002944341522639078,0.18100379834809044,0.49008861926058805,0.472739971728352,-0.8946445625835925,0.26218289372126885,-1.2207737357617388,1.0013100070829695,0.30974775312509056,-1.0793900331203643,-1.1440416071642279,0.8748027099339865,-1.1851012288219944,1.6231163324601297,-0.1333517827868285,1.2218355552834177,1.1873208524675054,-1.2362550655574602,-0.49615383785306705,-0.32736864103301416,21
1.5835777927346986,-1.3148832833346458,0.09579881929757429,0.23765329761420942,0.7343485328543862,0.10632502612937257,-1.0446952589198966,0.2878992228685832,1.2420435211624474,-1.0424702931879348,-0.8681756406121189,0.6576909436228116,-0.5048171134788697,0.285709975971706,-1.4686577770094433,-1.4870881509688192,0.0921063521002424,0.0005551274671892323,-1.603657641772936,-1.2362550655574602,0.11015476511396118,-0.6886392640202937,21
0.7978603493390429,-1.132945933075549,-0.04244160585072442,-0.022160266381526395,0.4457211025274685,0.6083993408625328,-1.0007175435456663,-0.05598303729261079,1.2420435211624474,-1.0487918570789212,0.9063395440935681,0.6256072767674786,-1.712481409682739,-0.3033827579905745,-0.8598287680552298,0.46059187151922837,0.446418670149444,-1.2207253003490393,0.28443948610127473,-1.2362550655574602,0.09787943423282484,1.2800717706356297,21
1.3397344482325986,-1.07230014965585,0.07605018713353161,0.11577083199930167,0.3998825293134411,0.5254682757334864,-0.8551000144746137,0.32432566717285477,0.010634892700354339,-1.3100475292301605,1.6722951867603277,0.9395021965232863,0.8280456379645202,0.285709975971706,1.3531921625992183,-0.6149990781333898,1.6557902437091758,-1.2207253003490393,0.26822986707119073,-1.2362550655574602,1.075710184028095,-1.4198850020421565,21
1.0958911037304986,-1.4058519584641942,0.09579881929757429,-0.09459274032621756,0.7997280663351083,-0.015849232519076165,-1.09079447230022,-0.07172582244318769,0.010634892700354339,-1.4986663786190064,1.2684208735914448,-1.3290383350543893,-1.4874294989155048,0.285709975971706,0.009930327338057,0.6723716602286848,-0.6988789029494954,-1.2207253003490393,-0.14548597026629456,1.2272966955171893,-1.6749718821711748,-0.6463457562847076,21
0.9604225790071097,-1.4361748501740437,0.09579881929757429,0.060059752169058685,0.538675616222295,0.5846344940594471,-1.1166773880223568,0.19732189420988455,0.010634892700354339,-0.7125427492988095,0.3353668823985262,0.2985290712653122,0.04955549171709649,-1.4815682259151355,1.7208489133708658,0.6046778787635619,1.467144072026005,0.0005551274671892323,-0.5496122249672952,-0.004479185020135482,-0.07224835661027858,1.1358633343970161,21
1.529390382845343,-1.4664977418838931,0.07605018713353161,0.20685369989971394,0.8312359064735643,0.5323934252901457,-0.838191505593589,-1.719651883747753,1.2420435211624474,1.492355233892374,0.7096904288274193,-1.2451936153593461,1.2411838464704559,0.8748027099339865,-1.5090064899424558,-0.15411753947732756,-1.6057014037957646,0.0005551274671892323,0.9177341033035921,-1.2362550655574602,0.9606680896249025,1.401176542798146,21
1.421015563066632,-1.132945933075549,0.016804290641403596,-0.3059554321517378,0.4564035864362122,0.5767110217284568,-0.941135455804386,-1.392349155133014,1.2420435211624474,0.44907883300811874,0.8827697656681943,-0.31871843264575633,1.6535449732781464,-0.892475491952855,-0.7132048875502658,-1.4127109168082133,-0.25527820522136735,1.2218355552834177,-1.4819503733720318,1.2272966955171893,-0.34372439831308044,-0.04794695894596302,21
1.3668281531772764,-1.0116543662361508,-0.002944341522639078,-0.18544396034767976,0.5064226255604702,-0.340198469871377,-0.844586478503011,-0.7601563263254185,1.2420435211624474,-0.6453866153908373,-0.7738024552013595,-1.0941803241071024,-1.637395789176017,0.8748027099339865,0.6840652609055627,0.2568282252821622,-0.8006924971762834,-1.2207253003490393,-1.5637929009703715,-0.004479185020135482,-0.2124723814502961,1.5558946535343567,21
0.9333288740624319,-0.8600399076869035,-0.02269297368668175,0.09840013879996555,0.7259630915725185,-0.22494687810330818,-0.8186607151771897,0.616240351247368,1.2420435211624474,-1.023199118681314,1.090196219327462,0.2035687164478651,0.7116582788184049,-0.3033827579905745,-0.2644227684122383,0.30257145946114816,1.3676174348506285,-1.2207253003490393,1.2490934526522819,1.2272966955171893,-1.2451172963424602,-0.6559013815472505,21
0.9062351691177541,-1.4058519584641942,0.056301554969488944,0.23684693094067974,0.7266879152590927,-0.09022288730539789,-0.8685438327798088,-0.4146456072439728,0.010634892700354339,-0.3290794635466748,0.5124552423760065,0.9715306536030116,-1.2007464502813168,0.285709975971706,-0.05085222251852103,0.6690602710551289,-1.3467698372842747,0.0005551274671892323,-0.2212999898456721,-1.2362550655574602,0.18978584762822556,0.7020176552736067,21
1.3939218581219541,-0.7690712325573551,0.11554745146161696,-0.09086498603346106,0.39505684346418857,0.507490794183677,-0.8730086118688482,1.2492841324182338,1.2420435211624474,1.3537590402514421,1.2493395927831312,1.3761759346950966,-1.2979735481966395,-0.892475491952855,0.7762882346919294,0.7818021917154765,0.6603569693364925,1.2218355552834177,0.6421897623995947,-0.004479185020135482,-0.45861665986793393,1.663757153414469,21
1.285547038343243,-0.8600399076869035,0.07605018713353161,-0.06639015722638188,0.5243850983410842,-0.31716956792857126,-0.9858623248475041,-0.013645414153044726,1.2420435211624474,0.5835341357120817,1.0940497878578168,0.22743780362504395,-0.6275430905887399,0.8748027099339865,1.08176134510179,1.4748888869940784,0.8849698385458604,-1.2207253003490393,1.7108356897825252,-0.004479185020135482,-0.3138486141050137,1.069626443912762,21
1.2584533333985652,-0.8600399076869035,0.03655292280544627,0.11926998230503172,0.42318147626070446,-0.48550524116399535,-0.9896665528804908,0.3558950057826113,0.010634892700354339,-1.3672668159848018,-1.70037520304674,1.0709914712520532,0.03434662994880402,-0.892475491952855,0.888134442260747,-0.23856762909519275,-1.0409052664773757,0.0005551274671892323,1.0584691909533053,-0.004479185020135482,0.25996435209372515,-1.6072019474016268,21
1.0687973987858208,-1.132945933075549,-0.0621902380147671,-0.13734278217526188,0.4104331239714168,-0.22996714678936153,-0.9628844116821813,-1.1763621003602192,0.010634892700354339,0.1884626473911506,-0.2593639757470506,0.6249915537829398,-0.25375747424604284,1.463895443896267,-0.370910126927959,-1.0924906620382717,1.2394944986030803,0.0005551274671892323,-0.30058927893986326,-0.004479185020135482,1.4258972874329123,0.9783224976269452,21
1.2042659235092097,-1.2542374999149468,-0.04244160585072442,0.1186015665517222,0.42807048327278224,-0.18954514212717594,-0.8883178273449445,-1.744159837935972,-1.2207737357617388,-1.0167386906002631,-0.38589750124239286,0.5448936813573655,0.6865087867100332,-0.892475491952855,1.3204709681830136,0.8654580981282759,-1.040934334320471,0.0005551274671892323,1.110297294769118,-1.2362550655574602,-0.5349290485547421,1.0329661608144833,21
0.8520477592283985,-0.9206856911066025,0.016804290641403596,0.23655682295441366,0.7070518121879094,0.5218711233582546,-0.9419935014993274,-1.0963804929210288,1.2420435211624474,-1.0474555852493355,0.19234425095181695,0.15369011639914298,-0.22680327239542167,0.8748027099339865,-0.09426379203552819,-1.513448025866115,-1.2315907138795834,1.2218355552834177,1.461010826760807,-1.2362550655574602,-1.3927465186249446,-0.6682288986207684,21
0.8520477592283985,-0.8600399076869035,0.056301554969488944,-0.2573568433236821,0.718472984442534,-0.5108425577404501,-1.0073758955407965,-1.3565205949919856,0.010634892700354339,-1.429922362477512,0.23796290560562236,0.8297165552658046,0.09384502125215233,0.8748027099339865,-1.5375982016859493,-1.723844258763249,-1.3939941330835208,1.2218355552834177,0.13495232129174986,1.2272966955171893,0.5712556347774688,-1.6413103514406695,21
1.6106714976793763,-0.7690712325573551,-0.04244160585072442,-0.2617616314751753,0.7441403248303782,0.03801659085001628,-0.9500835276488826,1.06398796392113,0.010634892700354339,-0.2850853701913712,0.7120657953653552,1.236388246186143,-0.49998706864317943,1.463895443896267,1.0496925579745018,-1.2372805306356796,0.7048659347237188,1.2218355552834177,0.059046341796099994,-1.2362550655574602,1.3530775737820038,1.5802798986470306,21
1.8274211372367986,-0.9813314745263014,0.056301554969488944,-0.23431736659264316,0.6674798816817296,0.2705290362210397,-0.9988232175538804,-1.2631904584074467,0.010634892700354339,1.3721029655912214,1.3540974837760593,0.836453202398511,0.40841574295948796,-0.3033827579905745,-1.2320782938275356,-0.07091736549593824,0.3987329177681345,1.2218355552834177,0.41717373579927314,-1.2362550655574602,-1.221834432451608,-0.5392011434924113,21
1.881608547126154,-1.0116543662361508,-0.0621902380147671,0.009780855988290354,0.7734775207186114,-0.45925166195395134,-0.8960893139657081,1.2347314073700435,0.010634892700354339,1.25226148395488,0.9323695694357981,-0.6554786989415884,0.25994491147740423,-1.4815682259151355,0.16234628851237298,1.6019934123599517,-0.6536225581777472,1.2218355552834177,0.966508316167384,1.2272966955171893,0.9388521013957281,-1.5775684973087638,21
1.0958911037304986,-1.4058519584641942,0.07605018713353161,-0.10631046993571733,0.5382388868669551,-0.08326312373583324,-0.8565521567635194,-1.3384337676916351,-1.2207737357617388,1.149331638696616,1.2454264465063782,0.7043612495146461,0.4405018931253889,0.285709975971706,-1.2908119126626665,1.2603662571624645,1.445932009455229,-1.2207253003490393,-1.2807525117120686,-1.2362550655574602,1.061459067228429,0.7392193487374603,21
0.8249540542837207,-1.4361748501740437,0.13529608362565965,-0.14362954885249002,0.6464339160392374,-0.46440305368526974,-0.9419568559966424,0.1973161513397576,0.010634892700354339,-0.014431323161015721,-1.1894924047126305,1.7001096484150837,1.5725201795740342,0.8748027099339865,1.6808434510911365,-1.0136942639901596,-1.0967415183976845,1.2218355552834177,0.015101601038474506,-1.2362550655574602,0.9138750026900212,-0.8679280665190487,21
1.3668281531772764,-1.2239146082050973,0.11554745146161696,-0.03698401017366437,0.5136424205788515,0.46461670146811174,-0.8576110769675785,-1.50917566131852,0.010634892700354339,-0.3106346681501926,0.5829468610898353,1.2338778908127146,1.0163967288909073,-0.3033827579905745,0.004547869156043387,-0.04418971978601129,0.08750289884754742,1.2218355552834177,-0.6960125008168128,-1.2362550655574602,-0.6707117015377213,-0.14808646427689204,21
1.3668281531772764,-1.1026230413656994,0.13529608362565965,-0.24593336779334116,0.7028756259427761,-0.023237515578131154,-1.0705909300986522,1.5583453912248297,-1.2207737357617388,-0.3487992407214377,-1.124035936446741,0.4880811731236561,1.6399997425774095,-0.892475491952855,-1.6996112036987228,1.7333530070407506,-1.4584116461075918,1.2218355552834177,0.48985427549586985,-0.004479185020135482,0.6895893123408317,-0.9358228011211492,21
1.6377652026240541,-1.4361748501740437,0.09579881929757429,0.17319580075694543,0.7686707856181637,-0.20156987806447163,-1.0446609650031913,-0.22205494790078756,0.010634892700354339,1.4325110765403595,1.0230675060313696,-1.4797278622755328,0.05418753712906306,-0.892475491952855,0.13816897590181226,-1.3952251523109251,0.701356645459553,1.2218355552834177,1.6050045196643445,1.2272966955171893,0.08999494016802492,-1.3473516733512985,21
1.529390382845343,-1.3148832833346458,0.016804290641403596,0.042623428630295966,0.7872426438923741,0.3692505492949627,-1.059528606649066,0.6607129624578648,0.010634892700354339,0.0869987130996725,0.6969196231015602,1.5962600252454544,-1.5584626271072692,-0.3033827579905745,0.8043849083046213,1.4681863035390363,0.9898608178714751,-1.2207253003490393,0.5163567259932377,1.2272966955171893,1.438251004014804,1.2195428087817486,21
1.746140022402765,-1.2845603916247963,-0.04244160585072442,-0.2370951303146174,0.8048419215422664,0.19862329347995702,-1.1491674679316897,0.07794947869273079,0.010634892700354339,-0.5812703331780408,1.0552870918709958,1.5862018769483404,1.5309668057521824,-0.3033827579905745,0.46433209751517895,-0.8627328399991638,-0.9367446400385044,1.2218355552834177,0.30072968802613903,-0.004479185020135482,0.38068521533424315,-0.038823365238810026,21
0.9062351691177541,-0.8600399076869035,0.07605018713353161,-0.24579110485750133,0.43891512857102505,-0.4447835460698714,-1.0784182862236384,0.4007206067684554,1.2420435211624474,-0.9082085550677254,-0.7345019006310404,0.6883838293512898,-0.7534203438948246,0.8748027099339865,-1.5491528962941146,0.062108827094880775,0.23093787809702526,-1.2207253003490393,0.2542624575471371,-1.2362550655574602,-0.08980876017419191,-0.002023438386974463,21
1.881608547126154,-1.4058519584641942,-0.02269297368668175,-0.2702997996782288,0.5191261527830944,0.23830014502132638,-0.8862880772275087,-0.017374736158027357,-1.2207737357617388,0.8551552942825441,0.3323089427999975,-0.7448472228122996,0.3473434146949983,1.463895443896267,-1.190714056095653,1.0115737560726845,0.9350344644216056,1.2218355552834177,-1.1929947824460518,-0.004479185020135482,-1.2649618425815883,0.7531063231438752,21
1.0958911037304986,-1.2542374999149468,-0.04244160585072442,-0.19192897307878967,0.6297569255359605,-0.16224314979025628,-1.0037412901836256,-1.1430075112171876,1.2420435211624474,-1.3708480847032136,-1.6489210057786423,0.6235961388080092,1.5435762908899684,-1.4815682259151355,-0.763509267793298,-0.8148242844905722,-0.4455628570256851,1.2218355552834177,1.7216105541413487,-0.004479185020135482,0.5749581378842838,0.9383495166126766,21
1.041703693841143,-0.951008582816452,0.07605018713353161,-0.14210739153668317,0.6570921254503418,-0.3259133340787427,-0.9157625306685021,0.4303073178722477,-1.2207737357617388,0.5212732050406047,-0.6592162789001683,-1.3341288430176537,-0.18751502095864497,0.8748027099339865,-0.8029067444138536,1.4318407982046013,0.7968926060715807,0.0005551274671892323,1.12398878043845,-0.004479185020135482,1.4221338938637202,-1.685497905274338,21
1.6919526125134097,-1.0419772579460003,-0.04244160585072442,-0.03903205957122725,0.4330634116591559,-0.2366263281796525,-0.981701126026394,1.3247928533137332,1.2420435211624474,1.4530828491403303,1.4506052720580604,1.6447577773799944,-1.2792567000932942,-0.892475491952855,-0.34842284696252074,-1.342343420571686,0.37924083506395356,1.2218355552834177,1.3187105671683184,-0.004479185020135482,-0.3399863195601957,1.2529843034132193,21
1.2584533333985652,-0.951008582816452,0.03655292280544627,0.1272160236541129,0.6588006512297907,0.38825093870544414,-0.8096121874234199,0.21148118841272318,0.010634892700354339,1.0834692500362644,-0.21007990364878518,1.5918796297255986,0.21313221642854938,0.285709975971706,0.9582634749358838,1.0530027026835322,0.9962640660503762,1.2218355552834177,-1.5482843789194722,1.2272966955171893,1.4613918131897552,0.9557880258330694,21
1.8003274322921206,-0.708425449137656,0.03655292280544627,-0.14123273580956017,0.706506392547398,0.35603496621061853,-1.0350469382414156,0.8257696028715672,-1.2207737357617388,0.38953028216410274,-1.3112895312830113,1.5389381400947164,-1.5273672969088479,0.8748027099339865,1.5108556948290404,-1.6086385949321929,1.4527733468581159,1.2218355552834177,1.3813335448627904,-0.004479185020135482,1.7222478614593866,-0.5184873771744849,21
1.0687973987858208,-1.1935917164952479,0.07605018713353161,-0.15186578707501253,0.7962156976582588,-0.10031722418201197,-0.7968635642536189,-0.7545411359150652,0.010634892700354339,-1.704895403068479,0.7316932699081301,-1.263473087091542,-0.5533298799934182,-0.892475491952855,1.4609072474299523,0.2876913066739302,-0.13067968118362777,0.0005551274671892323,-1.5775439792393215,1.2272966955171893,-0.438171320055023,1.0175369536188297,21
1.4481092680113097,-0.9206856911066025,-0.02269297368668175,0.2697991646780308,0.6837267689876041,0.3889492776758858,-1.1020064673452217,0.9410141728303328,0.010634892700354339,0.3262832178022993,-1.5933673586240626,0.6305066294679353,-1.5514925977783982,-0.892475491952855,0.054769336353352245,-0.4218643179190635,-0.3908905533275357,1.2218355552834177,1.1485124186921645,1.2272966955171893,-0.6128554184939983,0.1823353858566554,21
0.8249540542837207,-1.132945933075549,-0.0621902380147671,0.25443729002778487,0.663670797345365,0.33342057040025075,-0.7953979809245953,-0.8371486795835281,1.2420435211624474,-0.3593501423546849,1.3012680705510544,0.8958866672776448,0.18220291753538698,1.463895443896267,1.5855915406797816,-0.13331848395127666,-1.5912932649298168,0.0005551274671892323,1.6940969282295482,-0.004479185020135482,-0.3167558770837048,0.07621334163400091,21
1.0146099888964653,-1.4664977418838931,-0.02269297368668175,0.04908766744098852,0.6825585655276308,0.24912652374814115,-1.1338081875704586,0.22130678928985384,0.010634892700354339,0.700640439288758,1.0035589519125183,-0.9911252406656875,0.4444733767774841,0.8748027099339865,0.8812109639657644,0.8220008019268167,1.3350567049921473,1.2218355552834177,-0.5724537316699234,-0.004479185020135482,1.6177034290743724,-0.5659381384486087,21
1.1229848086751764,-1.4058519584641942,-0.0621902380147671,0.21527164918631034,0.433973847287269,0.6140910203342514,-0.9455359385542802,-0.15619613879804672,-1.2207737357617388,0.40237639780207307,0.8551546282308459,0.05294206792913778,-1.083843844271019,0.8748027099339865,-0.6528697037875335,-0.7716590506489089,0.26125896512967095,0.0005551274671892323,-1.2617132515264133,-0.004479185020135482,1.5035608279801842,-0.846896682770151,21
0.8249540542837207,-1.07230014965585,0.03655292280544627,0.16275259471970904,0.42399342747725527,0.04863372946491539,-1.0127267579053132,-1.5088257638060358,1.2420435211624474,-0.9867212260886817,-0.10035088428095178,0.034750784719603675,-0.5446622732890564,-0.892475491952855,-0.1616919075608934,1.5403302195013504,-1.5559364486331695,1.2218355552834177,1.4453881214342181,-1.2362550655574602,-1.5762391396594007,-0.5283853115628733,21
1.6377652026240541,-1.4664977418838931,0.13529608362565965,0.1317898831134047,0.5814796130656337,0.06614872758321312,-0.9587059531554457,0.2807457909498384,1.2420435211624474,-0.3488796443221285,0.10939293141259862,-1.3927675026537996,1.5262805734562224,-0.892475491952855,-1.2573110153086622,-0.9641288275859925,-1.1966039015167855,0.0005551274671892323,-1.6815835730069042,-0.004479185020135482,1.7106697330112182,-1.5728940973652024,21
1.5564840877900208,-0.9206856911066025,0.056301554969488944,0.2424480594806376,0.5556745025939213,-0.4691098615511723,-1.150859579550881,-0.4240169831963631,1.2420435211624474,0.9569154208658447,-0.9030087832859678,-1.5607431513875945,0.4915268108886795,-0.3033827579905745,-0.6120766180865884,0.7296164382033673,0.546238308827775,1.2218355552834177,-0.7043438077862076,-1.2362550655574602,0.8710628600128832,0.9254595528012611,21
1.6919526125134097,-0.708425449137656,0.03655292280544627,0.08363855282162135,0.5617774802340116,-0.2481332484094204,-1.0844582701125816,0.44963523633247865,-1.2207737357617388,-1.6886274433142099,1.3988066840442153,-1.1352403067270724,-0.008763753438580263,-1.4815682259151355,-0.7558070223179003,1.6480247729635964,-0.5908058458801284,0.0005551274671892323,1.4234463866883544,1.2272966955171893,0.57738998207312,-1.3949556817039221,21
0.8791414641730764,-1.3148832833346458,0.09579881929757429,-0.1355620797213716,0.6076820899474012,-0.354550710297253,-0.995616856915099,-1.3803413774924007,-1.2207737357617388,0.13854043759781084,-0.7459929621337892,0.08308336380890309,1.4160126626772902,1.463895443896267,-0.24374213390369184,0.524260950383067,0.21041973566279967,-1.2207253003490393,-1.345674421286753,1.2272966955171893,0.7889681158231182,-0.45062682818820554,21
1.3668281531772764,-1.2845603916247963,0.056301554969488944,-0.02150560641235555,0.5733306041867533,0.4168666906972452,-1.0784564348412995,-1.7182765276010183,0.010634892700354339,-0.9277679870405832,1.3089555408253748,0.5312615717386622,1.4721592668174923,-0.892475491952855,0.5317125592195372,-1.1897060951339848,1.5648463456478416,0.0005551274671892323,1.2735441338722435,1.2272966955171893,0.503618830433378,-0.3221333968945976,21
1.7190463174580874,-0.9813314745263014,0.13529608362565965,-0.03405460295598862,0.7393699646369456,0.00423410778032645,-0.8362436766073318,0.6903949653965579,-1.2207737357617388,-0.17915063856463778,1.5048362387775678,-0.24143036385651434,0.6518101785012932,-1.4815682259151355,-1.469438267170293,-0.9273688800158955,0.02028882958186797,1.2218355552834177,0.9981032614406488,-1.2362550655574602,-0.6472497848422796,0.8046569520851896,21
1.3126407432879208,-1.4361748501740437,-0.0621902380147671,0.1006687330806944,0.6769928215341692,-0.605489266256201,-1.142060801657584,-1.6554215784509683,1.2420435211624474,-0.41179056578483236,-1.4467543135215692,-0.901207083153952,-0.8486727760661664,-0.3033827579905745,-0.735365970691291,-0.838562679693588,1.2673664006595378,0.0005551274671892323,-0.37514633911946016,1.2272966955171893,-0.9040709304471031,-1.4682823584101594,21
1.1229848086751764,-1.0116543662361508,0.13529608362565965,-0.10103436228906708,0.7208392933097314,0.15290390512364593,-0.8043996684198378,-0.6558589886559724,0.010634892700354339,-1.5954084942296065,0.8905154035184344,-1.349930963842809,-0.4714571920552524,-0.892475491952855,0.11931750354755831,0.7680756554789677,1.0836504025721596,1.2218355552834177,-0.5473389514525034,1.2272966955171893,1.2650769863377365,1.4809770342408506,21
1.1229848086751764,-1.4058519584641942,-0.002944341522639078,0.13016291399146232,0.6806633621583537,0.6294298551184051,-0.8931726213639556,0.25009740058914254,1.2420435211624474,1.5750905784465128,-0.1624662207156626,-0.026523009999284794,1.2233748320941877,-0.3033827579905745,0.5054269512000257,-0.28361362955686165,1.3236354525343745,1.2218355552834177,1.405323231143597,-1.2362550655574602,-0.19233251160524922,1.6905482286672942,21
1.0958911037304986,-0.890362799396753,0.13529608362565965,0.12925621937595308,0.5216000647226217,-0.27190989470986787,-1.0318382986335422,-0.7737487982536693,-1.2207737357617388,0.0889848912430557,0.37285570248757544,-1.4713656141068403,-1.466689378413173,0.8748027099339865,0.3727336919973791,-0.43734213047748716,-1.2685449314725568,1.2218355552834177,-1.0016430761657367,1.2272966955171893,0.071051294390808,0.8492755523740224,21
1.6106714976793763,-0.9813314745263014,0.11554745146161696,0.22136154459796234,0.734206618333133,0.35935812081629437,-1.0191695600461141,-0.605220508094421,-1.2207737357617388,1.5324204576193448,-0.1639128895633042,1.204379877062203,0.39737574399191306,-1.4815682259151355,-0.933763548385139,0.4363288357113111,0.6498085402884275,1.2218355552834177,1.506260564016079,-0.004479185020135482,-0.6341725220558947,-0.10955322353804557,21
1.664858907568732,-0.8600399076869035,0.056301554969488944,-0.11234833474570595,0.6327825377918394,0.5984492667343254,-0.8506311038668586,-0.32018794041781706,0.010634892700354339,0.18767351733460488,0.5852915972722609,1.0285222074724132,0.054237824651136794,0.8748027099339865,-0.7675961366686547,-1.284300049670917,-0.9232827852583927,-1.2207253003490393,-1.4982659021183002,1.2272966955171893,-0.5859336676227205,1.0577219162395626,21
1.041703693841143,-0.8600399076869035,0.11554745146161696,-0.18222947615783977,0.632914983677612,-0.15039858041694026,-0.9913342131742137,0.3764841514272726,0.010634892700354339,-1.7469168501759984,0.27070504093042197,-1.3875587767306714,-1.3736697658520085,-0.3033827579905745,0.4066801243679594,0.8089383304483925,-1.4404055488330703,-1.2207253003490393,-0.48540800910985443,1.2272966955171893,1.396287589414789,-0.47081847413651307,21
1.3397344482325986,-1.3148832833346458,0.09579881929757429,-0.21188217055529532,0.5897142889253381,-0.3330884481680551,-1.1185012303157722,-0.37278685510187787,-1.2207737357617388,-1.3336214615701598,0.3227111077204675,0.890960932701197,1.6847501828056313,-0.892475491952855,1.4589991087969953,1.4248169716436117,1.3659176418049812,1.2218355552834177,-1.6459535930216425,-0.004479185020135482,0.9041977199507266,0.4605063211313186,21
0.8791414641730764,-0.951008582816452,0.11554745146161696,0.05558002422801814,0.47104480728273607,-0.24844185631472018,-0.8911321483347674,-0.5252860263202733,1.2420435211624474,-0.4530575872478404,1.6902519300727985,-0.5085710465604567,0.737119288709979,-0.892475491952855,0.9839398787000011,-0.9181693006913154,0.6623532358316799,1.2218355552834177,0.33667104675205606,-0.004479185020135482,-0.31981939594312253,0.32593083057976574,21
1.2042659235092097,-1.1935917164952479,0.03655292280544627,0.20089843695375262,0.5766625984126899,0.11756002545620624,-0.8580257448759302,-1.610277233295948,1.2420435211624474,0.7249203827987645,0.7708723883473103,1.3744603192437739,1.6144062181763863,0.8748027099339865,-1.270673420899425,0.7756653469073784,-1.006812753148915,-1.2207253003490393,1.1697424145946005,-1.2362550655574602,-1.302266054430978,-0.11260471782451295,21
1.8545148421814763,-0.708425449137656,0.016804290641403596,-0.051020519762857874,0.40328783088693665,0.5603018536339968,-1.014504748367061,-0.18820329610510036,1.2420435211624474,1.3202738002684704,-0.05624300009041849,-1.2928795253993317,-0.22631651903160527,1.463895443896267,0.3742962129281787,-1.2808003729609747,0.5421940942478655,1.2218355552834177,1.3818441136909416,-1.2362550655574602,0.6385769945021024,0.837255176389696,21
1.2584533333985652,-1.2542374999149468,-0.02269297368668175,-0.0648674152304911,0.8156297491872305,0.3820489833145449,-0.8222029596790921,1.247305383752356,-1.2207737357617388,1.626563557794988,-0.7672434991751147,-0.6845809775444988,-1.035511671851425,-1.4815682259151355,-0.9779575205633962,-0.4114524875902308,0.04300099602426706,1.2218355552834177,1.6188012090959418,1.2272966955171893,0.8929894164358118,-0.5596783678431906,21
1.6106714976793763,-1.4058519584641942,-0.0621902380147671,0.2019007070102869,0.5936402041653456,-0.3622124379840393,-1.0035211503596029,-0.3027419076365692,-1.2207737357617388,1.050623248420381,-0.4358497647972687,0.9187764735935914,-1.17143960145198,-0.3033827579905745,-0.12446097516918128,-0.6711681930978702,0.39330571848784646,0.0005551274671892323,-0.6932980311892644,-1.2362550655574602,-0.17280713471797687,1.2202092271731506,21
1.2313596284538875,-1.07230014965585,0.03655292280544627,-0.056334568406309654,0.5761131277811874,0.561880486803083,-1.1271354605255175,0.8056185384383434,-1.2207737357617388,1.512307373139185,-1.698497573792415,-1.5341799673563161,0.2379281981503,-1.4815682259151355,1.5447547138336435,1.4852594330021047,0.7801258718418003,1.2218355552834177,-0.4556716805951259,-1.2362550655574602,0.6530234916268615,1.1190252863370196,21
0.8791414641730764,-0.9206856911066025,0.13529608362565965,0.2530830978682668,0.5575620837925044,-0.008024419753153036,-1.0827326822901597,-0.896228376322675,0.010634892700354339,1.6119131099466752,-1.631095601881429,0.275964249554328,-0.00903417010194532,-1.4815682259151355,-0.6551324964337153,1.0839291847278403,-0.8053950729162639,0.0005551274671892323,0.7854018094389306,-1.2362550655574602,0.7686415539910451,1.0768648669784693,21
1.881608547126154,-0.890362799396753,-0.02269297368668175,0.2705711932482507,0.8056188613604693,-0.2696451382164576,-0.8174384504731491,0.7892746734691406,-1.2207737357617388,0.7154440386493476,-0.11730988261861933,-1.1252118261833253,0.28477207395378507,0.8748027099339865,1.2440113260445096,-1.6673362673197263,0.6763682378318544,1.2218355552834177,-0.7933024744620982,-0.004479185020135482,0.27137004628167,-0.04602833090714609,21
1.746140022402765,-1.1026230413656994,0.13529608362565965,0.38755309360477597,1.0169933948127423,0.39683142850313724,-1.3719154317603683,-1.1285106665463844,-1.2207737357617388,-0.09790792244502981,-1.5462525494913237,-0.6851270225236966,1.3695414958436116,0.8748027099339865,0.5324342588582032,1.0887391212680502,-1.4013421720129957,1.2218355552834177,-1.318275659061542,-1.2362550655574602,1.1264603080039381,-0.5078326196013623,15
1.7190463174580874,-0.7993941242672046,-0.002944341522639078,0.4354097313073384,0.9683280228336997,0.07615304192004706,-1.4039192254923578,-1.35848836528811,0.010634892700354339,-0.12414657259654942,0.44498777208763324,1.6058821882127747,-0.7557931982065955,-0.3033827579905745,1.669852955834816,0.28619832703166487,0.35236569196445455,0.0005551274671892323,-1.550006672750409,-1.2362550655574602,-0.20147612303181148,0.440253852773839,15
1.3668281531772764,-0.8600399076869035,0.07605018713353161,0.6879591212997747,1.0216475750824525,0.36272857680241005,-1.4730614515308469,0.8393212825990445,0.010634892700354339,-1.0622652039349274,1.0935802363204734,-0.4872840984834384,1.5587787914103377,1.463895443896267,-0.7358607014844348,-1.0381370782671968,-1.6707067329218357,0.0005551274671892323,-0.9537356003858923,1.2272966955171893,-0.19875571787836732,-0.6784981475091939,15
1.8274211372367986,-1.07230014965585,0.07605018713353161,0.4806212684088734,0.8692998008858346,0.12064791126685184,-1.5051428850915933,-0.16048089951981548,0.010634892700354339,0.13614451216833137,-1.4145325072875437,-0.13373201752483554,-1.2009482933529083,0.285709975971706,-0.2304523561249188,0.877802731872271,0.41192655482596613,0.0005551274671892323,1.7240613522676418,-0.004479185020135482,-1.314633161759503,-0.8253151571081775,15
1.2042659235092097,-0.829717015977054,-0.0621902380147671,0.8494970948535494,1.0366788434198524,-0.4548558180156582,-1.3704951171439443,1.0651359420859614,-1.2207737357617388,-1.251207777551965,1.488619293716412,0.3312822432567185,1.0760882989505285,-1.4815682259151355,0.31276805495916044,-0.9500208606415298,1.3688907279160374,-1.2207253003490393,0.09299531023536628,-1.2362550655574602,0.5479593681581808,-1.0510052411373594,15
0.8249540542837207,-0.8600399076869035,0.016804290641403596,0.840026028095817,0.9780087304099596,-0.5079346252498567,-1.4050407783990446,-1.4180468361595353,0.010634892700354339,1.4605043755332638,-1.683462873775383,1.7172384708570707,0.8223457753354225,-0.892475491952855,1.4753296070293298,-1.0109206594431988,0.8072866553852077,-1.2207253003490393,-1.3095194201705722,-0.004479185020135482,-1.6611245811933248,1.1092965061728026,15
1.8003274322921206,-0.890362799396753,0.09579881929757429,0.7023992438470793,0.9314212180502912,-0.2274521388532848,-1.4953027584610874,1.5614460535737842,1.2420435211624474,-0.3176829932807674,1.6569002095879448,-1.613192821206497,1.0249838878016595,0.8748027099339865,0.6068923454878595,-1.2893271237595998,-0.7945259042721392,1.2218355552834177,-1.467982379971403,1.2272966955171893,-0.5872488868188628,-0.7446267173890724,15
1.7190463174580874,-0.708425449137656,0.056301554969488944,0.7175844957301983,0.835096366558598,-0.5173533148947657,-1.4110005459246968,-0.5680110898501362,0.010634892700354339,-0.07823455248348052,-0.23588942928527562,0.24230279156328274,1.2886530011930353,1.463895443896267,1.1687242560780358,0.9891092047380491,1.0252284413473443,0.0005551274671892323,-0.1362465307745677,-0.004479185020135482,-1.6052092483602487,-0.21173196312709744,15
1.6919526125134097,-1.4361748501740437,0.07605018713353161,0.4240764644079281,0.8479315462711763,0.3508878186796653,-1.4240838566899425,-1.6794861438362603,0.010634892700354339,0.44127106389093645,-0.5330940871987688,1.0412931031180817,-1.4289854966601951,-0.892475491952855,1.1058514153493904,1.3900601996140214,0.15078492327710682,1.2218355552834177,0.14882997683385293,1.2272966955171893,1.024460901277035,-1.6518644680943253,15
1.5564840877900208,-0.829717015977054,0.07605018713353161,0.634071036441254,1.0236816168794578,-0.3459494065997783,-1.4054783912419389,-0.5115392383200426,1.2420435211624474,-1.1153036782312002,-1.6827251775330494,-0.7595623828891158,-1.4521843675606931,-0.892475491952855,-0.938729712742573,0.42296858928572845,0.5440955327717942,1.2218355552834177,-1.4321919922213582,-0.004479185020135482,0.12598378655027084,1.537919587767231,15
0.8249540542837207,-0.708425449137656,-0.002944341522639078,0.5743204947484813,0.9261573144423323,-0.5537267491715006,-1.3394419996820337,0.24910430640907943,0.010634892700354339,0.45693027397205815,-0.4769978435275769,-1.1184247798208913,0.6477798606358915,-0.892475491952855,-0.2549892974039512,1.727476595429202,-0.43578096349728196,0.0005551274671892323,-0.024663999487005227,-1.2362550655574602,0.21710714008002024,0.3098316012818165,15
1.746140022402765,-1.3452061750444952,0.07605018713353161,0.6817857272512647,0.8758387261662466,-0.5817134186511933,-1.3530433784338072,-0.7465198501684757,0.010634892700354339,0.6877091323741248,-1.6013420358165358,-0.7692537561079772,-1.4592782297977698,-0.892475491952855,-1.0522693937587204,-1.1651206559976082,-1.3389932994851632,-1.2207253003490393,0.21448031568554035,1.2272966955171893,1.2095059328190272,0.8636602116104608,15
0.8791414641730764,-1.4058519584641942,-0.0621902380147671,0.6850110714786108,0.8651491542587386,0.3032251913934185,-1.4220081557343558,1.120280399551342,1.2420435211624474,-1.130923960259697,-0.8503730355158404,-0.8982859928735516,-1.4166456107349086,-1.4815682259151355,0.514187562512016,0.6815623136342511,0.7555036077150356,0.0005551274671892323,-0.6842658716934333,-1.2362550655574602,1.2015335238259717,0.6317248187099085,15
0.9062351691177541,-0.9813314745263014,0.13529608362565965,0.5638731287914579,1.0473522320294268,0.03201367604932545,-1.499271457192805,-0.6997189565958796,1.2420435211624474,-1.1932393499107894,0.9328610331844684,0.7612339252245162,0.217770894759408,-1.4815682259151355,-0.7897679508652113,0.2072986987113889,-0.736331862966577,0.0005551274671892323,0.13558375371160902,-1.2362550655574602,-1.4604529886404478,-1.3405211745037087,15
1.5835777927346986,-0.829717015977054,-0.0621902380147671,0.5261119072891486,0.8494606374547807,-0.31656334645795486,-1.4900790681046217,-1.3811367319026042,1.2420435211624474,-1.077827420550853,-0.09996851839991146,-1.2332933796152499,-0.6593068424436836,0.285709975971706,0.5957226595011483,0.3241526434933913,-0.26496352737010376,1.2218355552834177,-0.5876561420984855,-1.2362550655574602,1.6402769414635543,-0.40936772056063986,15
1.2042659235092097,-0.7993941242672046,0.13529608362565965,0.5641139103214496,0.8864577074105167,-0.3994325669706569,-1.5028866010420763,-1.0614602668388606,-1.2207737357617388,-1.7631990396100017,-0.674290702637481,-1.531808481015287,-0.18355508362985695,1.463895443896267,0.6413869944994375,-0.14289284009490963,-0.7566504822446147,1.2218355552834177,0.6267507133457975,-1.2362550655574602,-1.0302299031313022,-1.2967694747175424,15
1.8545148421814763,-1.4664977418838931,0.13529608362565965,0.804374279004217,1.0251849590891633,-0.3886494418668096,-1.3945428459584361,-0.7058395065364815,1.2420435211624474,0.9733134383215466,-0.3916190770728354,0.602138742246581,0.7321449101772901,0.285709975971706,-1.4008422852281235,-0.5773068538255274,-1.1014191939738511,1.2218355552834177,0.14576127878718587,-0.004479185020135482,1.1457772231615233,-0.7056358821557297,15
1.6106714976793763,-1.1935917164952479,0.056301554969488944,0.2780998441271069,0.9068611738416611,-0.4963224956354566,-1.4960772450499398,-0.3580448563940053,0.010634892700354339,-0.5213832506146312,1.6111791647962928,-0.26764302798285194,-0.24527649663321197,-0.892475491952855,-1.204001474230801,-1.4936692762878643,-1.1095270651297469,1.2218355552834177,-1.604876726382449,-0.004479185020135482,-0.00815568180551709,0.043150262828788796,15
0.8520477592283985,-1.07230014965585,-0.002944341522639078,0.6873228688768968,1.0191813810063204,-0.4011948639041467,-1.3969713288543086,0.6215637978179591,0.010634892700354339,1.0455106140954538,1.5631639347632864,0.8099029827363738,0.28781946555150345,0.8748027099339865,0.12595099860284348,-1.7102837747963298,-0.6377436648432843,-1.2207253003490393,-1.2157117643187767,1.2272966955171893,1.6056749140429627,-1.4262410935649787,15
0.9875162839517875,-1.1935917164952479,-0.002944341522639078,0.8051485514817859,0.9482493500076111,0.1764796136091179,-1.353211079765053,-1.0456131345175022,0.010634892700354339,1.3274874097264675,1.5515812628842756,-0.30162496328736876,0.7149763093606255,1.463895443896267,1.76808968238677,0.7177527906767661,0.32690846397262335,-1.2207253003490393,0.15424078523477647,-0.004479185020135482,-0.5209763078131279,0.5169219453543848,15
0.9333288740624319,-1.3452061750444952,0.09579881929757429,0.5115852501141438,0.9607999885981993,-0.028196172277579666,-1.3591025888722488,-0.8295951266037583,0.010634892700354339,-1.6248065045972497,-0.870299381392219,-1.4532985913996552,-0.08096266557053998,0.285709975971706,0.34052530549715637,-1.4145429092738873,-0.5648708639427893,-1.2207253003490393,1.5466336705776436,-1.2362550655574602,0.4395490835698505,0.4035894228217934,15
1.3397344482325986,-1.4361748501740437,0.09579881929757429,0.67874967912692,1.0081607482957606,-0.46987387448195533,-1.4522913292578323,-1.3011016785687342,1.2420435211624474,-1.4909032450195274,-0.39355315583578415,0.9091133609528095,-1.672681850824725,0.8748027099339865,-0.39472398031443096,-1.1068252308690385,-1.4235947604809638,-1.2207253003490393,-0.9352053882600757,-1.2362550655574602,-1.2732295229371824,-0.7064328920848659,15
1.529390382845343,-1.2542374999149468,-0.04244160585072442,0.7814484632913964,0.9945267892646971,0.11668104044604262,-1.3812581822134016,0.5958685650124426,-1.2207737357617388,-0.847393353138042,-1.2725546980177886,-1.135700214811377,-0.4752881926202345,1.463895443896267,-1.23856368179802,1.709292659933186,-0.9429804577682221,-1.2207253003490393,0.13825706541357005,-0.004479185020135482,0.9780860603796121,1.6854773180203,15
1.0958911037304986,-1.2239146082050973,-0.02269297368668175,0.690048801499534,0.9413524895501788,-0.4205054405173839,-1.3742178597470789,0.24344472235851236,-1.2207737357617388,-0.7435867645367307,0.5077871408842766,1.5970488110021026,-1.097230635402596,0.8748027099339865,0.14848990755666436,0.8880933106188885,0.9047707874821369,0.0005551274671892323,-0.5935116433938167,1.2272966955171893,1.598187566408733,0.4126811427253952,15
1.3939218581219541,-0.8600399076869035,0.03655292280544627,0.5113114637884657,0.9628853171900947,-0.4779477471093208,-1.5124631533038653,-0.1923560454148055,1.2420435211624474,-1.4786510411252125,0.03220617157778248,1.5809785481478889,-1.5349521181567136,1.463895443896267,0.09395159070693015,-0.421278164882672,0.6060941914329584,1.2218355552834177,-0.1145683022159878,-0.004479185020135482,0.14319702817453786,-0.5492552093525737,15
1.8003274322921206,-0.8600399076869035,0.09579881929757429,0.6918071853714343,0.927439771392694,-0.07179567172620922,-1.436748851412717,1.5136692713330313,1.2420435211624474,-0.656524924753832,0.21805811327189625,0.6567167980387058,0.8535235063395432,-1.4815682259151355,1.1939218954323794,0.34919412364362545,1.2360109701194237,0.0005551274671892323,-1.2955700455160004,1.2272966955171893,1.2915636488852158,-0.09293665083199092,15
0.9333288740624319,-0.9813314745263014,0.07605018713353161,0.7924317438529667,0.8364681775789549,-0.5096348294286129,-1.4517515009566166,1.3548395223331318,-1.2207737357617388,-0.9806098397230036,0.6699374169808061,1.5391831569892447,-1.055151504344846,-0.892475491952855,1.6216725973999446,-0.6334190655231678,0.44048933727677686,-1.2207253003490393,-1.174791722986258,1.2272966955171893,-1.1252875926719068,-0.40561949367178834,15
1.4481092680113097,-0.8600399076869035,0.13529608362565965,0.828768643190009,0.8485217150531579,-0.4467493423302498,-1.4701005068529227,-1.7099393629164568,-1.2207737357617388,-0.08908703642025678,1.3217539694017393,1.0714383064836293,-0.05075255148135156,-1.4815682259151355,-1.283789075962235,0.10242297968392584,0.1454907555101937,0.0005551274671892323,-0.7199489354272641,-1.2362550655574602,-1.6174051642589142,1.7410871504286032,15
1.3939218581219541,-0.890362799396753,0.11554745146161696,0.41621708805440316,0.8741371032898224,0.2959419341999773,-1.4677168995556713,0.37604757237206216,1.2420435211624474,-1.2604721365616678,1.1481681139458755,-0.38592258510217137,-0.602402688985702,1.463895443896267,-0.9922337348173926,1.334232496292849,1.5604194808574208,1.2218355552834177,-1.6865753720149186,-0.004479185020135482,0.037709380851641175,-0.3916454498365119,15
1.7732337273474428,-0.8600399076869035,0.03655292280544627,0.7199237237106678,0.963301927267456,-0.49187523147794066,-1.3605634499196058,0.8262456979541184,-1.2207737357617388,0.26015058310536215,-1.1167535784826472,-1.6664576351951788,0.5451061711509446,-0.3033827579905745,0.6791786767762422,-0.01848206151307717,-1.043886718055141,-1.2207253003490393,0.38382865131456584,1.2272966955171893,-0.21223103711884,0.354643661226867,15
1.3397344482325986,-1.1026230413656994,-0.002944341522639078,0.8121655421032284,1.0250239859963448,-0.13140922282567874,-1.4002868051937174,1.1864504155902211,-1.2207737357617388,1.349077813355941,-1.1225574531026277,-0.09163845728233672,-0.05889702709419455,-0.3033827579905745,0.6212412383896679,0.2911664366683386,-0.805164169917257,0.0005551274671892323,-0.6359490853694927,1.2272966955171893,-1.1172360975860782,1.6484864808969373,15
1.6106714976793763,-0.8600399076869035,0.11554745146161696,0.6508146227203767,0.8671806945676839,-0.056282345251341376,-1.4563357002464448,1.3945792167205757,1.2420435211624474,1.5947059829598942,-0.35415760891531467,0.35079632881847617,-0.4896587997806665,-1.4815682259151355,0.6013370691993009,1.1456691548673668,0.11805872423254393,0.0005551274671892323,0.8573887985617756,1.2272966955171893,1.3872388002736338,0.512457866692321,15
1.4481092680113097,-0.8600399076869035,0.056301554969488944,0.6611962200690339,1.0064824506274155,0.000650343246623104,-1.454200562459278,-1.075516018757891,1.2420435211624474,1.1303312002284414,0.8445895227258273,1.6146965428395128,-0.8073418932161486,1.463895443896267,-1.688266244428908,0.5683310356646324,0.8681440644551696,-1.2207253003490393,-0.6742186350183507,1.2272966955171893,-1.152110391133674,0.839882832515755,15
1.529390382845343,-1.2845603916247963,0.11554745146161696,0.5875007383794097,0.8919814544384895,-0.48524460668060665,-1.3472084306022378,1.562942714823564,0.010634892700354339,0.8494433672975079,-1.484838966724687,-1.1172091865325517,-0.17366003987153447,0.8748027099339865,0.765743436050537,1.1506077570672741,0.6899912592363361,1.2218355552834177,-0.7025344412073223,-1.2362550655574602,0.05027342576245359,1.2699698908402481,15
1.285547038343243,-0.829717015977054,0.07605018713353161,0.34028643761236493,0.8632924108191212,-0.41277454813177117,-1.3608389660354054,-0.4964060338384411,0.010634892700354339,0.40569900484164545,0.4061425619673002,-1.4978818556700335,0.3659818384915036,-0.3033827579905745,-1.2876481076281638,0.5984852441268667,0.1698187369152398,0.0005551274671892323,-0.23795155890938385,1.2272966955171893,0.34359506486361246,0.9917515055742552,15
1.0146099888964653,-1.1026230413656994,0.07605018713353161,0.8469792313052592,0.8657747401222066,0.22937597321549796,-1.421131992216933,0.6712747769039966,-1.2207737357617388,-1.3559391368122085,1.463378800621853,0.3731003267569811,0.5900433178275983,1.463895443896267,-1.0858904363939863,0.8986878785098027,1.1649860697734338,1.2218355552834177,-0.3549490032950125,-0.004479185020135482,-0.5213216753472755,-0.1192820355001279,15
0.9875162839517875,-0.8600399076869035,-0.04244160585072442,0.3576964248688318,0.8331636732152492,-0.11604258620283568,-1.4871497805677916,0.9729738734857254,0.010634892700354339,-0.93052747395992,-0.29529348645569603,1.2364906447032475,1.507811958105761,0.285709975971706,1.4998534899057039,0.9229829654771922,1.2741123642639272,0.0005551274671892323,-1.2132909387090707,-0.004479185020135482,0.5770437538025193,-1.4876976109162945,15
1.881608547126154,-1.3755290667543447,-0.04244160585072442,0.7783220544402885,0.8638217549844602,0.3403557501758608,-1.3667681147140596,-1.0620052016990413,1.2420435211624474,1.459515370055826,-0.44540765463064336,-0.38994231585668854,1.409325765409851,1.463895443896267,0.21901611306383378,-0.7926935958959147,0.6583681636511136,0.0005551274671892323,0.0018240543327757706,-0.004479185020135482,0.026749013254984567,-1.3971467432897275,15
1.2042659235092097,-1.2239146082050973,-0.04244160585072442,0.8344459124840121,1.0010152705648019,-0.44388356364090903,-1.459282349589337,-1.1342977398770544,-1.2207737357617388,0.8936219765211788,-0.799304212385293,0.9794317441856917,-0.4253624001214085,-0.3033827579905745,1.3736761239738282,-0.7789860733545676,0.44246040416318766,0.0005551274671892323,0.2680528375605648,-1.2362550655574602,0.7461070419983968,1.2692045180217537,15
1.5564840877900208,-0.951008582816452,-0.02269297368668175,0.5766235318218595,0.9095590201783667,-0.3985160510291271,-1.4256688036186218,1.5245396116755936,0.010634892700354339,0.2956548623963743,0.17226648817175053,1.3772652668149798,0.6790620773675254,0.285709975971706,-0.3562057879894318,1.0513362356419949,-1.2454480570235604,-1.2207253003490393,1.598778069237132,-0.004479185020135482,1.5619210019084233,-0.5725020437665291,15
0.8520477592283985,-1.2239146082050973,0.07605018713353161,0.29611411405253557,1.0507013435679662,-0.03446798896413776,-1.400366768216889,-1.3257976087081962,0.010634892700354339,0.12587431971472657,1.0183143571415025,0.9342392589531867,0.31341257775346365,-1.4815682259151355,-1.3556985237714223,-0.9398676526918462,-0.521596061336284,1.2218355552834177,-0.8191328783449887,-0.004479185020135482,1.4987754618498226,-0.24999699028211814,15
1.881608547126154,-0.9206856911066025,0.13529608362565965,0.4402254231405559,0.9041336897234693,0.33934089130418854,-1.4011093810879651,-1.3956695586858345,1.2420435211624474,0.22700949213559127,0.14878971022297513,1.3390791023944875,0.6240448841380751,0.285709975971706,-0.0650810568641451,1.4311217593029422,-0.915449285596371,1.2218355552834177,0.25601364216525613,-0.004479185020135482,-1.2042533471076773,0.987490419715287,15
1.6106714976793763,-0.951008582816452,-0.02269297368668175,0.674619795304239,0.9137955067519665,-0.29182927886099685,-1.4291338896743937,-1.4897808665794445,0.010634892700354339,1.1749889675628167,0.9460393136555812,-1.621571308019651,-0.9949541588085242,-1.4815682259151355,-1.0621256065646452,-1.3135487367547993,0.25322675893775337,1.2218355552834177,0.8982741457674731,1.2272966955171893,0.2632541220185758,1.0264123276744637,15
1.2042659235092097,-0.9206856911066025,-0.0621902380147671,0.43613988019127187,0.8574249360599636,-0.26270532523186063,-1.4973549491987905,-1.1209156662872133,1.2420435211624474,0.4005853904949316,0.2622134356896649,0.6828939889789145,1.108748627079469,-1.4815682259151355,1.6736562446366032,0.17440827059140415,0.2837011833489209,1.2218355552834177,0.7196745327953128,-1.2362550655574602,0.08530048424348902,0.16938474199607806,15
1.5022966779006652,-1.3148832833346458,0.016804290641403596,0.4168388893979088,0.9221135561125111,-0.15360842366109922,-1.5151702520920574,1.4642732557630211,-1.2207737357617388,0.5754044044350799,1.5164407949118737,-0.16424334213937772,-0.22329229200674594,-0.892475491952855,0.967908986231321,-1.1839848762003988,1.0233864007217128,1.2218355552834177,1.146319107480797,1.2272966955171893,-0.9234333608377073,-1.310747815592767,15
1.3126407432879208,-1.2542374999149468,0.07605018713353161,0.6085491522683687,1.02547619465684,-0.6029669446995801,-1.478646989472736,0.6974454701390114,1.2420435211624474,-0.309937749002144,-0.28699581758049286,-1.417356804341245,-0.8382819968784537,-0.3033827579905745,-1.6821235034097128,-1.3930236607894626,0.49083290267554747,0.0005551274671892323,1.7090194325007217,1.2272966955171893,-0.6765437175076621,-1.4420978856153592,15
1.5022966779006652,-1.0116543662361508,0.056301554969488944,0.8126169763614515,0.8755378000279066,-0.16401295291001936,-1.510090915190467,-1.006126482878159,1.2420435211624474,0.49538378671189187,0.6171901077509542,-0.5424923823736062,-1.2201467428940826,-0.3033827579905745,0.041440051598450364,0.8262049698153094,0.41883728659844727,0.0005551274671892323,-0.7590927305124601,-1.2362550655574602,0.028574507189131293,-1.4995232627880808,15
0.8791414641730764,-1.2845603916247963,0.09579881929757429,0.7752399370808128,0.9630371352319642,-0.39490037874182565,-1.4832472088851771,0.1705157457336313,-1.2207737357617388,-0.2692868137082906,-0.40652413301952856,-1.583381367946175,-0.16442438196804812,0.285709975971706,1.059551508700989,1.0891882193988047,0.5307915865119385,0.0005551274671892323,0.5792714654802593,-1.2362550655574602,-1.521997750481833,1.361027286029493,15
1.8003274322921206,-1.0419772579460003,0.13529608362565965,0.6294941074115213,0.912072292816872,-0.4494079293417752,-1.425039200460527,0.10639074271516852,0.010634892700354339,0.012142431358328164,0.9743635291643307,-0.9268966595110615,-1.5008725548039883,-0.3033827579905745,0.7141583050876672,1.6690745127626518,0.878500205192348,-1.2207253003490393,-1.4589409172209817,1.2272966955171893,-1.2859179770847033,-0.015173088103062657,15
1.285547038343243,-0.829717015977054,0.016804290641403596,0.33068257934109885,0.8559115308418067,-0.43853238044227727,-1.4554008229723663,0.7348031210618668,1.2420435211624474,0.18053148915355188,0.624423310247066,-1.099700910292294,0.26330535465783506,-0.892475491952855,-0.24646869174138325,1.2941050142145964,1.626206710341545,-1.2207253003490393,-0.5211310659532054,-0.004479185020135482,-1.56619953117622,-1.5510500207850229,15
1.6919526125134097,-1.0116543662361508,-0.002944341522639078,0.365344587517288,1.0510477938238718,-0.03734403179455648,-1.386539518184884,0.5599193314114157,0.010634892700354339,-0.9285216715769093,-1.5915084052139519,1.5695769661489183,-1.375537257482839,-0.892475491952855,-1.1954049946044216,1.0946207238676553,0.7540715030440909,0.0005551274671892323,-0.8244033090967547,-1.2362550655574602,-0.5449534147533345,-0.4205878689900099,15
1.3668281531772764,-1.1026230413656994,-0.02269297368668175,0.7659644971682077,1.0444446816537138,-0.3675896653744373,-1.4042076202768896,-1.5800582014911408,0.010634892700354339,-0.17534901399536118,1.2421137684713328,0.09352511297510459,1.21270244755323,1.463895443896267,1.2445060713779563,0.14406342901727684,-1.061158494809735,1.2218355552834177,-0.8974789085059516,-1.2362550655574602,-1.6533988217315598,-0.1538683771847819,15
1.285547038343243,-1.4058519584641942,-0.0621902380147671,0.42969526569353245,0.9447416967795179,-0.4029085696545267,-1.39427025435584,-0.9995507527488522,0.010634892700354339,-0.035689272997124044,0.9410784763268205,1.0366116356440087,-0.3865436686909173,0.8748027099339865,0.5871639141432455,0.3732857805062474,0.19620714199467573,0.0005551274671892323,1.095441983687626,-0.004479185020135482,-1.5779186041115119,-0.31296825401499956,15
1.1500785136198541,-0.951008582816452,-0.002944341522639078,0.6931409137280123,0.900370921103442,0.39741936010664963,-1.4843556310569932,-0.26783909301011044,1.2420435211624474,1.3918369899093082,-1.7442545222114243,-1.231529591372882,1.6729983562931066,0.285709975971706,1.0929965044239707,0.5748049327303454,1.6130424672804107,1.2218355552834177,-1.4982927712171255,1.2272966955171893,-0.6375951460467479,1.5552539926723064,15
1.2042659235092097,-0.9813314745263014,-0.02269297368668175,0.45725507995293235,0.9919619980123648,-0.048476403926870706,-1.5069801793449593,1.3470991815357698,0.010634892700354339,1.7069678072423136,1.523848315116733,0.8380144474497307,0.4550945767868959,-1.4815682259151355,0.5750784178581693,0.9130578934989111,1.1870843979110943,1.2218355552834177,-0.029333986514689766,-1.2362550655574602,1.0652774349696437,-0.9578409302899212,15
1.5835777927346986,-1.2542374999149468,-0.002944341522639078,0.7587949741793145,0.9274360492611249,0.30922150209427185,-1.5051448839669757,-1.1343195004835174,-1.2207737357617388,-0.1248307757451465,-0.7077736300695451,-0.4224539874931292,-1.0104091031499927,-1.4815682259151355,0.006222827253324947,0.21588564667507004,-0.9644018660402724,0.0005551274671892323,0.537739711832859,-0.004479185020135482,0.04205423516009664,1.5930900935244952,15
1.8274211372367986,-1.2542374999149468,-0.02269297368668175,0.46467823755731175,0.9296419502064766,-0.5928703590688138,-1.3561701708013703,0.18152362865160934,-1.2207737357617388,-1.1241808373981579,-1.2935214414355352,-0.323857775676825,1.4599743260034805,0.285709975971706,-0.47353801880986046,0.06644860825621735,-0.35612617336201463,1.2218355552834177,-1.5852265355597257,1.2272966955171893,-0.8290535370661758,-0.10690927018732142,15
1.3397344482325986,-1.1935917164952479,0.016804290641403596,0.7649404556796265,0.8802813357153964,-0.1337923516698353,-1.409469436501365,-1.1354849333428392,-1.2207737357617388,1.1894018889064812,-0.6063931564116997,1.276034125775145,1.1111578974204284,1.463895443896267,-0.540830837206455,-1.1465488472048886,-1.5182263058738101,0.0005551274671892323,-1.386570129001694,1.2272966955171893,-1.2154841660081241,1.3187422161620905,15
1.041703693841143,-1.3452061750444952,-0.02269297368668175,0.7615297579893046,0.866576786470356,0.2570593529642223,-1.3597265568506602,1.643156562696776,1.2420435211624474,-0.5420351080592711,-1.1818940881638453,0.6792047166357602,0.9688277816581391,0.8748027099339865,1.2038305460334855,0.7776573302783759,0.3711438636443526,0.0005551274671892323,1.4957611361561245,-0.004479185020135482,0.538648406925468,-1.2520717318322803,15
1.2042659235092097,-1.132945933075549,-0.04244160585072442,0.28848483696584665,0.8384049470719385,0.35826964367866454,-1.4379998427387393,0.4914040035876683,1.2420435211624474,0.3567670200194914,-0.8105483692873221,-0.1324198454431958,0.288729230776693,-0.3033827579905745,-0.7788331037388161,0.9757988402264205,1.3846076335804238,1.2218355552834177,1.1896998223199575,1.2272966955171893,1.1823960464777248,1.569565371986784,15
1.2042659235092097,-1.4058519584641942,-0.0621902380147671,0.3326043753706618,0.8679001715930865,-0.5658256151601814,-1.4262905004538213,1.530609841256144,-1.2207737357617388,-0.12539205944004383,-1.5538697741084375,-0.7690219432176033,1.4405578515703188,-0.3033827579905745,1.1202584266088471,0.16988899384062697,0.1693167534232311,1.2218355552834177,0.022039567830370144,-1.2362550655574602,1.020591337463124,-0.1345945530257465,15
0.9875162839517875,-1.4361748501740437,-0.0621902380147671,0.8317963240682873,0.8674473281260842,-0.08879737620064468,-1.4672910002353563,1.0613304457081896,-1.2207737357617388,-0.32204198609241136,-1.3807910971407815,0.9570065802220618,-0.5333623544885056,1.463895443896267,0.6375902982212316,-0.6053806252599182,-1.6916554066319847,-1.2207253003490393,1.111746283608702,1.2272966955171893,0.29461754731770895,-1.4976078017512913,15
1.1500785136198541,-1.0116543662361508,0.03655292280544627,0.8522045290674484,0.9770552586744959,-0.02673610531735514,-1.4398802637795134,-1.5838369520335656,0.010634892700354339,-1.0315873745159208,-1.1223402836548149,-0.0962334404382016,1.404987359156498,-0.3033827579905745,0.25879924919070346,0.8899212529334057,-1.232819582320046,-1.2207253003490393,1.6596662030245612,1.2272966955171893,1.4415545218898633,1.4836564344489733,15
0.9062351691177541,-0.7387483408475056,0.016804290641403596,0.8547485214946274,1.0074973498884607,-0.2818177349088026,-1.511913638383024,-1.067469658575249,-1.2207737357617388,-0.14407566576364772,0.9735351027959129,-1.1462135124955528,-1.5730462325271701,-1.4815682259151355,-1.5626335173568646,0.377996906673611,-0.45053101796919987,1.2218355552834177,-0.1710969048500069,-1.2362550655574602,0.46436583922258506,1.056246683043243,15
1.6377652026240541,-1.4664977418838931,-0.02269297368668175,0.47738748780099133,0.8981536524942276,-0.2520507745852409,-1.4975532819348418,1.6517177775675913,-1.2207737357617388,-0.02309170950703262,1.408819713950281,1.6265620497077729,1.4288312400517762,-1.4815682259151355,-1.334330341067867,0.9958888488470702,-0.8786449465856994,1.2218355552834177,-1.6426190660787725,-0.004479185020135482,1.4825473312855333,-0.862510223984738,15
1.6377652026240541,-1.4664977418838931,0.07605018713353161,0.8430576496388502,1.0133243965033047,-0.4309901378518254,-1.5008137417909617,1.4872880393652157,1.2420435211624474,-1.4195293931270858,1.4560242815471909,1.5633277466805922,-0.19396074057615367,-1.4815682259151355,-1.413328841487726,1.323240012860055,-1.229244133796173,1.2218355552834177,0.44468907770186566,-0.004479185020135482,0.5273290677648743,-1.3586722121247292,15
1.6377652026240541,-1.1632688247853984,0.11554745146161696,0.4127512408102133,0.9627708974729497,-0.3559104401735084,-1.481486132698346,-1.0808705979671611,-1.2207737357617388,-1.493309924700674,-0.5224523618786224,0.33320213531135984,-1.3628281775302562,-1.4815682259151355,-1.1473780902502295,1.609395242528204,-1.3973622073115781,-1.2207253003490393,1.570027325291294,-0.004479185020135482,-0.7686623154812909,-0.6353639693121346,15
1.041703693841143,-1.2845603916247963,-0.02269297368668175,0.8238648444137302,1.0410133103336052,-0.18307586156309152,-1.3758572695235272,-0.8368061383037064,0.010634892700354339,-0.22423539778031043,1.0626211408214055,-0.7284400746583164,-0.7390796739330113,0.285709975971706,-1.5665290183296348,1.545970318979098,-0.906961420450063,0.0005551274671892323,1.3186085536367096,-0.004479185020135482,-0.027315380643929292,-1.7246642766612112,15
1.6106714976793763,-1.1632688247853984,-0.002944341522639078,0.5850664663056934,0.9607095697784371,-0.33203094697267743,-1.3807207155080123,0.8670846446529441,-1.2207737357617388,-1.0050812333664016,0.8986455996400261,-1.5406568234363947,-1.3025812761778524,-0.3033827579905745,1.1966078586166549,1.2641175590988603,0.44188674235291947,0.0005551274671892323,0.583096141166421,1.2272966955171893,0.30832407376824517,-0.5993435222061925,15
1.2042659235092097,-0.708425449137656,0.07605018713353161,0.7633344876342136,0.8470918926917034,0.22098635999653066,-1.4091512462252238,-1.7208955826798986,-1.2207737357617388,-1.494514008588995,1.2222687804616352,-0.4683250687163494,-0.6668949689037497,0.285709975971706,-0.724985311211154,1.58864158212307,1.2141822507234885,1.2218355552834177,-1.241671128738924,1.2272966955171893,-0.5388549503931064,-1.6834422318465256,15
1.746140022402765,-1.2542374999149468,0.07605018713353161,0.3750403887070308,1.0548843217485326,0.27925011450963605,-1.5004885943073871,-0.8545066133053538,-1.2207737357617388,-1.6581647421383738,1.0755437044268845,0.16371022490833487,0.3114402914477018,1.463895443896267,1.5965969645632732,-1.3190810979304877,1.4189529468116204,-1.2207253003490393,1.6046451930353052,-1.2362550655574602,0.06349865332851488,-1.0060982704649928,15
1.881608547126154,-0.8600399076869035,0.03655292280544627,0.48163688734381227,1.0483335117042665,-0.18386743982566175,-1.4853695588202211,1.258712357398153,1.2420435211624474,1.4001451157003282,1.533772200595073,0.10710244180172086,-0.31915123166573967,-0.892475491952855,-1.2442596827442909,0.7480299985200461,-0.3933718418605139,-1.2207253003490393,-1.454550071852284,-0.004479185020135482,-1.4643990664543292,-1.092963142916053,15
1.3939218581219541,-1.2845603916247963,-0.0621902380147671,0.6746397435615639,0.9723929737272355,-0.1473805494400169,-1.443378821488585,-0.1111793938955876,-1.2207737357617388,0.8698721806683636,0.5096212450906369,1.6997648965948444,-1.2765030238107726,0.285709975971706,0.2425548275825145,0.025501293081999866,-1.4390008719838536,0.0005551274671892323,-0.3162022834940794,-1.2362550655574602,-0.2804688714821401,-0.7934172908108568,15
1.177172218564532,-1.4664977418838931,0.13529608362565965,0.5865014904868227,0.9169602202535536,-0.49601535588229273,-1.3937333720434997,1.2206752501272298,-1.2207737357617388,-1.1199822624771858,0.4659088841681842,1.4769887792935326,0.2854184625719063,1.463895443896267,-0.08157590362694832,0.3636531958742573,1.492772571355394,0.0005551274671892323,0.553149109930188,-0.004479185020135482,0.23423459009750391,0.2181649089879585,15
0.9062351691177541,-1.07230014965585,-0.04244160585072442,0.2907274880431187,0.9857804490276606,0.4026695535656543,-1.4221636812701035,0.9956588285877767,-1.2207737357617388,0.8138570157538279,-0.9143157671738871,-1.55877712015482,1.7196852422710263,-0.892475491952855,-0.6518337732377524,-0.2825267649090675,-0.04003738697765398,0.0005551274671892323,-1.2227835730500352,-1.2362550655574602,1.3167773709184045,1.138041094709372,15
1.529390382845343,-0.951008582816452,0.11554745146161696,0.4700893984022797,0.8699869953272706,0.20784350084603356,-1.4895510476005411,0.001767503756434649,0.010634892700354339,0.6271008386875663,1.3067278625480812,-0.201549774626653,-0.5019461050800731,-1.4815682259151355,-1.4773485450974966,0.46252124154577823,-0.7084224593405372,0.0005551274671892323,-0.3310723093919003,-1.2362550655574602,0.8671720526729887,-1.013192164026649,15
0.7978603493390429,-1.07230014965585,0.07605018713353161,0.4458048375313142,0.88354989017347,0.019798853182030788,-1.445268548410817,-0.9266078139580648,-1.2207737357617388,0.38708642472653276,-0.5774184824089853,1.7047605546929085,0.20180818543050233,0.285709975971706,-0.6597429267862948,1.0076008364603537,1.519288144085426,-1.2207253003490393,-0.12668241450512696,1.2272966955171893,0.7523104550307503,0.1956909548523188,15
0.9604225790071097,-1.07230014965585,-0.0621902380147671,0.6616409305062912,0.8642241477322332,0.1257222056252144,-1.477913349792214,-0.635302194022619,1.2420435211624474,0.6501044603664761,-1.4473341091617962,1.4126113755998282,0.750031611379558,0.285709975971706,1.2780959651405102,-0.6978490230377176,-0.01579964909142583,0.0005551274671892323,-0.29673048276043257,1.2272966955171893,1.123576312356778,-0.6154977363218124,15
1.6919526125134097,-0.7690712325573551,-0.002944341522639078,0.6441389549001247,0.9437464563034098,-0.3863715650560698,-1.4381597979046365,-1.1880325356741417,-1.2207737357617388,1.673208642828082,-0.017254773173471044,1.3158341939609297,0.0280519626795032,-1.4815682259151355,0.8092769741686965,-0.6738664037440835,0.950601072534637,-1.2207253003490393,0.8249545945719489,1.2272966955171893,1.3087579605690691,-1.4918668660306684,15
1.746140022402765,-1.07230014965585,0.09579881929757429,0.7020658853367625,1.0205480277656773,-0.5906206924911962,-1.4813428457471345,-1.6719964470178428,-1.2207737357617388,1.5525932011495105,-0.4103131481642014,-0.3932160635029875,-1.2047122442109948,-0.892475491952855,1.551259942688544,-0.991260591930937,1.5017238224976939,-1.2207253003490393,1.604877821420122,-1.2362550655574602,-0.5234651568793932,0.41628109253942724,15
0.8520477592283985,-1.0116543662361508,0.11554745146161696,0.7356089303978982,0.8326291391810038,0.09262575670511572,-1.4927106749951558,0.4130776058593195,-1.2207737357617388,-1.4973674758725304,1.6039407222304545,0.7516274172679414,0.6785093811374554,1.463895443896267,-0.37862166430313404,1.6022730789075155,-1.4055552595539305,1.2218355552834177,0.4467516825530911,-1.2362550655574602,-0.9072563272892868,-0.5798736010319402,15
1.285547038343243,-0.951008582816452,-0.02269297368668175,0.6827343627864464,0.9180008554599142,-0.16552787654768045,-1.3582082824167292,-1.168973709504233,1.2420435211624474,1.133698934422556,0.2633485716740622,-0.9942579545315127,0.01863147419273377,0.285709975971706,-0.4893826285785421,-1.6844645349911536,1.6702031330137943,1.2218355552834177,1.190869113953918,1.2272966955171893,-1.2423990350596366,1.232667433350387,15
1.8003274322921206,-0.8600399076869035,0.11554745146161696,0.6057198379354761,0.9447032242705357,-0.41200497664259306,-1.3531816466298932,-0.8268396818119598,-1.2207737357617388,-0.20575341005565723,-0.26595008601395054,-0.9261981892485752,-0.6101699989033373,-1.4815682259151355,-1.182723997533852,-1.5235198073061922,0.4361555109234801,0.0005551274671892323,-1.5727805631254614,1.2272966955171893,-1.0717475857181158,0.9215916309978537,15
0.8791414641730764,-1.1632688247853984,0.016804290641403596,0.653975592880368,0.894560033975672,-0.04067390423016392,-1.4607621965858777,0.4162034899410732,1.2420435211624474,0.3484060364447236,-0.0901048174615409,1.7402295603729532,0.6708162669266382,-1.4815682259151355,-0.898423297127174,-0.2163522508186815,0.5605446214704124,-1.2207253003490393,-1.1694669494482428,-0.004479185020135482,-0.9616459949277756,0.8357857827278172,15
1.881608547126154,-1.132945933075549,0.056301554969488944,0.4706624263652655,0.9057179911026871,0.10023994521217237,-1.4592076561134495,1.2188882934757597,1.2420435211624474,1.1022249461800255,-1.5086537813932106,-0.9361244028379854,1.6877423887653504,-1.4815682259151355,0.10391951379533089,1.4369313261919245,-0.0774810854194659,0.0005551274671892323,-0.6150466140784269,-0.004479185020135482,0.3703504702064638,-0.4593373174845269,15
1.6377652026240541,-1.4664977418838931,0.03655292280544627,0.39056173287491364,0.9127039634781643,-0.08993544353687719,-1.4308801767677555,0.8358700341360332,1.2420435211624474,1.4480211896540702,-0.45381560820166633,1.397917623869626,1.437521482066694,-1.4815682259151355,-0.7655481644717091,-0.03428943227228062,1.087695045745184,1.2218355552834177,-1.667604909181189,-0.004479185020135482,-0.10122665965784036,1.0256113198161263,15
0.9333288740624319,-0.9813314745263014,-0.02269297368668175,0.8408858929970316,0.8593269866238388,-0.36537052757301486,-1.4335274430624279,-1.1914314353017852,-1.2207737357617388,0.652084633557026,1.5410076790097487,1.352636713276481,-0.5057056838650296,0.8748027099339865,0.34296579393140947,1.0410695358215343,0.5662389583384756,-1.2207253003490393,-0.6968631737474255,1.2272966955171893,1.5843365387626165,-0.5764992211300105,15
1.0687973987858208,-0.9206856911066025,0.11554745146161696,0.581180062232581,0.8525164391852744,-0.4012335734928603,-1.386778207710773,1.0605720649648565,1.2420435211624474,1.396526021493905,-1.2965370344374498,1.7249958587152707,0.5047808509331762,-1.4815682259151355,-1.5662177282723113,0.8088228662545996,-0.8940097552375668,1.2218355552834177,-1.5110061743144672,-1.2362550655574602,-1.4789589851498584,0.07675664680552936,15
1.3126407432879208,-0.7387483408475056,0.13529608362565965,0.7066615537582412,0.8976528548541793,0.24745956365160013,-1.4010373418594213,0.9973124971633275,-1.2207737357617388,-1.2582475553505998,-0.2974615134363863,-1.0549262684952831,0.1531581483118968,1.463895443896267,1.1384826291793186,-0.41016802820866866,-1.4441391705520883,-1.2207253003490393,1.6010424150340352,1.2272966955171893,-0.8553586142778331,1.2924938898245357,15
1.3939218581219541,-1.2845603916247963,-0.02269297368668175,0.4684484463400851,0.9569486934478685,0.04578529849223222,-1.3889766088209083,1.438024866228687,1.2420435211624474,1.2700688064597567,-1.4672692936957503,1.7660296452068627,-1.6399323906165857,1.463895443896267,0.4328291966884074,-1.40450824025186,-0.7409525799620138,0.0005551274671892323,0.289295917372518,1.2272966955171893,0.546778505606476,-1.5551221568511329,15
0.7978603493390429,-1.07230014965585,0.056301554969488944,0.4814846789207326,0.9136095965007884,0.3057441811752094,-1.5050775348065921,-0.3324338984507184,1.2420435211624474,-1.5659142605729195,1.0915492428789153,-1.1585581355841155,-1.4297514076314357,-1.4815682259151355,-0.05115168076055894,-0.12305573978856531,0.16632933059604307,0.0005551274671892323,0.6622156452981206,-0.004479185020135482,0.1019488312240747,0.31945236581849307,15
0.9875162839517875,-0.9813314745263014,0.07605018713353161,0.3425881097737911,1.0247392507933835,-0.5193001014282339,-1.3877508599622361,0.07840134441642377,0.010634892700354339,1.0801285520595716,-1.44539158254301,-0.6986835689829236,-1.0552971198019332,-1.4815682259151355,-1.4641542057000458,-0.8452860442385628,-1.287436061518306,0.0005551274671892323,-0.953777732200644,1.2272966955171893,-1.6242469081218953,-1.7211538971907951,15
1.7190463174580874,-1.3755290667543447,0.07605018713353161,0.7357027972298951,1.0364271841966757,-0.06513241543830849,-1.3692482804502837,-0.22612909390671185,-1.2207737357617388,-1.115048332814154,0.5513092891073252,-0.7064202370883567,0.49049606036643484,-0.3033827579905745,-1.5157100725279218,0.5550461747121308,0.39750104083944277,-1.2207253003490393,-1.2354939930531736,1.2272966955171893,0.3395518436423028,-0.5074448079568096,15
1.3126407432879208,-1.4361748501740437,-0.04244160585072442,0.5922863586937134,1.0216544079006824,-0.09447540289140653,-1.3554772637349286,0.39683237044900443,0.010634892700354339,0.694231922556811,-0.9118019162649094,0.07028413946755589,-0.5468145371227242,-0.3033827579905745,-1.2538999860508655,-1.5478030903678108,-0.35115848493991225,1.2218355552834177,0.27480106238204094,1.2272966955171893,0.16359405075137168,0.6279633416593494,15
1.041703693841143,-0.8600399076869035,0.03655292280544627,0.2829360807493575,0.8924612028292428,-0.12091148142476749,-1.4265339808743263,1.1194712099935182,-1.2207737357617388,1.5276734649893262,0.9715139757811453,0.27556879323171735,-1.2615612238328082,0.8748027099339865,-0.06512704390773193,1.3340350358691375,0.585834909372397,-1.2207253003490393,-0.640228614391572,-1.2362550655574602,-0.1596857129570042,-1.4516711360149277,15
1.2313596284538875,-1.2239146082050973,0.13529608362565965,0.7725849344484993,1.0374712917452087,0.29835754978730755,-1.4983502624691447,-0.5700834227778524,-1.2207737357617388,0.1332707895012217,-1.1933946118101528,-0.16469558120864258,-0.7808205271417903,0.285709975971706,0.6834621550942558,-0.5862992789641273,1.3752036318486436,0.0005551274671892323,0.32585328028964194,1.2272966955171893,-1.667811916692695,1.7153897407515502,15
0.8520477592283985,-0.829717015977054,-0.02269297368668175,0.5704423552073664,0.987759169212199,0.1238528330996254,-1.4425751139733223,-0.7758379682074168,-1.2207737357617388,1.5536689500628622,-1.3583270791445021,-1.1650039938019034,1.126306131561636,0.285709975971706,-1.6926402165626808,-0.8398881061885743,1.3767914612520609,-1.2207253003490393,-0.7142339188321072,-0.004479185020135482,-0.15023784090219014,0.006304350095804278,15
1.5022966779006652,-0.9813314745263014,0.07605018713353161,0.6477982798950782,1.0471455070434597,-0.23646128901070096,-1.463756352115097,-0.806122084041944,0.010634892700354339,0.023111675984397152,0.8374256320168526,-1.3671697721665166,0.8972811003780522,-1.4815682259151355,1.4512878239647817,0.0009309798718203176,-0.4136141922810092,-1.2207253003490393,-0.7088528157047596,-1.2362550655574602,-0.5500285605826644,1.4680934618416752,15
1.0687973987858208,-1.1632688247853984,0.07605018713353161,0.28306232819154603,0.8940480906069456,-0.02768098399372538,-1.4524502428536836,-1.4518985759713132,-1.2207737357617388,-1.5668881505715895,-0.38313309418874175,-1.529834160161305,-0.20276361299963147,-1.4815682259151355,-1.249237594615973,0.2240274045933349,-1.3426312256701938,-1.2207253003490393,-1.4293735438177215,1.2272966955171893,-0.06383926533169741,1.538296295653468,15
1.5022966779006652,-1.132945933075549,0.11554745146161696,0.6605176336476417,0.9081166553342153,0.1504241315464472,-1.432642663796976,1.6867843837105405,0.010634892700354339,-0.9489384997399334,1.4242170472123317,-0.6015451610728194,0.6472659070803188,1.463895443896267,1.7097739256486022,0.13376950629030845,-0.5959164977746748,1.2218355552834177,1.2275036993538337,-0.004479185020135482,-1.0573516791296445,1.21981933674386,15
-0.7193871275629128,2.263217938427593,2.9198532187556765,-0.5659853297538188,0.863171183891652,-1.225200187194867,0.12681802500624204,1.0292829031933994,1.2420435211624474,-1.4753043024312038,1.1325500333239233,-0.723027716025432,0.5830273603669495,-0.3033827579905745,1.1007403155446869,-1.404622303927133,0.5575010665657367,-1.2207253003490393,0.2138472977465237,1.2272966955171893,-1.2179689199636263,0.059310766631583245,0
-1.179980111622435,2.7483842057851846,2.9396018509197193,-0.3489991868558093,1.0272980129563187,-0.43457752882469514,0.19269126079727475,0.25502890041336507,0.010634892700354339,-0.2095459473543131,-1.4483351842315157,-1.5042418384011491,-0.5822879791871824,-0.892475491952855,-0.5239922621715066,0.9416348367279208,-1.006720966097747,1.2218355552834177,0.09853096865176701,-1.2362550655574602,-0.521370091767824,0.5661035140287968,0
-0.9903241770096906,2.263217938427593,3.0975909082320605,-0.5942075983999957,1.0381187485572643,-0.31429636059620336,0.2288797539224058,0.198983237576653,1.2420435211624474,-0.8240090362802961,0.8485562939346757,-1.2413237135025839,1.2971031107173439,0.285709975971706,-0.7190736035756161,0.08898726606735952,1.6261705319398216,0.0005551274671892323,-1.0953096567166842,-0.004479185020135482,1.2031612911173604,-1.2783530598519584,0
-1.1528864066777573,2.020634804748797,3.01859637957589,-0.874959851980687,0.8829146622595816,-0.19169708095107468,0.34160271755580623,-1.579383534432628,1.2420435211624474,-0.24487214951533987,-1.2889827875241364,-0.4814800206517282,-0.4496777069346692,-0.892475491952855,-1.5076946832742482,0.5543763523597433,1.456454623415592,-1.2207253003490393,-0.5636172225475565,-1.2362550655574602,-0.2464966322194707,-0.7640929829799569,0
-0.8277619473416239,2.2935408301374425,3.01859637957589,-0.43570454509108,0.9082878769804864,-1.1393352953004052,0.22957378937156317,0.8010116173787015,0.010634892700354339,-1.1314781378914416,0.2374442164232465,0.0003186467194791808,0.9005022117847478,-0.3033827579905745,0.8115414391095779,1.581781935415442,-1.530580177540908,-1.2207253003490393,0.5518585660953798,1.2272966955171893,0.5831102450412706,0.4969802874715711,0
-0.5026374880054905,2.5361239638162383,3.0778422760680177,-0.5444196418885303,0.9725082811851143,-0.8340142853841231,0.25963753577210036,-1.1048267365963047,0.010634892700354339,0.41508754466176145,-0.6949003414777246,-0.6573789754034733,0.886379404630653,-0.3033827579905745,-1.0076588039103525,-0.003698145265015431,0.13664403946712578,-1.2207253003490393,-0.3491047296606081,-0.004479185020135482,-0.7299085871707919,0.5019480862211543,0
-0.6381060127288793,2.5967697472359372,3.0975909082320605,-0.6186968960638836,0.9850693412948345,-0.9011819186354171,0.037922891691613836,0.5546345291004993,0.010634892700354339,0.3640293028161741,-0.20646894502000762,-1.0895740872070143,1.4749670810416273,-1.4815682259151355,1.7312359552568324,0.7984081004840868,-0.23503576401601012,-1.2207253003490393,-0.07427952432650783,-0.004479185020135482,-1.1451242323607995,-1.1988279569846059,0
-1.3696360462351795,2.1116034798783456,3.0975909082320605,-0.7088238278291461,0.9649919416758519,-0.8768680966635342,0.321612045481614,-0.4421162568562493,-1.2207737357617388,1.0152267670547006,0.5975749539918283,-0.25578163686532984,-1.3020330868077046,0.285709975971706,-0.2852357300382457,1.2489296157184573,1.0219895175090112,0.0005551274671892323,1.5350925382498668,-1.2362550655574602,1.1600703267997228,0.8366044847644407,0
-0.7735745374522683,2.7483842057851846,2.9198532187556765,-0.7317055377257669,0.9077643826492041,0.03844433361465295,0.24774320078279613,-0.47364520760582984,-1.2207737357617388,-0.040511028939547444,0.020615192410050196,-1.0178585963232623,1.245504219840404,-1.4815682259151355,-0.04909915315099942,1.5198055780474067,0.42235222662834515,-1.2207253003490393,-0.4903173513770209,1.2272966955171893,1.139950398435595,0.7379704181962876,0
-1.3425423412905018,2.141926371588195,2.9790991152478044,-0.3764179351933245,0.9790371829920882,-1.0481342920296808,0.16751029758502675,-0.7738160105353438,1.2420435211624474,-1.1110184032635053,-0.11855543210842386,-0.8803677364080614,-0.515698639836482,1.463895443896267,0.18477566884743366,0.8075801223404715,-0.9230580738434015,0.0005551274671892323,-1.076345207603554,-0.004479185020135482,0.3283233729714025,1.4159642126025873,0
-0.556824897894846,2.081280588168496,2.9396018509197193,-0.8371981406112804,0.9541711553083561,-1.1582876091903682,0.04873969580592662,-0.3645497323888956,0.010634892700354339,-0.5140589649367641,1.2306854721913234,0.5533051002078762,1.0572362736594028,-0.892475491952855,-1.3982639655771882,0.05275113435522965,-0.48814027212622507,-1.2207253003490393,1.047509115753955,-0.004479185020135482,1.6701969857192367,-1.700781635619071,0
-0.5839186028395238,2.0509576964586467,2.9198532187556765,-0.5466986972021127,1.0260918419572944,-0.5040089557407544,0.36643553284078745,-1.6719617771196515,0.010634892700354339,-1.2893517582563936,0.5878201182372392,0.29621033704399186,1.3603593238778575,0.8748027099339865,-1.0452463401218854,-1.5042025482815435,-0.6321794991119034,-1.2207253003490393,-1.247382103179212,-1.2362550655574602,-0.2045063483632151,-0.8032801342373732,0
-1.0174178819543682,2.202572155007894,3.0778422760680177,-0.49516424992275215,0.9575797319982229,-0.11153277049304358,0.08590516998621432,0.7574153616754261,0.010634892700354339,-0.20680951448571144,0.22052648934576033,0.03731169159630566,0.8495607696119946,1.463895443896267,-1.3671978895386625,0.030433145696495724,1.5867070062723927,-1.2207253003490393,-0.4667342635311373,1.2272966955171893,1.3029409351744285,-1.2540315575306156,0
-1.1257927017330795,2.5967697472359372,2.9790991152478044,-0.46694125437701167,1.0359747338334904,-0.7780935814881571,0.034437246502755356,1.5192269192280197,0.010634892700354339,0.9032283825092094,1.129329539398433,-1.2776940195342483,-0.812945201738635,-0.892475491952855,-0.6843168101378025,1.7011578386206911,1.5298923037852314,-1.2207253003490393,-1.2031771721489644,1.2272966955171893,-1.3015392027582238,-0.3282620082300208,0
-1.3696360462351795,2.4148323969768404,2.998847747411847,-0.38386743500581194,0.8541260079300582,-0.9835861239296034,0.013943668811787126,1.5043893101136896,0.010634892700354339,-0.26882103881499325,-1.3787649550472973,-1.4198273050719386,-0.13598925250297056,-0.892475491952855,-1.4476159830979147,1.3967739952426383,1.119425152331966,-1.2207253003490393,-0.798966246774485,1.2272966955171893,-0.9089507514103912,-1.588713787952336,0
-0.556824897894846,2.718061314075335,2.9790991152478044,-0.3649170784390309,0.8588228401885319,-0.8673590355342362,-0.02181784065363792,-1.3936172299767633,1.2420435211624474,-1.6035718975338247,0.7464081021425218,-0.8861534309761125,-1.6043000503337348,1.463895443896267,1.72302632939197,0.6911699339799727,0.8957401109615608,1.2218355552834177,-0.7417478201847749,1.2272966955171893,-0.12345620065231293,1.30634244872829,0
-0.39426266822677936,2.6270926389457867,2.9593504830837616,-0.44885649889713364,0.8983014267332907,-0.24244700601167854,0.017528946554530446,0.35961664953132,-1.2207737357617388,-0.4109742143373537,1.581240207262698,1.1184560398018943,-0.3786092507102562,0.8748027099339865,0.024211139894210833,1.6586989066204865,0.9952444211898819,-1.2207253003490393,0.9168234699141308,-1.2362550655574602,-0.4666928339395409,-1.634209072820226,0
-0.3671689632821016,2.5361239638162383,2.9790991152478044,-0.5879944777101037,0.8402419876989913,-0.9971215561052321,0.08875881165574538,0.614370398847201,-1.2207737357617388,1.447993035657002,0.14085557853132602,1.6160540432377242,-0.8602818607597261,-0.3033827579905745,-1.2897782973079237,0.42157999782437605,-0.48815229957043965,1.2218355552834177,-0.4640344912225222,-0.004479185020135482,0.2546907780562765,0.891239148563981,0
-0.47554378306081274,2.0509576964586467,3.058093643903975,-0.6240425668136339,1.0459290627816,-1.1160359793784242,0.20706035929955127,-1.326673395340495,0.010634892700354339,1.1859559116766576,-0.021958162570152092,0.3376247450162155,-0.5422706156833063,-0.3033827579905745,1.2147032773149509,1.3223011832194236,0.33699235462082683,1.2218355552834177,1.6630733546468615,-0.004479185020135482,0.8037018784047446,-0.5534421913798322,0
-1.179980111622435,2.7483842057851846,2.9001045865916337,-0.5239126792874809,0.9928176417073248,-0.7922322303335948,0.02154197598521549,0.7556096656162942,-1.2207737357617388,-0.1583359357758714,0.8989884659580678,-1.157402138749512,1.2995590428720811,-0.892475491952855,-1.0122104286199005,1.225931979845022,1.1157180647505944,1.2218355552834177,-0.1202756167473248,-0.004479185020135482,0.5695809277137326,-0.19876303667111947,0
-0.42135637317145713,2.263217938427593,3.0975909082320605,-0.8974660451675572,0.9921527301872759,-0.553692688300421,0.08026160933108435,-0.06553572111269838,0.010634892700354339,0.8010548678029863,-1.1130732918083612,-0.6512599571796845,0.37504270490668684,-1.4815682259151355,-0.3864676036195232,-0.6061153596792301,0.7972429417694391,0.0005551274671892323,-1.3508263448059088,1.2272966955171893,-0.43712275619050495,-1.2462444406688853,0
-0.5839186028395238,2.263217938427593,2.9593504830837616,-0.6272459085022789,0.9536057021988119,-1.0137715360444703,0.32821518643843584,0.9572972383074091,1.2420435211624474,0.5702931709977948,0.8246305943503768,-0.8004137459514433,-1.298857985996462,1.463895443896267,0.8564748513178507,1.2347976422391895,0.8039497396250069,1.2218355552834177,-1.4357010428779755,-1.2362550655574602,1.5610307625685669,0.1545573782637006,0
-1.315448636345824,2.718061314075335,2.9198532187556765,-0.5735258836130338,0.8522867340240639,-1.0338983238249557,0.11687140780289848,-1.7199855377738953,-1.2207737357617388,0.3814756025566575,-0.092848760545614,-0.6302176606850253,-1.5448853697568115,-1.4815682259151355,1.2734585958890288,0.09604810411977706,0.3658562921530983,1.2218355552834177,-1.3734422314219574,1.2272966955171893,-1.34507533691513,-1.134236583868,0
-0.4484500781161349,2.6270926389457867,2.9593504830837616,-0.7727404975839953,0.9865011565803256,-0.9276404549853874,0.21320034647070052,0.44902193061788787,-1.2207737357617388,1.3530780420376312,-1.2151953396974031,-0.6210243779292501,0.9059369030816523,0.8748027099339865,-0.3440700872190348,-0.02208682067714009,1.0879436161081393,0.0005551274671892323,1.3401306829434418,-1.2362550655574602,-0.07732690074874969,-1.4801406337982546,0
-0.5839186028395238,2.7483842057851846,3.0778422760680177,-0.6287283549788681,0.9436692102802362,-0.8646474115267953,0.28462295571956975,1.5607157985732827,0.010634892700354339,-1.593814310141391,1.2610931169855677,-1.5522175163269836,0.02778295519444029,-0.892475491952855,0.10756105749090922,1.0816021185995932,-0.002964434099200519,0.0005551274671892323,0.28874468094832856,1.2272966955171893,1.1766138444421042,0.12383343214848286,0
-0.5026374880054905,2.657415530655636,3.058093643903975,-0.8605924588951814,0.9597296392358966,-0.8376380415548847,0.10195832691303641,1.5346941383975863,1.2420435211624474,0.7040621246624112,0.9763590693324655,-1.6731147620311904,-0.8891687310971811,0.8748027099339865,-0.021204574968359532,1.3496723576469714,-1.2679017584817793,1.2218355552834177,0.11081393001704559,1.2272966955171893,1.5567702519166502,1.2877564022262404,0
-1.0174178819543682,2.7483842057851846,2.9396018509197193,-0.532270872689278,1.051916846177711,-0.24459388126157278,0.04059445971004615,-1.4423554945111492,1.2420435211624474,-0.8298069752771232,-1.359562608497784,1.3384359809333481,1.5434786922631492,0.8748027099339865,0.019818989450340187,1.4254289869877261,-0.8062472098946376,1.2218355552834177,-1.4452772566279932,-1.2362550655574602,0.8144542750842105,-1.2119806149325176,0
-0.692293422618235,2.718061314075335,2.9593504830837616,-0.5538892686740291,0.9001779920397709,-0.5714493525315955,0.0799253421818345,-1.0485824150081768,1.2420435211624474,-1.0017727520123916,-0.4069067244487154,-0.3016937478796723,-1.44891412389633,1.463895443896267,-0.7532711504384652,0.6154424029867516,1.010692640344385,-1.2207253003490393,-0.18390695152903813,1.2272966955171893,-0.2201593477126281,-1.3307300649775773,0
-1.1257927017330795,2.5361239638162383,2.998847747411847,-0.8878294270341532,0.8628560305399705,-1.076290792850967,-0.012047034577319045,1.4226098037020785,0.010634892700354339,1.1933154512421735,-0.7262720444798667,0.7885857290000214,-1.5346154543601378,1.463895443896267,-1.418965792228384,0.5040289066130994,1.6237620747314956,0.0005551274671892323,0.8733724283863611,-1.2362550655574602,1.0335547728373837,0.9325969863956555,0
-1.2070738165671129,2.7483842057851846,2.9593504830837616,-0.8891595722499461,0.8461170019647263,-1.1762230803939315,0.01901882487341709,0.8125130228430226,-1.2207737357617388,0.9868117600313596,-0.6143184773195681,-0.07549479832941566,-0.29677937901147233,1.463895443896267,1.7656295304648673,0.5325747952288324,-1.515771089921009,1.2218355552834177,-0.9145930046704873,1.2272966955171893,1.2514646628791726,0.8149505772753918,0
-0.3671689632821016,2.202572155007894,2.9198532187556765,-0.39826810744961183,0.8757992477607547,-1.128293749572861,0.06750574503819877,-1.5232754862836768,-1.2207737357617388,0.3191735325613873,0.11190045431707889,-1.105737805496927,-0.2812290997965254,1.463895443896267,1.3495720037029084,0.7923869387481786,-0.4966748224127216,-1.2207253003490393,1.553758063399131,-0.004479185020135482,1.4348676398408833,-0.8968806733478859,0
-1.315448636345824,2.020634804748797,3.058093643903975,-0.4917865333248708,1.0436458803214153,-0.7443984521781757,0.09386556971331382,-1.4672032381381668,1.2420435211624474,1.317225339121756,-0.625260307625806,1.3455743780608305,0.8174962842808384,0.285709975971706,-0.09754518896972983,0.766259828801906,0.7307898708331256,0.0005551274671892323,-0.9462732374255138,-0.004479185020135482,0.9993064551465692,0.24445969414106003,0
-1.071605291843724,2.718061314075335,2.9396018509197193,-0.5198230198743621,0.9811273519274389,-0.7673699708260933,0.340909768630006,-1.4580681410763328,0.010634892700354339,1.2309756858967855,1.2541108319989809,0.9349597689152429,-0.42026623608637914,-0.3033827579905745,1.5818057914587287,0.5562277823074022,-1.5188884256123967,1.2218355552834177,0.26004720233357775,-0.004479185020135482,-1.5397353943572916,-0.5667910854177719,0
-1.0986989967884018,2.657415530655636,3.01859637957589,-0.6893002852777345,0.8758983602399005,-0.10786090003013932,0.019611511534978154,-1.6315998456322862,0.010634892700354339,0.23798728229777902,-1.7592956378327853,-1.560156507455387,0.4889418925400462,-0.892475491952855,-0.21092764194755684,-0.7224878277271176,0.8724651091751374,-1.2207253003490393,0.3023279363360781,-0.004479185020135482,1.2136866534873951,-1.2626494838068765,0
-0.7193871275629128,2.6877384223654857,3.038345011739932,-0.6080764885052479,0.8985040800622379,-0.9804829207429758,-0.029414000259961753,0.3980894265399721,-1.2207737357617388,0.5353497518889297,-1.0012901199082636,-0.31507467720484417,0.14098273779267445,-0.3033827579905745,-1.193251886318949,1.0665780576616475,-1.4908584584305433,1.2218355552834177,0.17723884389718172,1.2272966955171893,0.94359412561927,-1.0159235345469126,0
-0.7464808325075906,2.5664468555260878,2.9001045865916337,-0.6173298863737411,0.9084583492585673,-0.8704156403991931,0.3808811211314367,-0.818788191963355,1.2420435211624474,1.076402808985239,1.2831494626005324,-0.24661290457654342,-1.050426339302832,0.285709975971706,-0.5379603835854871,-1.6222793059708778,0.26302203345631914,-1.2207253003490393,1.2526674406002651,1.2272966955171893,1.5158966934547484,-1.5541511765878369,0
-0.8819493572309794,2.1722492632980446,3.0778422760680177,-0.6440887679289045,1.033136956914338,-0.5464297422680453,0.24156436630668773,-1.5772119930453157,0.010634892700354339,-1.4340288540387665,-1.0677596241691367,-1.1715617071221238,0.33326865748399076,-0.3033827579905745,-1.3248925095086532,1.0451604037559619,-0.06420341774707276,0.0005551274671892323,-1.4688971091182668,-0.004479185020135482,-0.7882575733713195,1.2419747905216316,0
-1.0174178819543682,2.0509576964586467,2.9198532187556765,-0.6734159456401437,0.9894518499876271,-0.03372763189312485,0.30385748033600085,-0.8816023315087053,0.010634892700354339,0.7311406357538323,-0.3445908677440627,-0.9463086061061656,-1.5372473095258925,-1.4815682259151355,0.9571102788513663,0.17484874135889317,1.117062567304309,0.0005551274671892323,0.8194334515257092,-1.2362550655574602,-1.5405081681631547,-1.4927500113571126,0
-0.6651997176735572,2.081280588168496,3.038345011739932,-0.6263729041013388,1.0447960832206666,-1.1014409226148465,0.06771519107002308,1.3575752038151196,-1.2207737357617388,0.9583587104170994,0.28910237716565723,0.9460920750445074,1.1161886683917088,-0.3033827579905745,1.709509451213901,-0.617228122101419,-0.4314344340288299,-1.2207253003490393,-0.9457236132979889,1.2272966955171893,0.06490908861457557,-1.624973816783293,0
-0.6110123077842016,2.1116034798783456,3.038345011739932,-0.5629152812974282,0.9273928226668958,-0.03514101135694443,0.3088918471824169,0.9164585963736682,-1.2207737357617388,-1.734832559653449,1.3951313167180202,-0.37288867833305905,-1.1111851508686885,1.463895443896267,0.8380523537185408,1.2601541354465948,1.2793249175320656,-1.2207253003490393,0.8958312831571777,1.2272966955171893,0.9417916181281073,1.586361318253562,0
-0.6651997176735572,2.0509576964586467,3.01859637957589,-0.676559740822668,0.8331092743859132,-0.39733895488448123,0.1610494675283671,0.8343179593248796,0.010634892700354339,0.31098710682596475,1.1714987582490213,-0.4158320736061855,-0.8185019171299205,-1.4815682259151355,-0.5853437947228802,-1.6200432519395669,1.1508011819201747,1.2218355552834177,0.06954411355090231,-1.2362550655574602,-1.578182974300601,-1.3618030500068325,0
-0.8006682423969461,2.5361239638162383,2.9198532187556765,-0.39590814900467874,0.9084588447940071,-0.848708584579504,0.3662953567679252,1.2045187688382795,0.010634892700354339,1.3010665865963524,-0.5312516399291888,-1.663879466166962,-0.17220862701400683,-0.892475491952855,-1.5961555550529916,-0.674867882142714,-0.7535862171611437,-1.2207253003490393,0.5406162367469982,1.2272966955171893,-1.1876693160291867,-0.45134129447423693,0
-0.8006682423969461,2.4754781803965393,2.9593504830837616,-0.3467337214036386,1.0530106492368836,-0.9104416420399722,0.02840025519397367,-0.9793460870287379,0.010634892700354339,1.3648885831751396,-0.38369692980035935,0.9413322591099003,0.7580665357365742,0.285709975971706,-1.2074336415964253,1.4056004220519813,1.5610075425039154,-1.2207253003490393,0.19832358758981247,1.2272966955171893,-0.8115925227823506,0.0668574994157869,0
-1.2341675215117907,2.7483842057851846,3.0975909082320605,-0.8285216126070005,0.9499577859347593,-0.3677585287178345,-0.0119952472705676,0.024428269937067933,0.010634892700354339,-0.14265276906275864,-0.973292401500465,1.6830671219724223,0.48401959272799167,-0.892475491952855,-0.10594700130629306,-0.3439254648147713,-0.4502776536334341,-1.2207253003490393,0.10158750298665038,-1.2362550655574602,1.1825834137152422,-0.2097528133897337,0
-1.315448636345824,2.1116034798783456,3.0975909082320605,-0.6419533147845982,0.8672519586739176,-0.9432203988634295,0.39164901713489614,-1.1860155281193143,0.010634892700354339,-0.1685272696721467,1.3195031525453693,-0.25859431181757014,1.2319420441804987,0.285709975971706,0.8752819075728999,1.0721097679378109,0.828914229280487,-1.2207253003490393,0.7162239383683695,1.2272966955171893,-1.4003664315681035,0.3135354792353153,0
-0.9632304720650128,2.4148323969768404,2.9790991152478044,-0.31987178405786154,0.9042842430942019,-0.8332040321229921,0.25746483303233203,0.04165636286355607,1.2420435211624474,1.621608338510543,0.3537126917886635,1.343109133281817,0.7278920668710611,-1.4815682259151355,-1.2325332185180196,-0.3930884315892076,0.5093454790267556,-1.2207253003490393,-1.6709374312143581,-1.2362550655574602,-0.9560419372438693,-0.4270635040403232,0
-0.5297311929501682,2.323863721847292,2.9593504830837616,-0.7535549475276196,0.9548014350560287,-1.1820905865925941,0.30202458641123314,1.5499010157543027,-1.2207737357617388,-1.3787149957395828,1.3205578465243777,1.408338876800669,0.10956334221402585,-1.4815682259151355,-1.0364886466024472,1.408554624112335,-1.6614009404386985,1.2218355552834177,1.090273943259764,-0.004479185020135482,1.0492524089094983,-1.0897829876051537,0
-0.692293422618235,2.718061314075335,2.998847747411847,-0.3578954024758347,0.9579439999654179,-0.575411313572505,-0.05176730736464683,-1.18552052684773,0.010634892700354339,-0.570801636430649,1.2768364517158879,-0.6876657766363471,1.1541337326707533,1.463895443896267,0.947502359859968,-0.8428469252302527,-1.5609691400901826,1.2218355552834177,-1.1074844371061263,1.2272966955171893,1.6508824970779798,-1.1336337262712515,0
-0.936136767120335,2.718061314075335,3.0778422760680177,-0.37559593227808896,0.9008381692420795,-1.0832102429789998,0.3354665632459474,1.2338931159298918,0.010634892700354339,0.43019051901190836,-1.4825825231711312,0.8015001232806491,-1.008844004723095,0.285709975971706,0.3782077815022437,-1.1503438878173051,-0.6272980292860882,0.0005551274671892323,0.7020414646716548,-1.2362550655574602,0.8684068325310149,-0.6404358421603881,0
-0.8548556522863017,2.081280588168496,3.038345011739932,-0.4486965849436232,0.8490159898654149,-0.8497511690390072,0.17165515123650277,0.831387533449733,0.010634892700354339,0.5624510878523213,-0.6788079619577655,-1.6762868022385142,-0.8410655335907258,1.463895443896267,-1.0487515094768838,-1.6886274341999798,-0.19240288548923076,1.2218355552834177,0.6920483504722241,1.2272966955171893,0.059543075146253364,-0.10839128814790362,0
-1.0986989967884018,2.1722492632980446,2.9198532187556765,-0.6525715554714364,0.8335594380080383,-0.9549743124271183,0.17481123587338343,0.8628269556482755,0.010634892700354339,-0.09178184406766232,-0.8769927434267256,-1.7137372856048343,-0.7544159572197571,-0.892475491952855,-0.07253418440558958,-1.464373152193847,0.010697886567690456,0.0005551274671892323,1.6774230778720325,1.2272966955171893,0.14112174364449218,-1.5260607990757828,0
-0.8277619473416239,2.5967697472359372,3.038345011739932,-0.4176175417533115,0.9312768869514028,-1.0332495647140163,0.08232169765581661,0.35106966274601764,0.010634892700354339,1.2330046448072893,0.8814246488282524,-0.3370338805497585,-1.6713896499850918,-0.3033827579905745,-1.5408451059836552,0.44871176593752576,-1.2344463125729026,1.2218355552834177,0.8751524632281759,-0.004479185020135482,-0.8530610842170958,-0.31911735708588973,0
-0.6110123077842016,2.1116034798783456,2.9593504830837616,-0.4254022943605766,0.8973940528223345,-1.0167581542521873,0.15128853298084172,1.606388836796008,-1.2207737357617388,0.5626524569976898,0.23324712879499374,1.4676183483978404,0.6168178059129463,-0.3033827579905745,-1.4576577580203762,-1.2134667051381665,0.5467568368915557,1.2218355552834177,1.2705355658655968,1.2272966955171893,0.582048317057911,0.6217659239789037,0
-0.6110123077842016,2.505801072106389,2.998847747411847,-0.5045236289575502,0.9395702965647053,-0.2890051796667154,0.20522469173726876,0.9886742101300352,-1.2207737357617388,-0.4080755611468572,0.05523733146609398,-0.19836721726510045,0.14251371598032603,-1.4815682259151355,0.4339703615594045,-1.4466369602351952,0.5824618148791552,1.2218355552834177,-0.5071110175768614,-1.2362550655574602,1.4743715859245594,0.8484148062627724,0
-1.315448636345824,2.3541866135571414,2.9790991152478044,-0.6206376586413055,0.8871036003432732,-0.5843011983394519,0.37772273786976496,0.46033078211921935,0.010634892700354339,-1.6867372278718504,1.6621548639089951,0.9014502614061126,-0.3538621287069074,0.8748027099339865,-0.8336446959524418,0.5315728237815487,-0.2378984243449998,0.0005551274671892323,0.8327908284015102,-0.004479185020135482,-0.6511955556689617,0.4481209824589619,0
-1.315448636345824,2.6270926389457867,2.9396018509197193,-0.5764713576813953,0.9587444918687603,-1.2082692732426623,0.028886014853381974,-0.5629736891142035,-1.2207737357617388,1.327985705382719,-0.40480465028844276,0.8431190981966671,-1.6777099829712614,1.463895443896267,0.5890250938122737,0.4139671343921965,-0.33540153798093797,-1.2207253003490393,-1.1851872481602643,-0.004479185020135482,0.7365913841711286,1.7423595482753729,0
-0.6381060127288793,2.5664468555260878,3.01859637957589,-0.3850638208255003,1.0072502048448864,-0.6683095769633886,0.03524957831991602,-0.31968106219902453,-1.2207737357617388,1.4497566017886168,0.4747380741415881,1.3526961790739487,0.5443096201730347,0.8748027099339865,0.1491522642709534,1.571596803274076,-0.8378198389766378,0.0005551274671892323,-0.7011709645959083,-1.2362550655574602,0.6521107229931854,-0.2664473761437102,0
-0.556824897894846,2.2328950467177435,3.0778422760680177,-0.6154431691739466,0.9424160447307409,-0.44334508782770554,-0.04603192001606606,1.4367537126262977,0.010634892700354339,0.6679803083489574,0.7389797607592297,-1.4404209027408483,-0.6569162183226597,-0.3033827579905745,0.8622471225947234,0.7753545076777504,0.4315292172972388,-1.2207253003490393,1.393408054313639,-0.004479185020135482,-0.25634079184996433,1.408729989797064,0
-0.5026374880054905,2.778707097495034,3.058093643903975,-0.35272548339889703,0.8698800023520652,-0.08098299687855481,0.11161932133138835,1.2587800597555538,0.010634892700354339,-0.44089707630410013,0.7473976062218681,-0.6915392244443388,0.4639958464924632,-0.3033827579905745,-1.4533638646732305,0.15958020505917234,1.4585515290259976,0.0005551274671892323,-0.3071110466432746,1.2272966955171893,-0.05746330178322258,-1.242183510914656,0
-0.5839186028395238,2.5967697472359372,3.0975909082320605,-0.39008044113001206,1.0001834992784344,-0.405215950378219,0.24073794426535322,0.630231161020572,0.010634892700354339,1.24451364778283,-1.3592352097313274,0.11504683040658338,-0.7343725626166362,1.463895443896267,1.710794831833908,0.24451248392568273,-0.8441232994357716,-1.2207253003490393,1.225576791646361,-1.2362550655574602,-1.7291082749736078,-1.2418311680172576,0
-0.6651997176735572,2.202572155007894,2.9001045865916337,-0.830128335205765,0.9663375171720996,-0.7636860656513137,0.2717992064665075,1.138882894396903,-1.2207737357617388,0.8315143482383053,0.07288745875133093,-0.5527807336373767,-0.4656441665616449,-0.892475491952855,0.01307061491432247,-0.7614459929238889,1.2509297963358668,1.2218355552834177,-1.6541608978725335,1.2272966955171893,-0.6623856613584866,-1.734813994106,0
-0.28588784844806825,2.505801072106389,3.038345011739932,-0.5458798705219283,1.037555019264115,-0.6903206850226377,0.2560290770444303,1.3764365718733045,1.2420435211624474,-0.9197322620416905,0.20730580917212957,-1.4209703601124852,0.22940890067721736,-1.4815682259151355,-0.40720795447717467,0.4663597036739123,-0.15773325836402693,0.0005551274671892323,-0.5072542640940491,-0.004479185020135482,1.5408525033615765,0.8469264207164102,0
-1.2070738165671129,2.141926371588195,2.998847747411847,-0.5203184414325516,1.0046956819135135,-0.6438000733162648,0.11141086536439898,-1.1027044399735273,0.010634892700354339,1.70462431843818,1.3061816921319316,-1.6994905558481535,-0.020174888569146513,0.285709975971706,0.043361250723541495,-0.9034867608539939,0.23039588910856357,0.0005551274671892323,1.4294568834373294,-0.004479185020135482,1.304711992626077,-1.4540928872913892,0
-0.42135637317145713,2.5664468555260878,2.998847747411847,-0.8725063684255631,0.8682614272618904,-1.0315499201390237,0.004008248076942368,1.668070134597926,1.2420435211624474,1.5084713537218826,-0.43588246581115536,1.130971869878815,-0.444763797483223,-0.892475491952855,-0.40279129751356474,1.3978845989022561,0.7959416843639648,-1.2207253003490393,1.6906981887704426,1.2272966955171893,-0.9961406000384206,-1.5193069073165497,0
-0.9090430621756572,2.505801072106389,2.9198532187556765,-0.34455049831625406,0.8543880599196304,-0.7590502628439569,-0.007440883511735832,1.6998941551503994,1.2420435211624474,1.340623408338063,1.4498692107219404,0.3548637671195557,0.5879965286796677,-0.3033827579905745,1.6440582858264214,-0.3300020822714196,-1.4173834283051407,0.0005551274671892323,1.1376281520105744,-0.004479185020135482,1.371432197436066,1.5965825690981856,0
-0.47554378306081274,2.44515528868669,3.0975909082320605,-0.904617885534451,1.0268957221909072,-0.49622625283491056,0.20524950341721737,0.8820086341202968,1.2420435211624474,0.12577770104276353,-0.6706646155681064,-0.4803774157688393,1.1334901181679382,0.285709975971706,0.338664421048204,-1.5313284116706236,1.5883468371660503,-1.2207253003490393,1.4477749857505557,1.2272966955171893,-1.6933491240876055,-0.27795780188745467,0
-0.936136767120335,2.718061314075335,2.9396018509197193,-0.5924088656764885,0.9900827083841182,-0.7307851523666753,0.24500503270450605,-0.19500693898755964,0.010634892700354339,-1.3060016301591477,-0.28248810648305817,0.2537843686981579,-0.8683776297206353,0.285709975971706,0.1434629136591983,-0.08282358900941195,0.8342350403899172,-1.2207253003490393,1.1622875595495046,-0.004479185020135482,-1.2908739220044096,1.5495765323049613,0
-0.6381060127288793,2.020634804748797,2.998847747411847,-0.8223954215989192,0.8654366968968443,-0.46430471463228984,0.2409643597172495,-0.9869979053526436,1.2420435211624474,0.8079010261800454,-1.524101397904064,0.058425584188016536,-0.18888147083469364,1.463895443896267,1.7089195358774214,0.5022379306580229,-0.7008663171099575,1.2218355552834177,-0.14345856033513782,1.2272966955171893,-0.986477179013851,0.4233729936274857,0
-0.5839186028395238,2.778707097495034,3.0975909082320605,-0.553859554679085,0.9276415257493695,-0.3323729165674493,0.10691789836512602,0.9815286746382403,1.2420435211624474,-0.6300779325704131,-1.4829749826046394,1.6819178940753556,0.6994545720942063,1.463895443896267,1.2890971900917192,1.3778551849469374,-0.8943171380838635,1.2218355552834177,-0.034706423586839646,-1.2362550655574602,1.708824991858257,0.9853639571221465,0
-1.2883549314011462,2.657415530655636,2.9396018509197193,-0.717976336778823,0.882592817607044,-0.4221928242126983,0.21867437126268502,1.2027393237649586,-1.2207737357617388,0.5248279798893778,1.476991804459964,0.45457361060392915,1.027799391032066,-1.4815682259151355,-1.429608521716806,-1.2146176692242285,0.9772958457836497,1.2218355552834177,1.2017297929537836,1.2272966955171893,-1.4313718715441968,-1.613333633186549,0
-0.9632304720650128,2.1116034798783456,3.0778422760680177,-0.61019082008152,0.9464154128790351,-0.13377163469911202,0.21692887239924943,-0.21500320972377365,0.010634892700354339,1.5441166892383857,1.0006387209456111,-0.026350214220502165,0.38120715823811513,-1.4815682259151355,1.5000551613351112,-0.045446058761783106,-0.6352127618425366,-1.2207253003490393,-1.126200372570159,-1.2362550655574602,1.4726394790036008,-0.6385375652267462,0
-1.2341675215117907,2.505801072106389,2.9001045865916337,-0.6439297309955195,0.9183725313000651,-0.265297754930142,0.07836956267238511,0.04570661580521291,-1.2207737357617388,0.5999447929016749,0.44694847527691123,-0.7345011727766639,0.9476838661731025,0.285709975971706,-0.11490844767829099,0.35614626387054027,-0.36142728740740554,-1.2207253003490393,1.6195272326303216,-1.2362550655574602,-0.5064739478297412,1.7533879081386632,0
-1.0986989967884018,2.505801072106389,3.0778422760680177,-0.8726196166122359,0.928810972315927,-0.24979454526418277,0.043529723489335655,0.17654654589028917,1.2420435211624474,1.4756575872711364,-1.2897000721167577,-1.6523362649199658,0.9864460771794639,1.463895443896267,-1.3237833918354986,-1.5131526400097226,-1.0496932747913266,-1.2207253003490393,-0.325677872598721,-1.2362550655574602,-0.8472661726404589,0.15013708288783761,0
-1.179980111622435,2.657415530655636,2.9001045865916337,-0.34270905629282866,0.9869779429899765,-1.2345232815253375,0.026353394426629092,1.6330496173114917,1.2420435211624474,-1.4683546900300064,0.588812564706964,0.021153141781934597,1.069872075741676,1.463895443896267,1.6548310023925223,-1.537014377554506,-1.0088393850015573,-1.2207253003490393,1.2337100996453094,-1.2362550655574602,0.9348272204962867,-1.4760070821597735,0
-1.315448636345824,2.2935408301374425,3.01859637957589,-0.5597723651103003,1.028191378893548,-1.0172850980922301,0.3399951707592988,-0.3517939388927988,1.2420435211624474,-0.8532114602469599,-1.5905709765761846,-0.7283296835995756,-0.38338733952436793,-0.3033827579905745,0.14067340897230246,0.5138704944662571,-1.0350666664273551,-1.2207253003490393,-1.5567111852390274,-1.2362550655574602,-1.1885084728671775,1.6366725728215863,0
-0.5839186028395238,2.5664468555260878,2.9396018509197193,-0.6766664587648886,0.941466231331713,-0.8253028715688306,0.3312098231682841,1.5059985078125946,0.010634892700354339,0.2891893524808748,-1.4604713130708462,1.3956242546922697,0.6869453567792092,-1.4815682259151355,-0.07193979350123986,-1.2003418416964393,0.2574585985202841,-1.2207253003490393,0.5499278199385038,-0.004479185020135482,-1.7441955076291578,-0.10373130033567556,0
-0.556824897894846,2.5361239638162383,2.998847747411847,-0.5337069279616354,0.8636143322953758,-1.119293978271124,0.2755585044837068,-0.7391831883066766,1.2420435211624474,-0.5814728646023636,-0.6058277698473699,-0.9471620417633848,0.6107315584760593,0.285709975971706,-1.18716655983621,-1.6386042649147623,1.2758034090792292,0.0005551274671892323,-0.25135980001426217,-1.2362550655574602,-0.5825240842230763,-0.42028429039649273,0
-0.5839186028395238,2.384509505266991,3.0778422760680177,-0.4990988189930539,0.8420640369188829,-0.4817076498353413,0.08650336024347434,-0.12235985144865512,-1.2207737357617388,0.06207600756806299,0.17725238849509975,0.44311744293730926,0.16777086313068018,0.8748027099339865,-0.9792876379581933,-1.585719922474546,0.8121491534608788,1.2218355552834177,0.7924283188842274,-0.004479185020135482,-0.2379986792624259,0.16940757983126417,0
-0.9903241770096906,2.5967697472359372,2.9396018509197193,-0.7686565447275068,0.9595316802404154,-0.5336920918147158,0.33182679371787827,-0.7619890885089977,-1.2207737357617388,1.391822954341651,-1.075536582281484,0.11671914324242365,-1.461394263041709,-1.4815682259151355,-0.17611953429843677,1.7226513134075634,1.0442122448640372,0.0005551274671892323,0.7138666607195688,-0.004479185020135482,-0.9038831294568955,-0.3105398837325737,0
-0.8819493572309794,2.1722492632980446,3.058093643903975,-0.6267862748959865,0.9034900830825117,-0.39962244194911356,-0.016508506959008594,1.015487927975117,1.2420435211624474,-1.518602742567234,-1.2366767921979729,-0.26156443108880656,-0.5436118725899017,-0.892475491952855,-1.4539901987022283,-0.07570459950163214,1.3629634621568691,1.2218355552834177,0.8953751070691794,-1.2362550655574602,-1.2912195135819182,-1.0727847501148473,0
-0.47554378306081274,2.718061314075335,3.0778422760680177,-0.8858369736016033,0.9199042349393213,-0.846572308199037,0.3471694954070518,-0.4416585211971145,1.2420435211624474,0.03795386228922814,1.6349843819025418,-1.7200360171923572,-0.19674997227172372,-0.3033827579905745,-0.8049025978730179,-0.25657468778309805,1.0666903236692966,-1.2207253003490393,-1.0793732086840964,-0.004479185020135482,1.0113402984622042,0.16290897123166426,0
-0.28588784844806825,2.7483842057851846,2.9198532187556765,-0.5725789448352581,0.9332517929057639,-0.6232117481318766,0.0648880336348214,0.7388088770608683,-1.2207737357617388,1.0827541152313473,-1.5284577186202508,0.7173086146059839,-1.5640511674127529,0.8748027099339865,-0.9811021022963614,0.41946751111687897,-0.6505223196692073,-1.2207253003490393,1.5222780010324737,1.2272966955171893,-0.6629593227621701,0.5401167875343731,0
-1.1257927017330795,2.718061314075335,2.9396018509197193,-0.3685683008741723,0.9614117767423254,-1.1624500104770874,0.2583746589361333,0.7925391746857361,0.010634892700354339,-1.3161612578591801,-1.2849232292994768,-1.069992372790344,0.20185019794019995,-0.892475491952855,0.721389777616859,1.4854899250550966,-0.22164454440854586,-1.2207253003490393,0.2603233142409541,1.2272966955171893,-0.28942631819727915,0.25277515431390624,0
-0.3400752583374238,2.4754781803965393,3.058093643903975,-0.36641772110796306,0.9964558983997583,-0.6512711945333015,-0.048005394047507054,0.7098155452600541,-1.2207737357617388,0.03904566492957091,-0.297838225184751,0.5641879378242317,-0.7707077048975104,0.8748027099339865,-0.2320661788109632,-1.431150101282853,0.4920142963192847,1.2218355552834177,-1.4716624126972153,1.2272966955171893,1.2293068967269563,-0.9642756203352797,0
-0.6110123077842016,2.323863721847292,2.9198532187556765,-0.6877373346744465,1.0420700690861195,-0.5261614264309854,0.1721087010292835,1.6472246036749378,1.2420435211624474,-0.8548815122285043,-0.7069193841379813,1.2234937379935926,-1.43392694245545,0.285709975971706,-1.2168803537965664,-1.5948971901923192,0.8841912142396451,-1.2207253003490393,-0.09892644373536288,-1.2362550655574602,0.8292057373797002,1.6182435935816832,0
-0.42135637317145713,2.6877384223654857,3.058093643903975,-0.8780773089056446,0.8426134239877455,-0.7420385488287704,0.367377015339691,-1.051491376776864,1.2420435211624474,0.7290210693266321,1.6744772586640455,-1.1686580267651252,-1.5427847231457992,0.285709975971706,-0.03657412444046156,-0.839859965440737,-1.5691695006260837,-1.2207253003490393,1.6371793917724118,-1.2362550655574602,0.4165223831487534,-1.264129411826128,0
-1.0445115868990462,2.2935408301374425,3.0975909082320605,-0.642725588288366,0.8839596018404212,-0.4523974463745284,0.27699278811416134,0.12065487505906321,0.010634892700354339,-0.4898860108539004,1.0597563431894639,-0.3992730960369651,-1.63581528533869,-0.3033827579905745,1.048849292243064,1.0648848191500841,-0.7937271228311503,0.0005551274671892323,-1.622337911372054,-0.004479185020135482,1.144988918562113,0.9701396877096454,0
-1.3425423412905018,2.4754781803965393,3.058093643903975,-0.5605183220844772,0.9533087017075027,-1.0924250998610585,0.1876803752311857,1.211466647354825,1.2420435211624474,1.5971253469445448,-1.3694390395977372,0.20044051107257452,-0.028566810515783636,-0.892475491952855,-1.1750326284695312,1.3671051436321617,-1.5334575921757492,-1.2207253003490393,-1.3322078778376767,1.2272966955171893,1.2398396346226175,0.5151905989206339,0
-1.3696360462351795,2.778707097495034,3.0975909082320605,-0.8673826687043188,0.8363900775096601,-1.2260839941025836,0.191322581701927,0.3759620283444972,1.2420435211624474,-1.5090328036582272,-1.0036515177364804,1.7108288156955596,-0.2128431068363369,0.8748027099339865,-0.760158522107765,-0.32688493477849995,0.2526252124966696,-1.2207253003490393,1.1032485083585057,1.2272966955171893,0.98764756423497,-0.7739977558926594,0
-0.5297311929501682,2.0509576964586467,3.01859637957589,-0.4855872415041271,0.8474055688715562,-0.9537106030607685,0.13193315675554695,-0.8905130221058065,-1.2207737357617388,-0.5222729316078165,-0.13798307675100632,-1.642258037417677,-1.2407215353167458,-1.4815682259151355,0.7365500102398888,-1.3456306844135943,1.4414529797491824,-1.2207253003490393,0.24927872551538072,-0.004479185020135482,1.5055753350985588,-0.06610523121229014,0
-0.42135637317145713,2.3541866135571414,3.058093643903975,-0.6298117138421857,1.0079381792042958,-0.7444011661918082,-0.013478377132823304,1.4342912325719628,-1.2207737357617388,-0.8329045761405665,-0.8755304158620941,0.011653674626451,-1.2198100510020147,-0.3033827579905745,1.1074842176349682,0.36212784403339027,1.2322189464551554,-1.2207253003490393,-0.20658209387246768,-0.004479185020135482,0.4822034205218103,-0.38415484595825666,0
-0.5839186028395238,2.6270926389457867,2.9001045865916337,-0.3901977228191559,0.8747480935455154,-1.1747272078395787,0.2416827700530461,0.08689199587492563,0.010634892700354339,-0.47424016409162006,-1.0107514223159466,-0.10464777943078109,-1.337015386746101,-0.892475491952855,-1.4657059129752439,0.4963378772600266,1.3087215432284465,-1.2207253003490393,0.773523133350614,1.2272966955171893,0.5144957241296891,-1.13669607922696,0
-0.47554378306081274,2.5664468555260878,2.9593504830837616,-0.6561866403317926,0.8629666863442265,-0.31933506648152893,0.35085821126538863,-0.28273992605768056,-1.2207737357617388,-0.4687588406646281,-1.1690430313374784,0.4180050476247846,0.165097512268351,0.285709975971706,-0.7533733484800812,-0.8543629790523797,1.6644349412691761,0.0005551274671892323,0.2221014667772129,-0.004479185020135482,-1.6740437360523377,0.44524272052609554,0
-0.9903241770096906,2.6270926389457867,2.9396018509197193,-0.4471998849147167,0.8724104826047353,-0.5146609048114504,0.17425291756538758,-0.2688615537687548,1.2420435211624474,0.43910542233190186,0.4573006442099215,-0.36137317715269335,-0.6472514873783767,0.285709975971706,-1.059779685937556,0.22206482341401623,-0.2992488676382017,0.0005551274671892323,-1.1918998822317646,1.2272966955171893,-0.10218388799483855,-1.7337231631106633,0
-0.42135637317145713,2.778707097495034,2.9001045865916337,-0.7065796380161121,1.0377482174354278,-0.3069808622132035,0.13680268144692215,1.192723911924231,0.010634892700354339,0.8676935388980809,-1.4410635415430468,0.6186585279247985,0.3988416517498272,-0.3033827579905745,0.5603572181514,-0.5582740163711579,0.9311700330994995,1.2218355552834177,-0.2873107240987416,-1.2362550655574602,0.7051426555774876,0.32894852655190154,0
-0.28588784844806825,2.020634804748797,2.9396018509197193,-0.35758436057223714,0.9437643382590942,-0.7495839241663858,0.2942876610610797,-1.010298517660167,1.2420435211624474,-0.263045956130016,1.4983457117139336,-1.63274480493169,0.08823728593965872,1.463895443896267,-0.906689667904727,1.5923247089334673,-0.14233530476598405,0.0005551274671892323,1.690796886081924,-1.2362550655574602,-1.4937905630498396,-0.48002652129367396,0
-0.692293422618235,2.384509505266991,2.9593504830837616,-0.651207791150814,0.8702179453921121,-0.9521309721685747,-0.06090192944567236,1.133426929254722,0.010634892700354339,-1.665852031927478,-0.198653460316666,-0.4987777820092153,-1.6297068707074889,-0.3033827579905745,-1.3446738067213195,0.5820035011444077,-0.6871614923121634,1.2218355552834177,-1.6178092885247515,-1.2362550655574602,0.6667538209612149,0.9252198912675016,0
-0.5297311929501682,2.5361239638162383,2.9198532187556765,-0.6857354809293306,1.0038251955169504,-0.08938003357099898,0.31244231249839755,-1.6459601390467435,-1.2207737357617388,1.702110604501398,-0.9229775184206267,1.2851056563190393,1.053483773112687,1.463895443896267,-0.3332556075536245,0.3825979785269642,-1.485778966440409,1.2218355552834177,0.5369839509444073,-0.004479185020135482,0.015706135875474356,-1.4768786499192057,0
-0.39426266822677936,2.7483842057851846,2.9198532187556765,-0.388055397708592,1.0343575995249623,0.03548175639816521,0.21653066249880326,1.4226794807585252,-1.2207737357617388,-1.0355318045992261,1.2416341059322775,0.06587131635226064,0.8478361522557202,-0.3033827579905745,0.44780652252479203,0.05866657932129121,-1.3965337714185524,-1.2207253003490393,0.7526951081502575,-0.004479185020135482,-0.3471535155781154,1.29740092279481,0
-1.0986989967884018,2.6270926389457867,2.9396018509197193,-0.6808459574333449,0.844165813873,-0.31014872742080296,0.3822788797413608,0.2897326339374418,1.2420435211624474,-0.0870267370151907,-0.47992557091263355,1.0172881699111516,-1.42212911280685,-0.892475491952855,0.7980460144455266,1.544177027163666,0.9948652867411099,0.0005551274671892323,0.43825987372522146,-0.004479185020135482,1.4786372044452756,0.7199323627607054,0
-0.7735745374522683,-0.708425449137656,-0.7138950994281753,-1.94263950355723,0.9447519394925715,-0.14923627047703783,0.2833941669614609,-0.4201202348991818,1.2420435211624474,1.3913219958240848,-0.8201126851194496,1.5306453691499597,-1.5968859239790825,0.8748027099339865,0.08135295423873744,-0.3227387199807338,1.482767137874761,1.2218355552834177,0.21509913042902584,1.2272966955171893,1.3326597261934277,0.565015711618337,16
-0.3671689632821016,-1.4361748501740437,-0.6941464672641326,0.08192025311507274,0.8997096822961963,1.3470231264551333,-0.03965503799353818,-1.675148926216742,1.2420435211624474,1.3208938700035069,-1.4156662404699956,0.5319978626080016,-0.7887256052911492,1.463895443896267,-0.6823845413556706,0.7677788226790381,-0.44697409529161963,1.2218355552834177,1.6567547876972497,-1.2362550655574602,1.6056260009058068,-1.6132219599275663,16
-0.6381060127288793,-1.2239146082050973,-0.8323868924124314,-2.420839807641618,0.8928759215156672,1.1187917868651485,0.14128503800871942,1.4706420788139596,1.2420435211624474,-1.2082470972863604,0.4470923097535819,-0.6897732155802797,-0.23132810094822603,0.8748027099339865,0.8255326347894905,-0.22348691898806344,1.5510869853887828,0.0005551274671892323,0.6424478137049869,-0.004479185020135482,-1.475435166946697,0.702359281055027,16
-1.179980111622435,-1.132945933075549,-0.7731409959203033,-1.3306740573055515,0.9237385192520261,1.737532900266042,0.2038786585550437,-1.085025738145705,0.010634892700354339,1.1164896739070418,0.6722756224973218,-0.9523425130404116,0.8517765568667667,0.8748027099339865,-0.42347842070426367,-0.37584449458147595,1.0272681692285694,0.0005551274671892323,-0.04100114131510656,1.2272966955171893,0.2726046375613207,-0.35645860638323146,16
-0.8277619473416239,-1.4058519584641942,-0.7731409959203033,0.7626861050748629,0.9028471489860275,0.8525322633784549,0.1403033668854025,-0.033719986880149384,1.2420435211624474,0.5353554928319404,0.42731230660789893,0.6373347077659539,1.0341117956276378,-0.892475491952855,0.6382046931517921,-0.3319514604060417,-1.0075131870299219,0.0005551274671892323,-1.495802327837424,-0.004479185020135482,-0.43644919195926435,-0.7340548885509022,16
-0.6651997176735572,-0.7993941242672046,-0.7533923637562606,0.4844919671058111,0.9629063915980343,-0.5033610896695391,0.19419623396494703,1.1660243843028792,1.2420435211624474,1.6442539241077845,-1.4786142591208005,-0.0678657163303193,-0.29254711243601345,0.285709975971706,0.6349882897459413,-1.1812308903558038,0.9188374882738232,-1.2207253003490393,1.584076582096957,1.2272966955171893,0.19937068161439897,-0.9575502681521852,16
-1.2341675215117907,-0.9206856911066025,-0.6546492029360473,0.010422935459303263,0.9239030913787614,1.2141454377745542,0.16523098269828285,-0.6958018823926656,1.2420435211624474,-0.3535114317061276,1.2924381009282122,1.0210174139893335,1.0230281855578283,-0.892475491952855,0.04511615658950171,-1.142296449227732,-1.0749765477359874,1.2218355552834177,1.6799135338828526,-0.004479185020135482,0.8985641751038739,-1.4789931679615176,16
-1.3696360462351795,-1.07230014965585,-0.67439783510009,0.8207743933877869,0.9221281216197655,0.9544425964299905,0.19933286868488165,0.12731203615475686,-1.2207737357617388,-1.0513832551420126,-0.6390209352065289,-0.5644354565699307,-1.6604223214560891,0.8748027099339865,-1.2411808792051198,-0.40112303918200914,0.5612728035620523,-1.2207253003490393,-0.6518915822635793,-0.004479185020135482,1.2979649599900722,1.5343781911214716,16
-0.312981553392746,-0.890362799396753,-0.67439783510009,0.9754837835513714,0.8725403515265158,0.9302340936956724,0.04745655722031763,-0.5170139413383589,1.2420435211624474,-1.3067301488850345,-1.595683163619519,1.6535234177420135,-0.8904672580755344,0.8748027099339865,-1.0137395328313732,1.0605060011636631,1.4005406488002465,-1.2207253003490393,1.3452652046855338,-0.004479185020135482,1.3430727790318755,0.16834959063489743,16
-1.0174178819543682,-0.9206856911066025,-0.8323868924124314,-0.32686145471227085,0.8438164793582322,1.1577956896797945,-0.013973475069193277,-0.041844346440255045,0.010634892700354339,-0.44699298392881937,1.5967611785993887,-0.8583419164366544,0.33775232052840926,1.463895443896267,0.36515975984938454,-1.2010896447551098,-0.7664243663946072,0.0005551274671892323,-1.3657754757695342,-0.004479185020135482,0.24992493242223746,-1.4496781524373223,16
-0.8006682423969461,-1.1026230413656994,-0.6546492029360473,-0.3226303165457217,0.9014672579975023,1.2749544382127578,0.27347837098601496,-0.7185222899464523,0.010634892700354339,1.437825341069028,-1.5706108410390878,-0.12024991064828777,-0.09584150623332782,0.8748027099339865,1.3504038035693557,-0.593374333653863,-0.3566665074402215,1.2218355552834177,-0.6839032849879475,-0.004479185020135482,-0.5025132484770589,1.6162654718506433,16
-0.47554378306081274,-1.2542374999149468,-0.792889628084346,-0.07026372401616342,0.8459485477693257,0.4559569379170077,0.2530830335702579,1.049512168284896,1.2420435211624474,-0.10858446923231115,-1.0590370605081025,1.3513317950054744,-0.9123004499151731,1.463895443896267,-0.28242409342417213,-0.2651955529550091,1.2296356948562897,0.0005551274671892323,-0.7151235844775461,1.2272966955171893,1.5576815457072082,-1.1296176440220578,16
-1.2070738165671129,-1.3452061750444952,-0.7138950994281753,1.0799683979720962,0.8384049560571687,0.7227887964755413,0.11330801340495814,0.4810206302370409,-1.2207737357617388,0.48422193679593223,1.0581829923486936,0.8719206392234574,1.1405649335707273,-0.3033827579905745,-1.5402837763791979,0.8125097731894249,-0.5177633124081253,-1.2207253003490393,-0.009652406131326927,-1.2362550655574602,0.17665519156110976,-0.36584013569870766,16
-0.8548556522863017,-1.4058519584641942,-0.7533923637562606,-2.140445350618537,0.8867901838365702,-0.4536923100325962,-0.05946721084188049,-1.2033694239073243,0.010634892700354339,-0.35647113633010086,-1.6199671279333925,-1.5663576374616726,-0.2615042879474395,-0.892475491952855,-0.273616737516794,-0.5863124108740749,1.3441191219964481,0.0005551274671892323,-0.8260881748655877,-1.2362550655574602,0.9366172109363997,1.64912166294637,16
-0.7193871275629128,-1.07230014965585,-0.8323868924124314,0.18761893597748575,1.0319814383529593,-0.23801551415052566,0.23506754630130208,-0.40553767273148666,-1.2207737357617388,-1.1891728115082676,-1.2089366202526761,-1.3981240099218237,-1.4702675661340454,0.8748027099339865,1.6257225188677742,-1.2240737997329802,1.5061170367106465,1.2218355552834177,0.9389262734653102,-0.004479185020135482,-0.35876806659322785,-1.1464241506674646,16
-1.1257927017330795,-1.2845603916247963,-0.792889628084346,-0.1495694224655648,1.029178387101838,0.11600040459880406,0.1513619488362991,-0.27215743248356444,-1.2207737357617388,1.7016718376243183,0.13501586150429773,-1.530381882804733,-0.25199781868911164,0.8748027099339865,0.7569561550923117,0.32886528756101874,-0.3649483935418099,1.2218355552834177,-0.2200753839665668,1.2272966955171893,-0.8676358157301524,0.2956926107163482,16
-0.5297311929501682,-1.3755290667543447,-0.8126382602483887,1.7576762387742513,0.9953994078563627,0.8966143596843837,0.0019080075272391239,1.5950944814979355,0.010634892700354339,-0.16718440427798556,-1.198323389454122,1.3606268653621219,-0.5841496160601587,1.463895443896267,-0.4387224025153052,1.0462947597051202,1.3762261390136399,1.2218355552834177,1.709144981591408,-0.004479185020135482,1.240174604809061,-0.21015647479179944,16
-0.7735745374522683,-1.1026230413656994,-0.852135524576474,-0.2951759619812,0.8644571724867042,0.6152834635797907,-0.011429851090986522,-1.5245895593614922,-1.2207737357617388,0.20122597447630183,-0.984669109459925,-0.5936394452794855,-1.6814188526628804,-1.4815682259151355,1.4543260613080788,1.4190963988550214,-1.5698988991582647,1.2218355552834177,-0.01791751311189021,-1.2362550655574602,-1.4978923551078558,-1.2444861825197029,16
-1.0174178819543682,-1.4664977418838931,-0.792889628084346,-0.34820860654454666,0.8366797500965608,1.2991471957908491,0.008364056517132325,-0.9833629768260892,0.010634892700354339,0.19612062898249644,-1.1102409442688563,0.9829807265520092,-0.6420877620660537,-0.892475491952855,0.18439742047776436,-0.8970903841498465,-1.006355895689652,0.0005551274671892323,-1.5826636787889807,-0.004479185020135482,0.16060985790012033,1.0491742776116226,16
-0.936136767120335,-1.3755290667543447,-0.7731409959203033,-0.20014793756031699,0.8896414386008731,1.462607506697574,0.1425248576178639,-0.17048877109621924,-1.2207737357617388,1.5372624440348763,-0.8313016817776517,0.7250624940179606,-0.9075788839552207,-1.4815682259151355,-0.10311154769101968,-1.5946219215384532,-0.3918218558602953,0.0005551274671892323,-0.9599235081666936,-1.2362550655574602,1.572347512447976,0.54715602498682,16
-1.2612612264564684,-1.2239146082050973,-0.8323868924124314,-1.972136495277996,1.0233225823595347,1.4108517591383036,-0.03627359166862034,-1.4350884382173428,0.010634892700354339,0.8050847152903711,-0.4420290609815514,-0.07578858548075598,-0.9837860245241534,-1.4815682259151355,-1.4172355050500456,-1.693641706968669,0.026288784988968385,0.0005551274671892323,-0.388605365301098,-0.004479185020135482,0.9697421547112044,-0.427592417872524,16
-1.3696360462351795,-0.8600399076869035,-0.67439783510009,-1.240682399968909,0.920896689544837,-0.13933046837310295,0.23635553147267369,-1.0303113185724428,0.010634892700354339,-0.3410592568102065,-0.17542596000705565,0.8446212543573806,0.3959475236196109,-0.892475491952855,1.6977238119757168,-1.5170398267169507,-0.7386102666648858,-1.2207253003490393,0.1943549870385708,1.2272966955171893,0.8432178194323274,-0.8107107345269529,16
-1.1528864066777573,-1.4058519584641942,-0.7533923637562606,0.5226180605848555,0.9210487272755825,0.5941569675856359,0.03184169507994401,0.4752533531374978,0.010634892700354339,0.49212432488560776,-0.39876439553188014,1.1182202963281644,-0.19433250574090358,0.8748027099339865,1.0662892914690523,1.5725760264034983,-0.538162084883677,0.0005551274671892323,-0.8718971323915776,-0.004479185020135482,-0.044419628038537454,0.9254193174111026,16
-1.2612612264564684,-0.9206856911066025,-0.852135524576474,-0.5807886215946404,0.9830609047080467,1.3033147743816682,0.12502498847096138,-0.05982015957895612,1.2420435211624474,-0.16705624390569998,-1.7030416313039465,-1.2695834760250166,-0.8837208723709962,1.463895443896267,0.9875244075325944,-1.6078117992442942,-0.02433617729528373,0.0005551274671892323,0.9218504999820157,-0.004479185020135482,-0.7610476055062424,-0.14815669887812513,16
-0.47554378306081274,-1.1935917164952479,-0.792889628084346,-0.9055120352066711,0.9651223299439317,1.570173692948499,0.13137903712323826,0.6470357054616468,0.010634892700354339,-0.32952185491491837,0.5004439116887519,1.1968910308507068,-1.1573619406985916,-1.4815682259151355,0.7985278908107559,0.23392136391398852,0.8702263249608471,1.2218355552834177,-0.24628187921498151,-1.2362550655574602,-1.616220209782477,-0.6679409586384936,16
-0.556824897894846,-1.4058519584641942,-0.6546492029360473,1.5048182246093755,0.8795983194059567,1.7525443849421871,0.22389906351380437,0.20479189972654938,-1.2207737357617388,-1.4713546686560066,1.0561633128141596,0.7823052970105833,0.3709157737311319,1.463895443896267,1.2694870703404868,0.07571845075395416,1.1851214552502785,0.0005551274671892323,-0.3603766100486407,1.2272966955171893,1.3493273832409547,-0.9928328530508459,16
-0.8006682423969461,-0.7387483408475056,-0.7138950994281753,-0.6544177934517673,0.9289870361026991,-0.03981984808140224,0.25306994433075136,0.6763319827493921,0.010634892700354339,0.7239106676434057,-0.5291642004563916,0.9976800507652535,-1.615338077097948,0.8748027099339865,0.24202048851907157,-1.2208327816670432,-0.4523883846866804,1.2218355552834177,-0.3591123175789144,-1.2362550655574602,1.2245668430936782,1.3192651942783422,16
-1.071605291843724,-1.1935917164952479,-0.852135524576474,-2.787702191428837,1.051790332790112,0.6163068211912937,0.2203025692828688,1.6490790225406882,0.010634892700354339,-0.6645048893924997,-0.38101685302920396,-0.8836104382812562,1.3619055969346832,-1.4815682259151355,0.6616111506214445,-0.14121015828648753,-1.162888068516366,1.2218355552834177,0.46500248494136887,1.2272966955171893,1.7110826371318093,-0.931201119047334,16
-1.1257927017330795,-1.3755290667543447,-0.6546492029360473,-2.226730193505566,1.0277112019073187,1.9708718610094023,0.12300567116172183,0.17783547625615734,0.010634892700354339,-0.5667108973748893,1.6787991269342168,-1.1390441693797386,-0.37551824302816966,-1.4815682259151355,-0.8622712308797638,1.0479056456730018,-0.5713506454761907,1.2218355552834177,-0.509778686494601,1.2272966955171893,-0.9118191620858,-1.0112391150880833,16
-1.2341675215117907,-1.07230014965585,-0.67439783510009,1.4793698442043453,0.9884964010522801,1.246686997560915,0.28586767833361265,-0.7967165701183216,-1.2207737357617388,1.083723752605374,-1.0025883843862198,-1.1698441115470033,-1.4049346284834723,-0.3033827579905745,-1.4300115963193998,-0.3355125822862362,0.4881374867793444,1.2218355552834177,0.7285161146440216,1.2272966955171893,0.759683871621266,0.7402635954202416,16
-0.5839186028395238,-0.8600399076869035,-0.67439783510009,0.9630618285086886,0.8525414221683073,1.6962695294074033,0.17956855200350585,-0.796082434964041,-1.2207737357617388,1.4103310445529456,-1.3028819081429928,-1.262958298000919,-0.07040227522260818,0.285709975971706,0.7944942508263334,1.1778007285856578,1.1575049611702177,1.2218355552834177,-1.5075695596134193,1.2272966955171893,1.5300340603687164,1.6181949848907449,16
-0.47554378306081274,-1.2542374999149468,-0.6546492029360473,0.9164339750134411,0.9232750175050783,-0.5391344141758796,0.24121286417079882,0.8688555279821902,0.010634892700354339,0.13543436855860727,-0.5358765453967158,-0.22596740074737304,0.3151395951981118,-0.3033827579905745,1.0670727782200533,0.7611259937005088,-1.7282068974657347,0.0005551274671892323,0.6856759081676485,-1.2362550655574602,0.0844796026621827,0.5336947645221205,16
-1.1528864066777573,-1.132945933075549,-0.8323868924124314,-2.644508407364773,0.8438386778184572,0.8234709052427692,0.09013439572532662,0.8497364743161617,-1.2207737357617388,-0.9527839659817999,1.3440572992541124,0.2083367073807024,-0.8463243341811485,-1.4815682259151355,1.446562752434649,-0.5769946243590183,1.4064860865336963,0.0005551274671892323,-0.4983028182861997,-1.2362550655574602,1.6833432267281516,0.7558206015727084,16
-0.9632304720650128,-1.1935917164952479,-0.792889628084346,-3.0824947806977856,0.8420154825324657,-0.32120636337202246,0.289929766932837,-0.16265472566133757,-1.2207737357617388,1.1720712205797772,-0.15906242799580195,1.6245808307900464,0.12083440891699165,-0.3033827579905745,-0.24445473909435259,-1.6985517275685562,1.3268944411378094,1.2218355552834177,0.0671955791767773,-1.2362550655574602,-0.2616501154633455,0.31398635926590923,16
-0.936136767120335,-1.4058519584641942,-0.792889628084346,-0.557870989427725,0.8593132509025848,-0.0633563920577795,0.23741084958790756,0.7672378817971566,-1.2207737357617388,0.5054027261953691,-0.8436527978585778,-1.2558318802208446,-0.3603021810707261,-0.892475491952855,1.4012203152584937,-0.4305440589858768,0.2523255910069827,1.2218355552834177,-0.6600240241148516,1.2272966955171893,-1.380367982310139,-1.6408165628338618,16
-1.3696360462351795,-1.2542374999149468,-0.8126382602483887,-1.072951404103129,0.861360345992618,0.6458959696807978,0.24295611354869084,1.1667858756081506,1.2420435211624474,0.9950013698191471,0.7671648617090396,-0.030332872443671537,-0.38412232973195753,0.8748027099339865,0.8570139358008132,-0.9405670463056444,-0.6633886341196708,-1.2207253003490393,-0.09167772815444555,-0.004479185020135482,0.8379274352940088,-0.8400826196973825,16
-1.2341675215117907,-0.8600399076869035,-0.8323868924124314,1.0083667208471474,1.012255372462442,-0.5921433446057708,0.06093533264005972,0.45595141711984305,1.2420435211624474,0.5894590448841173,-0.6718895040899516,0.8818827657768892,0.7184954936378413,1.463895443896267,-1.4077471625233955,1.5756482985679985,-0.015067142608393556,1.2218355552834177,0.13804223737495044,-1.2362550655574602,-0.10386615549122101,-1.0716882153534124,16
-1.2070738165671129,-1.3755290667543447,-0.733643731592218,-0.24895030912561722,0.9396186406967373,0.16990852651654215,0.29539971680723864,1.4755428635350198,0.010634892700354339,1.4558445862576361,1.4818328365509004,1.6448944604871751,0.3276185360119927,-0.892475491952855,0.8800808615742556,-0.7123197595170705,-0.8381108584817333,-1.2207253003490393,-1.5974907599789272,1.2272966955171893,-0.2108659447385389,-0.12839399622500128,16
-1.0986989967884018,-1.4664977418838931,-0.852135524576474,-0.869746018688793,0.8927595663799587,1.7426118446344274,0.17325735459485805,1.5996806632920975,0.010634892700354339,0.14396152131886591,0.2183756044380828,0.6490959620890804,1.309353419472748,0.8748027099339865,0.6066450151574643,0.58838357288293,0.4865834347090236,-1.2207253003490393,-0.7460381095428112,-1.2362550655574602,-1.310527948945031,-0.6434654192077599,16
-1.3425423412905018,-1.1026230413656994,-0.8323868924124314,-2.929197108498063,0.8941355200406537,0.45278410864923707,0.2559916238381171,-0.07365544091435318,-1.2207737357617388,1.4549244789167224,-1.3769624593005472,0.3538560152760301,1.2039696357434007,0.285709975971706,0.9165673323552485,0.5405160965906756,-0.7749108812506235,1.2218355552834177,-0.3639847869475919,-0.004479185020135482,-0.642288836009319,0.564242478254794,16
-1.3425423412905018,-0.708425449137656,-0.7533923637562606,-2.7094760790759955,0.8924516340084475,1.0622462937681614,0.00206551155468143,-0.8274518498327583,1.2420435211624474,0.06913451360934907,-0.6516126390651658,-1.6080166034581427,0.38730962270645924,0.8748027099339865,0.3999756576224521,-1.6085196355467872,-0.26205919983821346,1.2218355552834177,-1.6982247605273058,-0.004479185020135482,0.5077687864392963,-0.01360174407580073,16
-1.3696360462351795,-0.9206856911066025,-0.6546492029360473,-0.6023789292321138,0.9835731481834584,1.4594272281085765,0.11638575916178953,-0.3248042856499467,0.010634892700354339,-0.9167567615649506,-1.4981541749017642,0.5255692915465807,0.391527609691051,-0.3033827579905745,-1.261880745598081,-1.25243119515706,-1.259472172377942,1.2218355552834177,0.30211584614435794,1.2272966955171893,-1.4202272672399505,-0.2918054030056117,16
-0.7193871275629128,-0.7993941242672046,-0.7731409959203033,-1.332796357123239,0.9778222491474083,-0.40367072154739064,0.2899223268867994,-1.5428608446197842,0.010634892700354339,-0.4341195707193077,-1.5434943099032166,-1.1123156399401204,-1.6270693008060952,-0.3033827579905745,-1.3150008253185195,-0.6808715278506883,1.3668099764372357,1.2218355552834177,1.5245407190445404,-0.004479185020135482,-0.5752421547487322,-1.2890528177495666,16
-0.39426266822677936,-1.2845603916247963,-0.6941464672641326,-1.6346166666832789,0.9689309448020239,0.9334233866870895,0.16845248805308594,-0.8125981991692521,1.2420435211624474,1.6133076168449716,0.6296104517683869,-0.41578804582050577,-1.1089686214304555,1.463895443896267,0.7869855434994641,1.5985264356858555,-1.1492719700742167,1.2218355552834177,-1.4702951741430677,1.2272966955171893,0.7761205417280536,1.730862913645756,16
-0.28588784844806825,-0.9813314745263014,-0.792889628084346,1.8351071407816517,0.9612588867625049,1.2268397609388326,-0.023168647622740887,0.9072916822608024,1.2420435211624474,-0.6806620564431739,1.3286838662687115,0.31711136649919985,1.3707454554023164,-1.4815682259151355,0.5309034936477383,1.1592286369874538,-0.8403187964791153,1.2218355552834177,1.6531806485905063,1.2272966955171893,-0.8159477801599322,0.055861182515388616,16
-0.28588784844806825,-0.951008582816452,-0.8323868924124314,-0.21335750210734905,0.9177600760026047,0.024220723218664496,0.22777212252847698,-0.5323329455057648,1.2420435211624474,-1.1549930884993702,0.8068371598149623,1.4428854474099257,-1.463930391920303,-0.3033827579905745,-0.635801325628527,-1.1496380874172312,0.41298790552338904,-1.2207253003490393,-0.4913831744574787,1.2272966955171893,-0.15619138371254548,-1.444362762189603,16
-0.5026374880054905,-1.07230014965585,-0.6941464672641326,-2.326575513679357,0.9104745073028421,-0.5496689601864132,0.08232946711680854,-0.5653892692479321,0.010634892700354339,0.39681972295391904,1.2599773863450199,0.7060976724743274,-1.468967694652314,-1.4815682259151355,-1.1089766836555675,-0.5332011165569398,0.7296975727774507,1.2218355552834177,0.9645842726370515,-1.2362550655574602,0.6338162420644322,-0.46358429865504164,16
-1.1257927017330795,-1.3148832833346458,-0.7533923637562606,-0.644163174395403,0.9901876185829864,-0.5933198268663806,-0.035438433761096726,1.4240004322982103,0.010634892700354339,1.0418734569523913,-0.2585669191491928,0.5800288137764152,1.3737572471403334,0.8748027099339865,1.0023096115216352,-1.2265457888102875,0.2854651805284363,1.2218355552834177,0.026017924100605515,-0.004479185020135482,0.350674365686947,-0.5410372869194393,16
-1.0174178819543682,-1.132945933075549,-0.792889628084346,1.8021984479331223,0.9722643667810233,0.6208092728774316,-0.05945612357170903,1.4552399503599813,-1.2207737357617388,1.5689809562733528,-0.7761726909507977,0.54337503251978,1.4005994647864273,1.463895443896267,-1.5056587867563915,-0.25623353729276765,-0.7868429273743245,-1.2207253003490393,0.7840793008939327,-0.004479185020135482,-1.2142184309820072,0.37156343524105784,16
-0.9632304720650128,-1.3452061750444952,-0.733643731592218,-2.778887015233831,1.0183334515806628,1.8590685605536346,0.09764626696273176,-0.5236366003291536,-1.2207737357617388,1.7011305179197982,-0.5791586379284087,0.16846234229540638,-1.6646036972718048,1.463895443896267,-0.48028287362596755,0.9915749000871865,-0.412450913420408,0.0005551274671892323,-0.5714254970881087,-0.004479185020135482,0.713101878690291,0.748350205675597,16
-0.5839186028395238,-1.2845603916247963,-0.852135524576474,-0.4904311836568085,0.9194102615815345,1.5124918733611667,0.0174491480568388,0.12474620636752339,0.010634892700354339,-0.4770624933271353,-0.7812040186063183,0.37407785369654156,-0.8118737511941568,0.285709975971706,-0.10121247337900026,-1.3288986629552828,-1.1880476845786572,-1.2207253003490393,1.1002582992978085,-0.004479185020135482,-0.24518965815107763,-1.2155029048967536,16
-1.3425423412905018,-1.1632688247853984,-0.7731409959203033,0.8626802737365211,1.0364740543017106,1.375138229521822,0.21643793491915195,-0.7973270834581095,-1.2207737357617388,1.272353414690817,-0.002879831161000391,1.2714573789538615,-0.8270241637247783,0.285709975971706,-1.4638473451198288,-1.4544247412092741,-0.8348679590458903,-1.2207253003490393,0.12148435336982574,-1.2362550655574602,1.1035917586655284,1.286223600935145,16
-0.8819493572309794,-1.4664977418838931,-0.733643731592218,-0.9356402621631087,0.8740734393404689,-0.2816024102368035,-0.018355816882960126,-0.6479532958786405,-1.2207737357617388,-0.5298157594200358,0.27049795268111665,0.241506058293966,-0.14419646238576816,0.8748027099339865,-0.2587892378758635,1.3173612739909666,-1.2174184368417054,1.2218355552834177,1.5996604137320474,-0.004479185020135482,-0.5120277070679856,-0.11099262172205716,16
-0.9903241770096906,-0.951008582816452,-0.7731409959203033,-1.6526688973582142,0.8830660975306485,0.0952641385313454,0.16462368894046528,-0.2274887550271198,0.010634892700354339,1.5995574242974222,-1.5133196198520154,1.5117462708590197,-0.6875750313943544,-0.3033827579905745,-0.7169888203827268,-0.5112177370307559,1.5094248717401426,1.2218355552834177,1.314778542153773,-1.2362550655574602,-0.7368778373239239,-1.0392129141470996,16
-0.47554378306081274,-1.1632688247853984,-0.8126382602483887,-1.93228014577974,0.9075603226824849,1.5272727043578427,0.11453969409876999,1.208640860758989,-1.2207737357617388,-0.3394626467187045,-1.174233168831555,-1.0726395110629985,0.8132955805581836,1.463895443896267,0.002264038687891285,0.23534667314392513,-0.2584235203601006,1.2218355552834177,-0.37455279255293417,1.2272966955171893,1.113551131316767,-1.5398255881750802,16
-1.2612612264564684,-1.4361748501740437,-0.8126382602483887,-0.5147754233770215,0.8821637472618414,0.30940996061609133,0.16762260260480194,-0.2753165575952386,1.2420435211624474,1.2122559597665967,1.6905938589887757,1.247715012901346,1.4802497879287735,0.285709975971706,1.3121772009284043,0.23521321524198388,-1.3740872730351459,1.2218355552834177,-0.711808544848084,1.2272966955171893,1.3354762917246457,-0.5845589089457816,16
-0.9090430621756572,-1.132945933075549,-0.67439783510009,-1.8211996506422505,0.9299596369437849,0.20168815928545347,-0.009454653545945503,0.7143312291894158,0.010634892700354339,-0.938911365547321,-0.4434331677012104,1.6099308608501328,-0.13961590181646572,-1.4815682259151355,0.7337944170620092,0.3849217272904382,1.3767974070256792,0.0005551274671892323,1.0277868471647016,1.2272966955171893,0.6535094672078439,0.06776805186199548,16
-1.0445115868990462,-1.0116543662361508,-0.7533923637562606,-0.23010241379301305,0.971460509459747,0.0760891385305043,0.10933399507672314,-1.2508657007448145,1.2420435211624474,-1.45901135617204,-1.1257839067694309,-0.14219545858989446,-0.14551555134037905,-0.3033827579905745,-0.036007343930304234,1.4792770404500573,-1.6939754933702216,-1.2207253003490393,1.285077210769683,-1.2362550655574602,-1.491399858943747,0.972832774658504,16
-0.4484500781161349,-0.7387483408475056,-0.792889628084346,1.2369831738057482,0.8837289307669748,-0.02434826830574066,0.03421778880428439,0.13801537058092112,-1.2207737357617388,-1.1076610036347023,-1.6898593187558915,1.4207413773759885,1.3704313631456135,0.285709975971706,1.213884597813143,1.3698316882298731,-0.8561357738405821,1.2218355552834177,-0.660454300317823,-1.2362550655574602,0.258223043887804,-0.9672116615347169,16
-0.312981553392746,-0.7690712325573551,-0.7533923637562606,1.1324142291592612,0.8985543191792985,0.9207324948114745,0.10358056270454613,-1.5078369172142891,-1.2207737357617388,-0.2006148767097128,1.021209544530765,-0.5681876796609842,-0.15474038416068908,-1.4815682259151355,-1.25989614980722,1.461854114529411,-1.4626283212694398,0.0005551274671892323,-1.4164152014731328,1.2272966955171893,1.7276801072609989,-0.4820183893328117,16
-0.5297311929501682,-0.8600399076869035,-0.7138950994281753,-1.4942566057559836,0.833735756526084,0.7069388172878441,0.15134403121075113,-1.5503862027326678,-1.2207737357617388,0.19210147524734017,-0.12577500361607036,1.2427494343930454,1.3507314759981044,1.463895443896267,-0.7377415886770313,-0.5506156113054297,0.9273796301957905,1.2218355552834177,1.5224456068469527,-0.004479185020135482,-1.695703314869581,-0.4888831873806106,16
-1.0445115868990462,-1.4361748501740437,-0.792889628084346,1.0334825822318463,0.9607887467275594,-0.1045062318490362,0.0719000495287281,-1.2794527730284546,0.010634892700354339,0.38493769597970684,-0.4999565149789848,1.352256193960115,0.5863285807206453,-0.892475491952855,1.2096049625664231,0.05229093318154733,1.5780876032746145,0.0005551274671892323,-0.5080528098338142,-1.2362550655574602,0.9280175762897934,1.0737180705891887,16
-1.0445115868990462,-0.7387483408475056,-0.6941464672641326,-0.6242002190823603,0.9005913696806026,1.4239194065091263,0.2646835340603526,0.5107014374370015,1.2420435211624474,-0.03510669321547268,0.9629870535223773,-0.8392454702983401,1.361465646917958,-0.3033827579905745,0.4340099757319429,-0.031382357007207436,-0.19085069379455816,-1.2207253003490393,-1.2272627467770638,-1.2362550655574602,-1.1944795686608003,-1.4177602123322575,16
-0.6651997176735572,-1.2845603916247963,-0.733643731592218,-2.3531501202692677,0.8748970053147088,1.473151335927115,0.051520362053253714,0.06848804660510656,0.010634892700354339,-1.0638499746168277,-1.0494193499202848,-1.1409886513048293,0.7671790117400908,1.463895443896267,-1.210889993129332,0.017774574924486218,0.15426843259091252,-1.2207253003490393,0.6833175047008838,1.2272966955171893,1.6023350591169396,-1.0195781314814418,16
-0.8548556522863017,-0.890362799396753,-0.6546492029360473,-1.0126616846588536,0.9992955792891689,0.8628714042846594,0.15243248737839515,-0.6300811402570697,1.2420435211624474,0.04452651141056089,1.3001121250119545,-0.4625770769585009,1.4444713457494973,-1.4815682259151355,-0.8513190208222466,0.9289966351555894,0.4514224120851379,1.2218355552834177,0.25904166641387355,1.2272966955171893,1.4874852984851175,0.019225466252988398,16
-0.312981553392746,-0.9813314745263014,-0.7731409959203033,-2.450876222047435,1.012901175992159,-0.14921583783155273,0.05106769312698032,0.3869633496696492,0.010634892700354339,1.5913495298198805,0.24835592014863186,0.6761573698857788,0.30575234105812815,0.285709975971706,1.5438371581236785,1.6101682714343342,-1.6606002547012362,0.0005551274671892323,-0.15151357449490896,-0.004479185020135482,-0.2365523797124371,-1.2299985154799464,16
-0.936136767120335,-0.7387483408475056,-0.6941464672641326,1.3240633811093219,0.9971928022789411,-0.35226878702142606,0.2577079048690951,0.8518312385234865,0.010634892700354339,-1.0393624977031315,1.644931119647985,0.3867769629377355,-1.6181159808301633,0.285709975971706,-0.8960958123674533,1.298875797944126,0.5615122878788887,1.2218355552834177,0.7370591468565997,-1.2362550655574602,-1.1881878445056369,1.232905262206763,16
-0.39426266822677936,-0.7387483408475056,-0.6941464672641326,-0.9746758452654959,0.8730645300830698,1.7576820502264663,0.11443506572140828,0.3959729102444277,0.010634892700354339,0.7581073120307473,0.9028683660956449,-0.4358465152088408,0.12107852158130772,0.8748027099339865,-0.6063708813273692,-0.8259627356904311,0.6558553196169201,0.0005551274671892323,-0.7403356936440446,1.2272966955171893,0.2243185963268643,1.4167585064452404,16
-0.3671689632821016,-0.9206856911066025,-0.7138950994281753,1.1674868150975335,0.8546948026466761,-0.09592320509479002,0.17568708471762617,0.911560864903109,-1.2207737357617388,0.20689634336104418,1.044117380868787,-1.5739699936492044,1.1297982718888908,-0.892475491952855,0.4143909550107092,1.385271236773561,-1.3960741572430333,1.2218355552834177,1.6356140817991494,1.2272966955171893,0.13988109128097276,-0.4245076166694867,16
-0.312981553392746,-1.3452061750444952,-0.6546492029360473,-0.051666636686883184,0.9133510190996956,1.9677399060793135,0.2419095713390325,-1.1567370824883594,-1.2207737357617388,0.11570206746148086,-0.40716567191671277,1.4750536729006374,1.0385692783065705,-1.4815682259151355,1.7602966202548538,0.12379296774154352,-0.8347099730935557,-1.2207253003490393,-0.3085041950563827,-1.2362550655574602,0.19631927879878727,-0.35912548487824536,16
-0.5297311929501682,-1.4664977418838931,-0.67439783510009,-1.5704960897491398,0.908266577941795,0.1472437767065924,0.13144011902762018,0.7736589631622094,0.010634892700354339,0.18120023295428989,-0.9500951893066761,1.5852342939962978,0.18697992079612752,0.285709975971706,-1.3377406302533592,-0.30648017577022985,-0.2860305853101378,-1.2207253003490393,-0.43067716126249556,-1.2362550655574602,-1.5211772635034513,-1.4325061884750436,16
-0.8819493572309794,-1.2542374999149468,-0.792889628084346,-2.5728499609641022,0.9135691584727209,-0.340449738422962,0.28988545789153786,1.2089359540719544,-1.2207737357617388,-0.904699912837638,0.012795184975007978,0.8627869366239614,-1.6949754079095063,1.463895443896267,-1.1444983683719863,0.7989099787022649,-1.6192562927370098,-1.2207253003490393,-0.2609880619016035,-0.004479185020135482,1.1480451818560398,0.8914003972288167,16
-0.8277619473416239,-1.0116543662361508,-0.7533923637562606,-2.715982124487964,0.9974578692624737,0.65590951166398,0.047255459400620314,-1.2940976444870345,0.010634892700354339,-0.9545564198114616,-0.460643414394461,1.0813050347231357,0.3774621603415128,0.8748027099339865,0.5526700599120794,-0.4926692178317118,-0.8475546153635884,0.0005551274671892323,-1.6906937106906266,-1.2362550655574602,1.3775091201093126,-1.2459602519785589,16
-1.2341675215117907,-1.3755290667543447,-0.852135524576474,-2.880451022267199,0.9320059682892602,0.12034053629917323,0.1694018601311414,-0.9380503100781353,-1.2207737357617388,1.308649968698794,0.1838367397934105,-1.4451145945129458,0.4244649332127653,0.285709975971706,-0.846591083424141,-0.024742505997563728,0.6175173454743221,0.0005551274671892323,-0.23324775443515164,1.2272966955171893,0.8890930559279058,-0.1673391627837982,16
-0.8277619473416239,-1.3755290667543447,-0.7138950994281753,-0.06265571071698839,1.0549747032795902,1.0221961942711064,0.2640722582035306,-0.6805493411672847,-1.2207737357617388,-0.09957080343637524,0.9916148723184149,0.08132098929683065,-1.6588646470303972,-1.4815682259151355,-1.3512624030524305,1.496478947360613,0.830552269323419,1.2218355552834177,0.8103397876101426,-1.2362550655574602,1.5988418452085962,0.07410838893566077,16
-0.692293422618235,-0.9813314745263014,-0.733643731592218,1.3079717210249235,0.8388740591965603,-0.012194046778070022,0.022596227596785676,0.4793228706644585,1.2420435211624474,-1.785907551542467,0.5147335717221153,0.36822803302527624,0.15512943509637278,-0.892475491952855,0.522871808009452,1.6784692458427215,-0.29949488171323074,1.2218355552834177,0.33183809107249806,-0.004479185020135482,0.8844519729005726,1.620059448067286,16
-0.9903241770096906,-1.0419772579460003,-0.67439783510009,-1.566815394302062,1.0277474357462215,0.29684184296285504,0.08372165115212077,0.2431100966083296,1.2420435211624474,-1.281161101932251,0.44563894256318426,-1.5830699327288975,1.3558515737231582,-1.4815682259151355,-0.6125908407381515,-0.20484691196846924,-1.5347932475086676,0.0005551274671892323,1.1998569646390638,1.2272966955171893,-1.1339249212493305,0.3803280233332725,16
-0.3671689632821016,-1.07230014965585,-0.7138950994281753,-3.0311230147259822,0.8405547195311603,1.2040420942498455,0.05881904175620649,0.9902556225609201,-1.2207737357617388,0.8927755599427198,0.3874387267764187,-0.7726970350847845,0.006001608391297078,0.285709975971706,-0.38861665792173355,-1.0562205612887556,1.4407450375964197,0.0005551274671892323,-0.6635332017798223,-1.2362550655574602,0.9459547259852155,-0.8477667368014785,16
-0.6651997176735572,-1.1632688247853984,-0.8323868924124314,-1.6584171638017395,1.0470576036388637,0.5719503846331366,0.08265910956753195,-1.4311114864200511,0.010634892700354339,1.0799413779883664,-1.6262475592815662,-1.3879163349573036,0.8450408588485809,1.463895443896267,-1.543645610590961,0.7544369321842073,-0.8780952458849554,0.0005551274671892323,-1.6060878689291884,-0.004479185020135482,-1.6720236286170393,0.5302612853823864,16
-1.0174178819543682,-0.951008582816452,-0.852135524576474,-1.175125558383734,0.8544588783584519,1.6730731482681525,-0.05987451696299563,-1.6910859584082565,-1.2207737357617388,1.5909495397948707,0.5409154171432248,-0.08517429329097417,-0.6846839286823718,-0.892475491952855,0.6869654950879308,-1.6494550114601292,0.24524895182889828,0.0005551274671892323,-0.14400226269092758,-0.004479185020135482,0.0736676207328382,-0.32892197188164274,16
-0.5026374880054905,-0.8600399076869035,-0.7731409959203033,-3.014292081982962,1.0007183752006845,1.7144216564420338,-0.04218623884203507,0.597847957202119,-1.2207737357617388,1.1649814732386594,0.9360113682629463,-1.5676990122209835,-0.2927185695609075,1.463895443896267,-1.3675349467792908,0.10096731550944765,-0.026827423680628997,-1.2207253003490393,0.4220773012127171,-1.2362550655574602,1.7231032073555281,-1.0715428523197152,16
-0.8548556522863017,-1.4058519584641942,-0.7731409959203033,0.32378460074580545,0.9089420426145965,0.6467150938893442,-0.04230016363699952,-0.6426710833245689,0.010634892700354339,1.0976582674654838,0.6630065836377839,-0.8524643141460477,-0.04989093359450177,0.285709975971706,-1.2147252400143003,0.8309890295584265,-0.5351307057694532,0.0005551274671892323,1.706971616523864,-1.2362550655574602,-1.3612181072109593,1.4474845017844653,16
-0.6110123077842016,-1.4058519584641942,-0.7731409959203033,1.7729121346191044,0.9277483084701905,0.33767172510228105,0.2202416202364517,0.7922130428209799,0.010634892700354339,0.738718204396901,1.3444980225406156,-0.8106707113983966,0.41819494674177626,0.285709975971706,1.0373692592968076,-0.6566425951507471,-0.5655519231315926,0.0005551274671892323,-0.39456151405281453,-0.004479185020135482,-1.2533135851384196,-0.7827542871534598,16
-0.7193871275629128,-0.708425449137656,-0.733643731592218,1.3390351378498815,1.0349145539546154,0.17048618105510224,0.178176628224207,0.23726404245876473,1.2420435211624474,-0.28733678459636214,-1.0401160559008222,0.858776804246733,1.3815259584207964,-1.4815682259151355,1.5320582334699975,-0.54384729429288,-0.11372613403036563,0.0005551274671892323,0.3090086484437447,-0.004479185020135482,-0.9595075510830019,-0.8152325270509222,16
-1.179980111622435,-1.1026230413656994,-0.7533923637562606,-3.0521744033723954,0.8869064900027753,-0.004609676234115389,0.052759091499096765,0.08296020373536771,-1.2207737357617388,-1.4952336670835895,-1.5420155820664294,1.0225291741615108,1.1112983392892297,1.463895443896267,0.4567819810013521,-0.02087965995115029,-0.7390254282027967,0.0005551274671892323,0.9545162566909814,1.2272966955171893,-1.6606622760944145,0.06997946041985918,16
-0.8819493572309794,-0.9206856911066025,-0.792889628084346,-0.8148104182264276,0.986475730625449,-0.07228601515384549,-0.036065779971762434,0.8916592690350028,1.2420435211624474,1.3052939420487562,1.56208941850814,1.6514208664718075,0.37153537661885955,1.463895443896267,-0.8590088112675668,-1.2615785405715212,-0.1875427966649454,1.2218355552834177,-1.528262792149895,-1.2362550655574602,-0.15702798716456529,-1.515937566243626,16
-1.179980111622435,-1.0116543662361508,-0.7138950994281753,-1.7938695840515277,1.046142277799269,0.007489736434454615,0.11977480751026387,1.4556916219416556,0.010634892700354339,0.6471542748075291,-1.4702869935131553,-1.5581162143664564,-0.32731502196780904,-0.892475491952855,0.06777891624517214,1.2201700037710694,1.0037671586418448,1.2218355552834177,0.7081448777733311,-0.004479185020135482,-1.7240521709629846,0.917330978679917,16
-0.8277619473416239,-0.9206856911066025,-0.733643731592218,1.2317442585283593,0.8374424945989895,-0.07982366976887251,0.11796787730779862,-0.022252306937456213,1.2420435211624474,-0.8486307425365929,1.4805955691664254,0.34588231955693566,-0.902001192361579,0.285709975971706,0.6671948066441614,0.25884704082911486,1.2954375085177718,1.2218355552834177,-0.7058524453630111,1.2272966955171893,-0.43684352281992206,1.733466777594707,16
-0.8819493572309794,-1.1935917164952479,-0.733643731592218,0.48033665957582994,0.8322316743826795,0.10511510722081849,0.24874458766411833,0.4692603641827193,0.010634892700354339,0.00835636502382864,-0.3919003020681689,-0.41493979076958026,0.8884640516620728,-0.892475491952855,-1.218357573455484,0.5112571077271794,-0.7737968063634989,-1.2207253003490393,1.0227054738567303,-0.004479185020135482,-0.8276833758960574,-0.037542682770053626,16
-0.4484500781161349,-1.2845603916247963,-0.7533923637562606,1.21167937925473,1.0384110493239698,1.1537508258615328,0.2135787277748698,-1.0179956382672957,1.2420435211624474,0.1952529498942227,-0.45382908734211835,-0.5691746621606848,1.2574061138520327,0.8748027099339865,0.29790354363071175,0.8572570314734819,0.979289152998677,-1.2207253003490393,-0.8694666063955445,-0.004479185020135482,-0.24956624551881235,0.2350479914739247,16
-0.8277619473416239,-0.7387483408475056,-0.7533923637562606,0.6830255097650242,0.9789458252157801,1.1579946255866205,-0.04866547791671588,0.9301294359227661,1.2420435211624474,-0.12219240697977315,-1.5442335490784846,1.2244480639255109,1.3616730513397421,0.285709975971706,-1.0476147492234926,1.3022277753357305,0.9227447842714045,0.0005551274671892323,-0.31883269973514883,-1.2362550655574602,-1.068371202213507,-1.5077562470630945,16
-0.3671689632821016,-0.890362799396753,-0.6941464672641326,-1.2784790163442756,0.863866768291695,1.7901430167318362,0.08298024182860948,0.5953380584189482,1.2420435211624474,-0.6183058220085483,1.0659366525549934,0.01948463301377181,1.1602268151046429,1.463895443896267,-0.526030659547629,-0.21801918255540864,-1.0653329556142344,0.0005551274671892323,0.05306426248167509,1.2272966955171893,0.16203023684539633,1.2127134064128093,16
-1.0445115868990462,-1.3755290667543447,-0.7533923637562606,-1.8701942594884071,0.8968617974424428,1.972660016030865,0.07216391454699299,-0.5622858303788478,-1.2207737357617388,1.4429667866707478,-1.2425882956869754,1.4428190576167759,0.3506597285153511,-0.3033827579905745,1.404389175203681,0.06446762857502149,1.5151657703543049,-1.2207253003490393,1.3636009625996386,-0.004479185020135482,-1.173139441852961,-0.021012247017898448,16
-0.4484500781161349,-1.3148832833346458,-0.67439783510009,1.6664815034012845,0.9244156574239342,0.33100729274180674,0.24275569639856734,-0.4566814357961382,1.2420435211624474,0.2722514964551591,-0.29934758104755854,-1.4545425312782703,0.9866177156815865,-0.3033827579905745,1.1162754488601558,-0.10675486510516657,1.0363516354622726,0.0005551274671892323,-0.16845027534263926,1.2272966955171893,1.0723920890254488,-1.520290638287158,16
-1.2070738165671129,-1.2239146082050973,-0.7731409959203033,1.7575948931822971,0.8571790646727563,1.702391244339084,0.27051230963846506,-0.17058197548317258,0.010634892700354339,-0.8761966724912078,-0.23199906758692895,-1.3200200491371463,0.7934573983904867,0.285709975971706,-1.5644432312304613,1.0505460199298797,1.0464048446027592,1.2218355552834177,0.9183470513788474,-1.2362550655574602,-1.1936164638876061,-1.5359963368579588,16
-0.6381060127288793,-0.708425449137656,-0.852135524576474,1.4026873485066091,0.8564857602748515,1.53470756506037,0.17954612084709362,-1.4473063326172755,-1.2207737357617388,-0.8007709940467245,0.19968435000143073,-1.4147353959829747,1.6319909159028987,0.285709975971706,0.9245817646463379,-1.3835086059242085,0.9383630171513669,0.0005551274671892323,0.8821473073745397,1.2272966955171893,0.8754401077445437,-1.2102795851512025,16
-1.0174178819543682,-1.3755290667543447,-0.7138950994281753,-0.08953457613141388,0.9463954670159963,0.8225073593221623,0.19743174582520637,1.3308159433928073,-1.2207737357617388,0.7045036848306792,1.3351105073131746,-0.8883791054882048,0.5405867847979869,1.463895443896267,-0.6945564320441565,0.4442539854992547,1.2541380597620189,1.2218355552834177,-1.0402262245223683,1.2272966955171893,-0.5813489881599353,-1.1751089717067604,16
-1.2070738165671129,-1.4058519584641942,-0.8126382602483887,0.4079781733402803,1.0329146281777788,0.942959660326402,0.1917497000395699,0.9419177834624285,0.010634892700354339,-0.8021883705135816,0.34131136507200033,-1.4766505562714536,-1.5521119840894877,-1.4815682259151355,0.7157490843529647,-1.5883034154884743,0.6087458418162894,-1.2207253003490393,-0.6045691249495513,1.2272966955171893,0.7789592126732804,-0.904786846417819,16
-0.28588784844806825,-1.1026230413656994,-0.6546492029360473,-0.8425141269951453,0.8746006203116613,1.8113881913725605,0.06592947446261983,0.2144018848282962,-1.2207737357617388,0.0702699711886592,-0.9851584606084478,0.3869130137224077,-1.6299365112731514,0.285709975971706,-0.6941700223223848,-0.20712122097119098,1.1447691723219473,0.0005551274671892323,0.38885764002721174,-1.2362550655574602,-0.9556570188533989,-0.7396830628470895,16
-0.5297311929501682,-0.829717015977054,-0.7731409959203033,-2.749042786751836,0.9782493840740475,1.4173427711972535,-0.004787549794000911,-0.7274812752408082,1.2420435211624474,-1.4468183107953543,1.0814663498666066,-0.4379387412059367,-0.01848651548335944,0.285709975971706,-0.16344715951742805,0.7474087878344119,1.5609535520117828,-1.2207253003490393,-1.072366326785312,-1.2362550655574602,-1.3254084678136653,-1.1608941604753684,16
0.2830799553901651,0.4438444358366242,0.03655292280544627,1.8959405890007857,0.8992180787928483,0.41843027530693694,2.5408785718122067,1.1662423593159135,-1.2207737357617388,-0.23832727973638337,-1.4125650222513324,1.6625840891274188,-0.5931481644527941,-0.3033827579905745,-1.6893940836493666,1.255479546187865,-1.3569406738086824,0.0005551274671892323,-0.6793500297019084,1.2272966955171893,0.26788528638002657,0.18768996565893625,17
0.2017988405561318,-0.2232591817800644,-0.0621902380147671,3.31408722100125,0.867456640867822,0.13800289114141678,-0.2729517831919507,0.773309045265434,-1.2207737357617388,0.6343477834310361,1.3976697556767648,-1.2863742363744866,-0.8263562461413749,0.285709975971706,-1.3626348479145312,0.6288545108430448,-1.7278471809252502,-1.2207253003490393,0.5579700845615476,1.2272966955171893,-1.3475684523545581,-0.9549596255992688,17
-0.15041932372467934,-0.19293629007021493,0.13529608362565965,2.5289228803674306,0.8832671941684805,0.3644181924508397,0.28758712247613993,-0.4249531897201317,1.2420435211624474,1.3030261856617837,-0.6277010830573327,0.26194682060723107,-0.2561958649912084,-1.4815682259151355,-0.5046305448575064,-1.6961767669657095,-0.013152786386301145,0.0005551274671892323,1.2571976321806935,-1.2362550655574602,0.45622014950900364,0.4183645749888725,17
-0.312981553392746,0.3528757607070757,0.09579881929757429,1.9193122193271035,0.9269750494514986,0.11794719113227355,2.405087756359113,-0.5925615722864597,0.010634892700354339,1.2911292138244936,0.1122637085256516,-1.6925816076756588,0.23288756528315321,0.285709975971706,-1.3375360872247004,0.24813025624811383,0.6186730804775546,-1.2207253003490393,-0.29115942385622456,-1.2362550655574602,0.38392829358627406,1.346906595974593,17
-0.5297311929501682,0.4438444358366242,-0.0621902380147671,3.418602465942456,0.835366998544393,0.6059142581577156,1.688518608100026,-0.7510502397313283,0.010634892700354339,-1.2727700314083228,0.6810115688825082,0.029810843273869143,1.3537269587575609,-0.3033827579905745,1.283657408266961,-0.0326803576450896,-1.3028016987258764,-1.2207253003490393,-0.8899289648953166,-1.2362550655574602,1.3068121460776718,-1.1285622014511711,17
0.5269232998922652,0.4438444358366242,-0.0621902380147671,1.623443627102381,0.9602031240227475,0.6748150540523542,1.8188937416074733,1.4434999356784668,0.010634892700354339,0.4862315417281686,-0.16494860149478535,1.2109216008800627,-0.08101330680815566,-0.892475491952855,1.2227323603295763,-0.5913582497009755,0.6538753617902328,1.2218355552834177,-0.22417092667390057,-0.004479185020135482,0.28973118919941976,-0.7045295631225058,17
0.4727358900029096,0.2619070855775273,0.03655292280544627,1.4985073280270604,0.9561452930255432,0.6568174086736485,1.711949547998142,0.5147991288566378,1.2420435211624474,-1.6832062169390438,-1.2982262996388647,-1.695019501402676,0.9201578709287586,1.463895443896267,0.014433771915026749,0.680615816928959,-0.3983785795155846,-1.2207253003490393,-0.899765320275847,1.2272966955171893,0.37598711637199633,-0.5165555556173783,17
-0.4484500781161349,0.3528757607070757,-0.02269297368668175,-0.4208855379977308,0.9986480213932748,0.47080184419075566,1.6072610751569558,0.7269572686942634,1.2420435211624474,-1.7674532367650058,-1.6069613717949534,-1.4691304176569113,-0.39193231507608733,-0.3033827579905745,-1.6147293475470932,1.5978417552636615,-1.5225513802232153,-1.2207253003490393,0.5386231046801165,-1.2362550655574602,0.01800208748991056,-1.0770701665344842,17
-0.3400752583374238,0.4438444358366242,0.11554745146161696,0.7349708310970519,0.8686936262642136,0.3485439435193364,1.7943763857304629,0.07366216286912397,-1.2207737357617388,-0.8688470068403517,1.3898099169187954,1.443373322590661,0.7466943911798438,-0.892475491952855,-0.5289050170125849,-0.9257884512844181,-0.4250358243027645,0.0005551274671892323,-0.718537569723985,-1.2362550655574602,0.9115885361242183,0.3396295710717064,17
0.4998295949475874,0.32255286899722624,-0.02269297368668175,2.88305544541869,1.034464595195737,0.6772022086833982,1.5144457036903185,-0.7169478059771301,-1.2207737357617388,-0.6273087244319036,1.2378158514973572,0.20117634918768124,-0.9602081103118084,-0.892475491952855,1.149435306038494,0.4631186333986963,-1.0905989298784948,-1.2207253003490393,0.8882656925750657,-1.2362550655574602,-1.2246380323909247,0.09134734539313473,17
0.2017988405561318,-0.071644723230817,-0.02269297368668175,3.262849856388482,0.9085269245346941,0.37219539883288505,1.7096680819043493,1.6942386236314537,-1.2207737357617388,-0.23969008316383067,1.5970993521980208,0.984740447270296,-1.4320188377741694,-0.3033827579905745,-1.6014840587896682,0.17680727653466258,-0.03970698455060073,-1.2207253003490393,-0.0531327664421097,-1.2362550655574602,-1.5798622340573156,1.6722694007778918,17
0.2288925455008096,-0.19293629007021493,0.09579881929757429,1.4314632282062265,0.8976293472459289,0.4926363384591069,-1.0226807083223308,1.0141704069263204,0.010634892700354339,-0.5778489101582344,0.36819155276753024,0.3947827510286588,0.06623348542990683,-1.4815682259151355,-0.6608727510875015,-0.3962359382449289,1.39388790007002,1.2218355552834177,-0.24784712821599314,1.2272966955171893,-1.5532470762566224,1.3367327405678961,17
-0.17751302866935714,0.32255286899722624,0.11554745146161696,0.8278752618980342,0.893972236845176,0.3531697923586021,2.352149391859038,-1.4489041826100693,0.010634892700354339,-0.10527995776820132,1.5400348015136796,1.388951956245548,0.7008659423966851,0.8748027099339865,-1.1989229170191336,1.7183224121250884,-1.1491850259006937,1.2218355552834177,1.0077910405668309,-0.004479185020135482,0.23320720806754422,1.2860931132233764,17
0.14761143066677623,0.11029262702827988,-0.002944341522639078,1.1744748877580657,0.9689091102436181,0.047353963476965494,-0.7250977785133332,-1.2213369943256238,-1.2207737357617388,0.5448029406370252,1.322591289307045,1.1128281814334353,-1.2390082548382133,0.8748027099339865,0.14924639953484353,0.5555820900450086,1.280044981988721,1.2218355552834177,-1.0199741982457857,1.2272966955171893,-0.3310760402866798,0.6537396107885418,17
0.4998295949475874,0.20126130215782834,0.11554745146161696,2.1148109424802564,0.9694867742808685,0.672619329141863,0.6863121642114742,1.285797244832839,-1.2207737357617388,0.6698818022390652,1.0137694830705983,-0.9730401588779797,-1.3147272247630954,0.8748027099339865,-1.6817842477643912,0.16711522772739998,-1.0256157040321365,1.2218355552834177,-0.958400301143431,-1.2362550655574602,-0.06339781647470319,-1.5234967596426563,17
0.14761143066677623,0.14061551873812936,0.016804290641403596,2.2746043195505976,1.0389549122733668,0.2877831168230981,1.2560565047099206,0.2281128442264893,1.2420435211624474,-1.6779045681274833,0.7120219655170079,1.4169249591856,1.716637979974138,-1.4815682259151355,-0.8292762502855934,1.2236493583425003,-0.12497719133494639,1.2218355552834177,-1.3319897029042582,-1.2362550655574602,-1.1512583690169413,-0.16228625602450436,17
-0.042044503945968224,0.049646843608580925,0.09579881929757429,2.533408502515804,0.995366321992825,0.09634711009846514,-0.4686061780165951,0.4423122734324765,-1.2207737357617388,0.038450073107078556,1.4998036730877613,-0.3394067726176799,-0.9234834276102374,1.463895443896267,-1.3539328591338897,-0.25559220634157054,0.3748584724410135,-1.2207253003490393,0.7921447256728478,-1.2362550655574602,1.4985310867308832,-0.6210828751055324,17
-0.3400752583374238,-0.071644723230817,0.07605018713353161,1.3916496373896525,0.8674133396961833,0.5923319833991885,-0.44794610581789546,0.9136607666499001,0.010634892700354339,0.2819180938634722,-1.5794513375031787,0.45560371765028723,0.8006428167846038,0.8748027099339865,1.001018438845893,1.0152225512998772,-0.5440523545212376,0.0005551274671892323,0.07583627984338989,-0.004479185020135482,-1.4863758740072905,0.03963689626948517,17
0.09342402077742068,0.3528757607070757,-0.02269297368668175,0.4565670655651862,0.9018548633028375,0.3261414850334786,0.84532427697387,-1.013466430451423,1.2420435211624474,-1.6090962487440277,0.7535444566758027,-0.17258392135774,1.1222442201578804,1.463895443896267,-1.026524932056113,-0.10541417104892885,0.6597615370476433,-1.2207253003490393,-1.2470378908603545,-1.2362550655574602,0.011248491074529533,-0.8439005614661111,17
0.174705135611454,0.11029262702827988,0.056301554969488944,2.6471962837219016,0.8988095073515973,0.6756011512997755,0.044052383083531835,0.21571637755909265,-1.2207737357617388,-0.36335705606153523,0.9030635554978843,0.7814523595928138,-1.2430270660319467,0.285709975971706,1.355959641297753,-0.870574420654237,1.352010866578558,-1.2207253003490393,0.7507800408701203,-0.004479185020135482,0.30634497910200165,-0.6947571943446283,17
-0.312981553392746,-0.041321831520967515,0.09579881929757429,1.3621920305884634,1.0412651613914443,0.3033547803747883,-0.953541166196731,1.2715655562438126,0.010634892700354339,-0.789700582125528,-1.4431881762084475,-0.7267690977087332,-0.748253049501445,-0.892475491952855,-0.46432857708405617,-1.4851118904057121,0.4890797220746247,0.0005551274671892323,0.5734901272441862,-0.004479185020135482,-0.126664044383032,1.688114155704757,17
0.2017988405561318,0.41352154412677466,-0.0621902380147671,2.5891024962557556,0.9094566554951858,0.3010545245830728,-0.7432745158583517,-1.3519743059202785,-1.2207737357617388,1.6022447962497401,-1.3688513858470486,-0.6053871187596228,1.0998795254855473,1.463895443896267,-0.293803322097099,-1.7080454472341082,1.634948149939095,0.0005551274671892323,0.3054942777095805,1.2272966955171893,1.5493166315088982,-1.3168824115762607,17
0.2830799553901651,0.32255286899722624,0.07605018713353161,3.493425078490875,0.959275529749973,0.22179777899113712,0.1291920603421115,-0.7733178602839237,0.010634892700354339,0.7301241981901123,0.5697842109231319,1.7148551382691646,1.6797551399064536,-0.892475491952855,0.07355017410484219,-0.07816116660613283,-0.2521618790474092,-1.2207253003490393,-1.353830773381706,1.2272966955171893,-1.6784032566169114,-0.8167795704986317,17
-0.4484500781161349,0.2619070855775273,0.13529608362565965,0.3889792211673293,0.8645357393387026,0.1497439751749509,2.4576398044765644,1.0912616729731195,1.2420435211624474,0.009923472704198405,-1.5014807596297117,-1.3703588036273928,-0.9969684853083132,0.285709975971706,-1.3982845430216528,0.37649699437063583,-0.7219407402008287,0.0005551274671892323,0.38534603550300073,1.2272966955171893,-0.7631322269598066,0.6384052368505424,17
-0.5297311929501682,-0.16261339836036545,-0.0621902380147671,2.996993931866976,0.9626656346038001,0.12103812180773597,0.5337742219013971,1.3993012192585894,-1.2207737357617388,1.4444889255679518,-1.135098080042862,1.3881729175986566,1.2001538516987302,-0.3033827579905745,-1.690569506563423,0.37340177793046914,1.0160268863639452,1.2218355552834177,1.1621679154443203,1.2272966955171893,-1.5127246750349006,-0.3756272633721891,17
-0.09623191383532378,-0.2232591817800644,0.07605018713353161,-0.478357810534602,0.8949844854633414,0.04240246660395533,1.8734113341378262,0.07864705091729698,-1.2207737357617388,0.0780416138487045,1.5950039375753151,-0.7056785462203237,-0.968636409859401,-1.4815682259151355,1.4094083617440247,-1.2138894801926967,-1.5940120457740934,0.0005551274671892323,-0.9324035845280216,1.2272966955171893,0.7940501408042918,-1.5572472990849848,17
-0.5026374880054905,0.4438444358366242,0.07605018713353161,1.3954160556282327,0.9495311326164538,0.42757508220477164,2.6461601735681795,-1.7146396121897802,1.2420435211624474,-1.0218106562057454,-1.301665260040755,-0.7263263638235707,-1.388526077779442,1.463895443896267,-1.3119076898936741,-1.0448202411989198,-1.4989019726520185,0.0005551274671892323,0.20658564720808567,-1.2362550655574602,0.5554209325052945,0.18889002428759433,17
-0.39426266822677936,0.17093841044797883,-0.04244160585072442,1.71306310988705,0.9941730084088135,0.3252299176434706,0.43292263430897315,0.5646721532775687,-1.2207737357617388,1.0034021372344084,1.1382751716688975,-1.0122661156304287,0.14414239989426392,-0.892475491952855,0.21310835772362421,1.4543421066180287,-0.5597680926326912,1.2218355552834177,0.03087055940871685,1.2272966955171893,-0.6176756123447236,0.6769745240367896,17
0.2830799553901651,-0.071644723230817,0.056301554969488944,2.7030108756302558,1.0189320543488778,0.1359559652592574,0.31826928448413644,0.07704076508124195,1.2420435211624474,1.3101487944593389,0.25311495223250435,-1.3834935174456362,0.0623408763423965,-0.3033827579905745,0.8534525934704386,0.7037350682729163,-1.6558642547077245,-1.2207253003490393,-1.0021556284904938,1.2272966955171893,-1.445641769472834,-0.1825891512516942,17
0.5269232998922652,0.019323951898731442,-0.04244160585072442,2.788143112594156,0.8823687677496588,0.5813964418745535,0.35124023979369173,-0.5008955274222455,0.010634892700354339,1.034086681786042,-0.30317859789519924,-0.6629684951547552,0.6718114054105148,-0.892475491952855,0.38878448084810807,-0.32727428550749105,-0.2831640030287392,0.0005551274671892323,0.6599781221286569,-0.004479185020135482,0.07817766929450173,-0.0946207290640979,17
-0.17751302866935714,0.07996973531843041,0.016804290641403596,2.6897616239472533,0.8883748055392418,0.06500646515733782,-0.7100767838324339,1.2801675539836757,-1.2207737357617388,-0.609296294435453,0.8615097606542543,-0.28927225927163625,-1.0660714147158525,0.8748027099339865,0.7677335333816991,-1.3322433176325728,-0.9188062527668701,1.2218355552834177,1.6407435075731327,-0.004479185020135482,-0.7345366047594805,-0.23284942585962415,17
-0.4484500781161349,0.4438444358366242,0.056301554969488944,0.34194002548029406,1.0196343889030333,0.28123388917174513,-1.1486230629465772,1.2712458710694,-1.2207737357617388,-1.3992794413619078,-0.601761101495524,0.18603232560742058,-1.0116927012746524,-1.4815682259151355,-1.3635068556786156,-0.514167765826084,1.502805749456044,-1.2207253003490393,-1.2134049874259143,1.2272966955171893,-1.1124340484623398,-1.7163937919456818,17
-0.014950799001290446,0.17093841044797883,-0.02269297368668175,2.993274232727539,0.9259731855130219,0.3599243028315154,1.9365265168351564,1.041421789245574,0.010634892700354339,-0.953288125007843,0.4917465004707355,0.766487906125936,-1.0716936825215824,-0.3033827579905745,-1.0502243668961737,0.8853974914143843,0.0953595128743615,0.0005551274671892323,-1.4493755059580349,1.2272966955171893,-1.5939625541822537,0.3680742404199286,17
-0.312981553392746,0.5044902192563231,0.07605018713353161,0.12826450516525909,0.8677441641876831,0.23522902147582733,-0.8002403155964517,0.0232353286242763,-1.2207737357617388,-1.481262630843517,-0.8993143457226521,-0.2087827195791398,-0.30931884914111857,-1.4815682259151355,0.7816881641457757,0.8344772832140196,-0.9871866111564164,-1.2207253003490393,-1.5632614848591555,-1.2362550655574602,0.43833437891421556,0.19354933065945015,17
-0.4484500781161349,0.2315841938676778,0.016804290641403596,0.4964785527656867,0.9811554307715029,0.04290088745311515,0.26128493995809476,-0.003563746797433824,0.010634892700354339,-1.00382889859522,1.109067776657158,-0.8436877574424473,-0.1452042128173488,-1.4815682259151355,-0.8005740724749696,0.8251439545846393,0.8757379631326936,1.2218355552834177,1.071803801254885,1.2272966955171893,-1.2349575916642126,-0.1774664629647335,17
-0.17751302866935714,0.20126130215782834,0.13529608362565965,1.7114172413764466,0.8569140785562943,0.45994921449018483,-0.0896004665277136,-1.2675196935215352,0.010634892700354339,-0.37173813623221885,-1.5842562864119676,0.049969159365056075,-0.4021599346985184,-0.892475491952855,0.06132764639322363,1.152314203928425,-0.24943865515868568,1.2218355552834177,-1.101726434045852,1.2272966955171893,0.8733871572861757,0.4205695103029879,17
-0.5297311929501682,0.2619070855775273,0.07605018713353161,1.6157262075177614,0.9670696826901891,0.6740588548960562,1.4298274575447516,0.4856678230128424,0.010634892700354339,1.68102189058159,1.6226682723558796,-1.172320605420436,0.8120728087647382,0.285709975971706,-1.1968560648086246,-1.1309145340330087,0.18966960423581414,0.0005551274671892323,-0.19119401254579116,1.2272966955171893,-1.2228134899435308,-1.02949875710538,17
0.3914547751688763,0.2619070855775273,0.056301554969488944,1.1686083677922834,0.8712155530270903,0.05446737898971411,1.8856705043787905,-0.20606509738289328,-1.2207737357617388,1.5110606307689562,-0.6085056076019772,0.2283563744435858,0.6690313974460655,-0.3033827579905745,-0.23856135623138683,0.8517343483065445,-1.5618453819057476,1.2218355552834177,-1.6106139033675066,-0.004479185020135482,0.6912518367224599,-0.07403627912812863,17
-0.17751302866935714,0.11029262702827988,0.09579881929757429,3.2964726055917417,0.8550586923356844,0.5973944834297407,-0.5202730541186104,-0.4110483856463388,1.2420435211624474,-0.6471862625495755,-0.4643259641772674,-0.5504388174077635,-0.6101320220589895,-0.3033827579905745,0.10372282890968046,-1.516999398154265,0.19801983512222848,0.0005551274671892323,0.2629740764433452,-1.2362550655574602,0.6970847688473484,-0.751359979243025,17
-0.014950799001290446,-0.19293629007021493,-0.002944341522639078,-0.1934727892362209,0.8597905683393346,0.31442787198744737,2.088713998033399,0.8489445140733205,1.2420435211624474,0.045932506705126976,0.6992478474018766,0.08070719313594352,1.2310037237272262,1.463895443896267,0.5891311878643282,-1.217535778070511,-0.910198778238179,-1.2207253003490393,-0.36247622173928207,-0.004479185020135482,0.9282040050913215,0.23185582869183946,17
-0.20460673361403492,-0.10196761494066647,-0.002944341522639078,0.5266041624886405,0.8935280623281743,0.20766738591668887,1.3796922068281652,0.7577656442524003,-1.2207737357617388,-0.09050735645445365,1.51070978789754,0.5430106138050561,-1.6605424644910267,-0.892475491952855,-1.5702267214025143,1.4141457970740148,1.017534002984076,1.2218355552834177,-1.3297213066662523,-1.2362550655574602,1.451590605050432,0.7174334856929706,17
0.25598625044548734,-0.2232591817800644,0.09579881929757429,-0.22321276096310522,0.9659466560686378,0.3779885888763712,1.4564744519811628,-1.612121331401942,0.010634892700354339,-1.3829175843678243,1.0743865552016132,-1.4066513302726862,0.7907798896334102,0.8748027099339865,1.6219378802833375,-0.28440442908891567,0.7398420009085052,0.0005551274671892323,0.9459707740115686,-0.004479185020135482,0.2784010286641374,-0.44164012297425614,17
0.5269232998922652,0.4438444358366242,0.13529608362565965,3.4033612724219764,1.0402067250964706,0.2865510140840724,-0.4486903128025537,-1.0255580896073677,0.010634892700354339,0.3357446996104939,-1.2942456385316141,-1.0548890689803954,-1.0403908548771597,0.8748027099339865,0.6476871695600793,1.3567631579651902,1.2814655011101692,-1.2207253003490393,0.05538890340375272,-0.004479185020135482,1.068901205301931,0.8897900554165323,17
0.2288925455008096,0.2619070855775273,0.07605018713353161,3.5671903168601133,0.9716220382890469,0.17988433078636745,0.006550268659708782,1.3621881203063388,0.010634892700354339,-0.7031453379879247,-1.044521447096596,-1.4482195837888585,-1.123076788792175,0.285709975971706,0.07168022915019216,-0.9593276183799714,-0.7475845214977234,-1.2207253003490393,0.8224469085071187,1.2272966955171893,0.9789255565037204,-1.2456797439053175,17
0.25598625044548734,0.14061551873812936,0.056301554969488944,3.250484277542681,0.9632279806207751,0.4798921343090509,1.1334357191457578,-1.1484872382544793,1.2420435211624474,0.6855735635138596,1.6140967493447984,-0.8379155466731498,1.5114021605894201,0.285709975971706,1.7565852571469556,-1.7150030668552723,0.40533353329501204,-1.2207253003490393,-0.038563825981943134,1.2272966955171893,0.46074608238149817,-1.152319352278248,17
-0.2317004385587127,0.20126130215782834,-0.02269297368668175,1.5510798866471576,0.9275310631275602,0.4721456854557788,0.6072163850558818,1.6350263850328512,-1.2207737357617388,1.4890876684462242,1.668232919800389,-0.2575883783563846,0.6628798618608883,-0.892475491952855,-0.7836434295997151,0.47715329621684793,-1.4305531448456257,1.2218355552834177,1.36158384051086,-0.004479185020135482,0.9036315337239516,-0.06900565274475119,17
-0.42135637317145713,0.3831986524169252,-0.02269297368668175,1.2020693541887943,0.906634108091793,0.6254626586159606,-0.9941697726927168,0.13298778452274332,0.010634892700354339,0.4321151006713991,1.1224596595705592,0.8497261755748884,-1.193661488980456,0.8748027099339865,-0.09416271774076986,1.154422285482845,0.8132690921595029,0.0005551274671892323,-1.1137001943760125,1.2272966955171893,1.6073938288420182,-0.49249403773514905,17
-0.4484500781161349,0.3528757607070757,-0.002944341522639078,3.121606983841946,0.8336879191610288,0.2527191824922312,1.7443702583960377,-0.23837545538908342,-1.2207737357617388,1.1437518563246483,0.9700351822299166,-1.4705803753325872,-0.06282341380198307,-0.892475491952855,0.4000669089233265,-0.6080650169441429,-0.6351088120488934,1.2218355552834177,1.0327465190547085,-0.004479185020135482,-1.6664326328196206,-1.6190039100279165,17
-0.39426266822677936,0.019323951898731442,-0.04244160585072442,3.3443693452370904,1.0541041400593094,0.24994226965590793,2.019199545836459,-0.3661185470452954,0.010634892700354339,1.4725045833061365,1.403802897235497,1.6065410102135915,-0.8573557518798244,-0.3033827579905745,-0.14073600646113568,-0.17559466834813733,1.1817517375519295,-1.2207253003490393,1.163261464900628,1.2272966955171893,-1.5146409463304065,0.31867461687011256,17
-0.312981553392746,0.32255286899722624,0.07605018713353161,0.6522700257678107,1.0402644960826626,0.27038777310389017,-0.7239068215157389,0.2726544140547361,0.010634892700354339,-0.40481161841764424,1.5528693830882436,0.4109822990749889,0.8879541777133149,0.285709975971706,-0.5601656256014909,-1.554663164486712,-0.2993192049495534,1.2218355552834177,-1.6588598914887738,-0.004479185020135482,-1.0414933477154917,-0.5003577494223307,17
-0.3671689632821016,-0.041321831520967515,-0.02269297368668175,3.449609170774539,1.0073017131256994,0.09472783134427286,1.9726541428126159,-0.11821401689665693,-1.2207737357617388,1.3150313905281321,-0.23787503954341627,1.455759742514455,-1.6369834951510718,1.463895443896267,0.5271394426614132,0.815304510332564,-1.39307391873684,-1.2207253003490393,1.111689367999106,-0.004479185020135482,1.6051125365516807,-1.1572650111434846,17
-0.47554378306081274,-0.19293629007021493,-0.04244160585072442,0.7084831502384108,1.0102346359941694,0.47813652806535756,1.9281635520143214,1.299428543133474,0.010634892700354339,-0.02455987770221662,1.3125793746375578,0.11028183826867735,0.9314812620519187,-0.3033827579905745,-0.7683139237959271,0.28140665859219166,-0.7311098672534854,-1.2207253003490393,0.34244770047743006,-0.004479185020135482,0.34512654930020764,0.5559817369051663,17
-0.4484500781161349,-0.16261339836036545,-0.002944341522639078,3.0470522969914726,0.8936171396530831,0.4339797912150047,1.4207419929107603,-0.7625715355208446,1.2420435211624474,0.5827238010593735,-0.12871996120604468,1.0351147823399387,-0.1462897056335565,-0.3033827579905745,0.5668347740105513,-1.1049647891831558,1.1986518984721242,1.2218355552834177,-1.0942676598728982,1.2272966955171893,0.09655956695106549,-0.05256136085246681,17
-0.042044503945968224,0.019323951898731442,0.03655292280544627,0.0016241342571899286,0.9749254891345239,0.3787238293854935,-0.11284352851963647,-0.9972675201316941,0.010634892700354339,1.5900407156713574,0.9711399589853357,-1.046055665979321,-0.9547377147630696,0.8748027099339865,1.7332018544728836,0.379583142189951,1.3121163182365607,1.2218355552834177,1.2928487549816314,-0.004479185020135482,-0.9518504839782284,-0.772621857815923,17
-0.28588784844806825,0.3528757607070757,0.016804290641403596,1.9184855093421385,0.8796363188425749,0.2700692383706356,1.100050865776059,0.41482338131694946,0.010634892700354339,0.6335615832630667,1.1143660758335305,-1.082394508700724,-0.6912006356958064,-0.3033827579905745,-0.8257106359872761,-1.063704151582437,-0.5895931489326002,0.0005551274671892323,0.4450219891837984,-1.2362550655574602,-0.4868923452134243,-1.334773248636767,17
0.4727358900029096,-0.041321831520967515,0.016804290641403596,-0.23518186152803638,0.9342712620548378,0.13920577816988972,-0.730002971018369,-0.3142966524058486,1.2420435211624474,0.05324343770338688,-1.3470507236137879,1.1290462592420716,-0.09483485301780202,0.285709975971706,0.9298554584416059,0.8697998157746136,-1.3064969065097993,0.0005551274671892323,-0.17953650144804287,-0.004479185020135482,1.6584130112100464,0.29981305363993976,17
-0.014950799001290446,-0.2232591817800644,0.07605018713353161,1.099581819284256,0.8416774968125764,0.34186954168212164,-0.8998839753152318,0.3075924413277212,1.2420435211624474,1.6669104488453046,1.683286542222131,0.23005067028831105,1.593438409758701,0.285709975971706,-1.2542312450865958,0.9583447207995485,1.631699212223003,1.2218355552834177,0.4189913394191786,-0.004479185020135482,1.1257295255126571,-1.1251872964954421,17
0.3914547751688763,0.29222997728737676,0.03655292280544627,1.237937944531271,0.8915088825510169,0.07105452692860063,-0.44028109794015075,0.18574084329187568,-1.2207737357617388,1.14065210630645,-0.11067493678533483,-0.5601857349517129,0.7493769632037496,0.285709975971706,0.8664192486391135,-0.24528665596008178,-0.7268818850987955,0.0005551274671892323,-0.36392406610874617,-0.004479185020135482,0.5421203238145842,-1.5903279151064549,17
-0.28588784844806825,-0.13229050665051595,-0.02269297368668175,3.4206633585491613,0.8847709169026806,0.04140954988630219,2.600697783175362,-0.5586524687045566,1.2420435211624474,-0.09929692018036344,0.9785552657706601,-0.8787112323970684,0.3016207785907396,0.285709975971706,0.09206147284406346,1.0162009572232242,1.3093039424256592,1.2218355552834177,0.16774819305503058,-1.2362550655574602,1.4494363811676996,1.6990189602660066,17
-0.2317004385587127,-0.010998939811118037,-0.002944341522639078,-0.4942457115850015,1.0260309971238848,0.3734993298812587,2.3305045271028337,-0.3714632285616405,1.2420435211624474,-1.3398319304986972,-0.1211718120929768,0.1251958365943925,1.190009239209226,-0.3033827579905745,1.094145008153011,0.09012295891793819,-1.038221623820603,-1.2207253003490393,-0.31378288160862805,-0.004479185020135482,-1.652419139321112,0.9059093860612315,17
-0.042044503945968224,0.049646843608580925,0.056301554969488944,-0.14698446885290778,1.0074160133392835,0.26765177596164813,0.5770366682117144,0.08085692380524494,-1.2207737357617388,-0.9304527609731152,-1.4276436389345493,-1.124346007234745,-1.4873168400024501,-1.4815682259151355,-0.8063220801496754,1.3340474622445218,-0.4352994082291587,0.0005551274671892323,-1.5497347136183275,-1.2362550655574602,-1.319036017420238,1.2696508429431115,17
0.2288925455008096,0.2619070855775273,0.016804290641403596,3.504973703212976,0.9825410727565537,0.6100285089654442,0.20591920947903872,1.48863228885279,-1.2207737357617388,0.15253230484581914,-1.5959333056625786,-1.4203749712224576,0.9856378002273982,-1.4815682259151355,1.5080027431531267,1.376774853652713,-1.0082678715314943,-1.2207253003490393,0.16016696666206398,1.2272966955171893,-0.4652326579752699,-1.6008250590543684,17
0.3372673652795207,0.14061551873812936,-0.02269297368668175,0.23985645710729586,0.8658176931161785,0.5100583932420022,0.7498647135094698,-1.5264056267514412,0.010634892700354339,-1.7505351185353852,-1.5631981510929434,1.7243373898379737,0.4238793983766184,0.8748027099339865,-1.5927939867429022,-1.6926630293983094,1.6663430466639868,0.0005551274671892323,-0.02327711184934632,-0.004479185020135482,-0.12787457961084295,0.3033931904512575,17
0.5269232998922652,0.3528757607070757,0.07605018713353161,0.9488957747507523,0.9724183830594366,0.14739480251849035,-0.5006871693241156,1.5812094674927566,0.010634892700354339,-0.6503641503730709,0.4568499907772738,-1.7284706565045238,0.8349736742846848,0.8748027099339865,0.15484438082338292,1.0034890100948115,-1.6340300676305999,1.2218355552834177,0.40509612977763193,-0.004479185020135482,0.004692821288563651,-0.9155064987979907,17
0.3372673652795207,-0.10196761494066647,0.07605018713353161,0.5983710769212431,0.9769032757536548,0.36479902930559366,0.2248163913426954,-0.8092926643232723,0.010634892700354339,-1.1940249855254568,0.8382290454906652,0.62268551431574,1.377754882077736,0.285709975971706,1.4281419404625255,-1.0699608017732933,-0.5838493017289452,1.2218355552834177,-0.62348944501403,1.2272966955171893,-1.6626787197205302,-1.7203940583350483,17
-0.28588784844806825,0.32255286899722624,-0.02269297368668175,1.3598022495087057,0.988245438633698,0.5480102474438958,-0.5774054504648777,-0.7490564386216724,0.010634892700354339,-0.945651344714959,-0.7669010975184263,-0.5574181362822257,1.3996156107361164,0.285709975971706,1.554139000393476,-1.3155438647277036,-0.5668148608000866,1.2218355552834177,0.015846780465290727,1.2272966955171893,0.38880411376338947,-0.2997920454616075,17
0.3372673652795207,0.14061551873812936,0.03655292280544627,3.4410988775895426,1.0405395398164374,0.3247309346057721,-1.1261622939499327,0.6733753533261106,1.2420435211624474,0.26407843370336703,0.8105408861148138,1.4289335620147043,-0.39656904810121263,0.285709975971706,0.5978318411645608,-0.42898700505731163,-1.3912759038438969,-1.2207253003490393,0.7035623402600044,-0.004479185020135482,0.12827210862150626,0.3160665071525981,17
-0.15041932372467934,0.14061551873812936,0.016804290641403596,0.8871907818556177,0.8474727213364966,0.4631044026693491,-0.5135676614860221,1.6947912485059093,-1.2207737357617388,1.233528449745568,0.5495432966093794,1.755564621432584,0.20860234032064917,1.463895443896267,0.8555205550707595,1.5949618250367885,-0.796594967867047,-1.2207253003490393,1.0011597958271004,1.2272966955171893,-1.7554786323168126,1.3372827910154736,17
0.41854848011355406,0.47416732754647367,-0.02269297368668175,-0.3800660386762614,0.9941607431204649,0.572294529315976,-0.2899163828858079,-0.20064240303404224,1.2420435211624474,0.9558859030378165,-0.9734515105020676,1.4728478446176316,-0.07294276139407921,0.285709975971706,0.6026488346535607,1.3098169427341197,0.8049763335379954,-1.2207253003490393,-1.008012956073379,1.2272966955171893,0.30143456528735824,0.7584882684379596,17
0.09342402077742068,0.41352154412677466,0.07605018713353161,1.987207008917429,0.9804970712812433,0.150727619012696,0.6893046388144406,1.1118194782881414,0.010634892700354339,-0.46791910267762943,1.5653952695621283,-1.6511719690774789,-0.2668508605731798,1.463895443896267,0.767563196050023,0.8439429678191812,1.3642223157117255,1.2218355552834177,-1.0615179962920498,1.2272966955171893,1.0026838814070052,-1.5104488722792337,17
0.4998295949475874,0.41352154412677466,0.07605018713353161,0.41544794337919283,1.0313692867562758,0.462449626202472,-0.3755156595245043,0.11479751734306023,0.010634892700354339,-1.7199632627871457,-0.8451445034801295,-0.4002064628173957,0.023932677351199277,0.285709975971706,-1.1445498187508083,0.7599997709986547,0.7736937377406831,0.0005551274671892323,-1.3524419189439603,-1.2362550655574602,0.20537002268326726,-1.5241193737373602,17
0.44564218505823183,0.4438444358366242,0.016804290641403596,1.9065320193403945,0.9390037337792437,0.4553010189796311,0.8441970790596499,-1.2553002782679459,0.010634892700354339,-0.9132711610556875,1.2451303210491573,-0.2514253336969528,-1.0384367250467215,-1.4815682259151355,-0.3209352771015796,0.07575258433167366,-1.5050017908643836,0.0005551274671892323,1.2538686275781112,-0.004479185020135482,0.27689707331215535,-0.916783606903449,17
-0.15041932372467934,0.11029262702827988,-0.02269297368668175,-0.48348405440431985,0.8673636859668633,0.24164900909042047,1.0596888489786027,-0.6007626100562664,-1.2207737357617388,0.06509248296936285,1.2894611745713473,1.2463861543881463,0.9025744692064832,1.463895443896267,-1.642511370963795,0.8928801107081421,-0.10433225883250663,-1.2207253003490393,-0.5737800721283413,-1.2362550655574602,-0.6440327491049693,-0.6105081757232416,17
0.14761143066677623,-0.10196761494066647,0.07605018713353161,1.4756884159318926,0.9331249605424958,0.3888855216185123,-0.27906685439874845,0.10340024099839844,1.2420435211624474,0.7331314435785687,0.43737643813698956,1.1174424469705408,-1.1302573855087812,-0.892475491952855,-0.20857316504303405,0.37972182592958,-1.2724448529048253,0.0005551274671892323,1.519172295769413,-1.2362550655574602,1.5336718869573658,1.424892739623794,17
0.5269232998922652,-0.10196761494066647,0.09579881929757429,2.339875345412421,0.8521546794450623,0.6000938452651157,1.2536366442959737,-0.12747252079774898,1.2420435211624474,0.3664501459186509,-0.20423050656639896,1.2927102869959404,-0.5976055980330327,-0.3033827579905745,0.5531716361876322,1.374013020716767,1.5057583529975962,1.2218355552834177,1.1514821737538603,-0.004479185020135482,1.049258618023533,0.4689785869225477,17
-0.17751302866935714,-0.19293629007021493,-0.0621902380147671,2.590754037743389,1.0447286805170684,0.1421125242488092,2.0871165775617815,-0.303821977542704,-1.2207737357617388,1.3390784148069625,0.877662513642992,0.9369041329893834,0.9078734511410008,1.463895443896267,0.5524141978421039,0.25993953884035026,1.22169004688271,-1.2207253003490393,-1.401166932890759,1.2272966955171893,0.8219650827287044,-0.3293611773113459,17
-0.014950799001290446,0.20126130215782834,-0.02269297368668175,1.3749786047732497,0.9554496232658143,0.5924789265591526,-0.17597985146715214,-1.2901529458699783,-1.2207737357617388,0.7107619933958873,0.3211561842951472,0.10216908085208652,-0.7555581198314832,0.285709975971706,1.289308120639919,0.2599389647968604,-1.4409470416412282,0.0005551274671892323,0.6557524377220779,-0.004479185020135482,-0.5627103033766421,-0.5761941801872514,17
0.03923661088806511,-0.071644723230817,0.09579881929757429,2.5216443935536965,0.9713935286127016,0.6672906774259242,1.943910025438748,-0.8278562671823445,0.010634892700354339,0.7024489206308338,1.54310024142111,1.4545095688471483,-0.7095586086657764,-0.892475491952855,-0.2423207725920979,0.7296148381163962,-0.4207509350405463,0.0005551274671892323,1.12987164497468,-0.004479185020135482,-0.42370738936003793,0.1596110737451554,17
-0.42135637317145713,0.4438444358366242,-0.0621902380147671,3.421131017679714,0.8361970603907337,0.18474611400019683,2.3911331674276135,-0.10882012133608308,1.2420435211624474,-0.9287068415359526,-1.1909276939461402,-1.73526290829189,0.6909988686950882,0.285709975971706,1.760419897443775,0.34498959910854,1.5199558002627302,0.0005551274671892323,1.58437923933715,1.2272966955171893,-0.6659710532725854,-1.1161354698593247,17
0.4727358900029096,0.47416732754647367,0.07605018713353161,0.007640186154450834,0.9552753583221077,0.444456334877064,-0.9192474678882048,-0.6370576519337071,0.010634892700354339,0.06484972031949311,-0.7747580751155809,0.5084873070217621,-0.19677862697385087,0.8748027099339865,-1.3518053442063334,-0.3294774032148152,0.8089313904125891,0.0005551274671892323,-1.6371858512857687,-0.004479185020135482,-1.1929418718742617,1.6412156741028603,17
-0.5026374880054905,0.049646843608580925,0.07605018713353161,2.3649427079792065,0.9216880308898446,0.6439702141682011,1.0227166521978015,-0.2844345531737342,-1.2207737357617388,-0.613492965683689,-0.41381681378109497,1.0522816206698178,0.5248158509188681,1.463895443896267,-1.5390323544378446,-0.8442669058941881,-0.2308314234059867,0.0005551274671892323,0.7018462062373754,1.2272966955171893,-0.11836928315260639,-1.4549194863699748,17
-0.5026374880054905,0.049646843608580925,0.056301554969488944,0.7883194616661927,0.9737585337230115,0.1350548300206962,-0.7421218437943303,-1.2878565399613606,0.010634892700354339,0.4821979104069352,-0.5535773766199755,1.6529270023645561,-1.2827432447995266,1.463895443896267,0.8472701289306079,-1.5580644926758618,0.19062248875642687,-1.2207253003490393,0.3099112175626256,1.2272966955171893,-0.07293343043650136,0.9024308960835311,17
-0.06913820889064601,0.2619070855775273,-0.02269297368668175,-0.05307211082052378,0.9680206902262972,0.43115970746851146,1.2910441492889704,0.3501592342082943,-1.2207737357617388,1.3482416939782387,1.4784872044737267,-0.10427629393172144,-0.47395042801426707,-0.3033827579905745,-1.296312516533052,1.5186078577303739,1.130710605419663,0.0005551274671892323,-1.0763097409875586,-0.004479185020135482,-1.3033348922393913,1.6866660070173651,17
-0.312981553392746,0.47416732754647367,0.09579881929757429,0.06198291311057439,0.9677900784553694,0.6403461465320662,2.5180506851368634,-1.4165842013202445,-1.2207737357617388,1.2812685586597383,1.481666379130945,1.1302028404983873,0.8346903741446664,0.8748027099339865,-1.0011871789175233,-0.036786819154262684,1.2149725508301974,1.2218355552834177,1.4984087196295406,1.2272966955171893,-0.10433393278602651,-0.3822193439044574,17
-0.042044503945968224,0.2315841938676778,-0.0621902380147671,1.4126572086093674,1.0374344334328132,0.3809095305389717,2.4936518549443445,-1.2531421120738475,-1.2207737357617388,0.26889558278707215,1.015856825970711,0.5577859202768853,0.3419184031102062,-1.4815682259151355,0.4571699777028295,-1.4669438949747104,0.21464085724982965,0.0005551274671892323,1.4458425100140375,1.2272966955171893,1.5667852225356969,-1.5150423943749656,17
-0.06913820889064601,0.11029262702827988,0.11554745146161696,0.672981914787756,0.841115863324348,0.19156168977982702,0.4248421255216362,-0.5494829178368537,1.2420435211624474,1.50196875722649,-1.2431245626146625,1.1783269074946956,-0.06285062357836005,0.285709975971706,0.2815589372626971,1.2307362239232518,-0.5712338542321512,1.2218355552834177,0.4308167405513087,-0.004479185020135482,-1.612176275448135,1.0368099728587512,17
0.4998295949475874,0.3831986524169252,0.016804290641403596,2.8420483408258144,0.8395969326389416,0.0744802169692867,-0.20647368421587,-0.5886249457248067,0.010634892700354339,1.0628344207654126,0.968205041783603,-0.23961727450809686,1.3016576376653126,-0.892475491952855,0.16752001354472804,0.8519687866411597,0.35327027364378294,-1.2207253003490393,-0.16985763516926386,1.2272966955171893,-1.1658312998548714,-1.166426340451452,17
0.06633031583274289,0.049646843608580925,0.13529608362565965,1.5223239473037835,0.8882319120771696,0.3104169100766079,2.3847636635720715,0.6809519638369835,-1.2207737357617388,-0.9788515882026348,-0.34383330866306105,0.37817204324000114,-0.3732806528885005,-1.4815682259151355,0.8303729709985395,-1.4097055076145029,-0.6968582138405318,1.2218355552834177,-0.2985164115955456,-0.004479185020135482,-0.7097872444461093,1.1462258525671964,17
-0.3400752583374238,0.2315841938676778,0.07605018713353161,1.1084541736359887,1.0538971616898534,0.19547336402530138,-1.037763833211555,-1.4828125479748766,-1.2207737357617388,0.43558794515598076,0.6944205729016218,1.261042525619975,1.7394863943441559,0.285709975971706,-1.2190061940118015,1.3625096671723105,0.1900505898782481,-1.2207253003490393,0.8354287238305378,-0.004479185020135482,0.8299972419731239,-1.3089463659256895,17
0.174705135611454,0.32255286899722624,0.13529608362565965,0.21088405378971992,0.9648682366219209,0.14769459763381224,-0.7454015888030513,0.3577927991147272,-1.2207737357617388,1.7111335754632593,0.7701369854985621,1.597898390014993,-1.374303611031997,-0.3033827579905745,-0.2603026142902607,-1.0286969974730364,1.1119361777694978,-1.2207253003490393,-0.3713262304533065,-1.2362550655574602,-0.5354225217473653,0.19167445947453415,17
0.012142905943387334,0.11029262702827988,0.13529608362565965,-0.17993928031833242,0.8385709712118581,0.2674302077659083,0.09002783999748709,-1.3676608853170142,1.2420435211624474,0.05855822664331442,-0.6567231819932059,1.427224261865782,-0.7765797256397835,-0.3033827579905745,0.8988200541811343,-0.37768114504429107,-1.2237373185185487,-1.2207253003490393,-1.4232020444083209,1.2272966955171893,-1.340138683448301,-0.6529272477697013,17
0.14761143066677623,0.3528757607070757,-0.0621902380147671,2.485964637100911,1.0104798941394224,0.3642191699540558,2.0861835579332486,-1.0013015480083647,1.2420435211624474,0.4027768608267688,-1.5804911320599666,-1.0075530336913072,0.07314247021693945,0.285709975971706,-0.4375694356839091,0.5407018603504826,0.5895382528549179,1.2218355552834177,0.5660827560887944,-0.004479185020135482,0.06979737979956772,0.13993727282266946,17
0.09342402077742068,0.3831986524169252,0.07605018713353161,2.1632083539529283,1.0024486537729456,0.5144659449181468,0.017439049031530006,0.7496318179078798,1.2420435211624474,-1.0607401820980469,-0.02595762982024199,-0.8633088156524504,-1.2282766201397464,-1.4815682259151355,-0.21133038697964188,-0.9264241675258046,-0.7355492357070521,0.0005551274671892323,0.6999455249821684,-1.2362550655574602,-1.0885107440126738,-1.000695811215861,17
0.2017988405561318,0.049646843608580925,-0.02269297368668175,0.08642086559168101,0.9977800391803403,0.3528346465695318,2.497415517254694,1.446686907671406,1.2420435211624474,1.167008107215552,-1.090980407651041,-1.2906839061990674,0.715611837072118,-0.892475491952855,-1.234848733867172,-0.9052546961663821,0.07095856277585516,-1.2207253003490393,1.7244961644916155,-0.004479185020135482,0.44889183126091786,-0.18122748997107213,17
0.4727358900029096,0.5044902192563231,0.11554745146161696,1.1226686373246633,0.9559661441600152,0.6678393786085824,-0.8860598596392166,-1.379963873903159,-1.2207737357617388,-0.6916137804989169,-0.4582367961805071,1.605064622024082,-0.09462872966674972,0.285709975971706,0.5622518862878441,-1.3896672799082903,-1.6272218169378585,0.0005551274671892323,1.1336690047764872,-1.2362550655574602,0.11916802312516547,-0.5514597431593314,17
-0.2317004385587127,0.17093841044797883,0.13529608362565965,2.8613440280177396,1.0274306376481703,0.6586293035600651,0.8309327236555438,0.900328787624022,1.2420435211624474,-0.7138829836893009,0.6161586956817541,-0.5335626724761591,0.49701984837659136,0.285709975971706,-1.3684008846413531,-1.5557993392236706,-0.8159093649013109,1.2218355552834177,-0.9313125665094025,-0.004479185020135482,0.731655232243586,0.008647795850703091,17
-0.20460673361403492,0.32255286899722624,-0.02269297368668175,2.562577956848577,0.9029700822086928,0.4603286555665001,-0.021709215617494882,1.3427368528163548,0.010634892700354339,1.0801305743561394,-1.0678451319512314,1.0304520403594404,1.631023714042198,1.463895443896267,-1.0783519780100452,0.9833405397649098,0.044201241128122626,0.0005551274671892323,-0.1455141309946363,1.2272966955171893,-0.22652078933085545,0.1484912677360011,17
-0.42135637317145713,0.41352154412677466,0.016804290641403596,3.1005934018739363,0.8836569730009768,0.1907390800023457,2.4802416287746034,-1.3543699024634475,1.2420435211624474,-0.30366704115810794,-1.271932141437754,-0.5756399031863512,-1.4121890577470184,-0.892475491952855,0.5945335924571873,-0.7641745175943705,0.43079407206726783,1.2218355552834177,-1.1541445503124166,-0.004479185020135482,-0.5011584637081695,0.3678964425363607,17
0.14761143066677623,0.17093841044797883,0.13529608362565965,2.2556158007567135,0.9125634403197928,0.10650897421901327,1.5479679485755318,0.34233228914021413,1.2420435211624474,-1.1438978463830185,-1.3006140795904495,1.0616734448013092,0.1899557858527832,0.285709975971706,-1.2462373296392524,-1.0714346121906444,-1.6353669829173807,1.2218355552834177,1.7026001327483238,-1.2362550655574602,0.9196474346016913,-1.3793534836959556,17
-0.312981553392746,0.32255286899722624,0.09579881929757429,-0.5143292532148254,0.8801830858183399,0.1672093973109067,1.908643752227574,1.5034408389472624,-1.2207737357617388,0.3386900071090166,1.0862469687002403,-0.1827848494679639,0.06317613295024353,-1.4815682259151355,1.5083028830080782,0.4230956669653591,1.1409008866557615,1.2218355552834177,0.5452597740589991,-1.2362550655574602,0.35816092544313205,-1.2494078487471398,17
-0.8819493572309794,-0.708425449137656,-0.37816835263944987,0.2264658451870956,0.960466725065989,-0.06392322543627327,2.2044723730520843,0.9835960808840044,0.010634892700354339,-1.512440114070271,0.7148807944086993,-0.3186274187606949,1.0817424638138524,-1.4815682259151355,0.25919775828346764,0.09844222671682908,-1.598564033169655,1.2218355552834177,0.2742140678260591,-0.004479185020135482,1.2810190423640633,0.20879354549010762,4
-0.3671689632821016,-0.9206856911066025,-0.3979169848034925,-0.0006518751891981522,1.0257585622516698,-0.9427003550799491,2.1995640811345236,0.6766947753687167,0.010634892700354339,0.6571604872605176,1.0353858031384642,0.5287508490779369,-0.7371341694857404,0.285709975971706,-0.22101749364863463,-1.1081411958292804,-0.4750214769270468,-1.2207253003490393,0.6021189908217212,-0.004479185020135482,-1.169982523036326,-1.5834743353243952,4
-1.0174178819543682,-0.7690712325573551,-0.2991738239832792,0.49655756556311725,1.0856987002475567,-1.0113023484128232,0.86653485452224,-0.9478121641884465,1.2420435211624474,1.6272042912355766,1.5551904249234525,-1.3306650747889681,0.9851530429182468,0.285709975971706,0.28417288612470093,0.6858008866886948,-1.3381863294986889,1.2218355552834177,1.5830981358838492,-1.2362550655574602,0.26673612011059583,0.2676428436991867,4
-1.315448636345824,-0.9813314745263014,-0.2596765596551938,-0.11602190539189532,0.9010132666673545,-0.22722459078084284,1.389753262058612,1.145463240677457,1.2420435211624474,-1.3922094608509883,-1.384189526680209,1.3672174080153097,-1.1802933026473266,0.8748027099339865,-0.6756907159233774,0.8114209305068153,-0.6507956751895211,-1.2207253003490393,1.070532465648113,-0.004479185020135482,0.9181749806450457,1.3594815474009418,4
-1.0986989967884018,-1.07230014965585,-0.2596765596551938,0.4309512276484002,1.2652978924790077,-0.11308984663956856,1.4237746179187254,-1.1095373386156702,-1.2207737357617388,0.14084440996568703,-1.6003305835842465,1.6849782800513584,1.1683470472831625,-0.3033827579905745,1.3124974867125396,0.09796756106821311,1.1819112082351273,-1.2207253003490393,0.14846992467001632,-0.004479185020135482,-1.271566488163081,-0.8297395307212707,4
-1.179980111622435,-1.2845603916247963,-0.31892245614732184,0.7195486356346271,1.061657398980532,-1.198444997523451,1.4796153902413594,1.3526824600695302,-1.2207737357617388,1.0234880132276456,-0.4331759248671819,0.647309337326714,1.3247620020671123,0.285709975971706,1.5895665752020744,0.8835634471443161,-0.9435182378287732,1.2218355552834177,1.3877863369456374,-1.2362550655574602,-0.3019501909717101,0.1865738794865807,4
-0.312981553392746,-1.4664977418838931,-0.3386710883113645,0.293347974797772,0.9981701212643523,-1.185787296742166,0.8642430236872083,-0.5905408338475076,1.2420435211624474,1.5745329575635763,0.19631085573451634,-1.3750897287502375,1.5094084050336964,-0.892475491952855,0.9454733383338206,-0.9944942827434229,-1.3824341794898005,0.0005551274671892323,0.7693181286035593,1.2272966955171893,-1.1907845825351246,-1.468674339857881,4
-0.4484500781161349,-1.4361748501740437,-0.41766561696753524,0.04563252813847222,0.8735851963131781,-0.7867273951917791,0.8085270559528888,0.5523643670470821,1.2420435211624474,-1.4861091211108877,0.7311268380592607,-1.369358930252817,0.04934421059104036,-0.3033827579905745,0.5414958280841866,-0.5406068860255279,0.5492075100909061,-1.2207253003490393,0.5217108396128237,1.2272966955171893,-1.7203956371528708,-1.539650877653287,4
-0.5297311929501682,-0.708425449137656,-0.37816835263944987,0.19151444604785184,0.8762574612505262,-1.1769423534561878,1.3713117247756492,-0.19572860080373183,-1.2207737357617388,-1.0176206610245266,0.5226621434788064,1.4141199307671484,1.5005617646559408,-1.4815682259151355,-0.49148993696192617,0.20030455901008365,0.34182642853205547,1.2218355552834177,0.9216096333929669,-1.2362550655574602,-1.5073218022005435,0.7725475878336746,4
-0.692293422618235,-1.4058519584641942,-0.2596765596551938,0.5469119170790481,1.244753470250662,-1.1783579739198342,1.5689520942922566,-0.44951852265328524,0.010634892700354339,0.06829054409953719,-0.07079989309712358,1.3001494004577483,0.3155002465044352,-0.3033827579905745,-0.9648478154766551,0.9823751049190383,-0.10590115135109825,-1.2207253003490393,-0.18083156125148545,-0.004479185020135482,-1.1304585904400832,0.2379543855627979,4
-0.936136767120335,-1.07230014965585,-0.4374142491315779,0.557071069334267,0.9134127921073749,-1.1645885989386922,0.7658039729409095,1.0800391194329821,1.2420435211624474,1.36422877931575,0.9403012247036662,-1.6358218953370447,1.5063846969912027,-1.4815682259151355,0.34370572965724006,-0.17245687049661496,1.133880214358356,1.2218355552834177,0.9615214277780291,1.2272966955171893,-0.7044636469873155,-0.18863846914444907,4
-0.6651997176735572,-1.3148832833346458,-0.2991738239832792,0.5247775330190991,1.1435823800943847,-0.5153552671057282,1.7355223365235,-0.35111738127631026,-1.2207737357617388,0.19647328933253463,0.4316840961744365,-0.7355152717244708,-0.3350308866891039,0.285709975971706,1.096822035349469,-1.0240856144392605,-1.213552945107821,-1.2207253003490393,0.7664595199423191,1.2272966955171893,-0.6404168099275755,1.4744905108684423,4
-0.6381060127288793,-1.3755290667543447,-0.31892245614732184,0.2746101138866494,1.1222512003361669,-1.087698495204293,0.7438130714251007,1.4519877584677905,1.2420435211624474,-0.43233145830105707,-1.5730670418973214,0.3154590548029518,0.048817574339996464,0.285709975971706,1.0388462516511445,-1.676248561011645,-0.7213553906569922,1.2218355552834177,-1.1307953226989536,-1.2362550655574602,-0.5228914498335512,-1.5576263935515564,4
-0.3671689632821016,-1.07230014965585,-0.3584197204754072,0.3988602079220516,1.2519467008855127,-0.10933065989619142,0.9910384886059938,-0.3050647091792595,1.2420435211624474,0.5521019334890788,0.4735568682860106,1.604039889091103,0.10654686738665173,0.285709975971706,-0.6648200481590599,-1.3035333943979546,1.3189608080129696,-1.2207253003490393,-1.0272438363529224,-0.004479185020135482,1.3945884670985915,0.1976982564108411,4
-0.8548556522863017,-1.1632688247853984,-0.2794251918192365,0.13435892987229073,1.2658532466391803,-1.0127031684554655,2.0466651109544673,1.2858423929047125,1.2420435211624474,1.171722745907169,-0.07202764264850824,-0.5455073385146804,1.2280719087541927,-0.892475491952855,0.6861394450768931,1.421129741228105,0.537636681617865,-1.2207253003490393,1.171640518488729,1.2272966955171893,1.6836944618035519,-0.8362236602168317,4
-1.3696360462351795,-1.0419772579460003,-0.2991738239832792,0.299521542670091,1.0672746467621919,-0.3037390272102625,1.8428491956513775,0.07342615811301177,0.010634892700354339,-1.2279849332644488,-0.8410032865031508,-1.1003958023444391,1.3082085944790707,1.463895443896267,1.2147048098706652,1.4821695447453551,-0.7392550806920836,-1.2207253003490393,-1.4005880827503108,-1.2362550655574602,0.7267773244175629,0.5938719584474688,4
-0.5297311929501682,-1.0116543662361508,-0.4374142491315779,-0.009988117879996568,1.174002807020054,-0.03400455304307933,1.7531787651323134,0.9909020865506164,-1.2207737357617388,-0.8582754238306468,-1.3470483090230208,-0.8044587118916315,1.0841117244388458,1.463895443896267,-1.1744783536026426,1.1612574081725895,0.5952341021691703,0.0005551274671892323,-0.4304776603386626,1.2272966955171893,0.3926225972793637,1.3086228198375842,4
-1.1257927017330795,-1.1026230413656994,-0.31892245614732184,0.06583038855160864,0.9849477967394815,-0.8105363925347179,1.2483260439007464,-0.448623897531403,0.010634892700354339,1.6344333134105704,0.5208260209124609,-1.5645278214050033,-1.2905176976222588,-0.892475491952855,0.6870781443669592,1.6487340625812321,0.22868691370062977,-1.2207253003490393,-0.9092348815268798,-1.2362550655574602,0.5560290369679325,-0.2222107110688979,4
-0.7735745374522683,-1.2845603916247963,-0.37816835263944987,0.4775339284340533,1.0573156890727955,-0.663947369993094,2.0846309378954047,-1.5707923462068225,-1.2207737357617388,-1.5202533894058046,-0.5803814971540163,-0.8649158897433518,-0.22467760190315467,0.285709975971706,1.2102675716153997,-1.5718186838457564,1.5331546486187433,0.0005551274671892323,-1.0183326781494952,-1.2362550655574602,-0.875291893192173,0.3942712324344601,4
-0.5297311929501682,-1.4361748501740437,-0.4374142491315779,0.6937836470135786,0.8907718614145815,-0.9410036985047254,0.9786936468172981,1.2999581461978547,-1.2207737357617388,-1.5987883625568176,0.7922851722980888,-0.20613027828586145,0.23097969489024203,0.285709975971706,-0.22898053893369696,0.1853925120931559,-1.3542962362851767,1.2218355552834177,1.3315377429503363,-0.004479185020135482,-0.7282765101185659,-0.43700034031763135,4
-0.4484500781161349,-1.4361748501740437,-0.3584197204754072,0.2896894952186147,1.1465052835327696,-0.6735115540316421,1.2429299248354464,0.4002667571682597,1.2420435211624474,1.144512588539097,0.11798284664630919,0.7173364842187965,-0.9512467980743903,-0.892475491952855,0.15696935846121668,0.6224189264404673,0.30526090370062886,1.2218355552834177,0.36597323104352836,1.2272966955171893,-0.668080700984154,-0.3819724909232117,4
-0.7193871275629128,-1.4361748501740437,-0.31892245614732184,0.49321934647523297,0.8327316296574062,-0.10650888441453438,1.256103057776847,-1.061183584670014,1.2420435211624474,1.3723007594273982,1.1169002868030757,0.22925340957337878,-1.2038259900890806,1.463895443896267,1.4171205026435836,0.41233923040101916,1.3571613097464712,-1.2207253003490393,-0.9244261027310904,1.2272966955171893,1.279960670893269,-1.661220877190907,4
-1.3425423412905018,-1.3755290667543447,-0.4374142491315779,0.37478517782564263,1.0201730943303529,-1.17163729685781,0.9683998844913269,0.40468860499568027,0.010634892700354339,-1.258090330935865,-0.5490055365303812,0.03240080696435539,-1.5387785989480198,0.8748027099339865,-1.6651087192490728,-1.406170923330142,-1.5005881046451677,-1.2207253003490393,0.33399415844061753,1.2272966955171893,1.4436030008814362,-0.4872962253597273,4
-0.5297311929501682,-1.2239146082050973,-0.2991738239832792,0.399420540821187,1.0784906399396872,-0.7880479062786674,1.8578758755611937,-1.3081333976732965,0.010634892700354339,1.089326100886902,-0.4462065829939066,0.8010423437301317,1.1271884315958556,0.8748027099339865,-1.583277596769532,-0.9796133526602377,-1.0457751646027587,1.2218355552834177,0.02261895748775984,1.2272966955171893,-0.02271243797482483,-0.5713232730704987,4
-1.0986989967884018,-1.3452061750444952,-0.3979169848034925,0.6708661037338378,1.0121127013848148,-0.24106255793317355,0.847859052247616,0.688988089952555,-1.2207737357617388,-1.0432126411124218,-1.1083366518260647,-1.653513477715116,-0.06750378013518668,0.285709975971706,-1.7085042387174467,-0.5399523763154813,0.9865079097625205,0.0005551274671892323,-1.3244018682731356,-0.004479185020135482,1.121512003618707,-1.4632186372954186,4
-0.39426266822677936,-0.7993941242672046,-0.4374142491315779,0.19118551214357649,1.0920402537172749,-0.2778430813308084,1.2405398537252037,-1.5381006590289887,0.010634892700354339,-0.7633391144476656,-1.4668684214678802,-0.8064857830374385,-1.1281596530909048,1.463895443896267,0.11514814572903817,1.6464133096582523,-0.9772373498561574,1.2218355552834177,-1.4577219815829967,-0.004479185020135482,0.9770314957797924,1.3829523290853472,4
-0.3400752583374238,-0.890362799396753,-0.2991738239832792,0.527951818477895,1.1466135169189906,-0.6405420356519419,0.7184643504624705,-0.019312078003552884,0.010634892700354339,0.5287751773156704,1.4292923547349543,-0.1732947392678666,-0.3676779142787787,-0.3033827579905745,1.6696677035594867,-0.4829507687326865,-0.9083596948398309,-1.2207253003490393,0.6303610504394515,-1.2362550655574602,-1.1166057038925206,-0.18754702237749346,4
-1.071605291843724,-1.4361748501740437,-0.45716288129562055,0.6074755235878002,1.1308229934932719,-0.5013326152029149,1.3740769558394037,-0.18800525227309037,0.010634892700354339,1.0925373726843146,1.7079048120805267,-1.1711638982858865,-0.7595705618333958,-0.3033827579905745,-0.7013734411849318,-0.8377178550061835,-1.1614561712042006,1.2218355552834177,-1.5908055648762427,-0.004479185020135482,1.2001658940613633,-1.5984244275532438,4
-0.936136767120335,-1.1935917164952479,-0.3584197204754072,0.8084918726935109,1.115204710638918,-0.12253449130150973,1.936118082331325,-1.569822749475828,-1.2207737357617388,0.15042518452616158,-0.431528755165023,-0.8696502592845266,-0.48635744343904336,-0.892475491952855,0.9967809754488638,-0.4480011089551206,-0.8820079883952976,0.0005551274671892323,1.4689112025616171,1.2272966955171893,0.5519469365926418,-0.8287749066887182,4
-0.47554378306081274,-1.1935917164952479,-0.2596765596551938,0.30269223708702003,1.1313201197683014,-0.5709417415153228,0.8331776738286668,-0.32073424914691767,1.2420435211624474,-1.2418073782406864,1.208446980494314,-0.7402843021421776,1.4720251607473405,0.285709975971706,1.5905786546221723,0.6817278728671976,0.4208899564300056,1.2218355552834177,1.524109812156491,-1.2362550655574602,0.050244990139642155,1.655706062352426,4
-0.936136767120335,-1.4361748501740437,-0.37816835263944987,0.7251231098737295,0.919834626361733,-0.7769768475914579,0.5220674150196436,0.8765861845883411,0.010634892700354339,0.7302767180536072,-1.7008718744608915,0.050613446766369405,-1.5188523128514675,-0.3033827579905745,-1.089444111297311,-0.479175245295978,1.2504846244511354,-1.2207253003490393,-1.520038615990565,-0.004479185020135482,0.2538669733686886,1.3045585288723556,4
-0.5026374880054905,-1.2845603916247963,-0.3386710883113645,-0.1081508393872323,0.980842330095638,-0.3406066781998028,0.5710754296025955,-1.299340978559063,1.2420435211624474,-1.6329714860026605,-0.8307355014206642,1.107236528602407,-1.2670448705302246,-0.892475491952855,0.6115960249685161,0.03655627595831262,-1.1807220883234908,-1.2207253003490393,0.2656673490016712,-0.004479185020135482,0.12437447911950077,1.5636262103459664,4
-0.3400752583374238,-1.1935917164952479,-0.3584197204754072,0.25841504641347857,0.8859113847543801,-1.1615134147118453,1.6641562683485671,1.4058257978227564,1.2420435211624474,0.5840520346436828,-0.9173234270297055,-0.693616930003386,-1.6965887678935203,-1.4815682259151355,1.7137900806238955,-0.19797789952518444,0.18622982894188037,1.2218355552834177,0.5773628814457554,-0.004479185020135482,-1.694411740712346,0.9627064764608694,4
-1.1528864066777573,-1.4361748501740437,-0.2991738239832792,0.5257773241110887,0.99582556923332,-0.48363600433908766,1.24635586583882,0.33333059421414407,-1.2207737357617388,0.360718797344644,1.3786976642032616,0.007866729063088862,1.6777790613957575,0.285709975971706,-0.4247366796268278,0.8960267493483919,1.1608218666215466,1.2218355552834177,-0.5801211493248398,-0.004479185020135482,-0.7160080563961214,0.17970755688212275,4
-0.7464808325075906,-1.4361748501740437,-0.2991738239832792,0.7040025768815733,0.9546192842251248,-0.5734199939525007,1.8472118690264143,-0.9106209994895827,0.010634892700354339,0.36517456139001764,-0.01362747896368164,-1.4654994534881967,-0.26134208382625707,-0.3033827579905745,1.5031640499964618,0.6964643229929577,0.2788430548309586,-1.2207253003490393,0.9512400351441217,-1.2362550655574602,1.6779938192899078,0.13571549161547145,4
-0.5839186028395238,-0.8600399076869035,-0.2596765596551938,0.5414736772500556,0.9058600691551276,-1.197534303787356,1.0422442305454016,1.3546643147063684,1.2420435211624474,-1.2432116791785885,-0.2305831713423797,1.5148066231501123,0.8357107668978921,-0.3033827579905745,-0.6248651921142002,1.3688980770588655,0.052589652927815755,0.0005551274671892323,-0.26631427422244647,-1.2362550655574602,0.6217225798405358,-0.7794355657209956,4
-0.7193871275629128,-1.1935917164952479,-0.2991738239832792,0.7435869000202147,0.9791150265330637,-0.1334525920575914,2.0940695644798613,0.7623381297841721,0.010634892700354339,0.28716273217918703,-0.4824925213538193,-1.5913669236625236,-0.254101048169232,-1.4815682259151355,0.33361890402039784,-0.5646296841129205,0.4332777809608375,0.0005551274671892323,1.0034824768923902,1.2272966955171893,-1.4353195465570316,1.1675447710134812,4
-0.5026374880054905,-1.2542374999149468,-0.3584197204754072,-0.04421306189124324,1.1953830057010841,-1.1497531774963934,2.085992526379362,-0.35520911211627365,1.2420435211624474,0.11950522440043256,1.2789583221829428,0.5396410817210089,-0.5420836465111536,-0.3033827579905745,-0.5497465001563295,-0.49419168757656906,-0.7275973484728625,1.2218355552834177,-1.5170539558064653,1.2272966955171893,-0.23072313564548633,-1.2346909771354484,4
-0.556824897894846,-0.8600399076869035,-0.3386710883113645,0.13757018647004576,1.2192373674588228,-0.8588108399139855,1.9046824100051738,-0.07416428994756441,0.010634892700354339,0.6385188174545635,1.5503077453536267,1.307897065205835,-0.18010009082670533,-0.892475491952855,0.3254618682904652,0.7010308757609386,-0.5575484473257777,-1.2207253003490393,-0.2191880353259519,-0.004479185020135482,-1.5664758484452395,0.8463439114075694,4
-0.9903241770096906,-0.9813314745263014,-0.2596765596551938,0.7720877924296565,0.9178445780483457,-0.45036414484080084,1.6533786409541675,-0.6072063999486594,0.010634892700354339,1.1884787278159086,0.7513576755343222,-1.5536360700356904,-0.854575130434148,1.463895443896267,-1.2704296468914509,-1.0896851235719012,-1.0948716603125739,-1.2207253003490393,-1.443821988094019,-1.2362550655574602,1.0607675273061605,1.048599874416967,4
-0.6381060127288793,-0.951008582816452,-0.37816835263944987,0.6352281933877397,0.929518653531254,-0.6064287931561659,0.7635435202452455,-0.47210071746211624,0.010634892700354339,1.2068985717964027,1.6239029336572146,-0.05485600548952071,-1.2849105326455963,1.463895443896267,0.1670406612747836,-1.3767414773168944,-1.0961356939132294,1.2218355552834177,-1.3302927776214652,1.2272966955171893,1.1680319605485587,-0.25132848989100354,4
-0.28588784844806825,-1.4664977418838931,-0.37816835263944987,0.56654812906286,1.180968118757438,-0.8381149040890958,1.0360330642645332,0.9507155931417166,0.010634892700354339,0.3850509911012488,-0.8397625349894648,-1.7455820230607024,-1.0627397542457224,0.285709975971706,-0.14150517347337604,-1.151758993927837,1.1243293630060296,1.2218355552834177,-0.7937352573746796,-1.2362550655574602,-0.845451848684787,-0.5681884081894427,4
-0.9090430621756572,-1.2845603916247963,-0.31892245614732184,0.6170526939786115,0.9845559490577542,-1.0969090238808026,0.9700711102924352,-1.1936091583104596,1.2420435211624474,1.2355846763779434,1.0285177491998312,-1.60918176966327,1.3479009915571323,-1.4815682259151355,0.6464099568045505,1.6428345756572917,0.2569566613607996,-1.2207253003490393,1.3008515114066812,-1.2362550655574602,-0.3757475431607062,-0.0026800392712565185,4
-0.556824897894846,-0.708425449137656,-0.2596765596551938,-0.12000162322124933,1.0831901978677125,-0.6042475378154947,1.1346718569512981,-1.578245184983596,-1.2207737357617388,-0.7219193344204692,0.6882467836164912,0.15132726533843535,0.8997454289403862,1.463895443896267,0.4367056710957776,-0.03744230540075204,0.9626003915236814,1.2218355552834177,-0.930220635020789,-1.2362550655574602,-0.35123131565402793,0.8115315030360142,4
-0.6110123077842016,-1.3148832833346458,-0.3584197204754072,0.8400508730488454,0.8834931911252288,-0.21161492974591972,1.6253115823294964,0.7079721314058207,-1.2207737357617388,-0.65662056729202,1.0692157466164565,0.7884193537893126,0.8856140653853245,0.285709975971706,-1.0703178434809697,-0.5404054730802017,0.9019697959001635,1.2218355552834177,1.3276601023667736,1.2272966955171893,-1.0168414427072816,0.586693546295211,4
-0.312981553392746,-1.4058519584641942,-0.37816835263944987,0.3805335529090485,1.038202095551676,-0.1382026845637593,0.8506105334219837,-0.5534769655404499,0.010634892700354339,-0.6487287861915997,0.09448972561741792,0.9836242126323683,1.3186723626024517,1.463895443896267,-1.408398428762339,-1.2215088531633724,1.4026881207859778,1.2218355552834177,-0.5823760772214783,1.2272966955171893,1.1636090842696496,0.21196064167220638,4
-0.5026374880054905,-1.0116543662361508,-0.2596765596551938,0.17884504293705822,1.208535798022823,-1.1383667543023281,0.7491462867939244,0.04819222906210679,-1.2207737357617388,-0.6464276216540482,0.43232600984547154,-0.9972677184231753,-0.47787129174288406,-1.4815682259151355,-0.651352418291154,-1.2200976301747253,1.250597013536529,0.0005551274671892323,-0.9712408875416998,-0.004479185020135482,0.8549824204173435,-0.7450502859380046,4
-1.179980111622435,-1.1632688247853984,-0.31892245614732184,-0.11478698994478145,1.096899834999297,-0.3712348079726172,1.2982393963362455,-0.06572076227686854,0.010634892700354339,0.5156183351849255,0.33089607661655174,-1.5038635641309281,1.3679645274613599,0.8748027099339865,1.208983202239416,-0.1467398432046507,0.24442924208201922,-1.2207253003490393,1.0245057735813639,-1.2362550655574602,-1.6772264895737843,-0.29541846582117526,4
-0.5839186028395238,-1.1026230413656994,-0.37816835263944987,0.708668851349004,1.0866824463680593,-0.6591006366310477,1.961692829271817,-0.40697244142929373,1.2420435211624474,-0.8393321148552371,-0.4004910385105456,0.06235465315909815,0.47678577966034746,-0.3033827579905745,0.6530371581837856,-0.33977326979576566,1.3714140278355575,-1.2207253003490393,1.614088930829803,-1.2362550655574602,0.5301138127447302,-0.47782987735356425,4
-0.4484500781161349,-1.1632688247853984,-0.2794251918192365,0.28483810629594475,0.8816004294922308,-1.0238259562424972,2.206480328275362,0.6953993129921021,-1.2207737357617388,1.6289663093306443,-1.6890515805288808,0.3720812788580045,1.2721868821110764,-1.4815682259151355,0.2536701426701591,-0.47045022741733816,1.6321043761908367,0.0005551274671892323,-0.2091187995431619,-1.2362550655574602,0.35633916372253416,-1.1642724883837583,4
-0.9903241770096906,-0.9206856911066025,-0.45716288129562055,0.1124482096477117,1.1449249724942394,-1.108037768281564,0.5815714872899204,0.43573570295944514,1.2420435211624474,1.239305483417132,1.6388512134749662,-0.10823024676430924,0.45750521572505337,0.285709975971706,0.1190536400585491,-0.28771995834317926,0.131048821339064,-1.2207253003490393,1.5002797246055006,-0.004479185020135482,0.9568170879433279,0.48970789453919444,4
-0.8819493572309794,-1.0419772579460003,-0.37816835263944987,0.39061461086764393,0.9436026661153741,-0.34041785522472506,1.0806924975165948,-0.6998179040253907,-1.2207737357617388,-1.0190454420384811,0.7852607404091523,-1.3579367419619628,-0.18838045808052645,0.8748027099339865,-0.009034740523705889,-1.394484556870877,1.4726926103615823,0.0005551274671892323,1.6063894829483683,-1.2362550655574602,-0.00559171301707555,-0.38488104836817033,4
-1.179980111622435,-0.9813314745263014,-0.2596765596551938,0.02841876425884025,1.0412321339319026,-0.9107040613104203,0.5056153001838328,1.087033370728484,0.010634892700354339,0.41322221711726087,-1.3548701185189589,0.408048637395494,-0.6500739300114871,0.285709975971706,-0.14235292902211494,0.45196403609088825,0.13129808714223057,-1.2207253003490393,0.6818795402181531,-1.2362550655574602,0.6955608529801893,1.4120041621629018,4
-0.7193871275629128,-0.7993941242672046,-0.2794251918192365,0.6444095175842587,1.061668908161768,-0.34390887415830285,0.7570111489044146,0.5273931952382309,0.010634892700354339,-0.36131094740946257,-1.4734062265033914,-1.2939083002628147,-0.7126642880993298,-0.3033827579905745,-0.6441811612499277,0.11064789641269719,-1.7340621325084238,-1.2207253003490393,-1.0556629320968034,1.2272966955171893,-0.12279108134689955,-1.2439814440892554,4
-0.312981553392746,-0.7387483408475056,-0.37816835263944987,0.1763605022030132,1.0334077668076898,-0.42108227309752955,1.754711287218007,-0.18862588519071502,1.2420435211624474,-1.4771273983798818,0.9436237881468785,0.06788887467230026,1.7187677280395497,1.463895443896267,-1.6288989443754804,-1.167475677107003,0.8365281904260917,1.2218355552834177,-1.688104105870617,-0.004479185020135482,-0.05704071526761608,1.3896913242634061,4
-0.5839186028395238,-1.3755290667543447,-0.3979169848034925,0.2477250046420026,0.909470765002013,-0.4769563205143896,2.0192450924588017,-0.7423696387404165,1.2420435211624474,1.1852634963796504,-1.4636198706759915,-0.5384133537665582,-1.4945892998636192,-1.4815682259151355,0.4323951301879928,1.7052017191154305,0.8728547253750291,1.2218355552834177,-1.556090898673604,-1.2362550655574602,-0.46078193688056357,-0.28630948033775067,4
-1.0986989967884018,-0.890362799396753,-0.41766561696753524,0.386479719734109,1.052308716322513,-0.9835979117954784,0.7728736946909103,-0.6113859433292416,1.2420435211624474,1.0364583289980944,-1.1711563393502815,0.9280533653079719,1.6698296382983109,-1.4815682259151355,1.164233349224597,0.6468983725201616,1.2870575521283658,1.2218355552834177,-1.2023039525035375,-0.004479185020135482,0.8093931230100518,-0.2233561328036674,4
-1.3696360462351795,-0.7387483408475056,-0.31892245614732184,0.482534995458223,1.207853900374531,-0.7770146163221127,1.2410023031816648,-0.8904585844905623,1.2420435211624474,-0.3088189964381036,0.8320761918467425,-1.032463779567709,-0.1778103398109348,1.463895443896267,-0.05485382140278427,1.0023528651227795,0.31700988831438087,1.2218355552834177,0.8912624688509573,1.2272966955171893,-0.24907279893422396,0.7548086860205129,4
-0.5026374880054905,-1.2845603916247963,-0.3386710883113645,0.7703301789132722,0.947184744004389,-0.010667673880045787,0.5050051599896155,-0.47281039720806534,0.010634892700354339,1.1524968591431746,-0.36601466932322924,-1.5111201915574874,0.04612651263741613,1.463895443896267,0.9713466862276996,1.0361489089922802,0.022608423811666806,-1.2207253003490393,1.116852876496998,1.2272966955171893,1.189207964878856,-1.022482823711026,4
-0.3671689632821016,-1.3148832833346458,-0.31892245614732184,0.6611109515897591,1.0639212169220658,-0.39339654766559473,2.1719430394380175,-1.3770639162797007,-1.2207737357617388,1.407238080506078,-1.412520405893869,-0.6202853937679774,-0.6325540057171601,-0.892475491952855,0.502803518369612,-1.1877341493195919,-0.6257021753543087,0.0005551274671892323,-0.4625793839688474,-1.2362550655574602,0.5762266871501549,1.3513683912462044,4
-0.8277619473416239,-0.7387483408475056,-0.41766561696753524,-0.1021742217913118,0.9380227856593948,-0.5459506245177443,0.988164914601775,-0.1489491586740955,-1.2207737357617388,1.2236041300666105,-0.7266441901244088,-1.077096894242569,0.28885376821389636,0.285709975971706,-0.12599128069725532,-0.43544578467259115,-1.4115546141129738,-1.2207253003490393,-0.3629328237934799,-0.004479185020135482,0.061160312337017325,-0.745277782699235,4
-0.5297311929501682,-0.7387483408475056,-0.2596765596551938,0.3103119123835459,0.9307480230466131,-0.4295605854515353,0.6890123658513125,-0.09693284758178158,-1.2207737357617388,1.6219362983125767,-1.6448319575047943,-1.5625579701958148,1.3514692911816344,0.285709975971706,0.1060826835697868,-1.5408050360048544,-1.1717325155965777,-1.2207253003490393,0.29371641781725116,1.2272966955171893,0.42011460535581685,-0.5557348021912165,4
-0.9090430621756572,-0.708425449137656,-0.41766561696753524,0.6744376398042902,0.8674862013763295,-0.7437082319856546,1.8583440743095905,0.02163186974925678,-1.2207737357617388,1.0560220439877996,1.2840706308503362,1.7506262619901307,-1.5893595433975667,-1.4815682259151355,-0.571262355738886,-1.0999343480151227,1.0257880402304176,1.2218355552834177,-0.12172376073273886,-0.004479185020135482,-0.055477393285386846,1.5828775489344125,4
-1.3425423412905018,-1.2542374999149468,-0.3584197204754072,0.4223235401838382,1.099102956363718,-1.172526566687251,0.5027919082709534,1.424202858567729,1.2420435211624474,-0.24932006020456332,-1.5230200385160297,-0.8113865763690035,-0.6203949233703959,-0.892475491952855,-1.260692761196063,0.3098480795097605,0.3805753957723304,1.2218355552834177,-1.0356121460672512,-1.2362550655574602,-0.38135321518973525,-0.5916553575687601,4
-1.2070738165671129,-1.2239146082050973,-0.37816835263944987,0.3348702299511315,1.2798238665179555,-0.8230854242101844,1.7901647627617217,0.6276527155144542,1.2420435211624474,1.0240123871107218,-1.7365838708004802,1.6054415074762358,0.21510599101693345,0.285709975971706,0.9787216643103962,0.070666909896316,1.234529749513578,0.0005551274671892323,-0.900770940856978,-1.2362550655574602,-1.1795632590878244,-0.14067425546607168,4
-0.9632304720650128,-0.7690712325573551,-0.31892245614732184,0.6373143003230666,1.2651880588233058,-0.3242705959076719,2.2010381184160543,-0.9348547135792119,0.010634892700354339,0.865669629495158,0.38722029337610636,0.9179010800931002,-1.0967155751132702,0.285709975971706,1.7385280148358844,0.9571489008909705,-1.147225389986165,-1.2207253003490393,1.1339347624443459,-0.004479185020135482,1.3806833396312912,0.689784322541067,4
-0.6381060127288793,-0.890362799396753,-0.37816835263944987,0.19713017578774525,1.1452227821055194,-0.42321737728258574,1.5932587883960645,-0.6821492519381299,1.2420435211624474,-1.7009708684432008,1.0574140097828777,-0.15390641821061177,1.6265713049417008,1.463895443896267,1.5521191828375165,-0.8823048104039185,0.9207632800334103,-1.2207253003490393,-0.13323234139339793,-0.004479185020135482,0.38412359212745006,-1.3536734648254396,4
-1.2883549314011462,-0.9206856911066025,-0.3584197204754072,0.8069351797473386,1.086124031389253,-0.50490065525859,2.033512150584075,0.9063196158508294,-1.2207737357617388,-0.706472592228906,-1.1530529453700027,-1.002048625400874,0.31251862096323396,0.285709975971706,-0.40189865759253224,1.554241096723362,1.2982518621928265,0.0005551274671892323,1.1377902572881828,1.2272966955171893,-0.003942625815416043,-0.47314401403175116,4
-1.1528864066777573,-0.829717015977054,-0.4374142491315779,-0.013559272723232065,0.9057187885418592,-0.9912551044947249,1.9911217657560132,-0.3797293864387602,-1.2207737357617388,-0.08776295691284607,-0.29394955519816496,-1.5064466719057006,-0.17029758852070925,0.285709975971706,0.5584326349438827,-1.4013087557348196,-0.057971932468716424,0.0005551274671892323,-0.40299978018752114,1.2272966955171893,-1.4943311455683685,-0.5428291745878244,4
-0.8277619473416239,-0.7690712325573551,-0.4374142491315779,0.15081994184703984,0.8992890266189831,-1.1914328806309287,1.1572009606232307,0.26452657449551553,1.2420435211624474,1.602838282011881,-0.8015008892998958,-0.7653338282685258,0.4998165008637489,-0.3033827579905745,1.4692928154396254,-1.0293940548308047,0.397645312540382,1.2218355552834177,0.1361929939370539,-1.2362550655574602,-0.11134185516531687,1.634212934703502,4
-0.6651997176735572,-1.07230014965585,-0.41766561696753524,0.3640095219025444,0.9625690883063706,-0.8186042775310558,0.7039532941346242,-1.2393018660208932,-1.2207737357617388,-0.9196905298950873,-0.9314495854462368,0.048270453218907605,0.815284882994712,-1.4815682259151355,0.9045825857238293,-0.9901242132341532,-0.20683494952280163,-1.2207253003490393,-0.28760964751852186,1.2272966955171893,-1.4378038611342348,0.8184357735041168,4
-1.3425423412905018,-1.4361748501740437,-0.2596765596551938,0.2778115691919151,1.0889009482001046,-0.30735209016731385,0.7954113631516523,-0.2958823519994936,1.2420435211624474,0.08927679803918236,-0.8151705915387943,1.2262350964041484,-0.7618391747837049,-0.3033827579905745,0.12648992776231266,0.9673333198834427,-1.725340992200009,1.2218355552834177,-1.4393416979244733,-1.2362550655574602,-0.3080329658558312,-1.2827613928380464,4
-0.6381060127288793,-0.708425449137656,-0.3386710883113645,0.6655099739265047,0.8651828061917722,-0.9710478061460446,0.8258338624570153,-1.6598354032376226,0.010634892700354339,0.5563237520706966,-1.4528809260777962,1.5259474952809564,0.9409727578732051,-0.892475491952855,0.010329970784958514,-0.6398273015775767,0.2591787885537161,1.2218355552834177,1.5436115820074485,1.2272966955171893,1.617241501218542,-1.5543805951372573,4
-0.7464808325075906,-1.4058519584641942,-0.2794251918192365,0.09664365711360824,0.9004293578951846,-0.7979741113031771,0.5580819206298165,0.3285830702453855,-1.2207737357617388,0.5565096738343888,0.8764747542123006,0.138704552222346,-1.4992671505782724,1.463895443896267,-1.0372986590913575,-1.5546442022809508,-0.2047740501659101,0.0005551274671892323,-1.6626284868730292,-0.004479185020135482,-1.3596050118794174,1.4174504717287288,4
-1.3696360462351795,-0.829717015977054,-0.3386710883113645,-0.10775479171534366,1.0575520904767386,-1.1909955031178985,1.6277826148996175,-1.4252132352733853,0.010634892700354339,0.7642451398168476,-1.3406256463437483,-0.24973920586166892,1.3376561782471104,-0.3033827579905745,-1.6322121051889662,-0.5049279554027033,-1.2717312062874802,-1.2207253003490393,1.7068576452460003,-0.004479185020135482,0.5382779091528411,-0.7547622873770408,4
-0.3400752583374238,-1.4361748501740437,-0.45716288129562055,-0.013157498742007272,1.1431948039910476,-0.4048028374394448,1.5985899908757204,0.28682282759585426,-1.2207737357617388,-0.569973871045342,0.7390510762241977,1.4197053273290157,1.243099671051444,-1.4815682259151355,1.3545966637311213,-1.3729124950607061,1.6744752945109553,-1.2207253003490393,0.10370921847572648,-0.004479185020135482,0.0608297656612609,1.7143814637246035,4
-0.692293422618235,-1.2542374999149468,-0.4374142491315779,0.583394451138767,1.0870909782742986,-0.04286288158581217,0.5709867587408056,0.8769364766280103,0.010634892700354339,1.278427999234451,0.6745338145557003,-0.4882295777054997,-1.02546807017148,-0.3033827579905745,1.5468698210582605,-0.50729819467879,0.5960013634401302,-1.2207253003490393,-1.0956989064099867,1.2272966955171893,-1.1260325997137497,1.2598985857775429,4
-0.28588784844806825,-1.4664977418838931,-0.31892245614732184,0.08965046257653024,1.1331203182563736,-0.6310863203991578,0.729259509648328,-0.33384726518546465,0.010634892700354339,0.09462241168689732,-0.8808813594201049,0.3266713355684932,-0.902774881725505,1.463895443896267,-0.8060544475273803,1.684524834587425,-1.1366245635697285,1.2218355552834177,0.6248284939999678,-1.2362550655574602,0.18498651214144443,-0.22634859230053966,4
-1.3696360462351795,-1.0419772579460003,-0.3386710883113645,-0.019422938423063477,1.0289178567609834,-0.2552817147620309,1.3698223487690684,0.2053912013419362,1.2420435211624474,1.1421882388907045,1.5015895685932847,0.6662559215216067,0.002254574565870679,-0.3033827579905745,1.1776233207467273,-0.05925869446541837,1.1866410882340117,0.0005551274671892323,-0.8050697562316745,1.2272966955171893,-1.0802507637612428,0.7564820716640623,4
-0.6651997176735572,-1.3452061750444952,-0.31892245614732184,0.06573553210906442,1.0448396615866542,0.0012737108214553045,0.7406095455748974,0.8207024299248519,-1.2207737357617388,0.05172174010133383,0.43997395899970015,-0.020701251043660582,0.4671307573411584,-0.892475491952855,-0.9225451860939453,-1.4812184354398494,-0.730363595380473,1.2218355552834177,-1.6053373754266569,1.2272966955171893,1.008066621584531,-0.0573771638516369,4
-0.42135637317145713,-0.708425449137656,-0.2794251918192365,0.5296159700927465,1.0750580282085629,-0.4238747320624129,1.4374973333019332,1.036665778273007,0.010634892700354339,1.708796238737263,-1.5999994068791443,-1.25327204015633,-0.5887971854663959,0.285709975971706,-0.30349744313768223,0.7589511498064625,0.08932118153382192,-1.2207253003490393,0.34493127127560425,-0.004479185020135482,-0.736215232049289,-0.8512747732890743,4
-0.8548556522863017,-0.708425449137656,-0.3584197204754072,0.780083296528681,0.8952516608311168,-0.8311329450575728,2.208862264110216,-0.7347877086498854,-1.2207737357617388,0.6622339625358761,-1.6147099085394951,0.7109421216134859,-1.2626220350861308,-0.3033827579905745,-0.6548031949886615,0.34735984965175987,-1.4164815086842304,1.2218355552834177,0.5071087115752339,-1.2362550655574602,1.198846610358096,0.8370230011369011,4
-0.5297311929501682,-1.2239146082050973,-0.2991738239832792,0.8065581638072371,1.0661184287006498,-0.1641543375115883,0.8160156916062034,0.6204477855016012,1.2420435211624474,-0.18963218373350094,-1.6058141235809644,-1.0950100963125833,0.7183263200709361,0.285709975971706,1.261455280662384,1.674004585840166,1.686491367772453,-1.2207253003490393,-1.684092576651148,-1.2362550655574602,1.4343699775665675,0.36389201459073656,4
-0.9090430621756572,-0.7387483408475056,-0.4374142491315779,0.1037762879743645,0.9794967236003462,-0.5138309129168905,1.6734251843525545,0.636537096746084,1.2420435211624474,0.8084303273206307,-0.7903527437155148,1.163877729828115,-1.4314827449380807,-1.4815682259151355,-0.1636661968378653,-0.20579521894555156,-0.8964598795299624,0.0005551274671892323,-1.4708684896534012,1.2272966955171893,0.8070708753150585,0.6914519117015965,4
-1.315448636345824,-0.708425449137656,-0.3584197204754072,0.07614814120541968,1.0475971855753792,-0.17890306172699938,1.9305616109822108,1.4750281899735533,0.010634892700354339,0.6850481097096945,-1.7069561984195638,-1.1740512068394358,1.1996636747014247,0.8748027099339865,0.8812267874343404,-0.12334834998412866,1.3906241277525362,0.0005551274671892323,-0.6449185124262247,1.2272966955171893,-0.012181826533837415,-1.5908070956069882,4
-0.556824897894846,-1.2239146082050973,-0.45716288129562055,0.3031877475323849,0.8988426808211276,-0.07275550332530319,1.118455989056791,-1.3253379398448637,-1.2207737357617388,0.17564638805910468,0.40325597950352066,1.7643051721537937,1.1659679570142651,0.8748027099339865,-1.2163063808914962,-1.2239927963718515,1.5931324080470155,-1.2207253003490393,-1.351689523905303,-0.004479185020135482,-1.6923704338767687,-0.8643235504050646,4
-1.1528864066777573,-1.1632688247853984,-0.2991738239832792,0.6630871327434849,1.1957917649336445,-1.2509017748038218,2.0099307426707433,1.386074919654169,0.010634892700354339,-0.3317089847238283,1.448978596731006,0.8299079288366419,1.458357126144411,0.285709975971706,1.3249839446289753,1.7250029433465808,0.4410467894059039,-1.2207253003490393,-1.030392218376081,-0.004479185020135482,-0.18226023185431825,-0.25767251784904227,4
-0.8819493572309794,-1.2542374999149468,-0.2596765596551938,0.10337392931305507,1.11884213125569,-0.16899153822385066,0.507319742296153,1.626066759297318,1.2420435211624474,-0.23871058530412423,1.581002969053698,-0.07069307116562909,1.0023371539830523,0.8748027099339865,1.7135663058785109,0.18078892642202005,1.1794592804298245,1.2218355552834177,-1.3242523302056732,-1.2362550655574602,1.5089866516659471,0.47146110257545437,4
-1.1528864066777573,-0.7690712325573551,-0.3584197204754072,-0.01976435406196931,1.0266916968173239,-0.5864955365182173,0.5762685780968843,1.365464274531185,-1.2207737357617388,-1.0432876603707915,-0.4415597446032747,-0.9645345241550584,-1.3821394034679573,-1.4815682259151355,-1.0392141339350272,-0.0799519952426841,1.5212388324089083,1.2218355552834177,0.9304620724108443,-0.004479185020135482,1.2930974606559817,-0.09518978670793292,4
-0.28588784844806825,-0.951008582816452,-0.37816835263944987,0.38359243911153906,1.2803996378164848,-0.9487619882117576,1.2951284288082867,-1.3709569645709692,0.010634892700354339,0.1446067880962048,1.1458139565261058,-1.0070358884703898,-0.2341473393583384,0.8748027099339865,0.6761731728374617,1.2897412004606925,-0.5157300770766364,1.2218355552834177,-0.29988633081330557,1.2272966955171893,1.3803544005046817,0.9090844164621252,4
-0.6381060127288793,-1.3148832833346458,-0.2991738239832792,0.43358855160925525,1.1681844262103802,-0.004618646695361836,0.9208779881648561,-0.9340008823229881,1.2420435211624474,0.37921863275769696,-1.5646186638939987,1.655876173912842,0.7775759814347928,1.463895443896267,-0.12204087216818237,-0.06460351427270421,1.443485270083046,-1.2207253003490393,1.5705885685867054,-0.004479185020135482,-0.280944678272064,-1.1428354429641712,4
-0.8006682423969461,-1.0116543662361508,-0.3386710883113645,-0.003142029642156857,1.268814728612263,-0.7935549255552634,1.134956779047023,1.3767436645697824,0.010634892700354339,-1.5857943770406047,-0.8689104112889746,1.2327445082816328,1.6014880500661495,-1.4815682259151355,0.6797090162027137,0.32074737566739947,-0.07489402184625016,-1.2207253003490393,1.267310624615332,-0.004479185020135482,-0.2551566209726214,1.3815581219271909,4
-1.2883549314011462,-1.3452061750444952,-0.2596765596551938,0.256819835691503,1.274327435937273,-0.1950562789501675,2.2234364680108043,-0.5553739826976715,0.010634892700354339,1.159546794523191,-0.06291055643492685,-1.0848416609331606,-1.2434668032025689,0.8748027099339865,1.2449898727153312,1.0597867100957783,-0.908854838380891,1.2218355552834177,-0.4113597420267553,-0.004479185020135482,-0.7188248088540329,0.8182060047870419,4
-0.7735745374522683,-1.132945933075549,-0.41766561696753524,0.7038968169455706,0.8441787058811486,-0.5979813197513435,1.5553764381164794,0.3127958937663539,0.010634892700354339,-0.011788124392913702,0.6303392888734072,0.28614658933102016,0.8400893346165588,-1.4815682259151355,1.4099942321509522,0.05724352999054329,1.026695944952543,1.2218355552834177,-0.6375450053948977,-1.2362550655574602,0.1987771038235641,-0.13227193641238677,4
-0.6381060127288793,-1.3755290667543447,-0.3584197204754072,0.16389941310011513,1.2048114709127347,-0.5959118145681552,2.1432385082777903,-0.8052084397095823,1.2420435211624474,0.035778488079724134,-0.8319874827732999,0.7191154844016788,0.2662859496365377,0.285709975971706,-1.4938511170845725,1.2641161024547447,0.2738170937414276,0.0005551274671892323,1.217005066820417,-1.2362550655574602,-0.25793336852585597,-0.21098921738304308,4
-0.7735745374522683,-1.3755290667543447,-0.2991738239832792,0.5569245259871362,1.0962996719458753,-1.0386851498594354,1.828429813139323,1.6066453373948366,0.010634892700354339,-1.4872077247616433,-0.813883930984634,-0.7136698394525554,1.1619437480776629,-1.4815682259151355,-0.7100216451295641,0.8653660593703908,-1.3338347414560316,-1.2207253003490393,-1.66318161266332,1.2272966955171893,1.5903319010380754,-0.08232506608629322,4
-0.6110123077842016,-0.7993941242672046,-0.31892245614732184,0.6567286380666293,0.9667798002981651,-0.9109581330503697,1.6071928717016577,-1.3730703284706305,1.2420435211624474,1.1924773254342136,0.8547697326752177,0.2738541914313453,1.315833810477903,0.285709975971706,1.482936886153118,1.2260909003144471,-1.639951619100694,0.0005551274671892323,0.8329596478092641,-1.2362550655574602,0.03554880932424849,-0.17559974666645226,4
-0.7464808325075906,-0.9813314745263014,-0.4374142491315779,0.16565478468442119,0.9869667478425327,-0.734056063502325,0.8327895793332786,-1.4204987619910039,0.010634892700354339,0.4133308857516001,-0.7381677031084006,-0.36979292369528965,0.7858422083283663,-0.3033827579905745,0.5126839390229637,0.45614596662418194,-1.2725016358043109,0.0005551274671892323,-0.3519802200650475,-0.004479185020135482,0.6768652881137254,1.7301078247733952,4
-0.3671689632821016,-1.4664977418838931,-0.2794251918192365,0.035290471755765086,1.0045364586942567,-0.892325549352048,0.8910622784850328,-0.8273415613432126,0.010634892700354339,-1.71966573661195,-1.5474097685355128,1.5271177202790702,1.6899158689694143,0.8748027099339865,0.4200467659218766,-0.8563503268198055,0.8776603059121153,1.2218355552834177,-1.2890108059185363,-1.2362550655574602,-1.2893128169038632,0.43995228518278673,4
-0.8548556522863017,-0.829717015977054,-0.37816835263944987,0.2597827632504796,1.2274433921153065,-1.03123572782758,1.1485413185067306,1.5254769747981676,-1.2207737357617388,1.0248496075430777,0.9426287406764918,0.07328946984031182,0.7943188929813982,0.8748027099339865,0.9567134641945846,-1.3408799559434081,-0.5261191431092455,1.2218355552834177,-0.9457723672678272,-0.004479185020135482,0.9448055413309137,0.41079911477140646,4
2.233826711406965,-0.19293629007021493,-0.4769115134596632,-0.23978893911223523,0.3466295468374561,0.9845985240177159,-0.23043431098454137,1.3811843909144006,1.2420435211624474,1.6934915352190345,0.15858163502004458,-0.2657336460494323,-0.29555438116646165,-1.4815682259151355,-0.05705948181071357,1.2311880303520162,-0.380613824836328,1.2218355552834177,0.9407508632032426,1.2272966955171893,0.6200096363632353,-1.361486343973021,6
2.3151078262409985,-0.5264880988785592,-0.5559060421158339,-0.4978249768891319,0.6011558248562006,0.5892411948863452,-0.5854458061172577,0.8681752966437617,0.010634892700354339,-0.4358933233939896,-0.5182213984568869,0.15736339862341223,0.8881025525158692,0.285709975971706,-0.06391805643457941,-0.7105507996810444,-0.4319389605876737,0.0005551274671892323,-0.6537829077496318,-0.004479185020135482,-1.5457276277142298,-0.6181123513031493,6
1.4481092680113097,-0.19293629007021493,-0.5954033064439193,-0.32603992586196817,0.2468776409794552,1.5042838599638546,-0.23127273974596402,1.310535623902922,-1.2207737357617388,0.08725617967639923,0.946843612112193,-1.7329882080491315,-0.6114673855543612,0.285709975971706,1.2156286490423904,0.7546502801349687,-0.4988270523625287,-1.2207253003490393,-1.6548126584816087,-1.2362550655574602,1.0078542244857036,0.5968031686158537,6
2.233826711406965,-0.19293629007021493,-0.4966601456237059,-0.14397011907559895,0.18597594993215216,0.4625126430142285,-0.2493935327859055,-0.9388711686025859,-1.2207737357617388,0.6935201674429279,1.260739724950598,0.6487434932000509,-0.0671641324873678,1.463895443896267,0.8448589368578547,-0.7581960589444833,-0.8339545872531382,1.2218355552834177,-1.1735107783545355,-0.004479185020135482,-0.5215424484008534,1.2688843745560725,6
2.0441707767942208,-0.46584231545886023,-0.4966601456237059,-0.050133566001265666,0.5458968259651554,-0.3783640526467766,-0.27349569623859815,1.2458339828486775,1.2420435211624474,-1.0774059959098066,-1.2971582024040709,1.3282365222363994,-0.6124594267438355,-0.892475491952855,-1.3503801095254935,-0.5672500224344258,1.1062419295918868,0.0005551274671892323,0.5922294454898577,-1.2362550655574602,-0.4812308884869262,0.5988153975418482,6
2.0441707767942208,-0.10196761494066647,-0.5756546742798766,-0.18205535605850426,0.4606776164460017,0.20580335741317873,-0.4527856138910479,1.1050282088901058,1.2420435211624474,0.779687358723662,0.4581175017865263,0.7049269214652885,-0.4634797559296873,0.285709975971706,-0.3834314878854893,1.3835513756939388,0.058014905818290274,0.0005551274671892323,0.30669467740927314,1.2272966955171893,-1.330796974057043,0.1843518051787091,6
1.6919526125134097,-0.3748736403293118,-0.5559060421158339,-0.12138532394757374,0.406935633487829,1.0176226496440772,-0.1299031582398775,-0.6202867817988161,0.010634892700354339,0.004628841836071758,1.0866133501493898,-0.1453287206280793,0.8939861020277201,0.8748027099339865,-1.518729642120902,-0.6307079990649728,1.2128538822444317,-1.2207253003490393,-0.9617581398852482,1.2272966955171893,-0.4996818735194437,1.3747064186632725,6
1.9087022520708319,-0.2535820734899139,-0.5164087777877486,-0.6235562690301331,0.44140082374130607,-0.03320748213387338,-0.7140367432400153,-0.4177421960218095,1.2420435211624474,0.8470880368291385,1.465497089918828,-0.28340064525037395,-1.6789332513575859,-0.892475491952855,-0.5698318949237227,0.964576743487316,0.5419367282342217,1.2218355552834177,0.7210025270990306,-1.2362550655574602,0.2650210960551994,0.31873058172648233,6
1.9087022520708319,-0.19293629007021493,-0.6349005707720046,-0.39714858335772096,0.3510507957990879,1.620343792259638,-0.5635661351096827,-1.3980504766234885,1.2420435211624474,-1.671053765908751,-0.773499837579497,0.34002967296211334,-0.035948138590688086,-0.3033827579905745,1.5226128495773836,0.43584902327434455,0.4904947398370838,1.2218355552834177,-0.4165879985110522,-1.2362550655574602,-0.9193197650199799,-0.8059070706802716,6
2.125451891628254,0.20126130215782834,-0.5164087777877486,-0.20379111076795087,0.3433374349031051,-0.6746669251433589,-0.5736110619291751,-0.032905791059826765,0.010634892700354339,-0.30363432553097197,0.3994758575106706,0.8759363858886439,-0.38122584872727916,-0.892475491952855,0.6432147220410558,-0.8895754030056191,-1.0713132905080605,1.2218355552834177,1.677024698207084,-1.2362550655574602,-1.3258375243499727,-0.8938683166487892,6
1.529390382845343,-0.2535820734899139,-0.45716288129562055,-0.49967442468411266,0.5424240655303731,0.9799727475521474,-0.5755270212015947,-0.1525893955188699,-1.2207737357617388,1.604673483776699,-1.3221344459861386,-0.9520698127931537,-1.6122171459439176,-1.4815682259151355,0.6791133604861965,-1.2622856561865563,-0.9637000731370966,-1.2207253003490393,0.4853122000295655,1.2272966955171893,0.8241444100137897,-0.8910174041802125,6
1.9357959570155097,0.17093841044797883,-0.5954033064439193,-0.41799582186656703,0.5459924625080371,-0.323111052969287,-0.43043020617453903,-0.80314909866153,0.010634892700354339,1.4767892767425548,1.3964069298227253,-0.7365720227725878,1.0963038549751931,0.8748027099339865,-0.6133962375214839,0.27501590916104807,1.684197926761869,-1.2207253003490393,0.45975524696891557,-0.004479185020135482,1.6389963399786052,-1.483517639285641,6
2.4234826460197096,-0.46584231545886023,-0.6546492029360473,-0.2901570819671741,0.19772927739085408,-0.5790419710922166,-0.610564625289393,-0.0005075856098481263,-1.2207737357617388,1.347116004404072,-1.1544614207343746,-0.2791623884996013,-0.5937634609386074,1.463895443896267,1.0258822817669158,-0.2839543250469983,-1.2208215886208291,1.2218355552834177,-0.8178249169032078,-1.2362550655574602,-0.5114005623057475,1.7487479016585676,6
1.3939218581219541,-0.13229050665051595,-0.5361574099517913,-0.1823349477043409,0.6003232296242326,-0.2793319827472892,-0.24868451095830066,0.04510273501409712,0.010634892700354339,0.4504481596764838,-0.10017930649585895,-0.6674724680857094,-1.0209781519901984,-0.892475491952855,0.0601299412523108,-0.6418585555270293,1.4438666697583453,1.2218355552834177,1.5592923449906682,1.2272966955171893,-1.3761735517975824,0.4543765167231795,6
1.6377652026240541,-0.4051965320391613,-0.45716288129562055,-0.22351210531448182,0.5825816951158206,-0.3644846205357016,-0.2278647061762944,-0.09108989352388983,1.2420435211624474,-0.21980219062796924,1.387537818583586,-1.0213507402426574,1.1213242622795208,-0.3033827579905745,0.21474174046994937,-0.9865130536340876,-1.5293789976395078,-1.2207253003490393,-0.46578775835954156,-0.004479185020135482,1.3113956569002752,-0.9412758531420498,6
2.1796393015176094,-0.5568109905884087,-0.5954033064439193,-0.22224119846260243,0.4835122529756084,0.7601994841135736,-0.7176907484080309,0.25775602274485415,-1.2207737357617388,-1.7210175598747561,0.4128786062260535,-1.684120341152557,-0.12725818910914893,-1.4815682259151355,-0.9055934274914504,-1.2732592648639356,-1.1417301301726213,0.0005551274671892323,-0.6885967176656204,-1.2362550655574602,0.7593589907878213,0.7277061365329406,6
2.2880141212963205,-0.31422785690961286,-0.6349005707720046,-0.42199185740596756,0.4604351899960152,0.3243500938738555,-0.3039494706729063,1.6209561151398195,1.2420435211624474,0.5839113018518541,1.656575624795716,-0.23342180361478085,0.021113979903252252,-1.4815682259151355,-0.038478957641513385,-1.3111949234794387,-0.7044190639408541,0.0005551274671892323,-0.3601468737029628,-0.004479185020135482,-0.4478022115669089,1.6234222055490368,6
1.3397344482325986,-0.2232591817800644,-0.5954033064439193,-0.28253902441723183,0.20487494336238293,-0.04884004427430017,-0.6257626189931218,-1.155169787505773,1.2420435211624474,-0.9009726907308258,0.30605243261579107,-0.8989015394418625,0.769059919146542,0.8748027099339865,1.6372241935844198,0.9196699875623188,-1.5847589348749511,1.2218355552834177,1.6217423700420905,1.2272966955171893,-1.7579504862129298,0.9146393701210234,6
1.9628896619601874,-0.43551942374901076,-0.4769115134596632,-0.12023331653142241,0.3009037670139257,1.271226148575998,-0.316666717341315,0.9149322393824905,0.010634892700354339,-1.56083700034884,0.7651718959781392,-0.9259877378959221,1.6188571063978927,-0.892475491952855,0.5345111968270405,0.3832095430092259,0.7756678260666123,0.0005551274671892323,-0.45626322808225767,-1.2362550655574602,0.8291593772487361,-0.3971043885249366,6
1.8003274322921206,0.07996973531843041,-0.6546492029360473,0.07429593198220334,0.2503543603066198,1.16156960964003,-0.2610719837739987,-1.5963159544720331,-1.2207737357617388,-0.980045571943628,0.35155976289959334,0.21571243084480987,1.2663580922450952,-0.3033827579905745,-0.015289401027059965,1.2703957328188729,0.8250227232192796,0.0005551274671892323,-0.9570635407432603,-0.004479185020135482,-1.493978687896659,-0.6296220717705552,6
1.9087022520708319,-0.5264880988785592,-0.4769115134596632,-0.3855077036243951,0.4586632752152535,1.1410770762129707,-0.07452188319692445,-1.049310999562975,-1.2207737357617388,-0.6699584567274193,-0.1943766850078402,-1.2346681910638706,0.9956489577844949,0.285709975971706,-1.4505693675415836,-1.5856374021147746,0.7666484307256014,-1.2207253003490393,1.036337031913258,1.2272966955171893,-0.4289852751620005,0.6878082288161216,6
1.3668281531772764,0.14061551873812936,-0.5954033064439193,0.010403856321022512,0.4447353872937895,0.2360721866756007,-0.45258515742952665,1.3231322005293502,-1.2207737357617388,1.0432999165557852,1.6845475515922006,0.4978323580769821,0.05583526036740278,-0.892475491952855,-0.36337375437915326,-0.6414576886670922,-1.3081346344444091,1.2218355552834177,-0.6021820915108543,-1.2362550655574602,-1.4996156104380296,-0.701318957062591,6
1.529390382845343,-0.34455074861946233,-0.4769115134596632,-0.7051943215184756,0.5906891976227755,-0.4198298255953653,-0.31769558288973443,-0.5842831629655757,-1.2207737357617388,-0.7800356884578992,0.2515519620829414,-0.814489974062789,0.732729131638933,-0.892475491952855,-1.707904824808402,-0.30772428339097485,1.520743354820071,0.0005551274671892323,-0.7861820706217312,1.2272966955171893,0.5586929821269826,1.4568565296428577,6
1.3397344482325986,-0.3748736403293118,-0.5164087777877486,-0.6312507715257859,0.5874618831245548,1.0976532135103312,-0.18195534719188847,1.4191811184635015,1.2420435211624474,0.32026055964859634,1.4590383585971933,1.1284167376852454,-0.7636523265207629,-0.892475491952855,-0.1700216457038227,-0.4367661941487535,-1.0242479996009264,0.0005551274671892323,-0.32906932432106845,-1.2362550655574602,-0.6473370505664362,-1.3186636446689488,6
2.0170770718495428,-0.43551942374901076,-0.5361574099517913,-0.11550359834906686,0.4821019267664256,1.9193882540589313,-0.15368797570149673,0.9043084072942891,1.2420435211624474,0.06460885400099443,-0.1533328281350368,-0.33452280842483084,0.39330824871228476,-1.4815682259151355,0.3292276751893556,0.9717025104769379,1.2712452428037702,0.0005551274671892323,0.9208970313888272,-1.2362550655574602,-1.6751137125067592,-1.2203942185506682,6
1.4752029729559875,0.20126130215782834,-0.4966601456237059,-0.4113560170584938,0.25766388722392225,-0.33838310104751107,-0.2898051898689996,-0.710799723177673,-1.2207737357617388,0.16000987449358434,0.507645583996817,-0.8888395369170045,-1.031018354525464,-1.4815682259151355,1.45617615678041,0.1113334209607334,0.37054202700224786,0.0005551274671892323,1.3508043948797943,-0.004479185020135482,-0.5379526187796719,1.6642283291860336,6
1.3939218581219541,-0.2232591817800644,-0.5756546742798766,-0.5620592800254168,0.49946879110675524,0.20875318264276016,-0.3998154988853092,-0.23531426534300903,0.010634892700354339,-1.0234977657754463,1.3875440434227801,-1.5038296064124117,0.6374277617809249,1.463895443896267,-0.02334188838825483,1.0976324127546746,1.1331950674375681,-1.2207253003490393,-1.4978094962590685,-0.004479185020135482,0.0895645857826475,-0.19106842175323985,6
2.1796393015176094,-0.13229050665051595,-0.5164087777877486,-0.023261080710729774,0.38157480894997065,1.0822953276428693,-0.6625433053853711,-0.31874201241047884,0.010634892700354339,0.8972037568048583,-0.7610389115405358,-1.203509858855447,-0.03334093910992997,-0.892475491952855,-0.6583443164168575,-0.02006665092186151,0.341984112073308,-1.2207253003490393,1.5305892279490103,-1.2362550655574602,-1.4261133163986168,-1.1518452534342016,6
2.3963889410750316,-0.5568109905884087,-0.6546492029360473,-0.07260400284056748,0.5382707884771651,-0.7381949342908574,-0.3077295842572647,-0.9070961119120411,0.010634892700354339,0.4291121167680485,0.13663693868611104,-1.1385365961182685,0.6340531011161185,-1.4815682259151355,0.5984439128082458,0.8455057818916611,0.40034720851415473,0.0005551274671892323,0.1660476617506861,1.2272966955171893,-0.9662571752200254,-0.21552301722377679,6
1.5564840877900208,-0.5264880988785592,-0.5756546742798766,-0.5597418392791585,0.2709303346197245,0.9939581593107704,-0.707044847865914,0.9821420419709503,0.010634892700354339,-0.5607736981770636,0.6830487364232436,1.4817448851473527,0.5072827063282566,-1.4815682259151355,-1.3706705503559706,1.1176425900432523,0.28204283224841875,-1.2207253003490393,0.9709247364653874,-1.2362550655574602,-0.43645116599858663,-1.4768218077014412,6
1.8274211372367986,-0.2535820734899139,-0.4966601456237059,-0.4436061843333776,0.26732004176040963,1.9491414711344168,-0.5784772001984216,1.207672303225261,-1.2207737357617388,-0.7612140027252174,-0.08849561366316744,-0.47263565771227495,0.3207062801394823,0.285709975971706,-1.2665729483971768,0.0999331599460853,1.6626687919892058,-1.2207253003490393,1.6178624378180064,-1.2362550655574602,-0.47879892263060164,-1.6136489446085975,6
1.529390382845343,-0.071644723230817,-0.5164087777877486,-0.1482709270098585,0.30275862804783643,-0.6286226422151834,-0.4348822065113158,0.024717774144375634,1.2420435211624474,-0.4490949617683996,1.6508278475024085,0.11876251296095001,0.016728816056487676,1.463895443896267,0.6100191575862111,-0.8632715213441593,-0.718984265965256,0.0005551274671892323,0.4470100491717731,-1.2362550655574602,-1.2391357778620122,-0.1721302871766838,6
2.0170770718495428,0.20126130215782834,-0.6151519386079619,-0.2908353365431131,0.585573450126158,0.408709640014002,-0.4204533390325467,-1.2165185332671868,1.2420435211624474,-1.667184380665409,-0.05951908387306355,-1.2765564187531862,1.0683597598193446,0.8748027099339865,0.031083355996188992,-1.1761038182436672,-1.5948793949376396,0.0005551274671892323,1.485250127656293,1.2272966955171893,0.28773874952450346,-1.5571636997419895,6
1.6919526125134097,-0.4961652071687097,-0.5559060421158339,-0.11520600211213063,0.33972741519478555,1.1941157108758675,-0.11580091551605518,0.09901787552383125,1.2420435211624474,1.6137212665817926,-0.47254681518778086,-0.7230870168207584,-1.0479426500564126,-0.892475491952855,1.450716334905754,-0.29809549709128036,0.35081173227052403,1.2218355552834177,-0.584685272278232,-0.004479185020135482,1.4831558287501398,-0.01900899097922291,6
2.1796393015176094,-0.041321831520967515,-0.6349005707720046,-0.38695610631298616,0.5837809915152951,0.021438392694177695,-0.2715191695679157,1.5367096410575827,-1.2207737357617388,-0.4663322194144668,-0.6855532706806468,1.0317537673336674,-1.2351211574420957,0.285709975971706,-1.2966802441579062,-0.6624274327430478,0.14740541321969802,1.2218355552834177,-0.15397059539349023,-0.004479185020135482,1.068843718500181,-1.6089472106236713,6
1.746140022402765,-0.16261339836036545,-0.6349005707720046,-0.014349683161227015,0.566542062924489,0.9130134381100714,-0.2642818007218382,-1.1423100892199183,-1.2207737357617388,-0.6985964348665636,1.5463208164700695,0.8615677553622219,1.27021192358853,-0.3033827579905745,-0.20872081081210736,0.7021575680894622,-0.49143739395479,1.2218355552834177,0.5600893325766355,1.2272966955171893,0.6820616043669131,-1.2206646794109606,6
1.6919526125134097,-0.46584231545886023,-0.45716288129562055,-0.7141378231402927,0.3590017517868327,1.1874272607871401,-0.2373500951244717,0.558802621783956,0.010634892700354339,-0.9478237962204304,-0.5553540731564574,-1.4367190493838558,-0.14426723697717006,-0.892475491952855,-0.20079909413494829,-0.9112491525459443,-0.9754233849692104,1.2218355552834177,-1.3061594562210974,-0.004479185020135482,-0.18799402919917824,-0.8189938725994874,6
1.6377652026240541,-0.3748736403293118,-0.5954033064439193,-0.38971291636492317,0.2984932696836168,-0.47053484406946205,-0.4095316211692436,0.9585755193408627,0.010634892700354339,-1.7651534665030781,-0.27353016057935925,-0.49495110911193313,-1.3533177550693234,-0.3033827579905745,1.5683370329458013,0.28265736430965527,1.4629453646446835,1.2218355552834177,0.6339372618583657,-1.2362550655574602,1.0719644816972982,0.022676840798494025,6
1.6377652026240541,-0.010998939811118037,-0.5756546742798766,-0.32629173532746303,0.2940799443471494,-0.06454636555091492,-0.3427401863286644,0.7701402420544584,-1.2207737357617388,0.6819042327780074,1.064702056810919,0.1411564743699849,-1.0142029729453597,0.285709975971706,0.0023703829322063432,0.9756698487542493,0.14664266063666398,-1.2207253003490393,-1.3007636285064679,-0.004479185020135482,1.1214230805901495,-0.27210075522354016,6
1.9357959570155097,-0.16261339836036545,-0.6349005707720046,-0.19001831757515167,0.1865914027023744,-0.20923004583961402,-0.7577245379650861,0.6549515921370013,-1.2207737357617388,0.17908337218559908,-0.5418762632658429,-1.2439911365921719,1.2225073633544816,-1.4815682259151355,-1.6097963206613275,1.5932551763991254,-0.3610064342073968,0.0005551274671892323,0.5552462062980754,1.2272966955171893,-0.78018934851728,-0.3977016974017083,6
1.5564840877900208,-0.2232591817800644,-0.6151519386079619,-0.25963826303611753,0.6017817656362574,0.5980326255778294,-0.6995766949068568,-1.5982856701374355,0.010634892700354339,0.7569668087333503,-1.0866824338053749,0.00440250121476367,-0.6758712863116666,-0.3033827579905745,0.48387673708757034,-1.5546863562072057,-1.20628009478936,1.2218355552834177,0.7894454274773068,-1.2362550655574602,0.1504442676360424,-1.1107288261061063,6
2.2067330064622874,-0.3748736403293118,-0.5164087777877486,-0.2616827747241181,0.4287192393491107,1.733590020033351,-0.23744646792628749,-0.34281362546814154,1.2420435211624474,-0.8125111586055404,1.44320336886382,-0.10910460061985781,1.4492343874368403,0.8748027099339865,0.35102384229503236,-1.5989816686516631,0.7583474510982223,1.2218355552834177,0.3659189868424844,-1.2362550655574602,0.09130716035316977,-1.0539236886563426,6
1.421015563066632,-0.34455074861946233,-0.6151519386079619,-0.2610402073612787,0.5900374651889762,0.07503807730175777,-0.4077580668895448,-1.5884679839267233,1.2420435211624474,0.7907741996964845,-1.176534537933358,-0.3933300876589185,0.04469754303176882,-0.3033827579905745,-0.25447569775770734,0.8680720746267823,-0.32553369848102304,0.0005551274671892323,-0.6328764206140334,-1.2362550655574602,-1.1740815616862323,-1.5702083033746845,6
2.233826711406965,-0.10196761494066647,-0.45716288129562055,0.020850278098720924,0.4364522886812893,1.4215932784131748,-0.06429319433819483,-1.345653174031168,0.010634892700354339,-1.378673916029797,1.5833537875935728,1.6386497054822753,-1.0614118130727028,0.8748027099339865,-1.5357979358331453,-0.8821914195074964,1.6762603671305163,1.2218355552834177,-0.01969090380083904,-0.004479185020135482,0.960235078175054,1.5991286664483515,6
2.0712644817388983,-0.4961652071687097,-0.5954033064439193,-0.14609243469545066,0.21648674266472673,0.738709948732152,-0.21004859940134107,0.2204138681505734,-1.2207737357617388,-1.5575347653660951,0.4905459903394331,-0.16483695854779498,0.4539115875559403,0.8748027099339865,0.9125717960171953,0.8619701975923878,0.5582005716258093,0.0005551274671892323,-1.2416368745609871,-1.2362550655574602,-1.2884987290035759,0.9797945162692145,6
1.6106714976793763,-0.43551942374901076,-0.45716288129562055,-0.5945806736753416,0.2633059144731526,0.9554819279502972,-0.5155522959505138,-0.1632208355607161,0.010634892700354339,-0.15034342214870877,-0.31436703653125375,1.219388028262464,0.34000392919404465,-0.3033827579905745,0.4159427181317275,-0.13500667710247377,-1.3011886112900641,1.2218355552834177,0.5204945571033334,-0.004479185020135482,1.2792400728337108,1.3225596377390667,6
2.1796393015176094,-0.46584231545886023,-0.5756546742798766,-0.3452977905733259,0.1887625258653616,0.44569516449273416,-0.2367590253261445,-1.048596667275019,-1.2207737357617388,1.5915784330193579,1.5762997475700067,1.369682632205501,1.7289128871878874,1.463895443896267,-0.8655133777251183,-1.2880117618563065,1.4946397220614855,0.0005551274671892323,-0.4881650010332995,-0.004479185020135482,0.2928734826956116,-1.3313285065418543,6
1.5564840877900208,-0.46584231545886023,-0.4769115134596632,-0.43574841585008406,0.22268052414168987,1.2571530793466172,-0.44847133139078726,0.4767134006632378,1.2420435211624474,1.3067924579159358,-0.817229750861165,-0.6022319394054326,1.4729839334127537,-0.3033827579905745,1.093118288629592,0.3261347330565259,-1.6624627757894734,0.0005551274671892323,1.093597093560575,-0.004479185020135482,-0.49452303859770186,0.510451863720565,6
1.9357959570155097,-0.4051965320391613,-0.6151519386079619,-0.12875527961485114,0.4418485537138585,0.4976711245333162,-0.4263047577938238,0.16033281270215224,0.010634892700354339,0.39721372971317526,-1.2624894921063219,1.184002191441131,0.7805721830998642,1.463895443896267,-1.441743226340339,-0.8403742791358783,0.498522195437124,-1.2207253003490393,0.7099653671970878,-1.2362550655574602,-1.4653502835033623,-0.043214045998140854,6
1.6377652026240541,-0.10196761494066647,-0.6546492029360473,-0.08850052792220629,0.39632677096043645,1.8288192295405765,-0.3428730128081036,-0.6396521647388811,-1.2207737357617388,0.17432550911675176,-1.1319425582113352,0.5285690520218305,1.1365289756370787,1.463895443896267,0.7331466763613432,-0.8469530526091513,0.9625669876395957,-1.2207253003490393,1.3164109334994618,-1.2362550655574602,-1.707268683151404,0.7331115958932888,6
2.4234826460197096,-0.4051965320391613,-0.6151519386079619,-0.5705711494763153,0.25132593548369,-0.5988849480052844,-0.4715892151541195,1.4674537401645273,-1.2207737357617388,1.2724834002309902,-1.2528490317740402,-0.6128106425264167,-1.2017469981866502,-1.4815682259151355,0.6623839330612715,-0.8573266585387228,0.9028609473624122,-1.2207253003490393,-0.3390671777251395,-1.2362550655574602,0.37202614813133666,-0.9474437748418959,6
1.3397344482325986,-0.4051965320391613,-0.5559060421158339,-0.625130472749767,0.2145209993987612,1.2440052005632878,-0.30236413499818154,-1.2676151771409283,-1.2207737357617388,1.6222101246028902,0.18217442175012966,0.15217780169642242,0.36064572782843946,0.8748027099339865,-0.10618780005778851,1.3751446569427384,0.41006888951001047,-1.2207253003490393,-1.2808532472223317,-0.004479185020135482,-0.741731675184529,-1.6613983791344464,6
1.9628896619601874,-0.10196761494066647,-0.6349005707720046,-0.5070597025250778,0.18224620562683602,0.036926149283472445,-0.5970821209287689,-1.0863955275238735,0.010634892700354339,0.39207378838898527,-0.03785475383925468,-0.5453308853897565,0.5341270486744164,-1.4815682259151355,-0.3323846304030514,-1.276459366594766,0.49108241101367917,1.2218355552834177,-0.19144251056983436,1.2272966955171893,-0.997360845113894,-0.6198020588693026,6
1.529390382845343,-0.5264880988785592,-0.5361574099517913,-0.06394787740584024,0.1880048939588599,-0.34147012742050553,-0.7429474392043268,-1.105052028560465,0.010634892700354339,0.003231360761786189,0.90501218411413,-1.6690605147700535,-1.0580452851072946,-0.892475491952855,-0.9829538035186066,-1.2259149024589884,0.2029068046243339,1.2218355552834177,1.3620688354930504,1.2272966955171893,-1.354597837959365,1.384079764774593,6
1.8274211372367986,-0.10196761494066647,-0.5756546742798766,-0.5254621071885558,0.4876984128261536,-0.14044094969934862,-0.6730304663209715,1.3780149852034786,1.2420435211624474,-0.6098369023871738,1.6237125349191448,1.1357653708162758,-0.041145723625472405,0.8748027099339865,-1.5196287023901165,0.5534646830698532,0.9241049251921518,0.0005551274671892323,-0.47137077870698685,-1.2362550655574602,1.0632581977633617,-0.04857088509941193,6
1.421015563066632,-0.071644723230817,-0.5559060421158339,-0.5558633619667791,0.5689854394580428,0.7458721647947765,-0.2152062238597667,0.5949997332479094,0.010634892700354339,-0.151437881576992,-1.2722134963821625,-1.3895455416646616,-1.3962297830441488,-1.4815682259151355,-1.3174997006737894,-0.6443410776138642,0.914017211759097,0.0005551274671892323,-1.442572547335825,-0.004479185020135482,-1.3903581160864042,0.005003911432402613,6
2.233826711406965,0.11029262702827988,-0.5756546742798766,-0.40965070870637865,0.20217909174676002,1.909542900792901,-0.35195145016573487,-0.28561770895511585,-1.2207737357617388,-1.5578401140971676,0.5382325405288918,-0.3908338138699229,0.8810429117312948,0.8748027099339865,-0.40826613190649846,-0.5938786881212208,-1.2285909477690722,0.0005551274671892323,0.5104307744916496,1.2272966955171893,-0.3661633965916388,0.30250150899395345,6
2.125451891628254,-0.19293629007021493,-0.5559060421158339,-0.23784639681604355,0.41878623909095175,-0.24240821112539232,-0.08843393210002813,0.9506748416954691,1.2420435211624474,0.23623387507720234,-0.01180338629492255,-0.9787678270867236,-0.48067514202902495,1.463895443896267,0.5356042250503785,0.31183667014011535,0.5749841498327083,0.0005551274671892323,0.4100120684116575,1.2272966955171893,1.1645687217436433,-1.5107186458561246,6
1.7732337273474428,-0.041321831520967515,-0.5756546742798766,-0.5280840358907135,0.1747594414517103,-0.4587383360004026,-0.662168277379838,-1.5281988076482613,1.2420435211624474,0.7570854976006567,0.7710374139541443,-1.3610352941030626,-0.2758413636891005,0.8748027099339865,0.20262760630702298,0.5283438541178908,-0.48966823784088326,1.2218355552834177,-1.45504176643755,-0.004479185020135482,-1.6777005524157123,1.6628014238623334,6
1.7190463174580874,-0.4051965320391613,-0.4966601456237059,-0.015699968235588807,0.4337578472975302,0.3676816374642268,-0.14627835777783296,-0.10600890533178134,1.2420435211624474,-0.179858058929524,-0.09694605003936205,-1.6000588656908399,-0.665434002671494,0.8748027099339865,1.4719684186091766,-0.6982724757742502,1.4185799191331592,-1.2207253003490393,-1.6513147628854454,-0.004479185020135482,-1.214489769253474,0.9347635337759221,6
2.1796393015176094,0.20126130215782834,-0.6151519386079619,-0.058469328230651735,0.46332248946012744,1.2349553621719809,-0.36396403001783134,-1.5162188208588403,0.010634892700354339,0.12305849644928511,-1.717632560700633,-0.25427859315923,1.6740415355726164,-0.3033827579905745,1.7241534166473933,-1.2615108464907028,-1.2138913613698665,1.2218355552834177,0.3419322227334918,-0.004479185020135482,0.48473707882948447,0.22533082031975318,6
1.529390382845343,-0.31422785690961286,-0.5954033064439193,-0.6300146867185035,0.4516438836242026,0.35621342165362346,-0.6901133600168683,0.560127948749753,0.010634892700354339,0.17544750546135676,-0.41408210192905026,-0.7254380041532226,-0.15325992532809532,0.8748027099339865,-0.9072874234972532,0.03092222264375664,0.18152233353618977,0.0005551274671892323,1.3200150981711567,-0.004479185020135482,-0.721061825233926,-0.1043438036815032,6
1.9628896619601874,-0.2839049651997634,-0.5361574099517913,0.03342177297396452,0.15830241387390753,1.5142083060490537,-0.219631811669116,-0.545929499043462,-1.2207737357617388,1.2730241488694265,-1.6454940561782265,-0.046751184961304676,-0.22239518137975264,-0.892475491952855,1.618172450937174,1.5228505697849293,-0.2384763504013731,0.0005551274671892323,-0.09542792858752117,-0.004479185020135482,-0.12836589916432092,1.6581291939057603,6
1.664858907568732,-0.13229050665051595,-0.45716288129562055,0.014488899526856471,0.2886249657777505,0.0008470472003339042,-0.6782924636326729,-0.6220063848115457,-1.2207737357617388,-0.23440744425529852,-1.6054314167353816,-1.6139955224551763,1.3339256188028652,-0.3033827579905745,-0.2094539835477589,0.8907636414425304,1.6176751224541526,-1.2207253003490393,0.1557872650045661,-1.2362550655574602,0.4932993059665803,-0.04304615471219168,6
1.8545148421814763,-0.2839049651997634,-0.6546492029360473,-0.6854795174698608,0.5111686479103907,0.8045270797535377,-0.7791271214804174,-0.38392736983717307,1.2420435211624474,0.19792072194182417,1.543852644275037,-0.08209041184014632,-1.5621409915626083,-0.3033827579905745,1.6884751292474072,-0.9056404950319584,-0.25493320737601655,-1.2207253003490393,1.6578438531552961,-1.2362550655574602,-0.0684221442450089,-0.0059067170590708885,6
2.152545596572932,0.17093841044797883,-0.5756546742798766,-0.10734740796574521,0.49512211371455755,0.06581318761597318,-0.181145985387235,-0.3035947464409661,1.2420435211624474,1.5243588012327187,-0.9722719843394027,0.42069899790421966,-1.0266466672037493,1.463895443896267,1.4361989955706753,1.0423925623817292,-0.32821250714642813,1.2218355552834177,0.48629265290098717,-0.004479185020135482,-0.30952798394283343,1.0247617718833308,6
2.0712644817388983,-0.010998939811118037,-0.4769115134596632,-0.6718238914005129,0.2110064527021353,-0.4414025726347386,-0.6016478274818583,1.4046790846152857,-1.2207737357617388,1.0411990667385962,0.3675007958510432,0.23587546546637836,-0.8267382115134368,-1.4815682259151355,1.5734356253173833,-0.25213717760474613,-0.16135713306768312,0.0005551274671892323,-0.5538032163932989,-0.004479185020135482,-1.244372953330021,-0.10165798785448693,6
2.260920416351643,-0.041321831520967515,-0.5954033064439193,-0.3263010566292074,0.2295717373820042,1.9711486076870512,-0.49744841154357544,0.006643380240804267,1.2420435211624474,1.323493807596919,-0.7448876694777901,0.8128904670619719,-0.28052190750220013,1.463895443896267,1.073708618043783,-0.7248399560584762,-0.031021196925461843,0.0005551274671892323,-1.5118620835455936,-0.004479185020135482,0.5601638001243903,-1.4398226406795391,6
1.5835777927346986,-0.5264880988785592,-0.5954033064439193,-0.04259702194127517,0.22690403514450064,1.363762786451478,-0.7452743749356414,0.7038398822635809,1.2420435211624474,0.021339891180539996,-0.6364718096505656,-1.2115145116448698,0.7853894258650485,-1.4815682259151355,1.09308399894959,1.5935448059545265,-0.6860828464616225,-1.2207253003490393,-0.9521235093418061,-0.004479185020135482,-0.9804792297318438,0.004679868902472955,6
1.3397344482325986,-0.16261339836036545,-0.6151519386079619,-0.3626066479279685,0.5192119329778174,1.7555761992311982,-0.6769949842127289,1.3855570143036091,0.010634892700354339,-0.6627124960651898,1.1621055972877772,0.4258669506361641,1.6850579724923807,-0.892475491952855,-0.9868730348414773,1.7093593915271583,-0.6239892711638526,0.0005551274671892323,-0.7193460074764585,-0.004479185020135482,-0.5417172520289013,0.19344800539502718,6
2.2067330064622874,-0.041321831520967515,-0.5756546742798766,-0.2868528651866064,0.23638390440829382,-0.04237518884482306,-0.7556050133547652,-0.044009280077876564,1.2420435211624474,1.1173062373731306,1.59768317350759,-0.6365156258314345,-1.1219581566241714,-0.892475491952855,-1.0544472643919092,0.5388834340695848,-0.5092978799029667,1.2218355552834177,0.9223131401160208,-1.2362550655574602,-0.6327795147656313,-0.7891653465611848,6
1.3939218581219541,-0.4961652071687097,-0.45716288129562055,-0.05956610510684271,0.28913535964354653,-0.7257390915044073,-0.5575418046189698,-0.34057870213997754,-1.2207737357617388,-1.6970695135826868,1.387854693662279,-1.5345249715036264,-0.8037718606374923,-1.4815682259151355,0.7476926330909086,-0.633681090148773,-0.24739261349047262,-1.2207253003490393,-1.6664393857715465,-0.004479185020135482,1.1578500159875684,1.1140213076463754,6
1.6377652026240541,-0.43551942374901076,-0.5164087777877486,-0.5950755935148111,0.3984556617449054,-0.4322455190734874,-0.27098839581000805,0.8483171399411613,-1.2207737357617388,0.759823449831439,1.289881995493381,-0.7767699396092943,-0.6272164378056871,1.463895443896267,0.4936669180686583,0.15640749493020764,-1.4043758133104296,1.2218355552834177,0.81376658224113,-1.2362550655574602,-0.27210324503167593,-0.5250154191240249,6
1.8003274322921206,-0.071644723230817,-0.6546492029360473,-0.5259498291421267,0.32498584864628427,-0.5491657587960983,-0.06752630638321323,0.9693559941965176,-1.2207737357617388,-1.490097011289239,-0.31033510575845547,1.1070106171050205,1.4257198164094014,1.463895443896267,-0.8779710976202546,1.1126656911635244,0.5057695228675615,1.2218355552834177,0.7633385311669839,1.2272966955171893,-0.9453943499343793,0.27797184328994007,6
2.3151078262409985,-0.5264880988785592,-0.4769115134596632,-0.5672530801233521,0.40119975011906095,1.4582518211143205,-0.24370134848156513,-1.1539478214506744,-1.2207737357617388,-1.2548612701433242,0.9320565401831687,0.02419665222455956,1.6622657841587454,1.463895443896267,-1.3275045747189815,0.7917111736890599,1.2914681814931332,1.2218355552834177,1.5696660264091375,-1.2362550655574602,0.8976984715795024,1.012503430344522,6
2.260920416351643,0.07996973531843041,-0.5954033064439193,-0.35710871739810474,0.558757623018012,0.2866360764408429,-0.5913102600648691,0.46993255688388463,1.2420435211624474,0.24766631742537454,0.2889173442659538,0.17162863232410183,1.4871171296001493,-0.892475491952855,0.10296214951548172,1.2954009831392526,1.6870202856104979,1.2218355552834177,0.3927586100466005,1.2272966955171893,1.1780246579063878,1.272102754764019,6
1.664858907568732,0.019323951898731442,-0.6546492029360473,-0.03041046186578322,0.4530640405736377,-0.3799460886720036,-0.48370910729646677,0.4505080301594283,0.010634892700354339,-0.5924350780225329,-0.700129067612002,-0.05275696087592638,0.09032338397216846,0.285709975971706,1.7245504838004218,-0.19480032015818396,-0.9998998803013629,0.0005551274671892323,-0.7465396252666049,1.2272966955171893,-1.2099512642533343,0.7414919405357696,6
1.4752029729559875,0.07996973531843041,-0.6546492029360473,0.06944128188784905,0.4716016444551365,1.0375753515435049,-0.5336515885677867,-1.2307136050653935,1.2420435211624474,1.620245258671272,-1.7407185626629582,-0.12505295756449333,-0.1732146667986112,-0.3033827579905745,0.5911605688454491,-0.6855665015698033,-0.19824300549448304,0.0005551274671892323,-0.17107763823671196,-1.2362550655574602,-0.18825464828799282,1.041890294748148,6
2.4234826460197096,-0.2535820734899139,-0.6546492029360473,-0.016872119460849874,0.38478566565147754,-0.8638737961573052,-0.0740379930128806,0.6755910671946108,0.010634892700354339,1.4697532682480505,0.6671163524969994,1.0314047034209028,-0.8235663203662459,0.8748027099339865,-1.0567212231983036,0.8052068992941226,-1.1722363992133464,-1.2207253003490393,-1.4153853966749312,-1.2362550655574602,0.860709196216728,1.034250917966217,6
2.0441707767942208,-0.2232591817800644,-0.45716288129562055,-0.23264141273623176,0.4589762491993737,0.3721789932666749,-0.7765310890389739,1.3385185201685283,0.010634892700354339,1.592647182489349,-1.1456484315147253,1.5338150911073205,0.7523362692046884,1.463895443896267,0.7463281354652441,1.0246356929016915,0.6219341545072841,0.0005551274671892323,-1.4942052373648214,1.2272966955171893,1.1518882438904174,0.18704668504977182,6
1.5022966779006652,-0.13229050665051595,-0.4769115134596632,-0.5090993589980564,0.2241194256288989,0.6641779493438368,-0.23324668860813166,-1.5670266535212916,0.010634892700354339,-0.8442161606170778,-0.617595533422948,0.9945828689064101,0.8813266577935192,0.8748027099339865,0.40083412111943456,1.2494916455358058,0.22019733238963246,-1.2207253003490393,0.9968867847501249,1.2272966955171893,-0.7245040676456254,-0.6218107734152839,6
1.9087022520708319,-0.010998939811118037,-0.5756546742798766,-0.4154304728141588,0.2356122793536958,1.948157023431683,-0.4249804936621528,1.5128237728429894,-1.2207737357617388,-0.319730528114195,-1.5838628698370938,0.5236273838315704,0.9639853127389875,0.285709975971706,0.12044149229859524,1.5088696230175325,-1.51241137367946,1.2218355552834177,1.1047974132465175,-1.2362550655574602,0.586273086104704,1.6373478879990635,6
1.5564840877900208,0.20126130215782834,-0.6151519386079619,-0.564569319527043,0.23702607251391272,0.11556854558015832,-0.1036956275580093,1.2165515199928105,0.010634892700354339,0.39113950613620607,-1.1671307554436205,0.31722141821745625,-1.5544532673513218,0.285709975971706,-1.151653553567117,0.5996489218394413,0.06489030974081274,0.0005551274671892323,-0.5306795395325947,1.2272966955171893,-0.9680109417368324,-1.045886800725859,6
1.7732337273474428,0.07996973531843041,-0.6151519386079619,-0.1785088367896187,0.28067757108595603,1.9510013963077935,-0.33149013002466365,1.226397635264499,-1.2207737357617388,-0.2376885300942152,1.2401701075333422,-0.8421182185543583,0.5392110884813622,1.463895443896267,-0.8873719605130049,-1.3527196026390547,-0.9854959359038226,0.0005551274671892323,0.6564793663113874,-0.004479185020135482,-1.5629272015001028,-1.4967124554832452,6
1.3397344482325986,-0.041321831520967515,-0.5756546742798766,-0.4259775484534771,0.4926599625427089,1.8533464143403184,-0.18130780438658298,-0.34604782155603475,-1.2207737357617388,-1.156150904744823,1.4883160067623404,-1.4509787502946245,0.9359951527362796,1.463895443896267,1.5780771106682687,-1.3246955922297754,-0.5648963527170167,0.0005551274671892323,0.3450433934235569,-0.004479185020135482,-0.10637443355988832,-1.643372019796185,6
2.125451891628254,-0.31422785690961286,-0.6349005707720046,-0.013011788959050424,0.28612463366763585,0.339418957967727,-0.4527866889485809,-0.32804971283570167,0.010634892700354339,0.6382468024049781,1.6000241540055373,0.13587842518381285,0.5490722477343172,1.463895443896267,0.8824115787340189,-1.139893846305149,0.028829421592273433,0.0005551274671892323,-0.3849852058072806,-1.2362550655574602,1.2218231585846886,-1.125625531870608,6
1.8274211372367986,-0.2839049651997634,-0.4966601456237059,-0.697598633907557,0.5097888099347238,0.2871819447102243,-0.6624527020771812,-1.411301149704299,1.2420435211624474,0.6815190272668842,0.04189676538728011,1.0289915111582721,-0.3823556287853285,0.285709975971706,-0.21596489763688267,1.12379944268017,1.44688681140824,0.0005551274671892323,-1.4341113319349437,-0.004479185020135482,0.12177139334769085,-1.0826394470213925,6
1.8003274322921206,-0.31422785690961286,-0.45716288129562055,-0.18324503188412058,0.3158438891771864,1.7710479896660123,-0.6215590588648781,-1.431850848853049,1.2420435211624474,-1.378324071401127,-1.5494799384796893,-0.25707109435989467,0.20302459861765373,0.285709975971706,0.571189893511975,-1.2408430440012443,0.6121026555717518,1.2218355552834177,1.0281666719629852,1.2272966955171893,-0.8318475032730019,-0.43307914001379877,6
2.0441707767942208,-0.4961652071687097,-0.5361574099517913,0.046167769175760535,0.5699678773290424,0.18740369424190287,-0.4810084934329424,1.2247619662509972,0.010634892700354339,0.2458551168545099,-0.9922556893913204,-1.5889098780651392,-0.7991053267514305,0.285709975971706,0.9831801155424256,0.6986793621300602,0.7578943579440486,-1.2207253003490393,-0.9922453551225261,1.2272966955171893,-1.3329835505190617,-1.7323827923564588,6
1.881608547126154,-0.16261339836036545,-0.6349005707720046,-0.6233359453772692,0.17647500626042004,1.2762219394438679,-0.5752803505519565,-0.17898521865389547,0.010634892700354339,-0.6700123020328225,-1.111106200749523,1.4874552424780068,0.605490209290801,0.8748027099339865,1.058045756189969,0.5240372201063151,-1.516481983839163,-1.2207253003490393,1.0791449495219563,-1.2362550655574602,-1.4705067094215714,1.3797111149316035,6
1.3939218581219541,-0.2535820734899139,-0.6349005707720046,-0.38714198519792925,0.27146539518845336,1.0658826313306875,-0.5198778762917207,-0.02318157184951112,0.010634892700354339,-0.44195772872543265,0.8789203249943929,1.592953560531681,0.5546491024412494,-0.892475491952855,-0.7728827653999509,0.6230194997537184,-1.0936304631104632,1.2218355552834177,1.3851202655174166,-0.004479185020135482,-0.2235091294114745,0.3126592556534656,6
2.1796393015176094,0.07996973531843041,-0.5559060421158339,-0.7126920297841033,0.46530831246905985,1.6712738399430493,-0.20433196340753773,-0.14820806592667787,1.2420435211624474,-0.4939791020091874,-0.6688625316611273,-0.46767757879335153,0.5676310972677465,0.8748027099339865,0.5367962333713046,0.10444537194381352,-1.154152858669816,-1.2207253003490393,0.37680895605394127,-1.2362550655574602,1.0580869012277598,1.5388572692357303,6
1.7190463174580874,-0.4051965320391613,-0.6151519386079619,-0.25479790007368,0.38873631318659796,-0.13708865821875488,-0.6190259326678724,0.33048746125148576,0.010634892700354339,0.34960333150955997,-1.2036807268545093,1.1468992856583622,1.7198733889185696,0.285709975971706,0.5166264724317766,-0.17688180040945242,-1.254751692851375,0.0005551274671892323,-0.6208119075081225,-0.004479185020135482,-1.439488902927664,1.2860587815575613,6
1.3668281531772764,-0.4961652071687097,-0.5954033064439193,-0.5318680676168236,0.5034247475650808,1.509377156294803,-0.1919070455754014,0.10427937872215663,0.010634892700354339,0.023645215748776344,-0.6007816986146155,0.3398695428512774,-1.6671303147722312,0.285709975971706,1.2952830290612145,0.953650277003472,0.4275321634938796,0.0005551274671892323,-1.5453380662940688,-1.2362550655574602,-0.22735451495643044,1.7398371873860976,6
1.5022966779006652,-0.2232591817800644,-0.5559060421158339,-0.4302191812324799,0.32131672634067143,-0.34740419932684474,-0.40608918521253046,0.3573762700823011,0.010634892700354339,-0.9498821362619015,0.7729181614844043,-0.4252554793233134,0.5860729104810761,0.285709975971706,0.25261256374695223,-1.1182311136106688,0.25524920147380337,1.2218355552834177,-1.2095844601793342,1.2272966955171893,1.105424403417896,0.22376678194414729,6
1.6919526125134097,-0.46584231545886023,-0.5559060421158339,-0.6931330982854464,0.3190395509560703,-0.13537775436435281,-0.519097722127681,1.0256453416671665,1.2420435211624474,0.8154814056919201,1.3228186660760868,0.1623079573491505,1.093661712841701,-0.3033827579905745,0.7627593711982739,-0.857625816830085,-0.5903942261268612,-1.2207253003490393,-0.07560171274949175,1.2272966955171893,0.9446953462312896,-1.5690464367689878,6
1.3939218581219541,-0.010998939811118037,-0.5361574099517913,-0.5092452070499522,0.20793781557044286,0.574076717384612,-0.21779025103710012,-1.0519919458590319,-1.2207737357617388,0.817442033660679,0.3506530966175758,-1.2673747403535605,-1.6949256570109328,0.8748027099339865,-1.1612216294247935,1.4248209538956615,1.6499418743144538,1.2218355552834177,-0.8232572509159846,1.2272966955171893,-1.0210560616686426,1.0973051102514193,6
1.6106714976793763,-0.43551942374901076,-0.5954033064439193,-0.21101630280686715,0.17591947643899886,1.6759418063967184,-0.720396958321838,0.5789727264777856,0.010634892700354339,0.28651769056384574,0.07110318505034306,-1.571734845883813,1.1424267576371177,-0.3033827579905745,0.6459365285784023,-0.14586503726180713,1.3157972760373189,-1.2207253003490393,-1.493017140387579,1.2272966955171893,1.41941914584507,1.256552075454075,6
1.529390382845343,0.14061551873812936,-0.6546492029360473,-0.3708695779814873,0.19287959378904926,1.4042874208929583,-0.4882432564429347,-0.3754838372031552,-1.2207737357617388,0.7288078897386756,1.1322378048071682,0.29985290067698556,-1.4688418606476612,1.463895443896267,1.608237947422746,1.6856629675804864,0.15702399720313337,-1.2207253003490393,1.392808039341866,-1.2362550655574602,1.7262367575788686,0.8913118194650573,6
1.881608547126154,0.20126130215782834,-0.6546492029360473,-0.6513503464266961,0.556164212909287,1.0583324276335826,-0.6935219495880213,-1.09414649990379,-1.2207737357617388,-0.11048646739528761,0.724222002268417,-0.3009217038372931,0.1192829578998547,1.463895443896267,0.6000816014632877,-0.15831155027789015,-0.6957718944096375,0.0005551274671892323,0.27648582662176746,1.2272966955171893,-0.26840379267289255,0.216396011021074,6
1.041703693841143,-0.19293629007021493,-0.20043066316306582,-0.018084431887015008,0.03444618569274191,-0.6034870298394587,0.8812913213510274,-0.41152244588299863,0.010634892700354339,0.33861074460696966,0.7859163715449157,0.719131016382803,1.2641763988159513,-0.3033827579905745,-1.0118521521584944,0.10612627947724139,-0.8065979850455368,0.0005551274671892323,1.2605593422238748,1.2272966955171893,0.6774823309465503,-0.6724391818838351,8
0.25598625044548734,-0.4961652071687097,-0.18068203099902314,0.19255057224168223,0.5148474652792823,-0.5634742157201559,1.0516407575347158,0.046772831618652776,-1.2207737357617388,-1.2477316520174353,0.2762927701405184,-1.0499236968523427,-1.2898712670072174,-1.4815682259151355,-0.5711043214403414,1.163518653079446,-0.584076891695771,-1.2207253003490393,-0.5503586838028889,-1.2362550655574602,-1.5007313552629291,0.3187162814499295,8
0.3372673652795207,-0.3748736403293118,-0.0621902380147671,-0.06289773864269965,0.6920996709316046,0.8432227287770443,1.6955096105958043,-1.3327798526382202,1.2420435211624474,-0.9191168420608851,1.3212080598662426,1.4798774535082653,-0.21412146421476025,-1.4815682259151355,-0.8014553959599362,-1.0627780853817366,0.8072995937839541,0.0005551274671892323,-0.0970401952928758,1.2272966955171893,0.47254712123489373,-0.16812310881741102,8
0.9604225790071097,-0.4051965320391613,-0.18068203099902314,0.02069388802787842,0.749518988246441,-0.3386319114781768,1.313019147888371,-0.6282341902713048,1.2420435211624474,1.3500408098029126,-0.2061836117731174,-0.4799261821474287,1.1756017409621098,-0.892475491952855,-1.3767010555493993,0.7344898375758907,0.22056196849888446,-1.2207253003490393,-0.5467145539434113,1.2272966955171893,-0.6387447000522498,1.1255634794928053,8
1.2313596284538875,-0.3748736403293118,-0.16093339883498045,-0.4013850666063894,0.023488706121204767,-0.49035711047374436,1.5826579549136357,-1.0224361153583286,0.010634892700354339,-1.5053258595505485,1.5804127595764776,-1.3991096760108066,-1.5434713180499642,1.463895443896267,0.44586161851849704,0.4337168549057939,-0.9174800488890623,1.2218355552834177,-0.6039321265964749,-0.004479185020135482,0.0038996951537089773,0.8353662996610227,8
1.3397344482325986,-0.5568109905884087,-0.23992792749115116,-0.060407819246936674,0.023894642194467648,-0.15865975875652524,1.5850884567045842,-0.373068731044447,0.010634892700354339,0.8465150272487243,-0.20549044387318163,0.024000646996475902,-0.24365450170113473,-0.892475491952855,-0.6708607888552327,0.36380703466434844,-0.8472453365210155,0.0005551274671892323,-0.28069238776655236,-1.2362550655574602,-0.013086623915480832,0.3117356527146373,8
0.3372673652795207,-0.4961652071687097,-0.10168750234285244,-0.43421465184450225,0.6112034546366272,0.24875593294103934,1.497491578664016,1.0527127772444982,1.2420435211624474,-1.4726789417825965,0.9946085174030919,-0.4529769656955849,1.1272016645767116,-0.3033827579905745,-0.9323405820199497,0.24352771398611234,-0.06197331087024254,0.0005551274671892323,-1.4584962960898622,-1.2362550655574602,-0.5214774535265699,-0.011825997401164311,8
0.5269232998922652,-0.31422785690961286,-0.16093339883498045,-0.24900310218171437,0.7782166639763667,-0.3781782499811545,1.1948689800658143,1.1854424283463403,1.2420435211624474,0.4630384183786825,1.0783016206440557,-0.976108336465269,-0.7780458341580216,0.285709975971706,-0.669545296802183,0.47685118233294144,-1.202054410483505,1.2218355552834177,0.0021535794365567934,-0.004479185020135482,-1.355259152123718,-0.5426063175212825,8
0.44564218505823183,0.049646843608580925,-0.08193887017880977,0.1319032636432044,0.16463739374928368,1.0111215853955893,1.4342270162947994,1.2518757973807733,0.010634892700354339,-0.5445451916307132,0.032460859054241585,0.9304887513432893,1.3159522268946156,-0.892475491952855,-1.0173838932058021,1.6480166482525431,-0.31212989019355986,1.2218355552834177,-1.5315972155017215,-1.2362550655574602,0.04801868177226675,-0.5544033505729278,8
0.6352981196709763,-0.4051965320391613,-0.16093339883498045,-0.09438161155778263,0.5228846682444538,-0.10755259583588869,1.198910113506018,0.16479760386607828,0.010634892700354339,1.1134393184562479,1.4572071162877276,0.39400132037512764,0.9795277760170977,0.285709975971706,1.1938051083583443,0.7508436763751207,-1.0602796874924407,0.0005551274671892323,-0.2651167392789372,-1.2362550655574602,0.86852287352595,-0.7613886139895404,8
1.041703693841143,-0.010998939811118037,-0.08193887017880977,-0.14405959093061307,0.019557971203770935,1.0988594155125972,0.8514960171986439,-0.04621221218882765,1.2420435211624474,-1.7063740477583962,1.5392969170206101,1.5941222094984149,-0.3944338337706102,-0.3033827579905745,0.7348965457528106,1.7301284426400036,0.1916436910772403,1.2218355552834177,0.37299609262542205,-0.004479185020135482,0.48827992924077357,-1.0837054857525243,8
0.6352981196709763,-0.2232591817800644,-0.0621902380147671,0.027872102207208992,0.7585738282722694,-0.5744029799650364,1.5644970500521043,-0.01250539765952354,1.2420435211624474,1.3264499637721572,-0.0761534179555557,-1.3829598898051196,1.668097089134887,-0.892475491952855,0.2132032476383249,1.220582999092269,1.5672408944151206,-1.2207253003490393,-1.3260773203954057,-1.2362550655574602,-0.05410594251193123,-1.2053744696104158,8
1.041703693841143,-0.3748736403293118,-0.20043066316306582,-0.4914078759349392,0.14382873926528247,-0.16119705391406958,1.7539551070007477,-0.9612946985917652,1.2420435211624474,-0.5366833701306005,-1.2603955408371577,-1.17608240883762,0.035859758060355885,0.8748027099339865,-0.2124487366714268,-1.0743005887186963,-0.7090222285008496,-1.2207253003490393,-0.20925526255509308,-1.2362550655574602,-1.0615722219558374,-0.2798938666654992,8
0.25598625044548734,0.049646843608580925,-0.16093339883498045,-0.1227133180937335,0.7850911566019871,0.7215392568451249,0.8741309376897343,-1.3902558547364376,1.2420435211624474,0.25572134328164625,-0.8169414407272053,-0.8832713759857097,0.35887310362998026,-1.4815682259151355,1.7636248057270898,0.3334570287205431,-1.2448703778410721,1.2218355552834177,1.575480047925396,-0.004479185020135482,1.222271425264338,-0.25448984633492133,8
0.44564218505823183,-0.31422785690961286,-0.20043066316306582,-0.07901414294132743,-0.02691898104434132,1.0724549578228222,1.681670617193678,0.12268192493355667,-1.2207737357617388,0.34181989130058166,-0.02501495139182687,1.081556682818151,-1.7025481281139359,1.463895443896267,-0.648961569442662,1.4577387762945975,-1.5521159211108035,1.2218355552834177,-1.5933981126924048,-1.2362550655574602,-0.8932435432304976,-0.0075615878093037315,8
0.5269232998922652,-0.46584231545886023,-0.2596765596551938,-0.24076206207647496,0.34983266321249257,0.7038133669437607,1.10665308036707,0.9327224690228563,0.010634892700354339,1.1875319465436653,-1.6670987317847095,0.28650269630994907,-0.1314106458333929,0.8748027099339865,0.3150003796040292,1.4146435464775764,1.017282044043231,-1.2207253003490393,-1.2618484842881348,-0.004479185020135482,-0.13213237249836898,0.2447904289201051,8
0.6352981196709763,-0.13229050665051595,-0.20043066316306582,-0.4547348230797465,-0.0013870462770652296,1.3163409903958205,1.1107905358318673,-0.13071170109870317,0.010634892700354339,-1.6725513564087648,-0.2865529568575578,1.1478340785251742,0.4866497087001423,-1.4815682259151355,0.5089150643440077,-1.3103613738094262,-0.07674223228207148,1.2218355552834177,1.711892352904769,-1.2362550655574602,1.3250607710791225,-0.5764681926160898,8
1.0687973987858208,-0.4051965320391613,-0.18068203099902314,0.021815875282149694,0.4663305854591872,0.20293562334163562,1.6106986876415519,1.6914810990538398,1.2420435211624474,-1.5880821861903966,0.5822014755835205,-0.7865598952084292,-0.5495957078453513,-0.892475491952855,-1.5929772617302107,-1.1419504531886557,-0.44811525779984335,-1.2207253003490393,-1.1971389217713477,-1.2362550655574602,-1.7104133089272757,0.9298462410813656,8
0.8520477592283985,-0.5568109905884087,-0.08193887017880977,0.26672471926938734,0.3022944861032444,-0.2978553261045434,1.208014909883897,-1.0079192481713746,1.2420435211624474,-1.1650366099678786,-0.04401712518819909,-1.1441065466197067,-0.16381776629135708,1.463895443896267,0.202485541365648,-0.16371293045309354,0.6709528690060117,-1.2207253003490393,1.348099201799092,-1.2362550655574602,0.7249419089285158,-0.1489463209246338,8
0.6082044147262985,-0.2535820734899139,-0.22017929532710848,-0.3775872657322348,0.14177229998520596,0.35309062587334866,1.4162065932614465,0.24371229019709478,1.2420435211624474,-0.3704416299970725,0.11731911906556693,-0.1752504252135569,1.1937281177614927,-0.892475491952855,-0.22283719511753258,0.5485412543049213,0.4731999044656388,-1.2207253003490393,-0.17766672789241256,1.2272966955171893,-0.4229382166040279,0.7833152133381316,8
0.9333288740624319,-0.010998939811118037,-0.20043066316306582,-0.14132799323202705,0.10602954613768005,0.15319604413575133,0.9179110022714679,-0.4447588796214185,1.2420435211624474,0.7112131618517361,0.8821956404106949,-1.6314445133014566,0.013287329218857787,-0.3033827579905745,-1.538588075531428,0.7332442168322237,-0.2906508507184608,-1.2207253003490393,-0.18252787567167636,-0.004479185020135482,1.2688256018371304,-0.5185099127661718,8
0.8249540542837207,0.07996973531843041,-0.23992792749115116,-0.43854688633327615,0.050467760716401605,0.8117567597331119,1.2980766562490063,-0.9516831581675956,1.2420435211624474,0.25356757737345414,1.0714997900274892,1.2767780106137898,-1.3167795503831863,0.8748027099339865,-1.2652118683753426,-0.13705452379424202,0.8704912447927554,-1.2207253003490393,1.1699131010817372,-0.004479185020135482,1.4186593137907209,1.021008659547225,8
0.9062351691177541,0.049646843608580925,-0.20043066316306582,0.24860657381606466,0.3731328986417523,0.6296546232654552,1.2673931747612204,1.4552345185415518,-1.2207737357617388,1.344816317933209,0.827016377514527,-1.4597204679607179,0.21625656798136939,0.8748027099339865,0.3675726586518616,-0.38516372405268096,-0.3463509028385825,-1.2207253003490393,-0.6932120556808484,-1.2362550655574602,1.220614085437433,-1.6837921932909985,8
0.7978603493390429,-0.2535820734899139,-0.12143613450689511,-0.4886017493030799,0.15794320683756627,1.1772566549579213,0.8815925358371942,-1.706665852021037,1.2420435211624474,-1.728166398021603,-0.10314099806155891,0.4850084179431848,0.13728459834428972,-0.3033827579905745,0.007989457715714762,1.4654681495253985,0.02352673771523334,0.0005551274671892323,0.562921313965788,1.2272966955171893,1.3029728975092298,0.647400183782694,8
0.6894855295603318,0.019323951898731442,-0.0621902380147671,-0.26098805429284133,0.2762051157472428,-0.37849018190696027,1.483575685979789,-0.5419190454157714,1.2420435211624474,-0.9337332150803646,0.46295121074039725,0.8405648661151074,0.5778051716683873,-0.3033827579905745,0.22213484276824563,0.621191880588476,0.6548331811679658,-1.2207253003490393,0.8214377695091141,-0.004479185020135482,0.46017041266283976,1.5878320019469923,8
0.6894855295603318,0.07996973531843041,-0.18068203099902314,-0.24130870437540045,0.8270583463867486,0.1055239255561177,1.7045558511906076,-1.3639169249503316,-1.2207737357617388,1.4305005739579872,-0.523852986645412,0.6329299258094933,1.3389737973637492,-0.892475491952855,1.6308427067250533,-0.5430486187461512,1.44963340552288,-1.2207253003490393,-0.3225562622264821,1.2272966955171893,0.4153773116400774,-0.36233880291794063,8
0.8249540542837207,-0.4051965320391613,-0.0621902380147671,0.028977031024975734,0.41694176408451344,-0.053961699462925346,1.2929724206728,0.3489267403368273,0.010634892700354339,0.279584648583677,0.23155372942456295,0.433244887965393,-0.7440302196106375,0.285709975971706,-0.4990864523720129,0.2398225559239159,0.8630910221804239,0.0005551274671892323,-0.7689204005691538,-1.2362550655574602,-0.26788902696895034,-1.190192513630486,8
0.6894855295603318,-0.2839049651997634,-0.0621902380147671,-0.025337872270123796,0.5840659940288513,0.3508412785154296,1.1888282341545435,1.1244975211098815,-1.2207737357617388,-1.654429133563867,1.2683118492822296,0.6004728017676731,-1.3902115239903603,0.285709975971706,-0.28366716518263907,-0.9516430332826558,-0.2165368219793009,1.2218355552834177,0.1265731481227297,-0.004479185020135482,-0.2935146435602902,-0.7335480732231265,8
0.4998295949475874,-0.19293629007021493,-0.16093339883498045,-0.048397484909190304,0.21378501291157162,-0.43856351276340927,1.462591907897433,1.6606408347425703,1.2420435211624474,0.776864985044145,0.045528843556882706,0.766937156205704,0.5560621627874943,-0.3033827579905745,-0.07014164038842848,-1.619916880002018,-0.16681993277631632,1.2218355552834177,-0.7386246718233559,-1.2362550655574602,-0.6477960161813369,-0.3964444160498664,8
0.8520477592283985,-0.4051965320391613,-0.0621902380147671,0.11790076623768035,0.45927933853186087,0.2560908235976333,1.3951928329583412,1.6440977734718947,0.010634892700354339,0.03820795830262292,0.14764994669653997,0.23642690834744345,0.5057725099675422,-0.3033827579905745,0.7203881869881862,0.20430659924339878,-1.455260026659711,0.0005551274671892323,-0.2321618090398749,-1.2362550655574602,-0.2103323143156629,0.06592970559656099,8
0.4998295949475874,0.11029262702827988,-0.2596765596551938,-0.2585150866689726,0.3172518814728506,-0.3653135668888203,1.506392776580501,-0.7301276528957241,-1.2207737357617388,1.3350026491455493,0.3851018566742206,-1.1364101668753543,0.393164843757356,-0.3033827579905745,0.842613044110825,-1.5392139099128377,1.4560273920057163,1.2218355552834177,1.188332709123055,1.2272966955171893,1.32369149038424,-1.6282039974001945,8
0.8249540542837207,-0.5264880988785592,-0.20043066316306582,-0.36556260278189007,0.7413497617013115,-0.17400988900693723,0.852710806731185,-0.7351075945186507,-1.2207737357617388,0.4510585385683316,1.3093369124378889,-1.1413080830332516,1.529921567083227,-0.892475491952855,0.5307821408900314,-0.48558226555917006,0.44056629636245925,0.0005551274671892323,-1.3887687280211762,-1.2362550655574602,1.1719282017519355,-0.09036708594124647,8
0.44564218505823183,0.20126130215782834,-0.20043066316306582,-0.16152056387061936,0.3166660768171292,0.8951886728149363,1.0705273944798934,1.1128388211951543,0.010634892700354339,0.0007724442378340693,1.104754980623131,-1.2460083562873054,-1.0976987139172754,0.285709975971706,-1.563851978801508,1.5246615382831004,0.10657344652851328,-1.2207253003490393,0.5812297301569135,1.2272966955171893,-1.7517346058972723,1.225857188314533,8
0.5811107097816207,-0.071644723230817,-0.16093339883498045,-0.47592342784573466,0.11760724379622263,1.2314364276696184,1.747410243371267,-1.556105297134156,0.010634892700354339,0.9046794161482851,-0.10267039234174649,0.0991937890749071,-0.5212608688251906,1.463895443896267,-1.1765126586628318,-1.1638910028902276,-1.1026002688317353,1.2218355552834177,-1.291730363850176,1.2272966955171893,-1.3201755731947744,0.21589843764933914,8
0.3914547751688763,-0.43551942374901076,-0.0621902380147671,-0.3848201474994175,-0.026586027951830855,0.3858051070996795,1.4741714623283682,-0.09450915937274222,1.2420435211624474,-1.5495510478457926,-0.6540637687658419,-1.719987812940541,0.6249208947817178,1.463895443896267,-0.43049587527136557,-0.06891891687456367,1.1014544089572837,-1.2207253003490393,-1.2672989441210505,1.2272966955171893,0.5005407640185041,-1.020025135416091,8
0.7436729394496874,-0.10196761494066647,-0.10168750234285244,-0.09719656962428899,0.6399068463206814,-0.15642876200791933,1.021152748332796,-0.4834776319160341,-1.2207737357617388,-1.7539951125965827,1.694122030271686,1.3734939281104266,-1.0989359764430047,0.285709975971706,-1.0714241513485685,-0.8431259512450666,0.0901999885697546,1.2218355552834177,0.20092062356367732,1.2272966955171893,0.5514921663500262,-1.6705726932246856,8
0.7165792345050096,-0.041321831520967515,-0.1411847666709378,-0.3408434902901263,0.5383191312614128,-0.4810085186313954,1.169503307882834,-0.3987805226766424,0.010634892700354339,-1.7225999103159362,-1.572324319130547,1.5735880914104177,-0.7811001166000441,0.285709975971706,0.5142934868228487,-0.6668888686980223,1.282297839275504,1.2218355552834177,0.943940188546917,-0.004479185020135482,-0.8203579916227864,-0.14065232847026557,8
1.041703693841143,-0.041321831520967515,-0.12143613450689511,-0.4981446665272146,0.4478963669830088,-0.4240982905348165,1.6961238548271584,1.6356112180909521,0.010634892700354339,-1.2148463071595348,0.191528724720133,-1.2883168224560335,1.2669883399788064,-0.3033827579905745,1.5008409186037828,-1.3474189677565718,-0.4956963595964881,-1.2207253003490393,-1.4987368897424325,-1.2362550655574602,1.4006516584383868,-0.5892672836104017,8
0.31017366033484295,-0.13229050665051595,-0.22017929532710848,-0.27630041088556945,0.5108580082890504,1.3050115601956354,1.1406299124291746,-1.4286860019006185,1.2420435211624474,0.3119503249465907,0.33253528789788334,-0.7742589461325482,1.3002771980403782,-0.3033827579905745,0.596276796400231,-1.1274333883986163,-0.9903611163142976,1.2218355552834177,1.7182566431769346,-1.2362550655574602,-0.4105332022564408,-0.08296468440740112,8
1.0687973987858208,-0.16261339836036545,-0.0621902380147671,-0.30646057599159443,-0.00756334923517568,0.05130096254843954,0.9131776697339783,-0.9772370894909368,1.2420435211624474,-1.2211691867490506,1.6194193137379351,-0.6608501435867278,-0.13780614766787586,-0.3033827579905745,1.1984441869669733,-1.207724209966196,0.4174189707851986,-1.2207253003490393,1.5602987295784252,-1.2362550655574602,-0.30080206950879707,-0.020159674968388535,8
0.41854848011355406,-0.19293629007021493,-0.23992792749115116,-0.15048198560988993,0.13293313603157098,0.133220583293439,1.31236920490383,-1.4081766530534188,1.2420435211624474,1.085507859418578,0.8392798689755718,1.4368811023724113,-0.7371656450148311,1.463895443896267,1.023109560187571,-0.5177757684700903,-1.6548648275485773,0.0005551274671892323,0.18893160955610314,-1.2362550655574602,0.006745510713603115,0.8523447049513482,8
0.7978603493390429,-0.041321831520967515,-0.18068203099902314,0.1585960052391382,0.2414840459080113,0.8997818281290373,1.706160580670269,-1.4028431262746928,1.2420435211624474,1.4668685123697924,1.4230886042324151,1.0549117653269224,1.4050617794321487,-0.892475491952855,1.5603158049424215,-1.3891439841060413,1.5170795367843204,-1.2207253003490393,-0.2712235360730599,1.2272966955171893,-1.6512373626469574,0.5280237141405425,8
1.041703693841143,-0.041321831520967515,-0.0621902380147671,-0.14280824320775945,0.24846167774364677,0.9537523930385065,1.6926892525764534,1.360642701919099,1.2420435211624474,1.5830870861366495,0.5324732100311785,-1.2724679428248582,0.47202820901326137,-0.3033827579905745,-0.019603941164816577,-0.051475358002453474,-1.6191910080705116,-1.2207253003490393,1.1394590170343064,-1.2362550655574602,-1.266969878884256,0.40036938120274446,8
0.7165792345050096,-0.071644723230817,-0.08193887017880977,-0.4662448036087289,0.5040630515724949,0.8463244172855876,1.1420767174678328,1.009417855791634,-1.2207737357617388,-0.9363654146676077,1.4395563669428952,-1.551887307954675,-0.10831553738345734,0.285709975971706,1.6619491498645507,1.2292803767598484,-1.0669015601812635,-1.2207253003490393,0.6889083623589874,1.2272966955171893,0.061200593566006524,0.9093904848874451,8
1.177172218564532,-0.4961652071687097,-0.1411847666709378,-0.1684495028565764,0.699901440651377,-0.0076785368092014885,1.377708542772809,-1.556693640717884,-1.2207737357617388,-0.1871476242942807,-0.10568025115804765,0.1843547746944784,-0.5180772758691597,-0.3033827579905745,0.13831233696778708,-0.8600917454273282,0.8030858376182497,0.0005551274671892323,-1.116700264856882,1.2272966955171893,1.5696933551928622,1.532870831516942,8
0.662391824615654,-0.3748736403293118,-0.2596765596551938,-0.12756650056206684,0.32100623048301247,0.5006101518658049,1.1498196214264098,-1.006328663964771,1.2420435211624474,1.1993897313814474,0.1386455839653582,-0.5814940396352037,-1.48357406685232,1.463895443896267,0.49531698770273014,1.2914803425933121,0.7626031576584775,0.0005551274671892323,1.404885249017322,-1.2362550655574602,1.465745848345256,-0.018894554961148093,8
0.25598625044548734,0.049646843608580925,-0.23992792749115116,0.10108024909629128,0.40478222380746226,0.8567355700201562,0.8584632326587784,-0.5631086639855472,0.010634892700354339,-0.9898931556557222,-0.5594456135922657,-0.3025283717663837,0.02488897649129584,1.463895443896267,-1.2487751054470642,1.4958689180708962,-1.409493630024109,0.0005551274671892323,-0.6193145664769,-1.2362550655574602,0.9350641066593777,-0.6663412920680474,8
0.31017366033484295,0.07996973531843041,-0.2596765596551938,0.07150760253803592,0.45716476346525003,-0.3025768852807279,1.0898931026869287,1.0626288849897605,-1.2207737357617388,-0.5436679560217258,0.6044978820160531,1.1354433367524317,1.5934544763691811,0.8748027099339865,1.667721325389834,-0.39868184516384025,0.32131392106720025,-1.2207253003490393,0.5522008564010401,-1.2362550655574602,0.5431683426172816,0.9862799428054607,8
0.9062351691177541,-0.4051965320391613,-0.12143613450689511,0.13171365742272628,0.08427499581497393,0.303444525051268,1.5146931434601758,1.6502534565029512,0.010634892700354339,0.17588738438924187,0.12591824684523872,1.0149353697141241,-0.7825464503782114,-0.892475491952855,-1.3385623183365931,-0.10441612221769954,-1.2726950534918249,-1.2207253003490393,-0.5237547310658611,-1.2362550655574602,-1.44984184984248,0.6427176977413318,8
1.3397344482325986,0.07996973531843041,-0.16093339883498045,0.15265092481288242,0.5315044052415903,1.2456461112985135,1.322901072362641,-1.5788414939102204,0.010634892700354339,0.3046678539824251,-1.3724734835680779,0.9740725840116352,-0.36897999111975505,-0.3033827579905745,-0.9401502543394576,0.23395105933187998,-0.9808611300667383,1.2218355552834177,-0.07458474242785278,1.2272966955171893,-1.6864911151863875,-1.0271167045432723,8
0.662391824615654,0.07996973531843041,-0.08193887017880977,-0.0674772868811868,0.1017208412264094,-0.4652620726018161,1.1753302216294648,-1.189090118926153,-1.2207737357617388,-1.5815789863917489,-0.8978699396782575,-0.6668648556691602,1.3442102144098098,-1.4815682259151355,-1.1019200411164183,1.2520668423492962,0.936910835549047,-1.2207253003490393,0.7068208662553919,-0.004479185020135482,0.25254367625156515,-1.6911951414771498,8
0.7436729394496874,-0.2232591817800644,-0.12143613450689511,-0.49801473520544265,0.3134864905134183,0.8089482454390148,0.9449567871794321,-1.5561142206688048,-1.2207737357617388,0.7257071851880866,1.1537051714867548,1.330408352639216,1.1282222612948671,0.285709975971706,1.3914791619996512,0.10519542349781869,1.5704305575496709,-1.2207253003490393,-1.4643063019112592,-0.004479185020135482,-1.5201663955561402,1.1396734098644465,8
0.8520477592283985,-0.16261339836036545,-0.23992792749115116,0.035016750614015046,0.4621670288534823,-0.1517305278403184,1.6339378989364577,-1.2628514460752354,-1.2207737357617388,0.13413031882329066,-1.2533037626158843,-0.48437986543110934,-0.51923988715805,0.8748027099339865,-0.3819304519242222,-0.31071404656978824,-0.06059679731518246,1.2218355552834177,0.4276634378399123,1.2272966955171893,0.7557233255861896,-0.003367630945239027,8
1.3397344482325986,0.14061551873812936,-0.1411847666709378,-0.48240267278682686,0.7368236515103155,0.24463592325486128,1.040261099741877,-0.2442641848381834,-1.2207737357617388,-0.5344991086687193,-1.0807780053495177,1.3761102963933938,-0.741877632949434,0.285709975971706,-0.5232212790582819,0.3138359505995178,-0.02213707881572736,0.0005551274671892323,-1.3416351524755679,1.2272966955171893,-1.479120592973117,-0.8693604436863782,8
1.0146099888964653,-0.10196761494066647,-0.16093339883498045,0.0031419696810242224,0.3805123625468027,0.7526120144245284,1.4340392497709005,-0.4098016184664454,1.2420435211624474,-1.7768712963290358,-0.354709135834473,0.02171539826220916,0.6365442434094949,1.463895443896267,-0.7142183714173141,-0.49397667796940337,0.7877370372872113,-1.2207253003490393,1.024902797693266,-1.2362550655574602,-0.9739513101053088,-0.7959078396362503,8
0.44564218505823183,-0.3748736403293118,-0.16093339883498045,0.04593514353788601,0.7338613729965839,1.1161873974134626,0.8946215815856411,1.1507203446150212,-1.2207737357617388,-1.2141563898087502,-0.03237420355240759,-0.5523976527172151,0.8547650735565905,0.8748027099339865,-1.6096204925081732,1.318447022968931,-0.94360234822802,-1.2207253003490393,0.1995850319389245,-0.004479185020135482,0.11365636013612976,-0.8138955661927778,8
0.5811107097816207,-0.34455074861946233,-0.10168750234285244,0.18793295263853743,0.4233151351525407,-0.15083328268796214,1.4164461762116507,-0.38989223937609785,1.2420435211624474,0.6817114835444547,-0.05374877519481747,-1.0011233530650139,0.9762779739442918,1.463895443896267,-1.514246370835674,1.4503488946034344,0.22295480673214538,-1.2207253003490393,1.1487252781989459,1.2272966955171893,-0.41077358568239686,0.9624547187457614,8
1.041703693841143,-0.4051965320391613,-0.10168750234285244,0.12425972707838596,0.06694915309340697,0.845958137882999,1.5744117103649455,0.6567182128688112,-1.2207737357617388,-1.6635360759785212,-0.9603956245722225,-0.35951776442802913,1.1014892407277808,-0.3033827579905745,1.5376039833272703,-0.19464154990151716,1.460924247524469,1.2218355552834177,0.4755983165147767,1.2272966955171893,-0.38220519397252417,0.44085464264495733,8
1.041703693841143,0.11029262702827988,-0.10168750234285244,0.2565691916356353,0.0771470118777595,0.6840698573379115,1.3424050565916423,-1.249490718715097,1.2420435211624474,0.314933566015918,0.2199991200951029,-0.5206047000473549,-0.8240223635623019,-0.3033827579905745,-1.1679825682585419,0.9333477392366077,0.44894424560240576,0.0005551274671892323,-1.3118498625688262,-1.2362550655574602,-0.0007904827366489978,-1.6819755620420351,8
0.2830799553901651,-0.3748736403293118,-0.08193887017880977,-0.24622144125093673,0.4776287162191229,0.08844439609459626,1.02750963250164,0.17628701720727558,1.2420435211624474,-1.1795787151454442,1.47842480222433,-1.2010597760238981,-1.6297247845803953,1.463895443896267,0.6796512632289591,-0.38406893990078667,-0.685567845633141,1.2218355552834177,0.22203331927141853,-0.004479185020135482,-1.4007431075208303,0.6343790122603052,8
0.7707666443943652,-0.2535820734899139,-0.10168750234285244,0.02029965365435821,0.34474282687317825,0.9067056529885674,1.5234966070537,0.7975230785201605,1.2420435211624474,1.0504871219037353,0.07773544981055457,-0.6399684872040188,0.1229197847425192,0.285709975971706,0.599737580268823,0.23485352468129933,1.5817912627929318,0.0005551274671892323,1.2709231850374594,1.2272966955171893,0.03196514108420245,1.722252972484557,8
0.9062351691177541,-0.4051965320391613,-0.10168750234285244,-0.11943834124317701,0.7569842098831399,0.9806482939776326,1.200328870954294,-1.3934326920136373,1.2420435211624474,0.24288896841763885,0.29233411199716736,1.0043234759292736,0.9494595935878151,0.285709975971706,0.5756336966741491,-0.4233984154577513,-0.25436594213431446,-1.2207253003490393,-0.24326710379395253,-0.004479185020135482,1.4413197877282595,-1.0721234807663016,8
1.285547038343243,-0.31422785690961286,-0.2596765596551938,-0.041161624434011945,0.22277561842593505,1.0991395159356634,1.5501362706424007,-1.6373208501072747,0.010634892700354339,-0.4002422645498367,-1.6720420948019137,-0.6796780932206105,1.7308187052151063,-0.892475491952855,-1.0421541808286146,1.4426563620863286,0.6061102400177517,1.2218355552834177,1.3696247887882202,-0.004479185020135482,-0.9290406109253689,0.3018599965670742,8
0.662391824615654,-0.5264880988785592,-0.08193887017880977,-0.46131137182359905,0.1255369416280734,0.18592450899422322,0.915101718782483,1.5150610456633251,0.010634892700354339,-0.5700298981050498,-0.0818814693125814,-1.1056079962181007,-0.4221427681007624,0.8748027099339865,1.5384795550196633,-1.3796163901027045,1.0311352178826971,0.0005551274671892323,-0.1221607990561345,-0.004479185020135482,0.8949423888420791,-0.28229721843000916,8
1.041703693841143,0.14061551873812936,-0.2596765596551938,-0.32191510860825845,0.4766105045530011,-0.481596912909613,1.1573928930633184,1.536397565433954,1.2420435211624474,1.5326885297383368,-1.5142275346223897,1.7437328122267668,-1.119562413060863,-0.892475491952855,0.763740906356345,1.382901403236888,0.2861272945960157,0.0005551274671892323,0.592035141340094,1.2272966955171893,0.2497168356972454,1.270512485499224,8
1.0958911037304986,-0.3748736403293118,-0.22017929532710848,-0.22333976888445678,0.5267375883736483,-0.435417662083526,1.615552247537467,-1.1978655019302968,-1.2207737357617388,1.52833895483789,0.2803183841002698,0.7747441909859751,-0.7369723457068565,-0.892475491952855,-1.4582458635375972,-0.11523388505417746,-0.3760434260564552,-1.2207253003490393,-1.7067566271360282,1.2272966955171893,0.8225914984543383,0.7206145461787129,8
0.7165792345050096,-0.16261339836036545,-0.23992792749115116,0.04954101771164887,0.5668814746003958,1.151006609135148,0.9350184908886333,-0.3958614187674989,-1.2207737357617388,-1.007127466809423,-0.3297424479994576,-1.0404070822957143,0.9211614281367577,0.8748027099339865,1.2699119761254374,-0.02842913930176716,1.2925485295996801,-1.2207253003490393,-1.1088589974867755,1.2272966955171893,-0.7616873270608596,1.6660397474134312,8
0.41854848011355406,0.14061551873812936,-0.2596765596551938,-0.4052980123899361,0.35855794027312765,1.101293712560426,1.4886610229654735,0.4054424104810735,1.2420435211624474,-1.3559447947174397,-1.355362911841999,-1.3087877628147453,-1.271337013184011,0.285709975971706,-1.3021284332042338,-1.2157636972398678,-0.01355103154690696,0.0005551274671892323,-0.9811088702567841,-0.004479185020135482,0.8700253864193398,0.43916250477606,8
0.31017366033484295,0.17093841044797883,-0.1411847666709378,-0.2748328342457109,0.15332733779195842,0.9120256599248938,1.6203115401573145,-1.4207125783155676,0.010634892700354339,-0.47468575881041825,0.29872325804668504,1.1147258835510394,-1.668192009500256,1.463895443896267,-1.619550819201973,1.5454951068316483,-1.4544185248202777,0.0005551274671892323,-1.4365127540768756,1.2272966955171893,0.4233347672403555,0.9390317521204955,8
0.8520477592283985,-0.5568109905884087,-0.2596765596551938,-0.024172577208955926,0.6958537589208326,1.0721595800877834,1.3297293493309565,-0.43945881488403665,1.2420435211624474,1.453909229744371,-0.6818380147444711,1.0512933961813782,0.5172894548294272,-1.4815682259151355,-1.1829792830418324,0.2430121164084607,-0.6812885026385334,-1.2207253003490393,0.8418144062781681,-0.004479185020135482,0.352926372744784,-0.5312569386792347,8
0.2830799553901651,-0.3748736403293118,-0.2596765596551938,-0.12729767809129042,0.35913066602791477,0.48268915152444897,1.6797160945319505,-1.4098446504601976,-1.2207737357617388,0.6812865471975021,0.798712221996568,0.1941103670579337,-1.4502027680690017,-0.3033827579905745,1.736060114086627,1.1296403069555296,-1.5097478851771664,0.0005551274671892323,0.9843860133465475,-0.004479185020135482,0.16563415292241146,0.012101987937682437,8
1.3126407432879208,0.11029262702827988,-0.20043066316306582,-0.15999573203848286,0.47671306870829067,-0.1462782230785398,0.9627281615875704,-0.15020324898199894,-1.2207737357617388,-1.1233749490492653,1.4360983261360682,-0.6327340078015371,-0.9951995412957086,-0.892475491952855,-0.7334100504943551,0.43026903603128724,-0.5900373487335931,1.2218355552834177,1.1660750971073461,-1.2362550655574602,0.18304228592014857,-0.13143030771465017,8
0.5269232998922652,-0.34455074861946233,-0.10168750234285244,-0.4835648153161908,0.23296322685978935,0.05022576081463155,0.9765579077113415,-1.3215263984262189,0.010634892700354339,-0.7829754234206481,-0.7181921469697203,-0.45680332806091206,0.7599554144262312,-0.892475491952855,-0.3640746875025085,0.6819492088285641,-0.30333687656957237,-1.2207253003490393,0.5200778170112568,-1.2362550655574602,-1.2323306198494384,-1.2454684090915331,8
1.0687973987858208,0.17093841044797883,-0.2596765596551938,-0.2696064402083641,0.8258667013599662,0.8125858404945233,1.3051121243036858,-0.12199203109355494,-1.2207737357617388,0.3932753819562192,1.4822951210251516,-1.6004516841105672,0.3326820635214384,0.285709975971706,0.06485631573711122,0.9185825334664798,1.3750796526187212,-1.2207253003490393,0.036100800488996894,-1.2362550655574602,-0.3466793345358913,1.7374347722333883,8
0.6082044147262985,-0.31422785690961286,-0.12143613450689511,0.1910810084796462,0.2931866431035764,-0.2052054040076837,0.9347418860655093,-0.7230162672037997,1.2420435211624474,-0.8553951167461014,1.6668501620784624,-0.6389219001483986,-0.9644686007108271,-1.4815682259151355,-1.6970759033934202,0.18042787006121724,0.02275864779797891,1.2218355552834177,-0.5673543582104124,-0.004479185020135482,1.1147391749871616,1.4524224903523697,8
0.44564218505823183,-0.2232591817800644,-0.08193887017880977,0.23874079664460832,0.3020002562076363,0.8062540531534154,0.9182910543100454,0.6558989757130455,-1.2207737357617388,1.1172811397052498,-0.9289812512384252,-1.4943575596199046,-0.8295865954428256,-0.3033827579905745,-1.406875966861913,0.8790963425326398,-0.36856911869694353,-1.2207253003490393,0.7093507330372407,-0.004479185020135482,0.8838831308550793,1.7411370183121722,8
0.9062351691177541,-0.4961652071687097,-0.12143613450689511,-0.02360369138832141,0.43365918093505895,0.2863855406729394,1.2096475286163668,-1.2103699789198508,-1.2207737357617388,-0.05790145565515443,0.557253455491647,-0.8190833976768368,-1.432533697629439,-1.4815682259151355,-1.4986640131050444,1.5449132798053704,-1.440226764926935,0.0005551274671892323,-0.41028102666073935,-0.004479185020135482,0.7868118103943628,-0.20808085410162946,8
0.5811107097816207,-0.3748736403293118,-0.23992792749115116,-0.2997473701297343,0.40840064964780226,-0.36410856551448895,1.3358004887766768,1.5830072122354075,-1.2207737357617388,1.1362679416556953,1.4744951836352378,-1.2439934501015912,-1.4616730065041237,1.463895443896267,-1.3553190801561097,0.6750530769343335,0.38120305487034445,1.2218355552834177,1.1931536280676909,-1.2362550655574602,-1.0936130889773636,0.8752459343132506,8
0.5540170048369429,0.07996973531843041,-0.22017929532710848,-0.4795121981517707,0.661637217838448,0.02846635813392277,1.3220281427536833,1.0441714172437702,1.2420435211624474,0.6975162607664087,-1.1195381272255787,-1.305097504622262,0.5312870354437593,-0.892475491952855,-1.5248735248925855,-1.5664805540571098,1.6968636448073642,1.2218355552834177,0.569103224257034,1.2272966955171893,0.11415918948158363,-0.7854047990130799,8
0.3643610702241985,-0.010998939811118037,-0.20043066316306582,0.12389506448033015,0.3157795468429603,0.4987100980623012,1.4549379441565207,-1.732017119750648,0.010634892700354339,-1.7270435088455396,-0.6218146845717469,1.252965934306021,-0.606784436429331,1.463895443896267,-1.2126809932236242,-1.5706986943413639,1.0647438815408592,-1.2207253003490393,1.3273633744266102,1.2272966955171893,-1.6172257923561688,0.10489072723092811,8
0.3914547751688763,0.019323951898731442,-0.18068203099902314,-0.368452773225281,-0.015003239261912854,0.8466320649470165,1.030564672286269,-1.5711757474493449,1.2420435211624474,1.0095847100593298,0.6542465860546363,1.720073337562516,1.3279945193807399,-0.3033827579905745,1.2244700411438554,-0.4915368215312531,-0.6511250596042045,-1.2207253003490393,-1.054706490389113,-0.004479185020135482,-0.06794584442196039,-1.0386270284330508,8
0.25598625044548734,0.14061551873812936,-0.22017929532710848,0.10320220916744333,0.3431061815867479,-0.5197697408090224,1.2380469177905864,1.0821137007406447,1.2420435211624474,1.396167004194157,0.9571674121033177,1.2697071248382297,1.5123893469987622,-1.4815682259151355,-0.4828911137164443,1.514639110322631,1.6874915348312614,-1.2207253003490393,-0.8741038826521831,-1.2362550655574602,0.482662041627998,-0.050462289793932795,8
0.9604225790071097,-0.43551942374901076,-0.10168750234285244,0.1045950455200794,-0.011001098271609463,-0.04837219226534617,1.6313703113853115,-1.323359106982044,0.010634892700354339,-0.5029291905947597,-0.7475182732425915,1.3093894737162388,1.4368952698507813,-1.4815682259151355,-0.6690580553246342,1.6979844602577265,0.7633819937758309,-1.2207253003490393,0.7922472270467246,-0.004479185020135482,0.039086672144406934,-0.6644604856299916,8
1.0687973987858208,-0.10196761494066647,-0.08193887017880977,0.2568233200687602,0.09006708089949707,-0.2792477229631211,1.2377263151413966,0.623183617317231,-1.2207737357617388,0.4244647860933664,0.9281301778610569,0.7078624343016213,0.2389468516506428,0.8748027099339865,0.11431227280018556,-1.5628774176745972,0.6624989097912208,1.2218355552834177,0.7123929309678402,-0.004479185020135482,0.42860340101819894,1.034274546210603,8
1.0958911037304986,-0.46584231545886023,-0.23992792749115116,0.1791675177066216,0.2556989490345733,1.056964412261425,0.989904691472857,0.4962120578823703,-1.2207737357617388,-1.3190750142067493,1.049798948475843,0.09871967383151128,-1.229121885382032,-0.892475491952855,-1.4457417071275938,0.5435544937662955,-1.3948507042236666,1.2218355552834177,1.7169111937509904,-0.004479185020135482,-0.9639959191029418,0.098270135284355,8
0.9875162839517875,-0.16261339836036545,-0.20043066316306582,-0.3556371013299631,0.4249320313524712,0.8948305432075683,1.5806195915961323,-0.2751050263140467,1.2420435211624474,1.5432533131262025,0.5869312417000275,0.7880176401889362,-0.5855315750242447,0.8748027099339865,0.05449789299560227,1.5795097766021264,0.27957219282776097,1.2218355552834177,0.4886942880474615,-0.004479185020135482,-0.14804954804079928,1.5046712655328978,8
0.5811107097816207,-0.3748736403293118,-0.23992792749115116,0.17622234387938454,0.6901043455925796,-0.5215840279045979,0.9011867561040111,1.3560546015108466,0.010634892700354339,0.8067868388550037,-1.1397119412775851,1.068347529969226,-1.3623908831726785,0.285709975971706,1.076675173102815,-0.036037207680343596,-1.585153450129989,0.0005551274671892323,0.0970647328628106,-0.004479185020135482,-0.5859891589401465,-1.6310427157420215,8
0.5540170048369429,0.019323951898731442,-0.2596765596551938,0.20212563896935348,-0.023573616346754284,1.0876694080698421,1.7448421990071183,-1.4828866453592318,-1.2207737357617388,0.687206051763345,1.128668573047989,0.1776367985669177,-0.40867336584457353,-1.4815682259151355,-0.6946045638210003,-0.5286794161955909,1.6763852094811131,-1.2207253003490393,-0.29560853263586523,-0.004479185020135482,1.043951587805518,0.2855209054757498,8
0.8520477592283985,-0.2232591817800644,-0.1411847666709378,-0.45258006364104514,0.37353017879359773,0.14502358560940334,1.5259730868003838,-0.08241575828503374,1.2420435211624474,-0.6886584367315186,1.491283102466825,-1.6915011788000296,0.5552301196555324,1.463895443896267,0.2887135500910392,-1.3368819075645448,1.5051064160981023,0.0005551274671892323,0.8151409182128448,1.2272966955171893,1.4274440848431076,0.6620347326626851,8
0.5540170048369429,-0.041321831520967515,-0.10168750234285244,0.1697254340937281,0.11141085435622315,0.34034514355211065,1.3975148189114739,-1.3179383166086416,0.010634892700354339,-0.6668426183580062,1.4242065080420927,0.2187815546271907,-1.252486587074969,0.8748027099339865,0.8264417337288116,-0.32041896873696224,0.03139452837701377,1.2218355552834177,-0.006466208111817422,1.2272966955171893,0.10191273582838704,0.0361511680478224,8
0.7978603493390429,-0.31422785690961286,-0.10168750234285244,-0.3612144653898859,0.1296641291671617,-0.5879173746578557,1.259067816024357,0.23286251072126046,-1.2207737357617388,-1.0071056439235924,1.3616705405212874,-1.2543644207603255,-1.690490292781073,1.463895443896267,-0.5580815840181811,0.5286304038454341,-1.7032499158317809,0.0005551274671892323,0.6525487751605415,-0.004479185020135482,1.0607964600666235,-0.11683260232500038,8
0.7165792345050096,0.049646843608580925,-0.10168750234285244,-0.02307645019677695,0.20298069063045052,0.2508257612210888,1.6425344389795198,-1.5646126681361916,1.2420435211624474,-0.08283670417614858,0.32756000911746325,1.4095441964868882,-0.751068285087159,-0.892475491952855,-0.15857568100470193,0.8887538872653025,-0.6148008353805469,-1.2207253003490393,-1.6759774004316013,-0.004479185020135482,0.38919181112105783,1.576843225334332,8
1.2042659235092097,0.11029262702827988,-0.1411847666709378,-0.4675442294168666,0.09756563414577633,-0.04506434857371689,1.4797070567772632,-1.5031774668579463,0.010634892700354339,-1.265454234583365,-0.0840874240614279,0.678802588921747,-0.5389832205705374,0.8748027099339865,1.2973339482374682,-1.0982146839428073,-0.16477099318216926,-1.2207253003490393,1.3230446793265151,1.2272966955171893,0.2839957160710155,1.447778913543887,8
0.3372673652795207,-0.19293629007021493,-0.2596765596551938,0.27052870320336375,0.789536645468123,1.2449414215361725,1.6455135240475798,0.6538471242115482,0.010634892700354339,-1.7626735080478357,1.6583760685952789,1.1222216627203614,-0.3335331488552915,0.285709975971706,0.04313613152065942,-0.49339373609187764,-0.4711891060329356,1.2218355552834177,0.9019015835878784,-0.004479185020135482,0.6308927573728726,0.5819546778219136,8
1.1500785136198541,-0.31422785690961286,-0.20043066316306582,-0.3953485232524013,0.6586678387466297,0.6692665362149397,0.8512349658572809,-1.4555865722382737,1.2420435211624474,-0.02764483309754189,0.013033547211022019,1.619854772780689,1.3710458943432706,0.285709975971706,1.1650594130168566,-0.48801498562924917,0.746973783262177,1.2218355552834177,0.961210100438781,-0.004479185020135482,-1.5161974082541794,0.3366805371918972,8
0.9875162839517875,-0.2839049651997634,-0.10168750234285244,-0.34397345660350237,0.6878568425826006,0.32212126833615445,1.3477089376497922,-1.3539182896422102,1.2420435211624474,-0.04522033279147029,0.4242660276350685,-0.18756567068245444,1.0955212375179624,-1.4815682259151355,-0.3435566344156005,0.17124794260777376,0.2978662616165814,0.0005551274671892323,-1.6919885220873738,1.2272966955171893,-1.1216908199482118,1.4636407802013647,8
1.0146099888964653,-0.041321831520967515,-0.18068203099902314,-0.3333002066070058,0.745295345610009,0.5308152535033772,0.9317750985490827,-0.5546582034492907,0.010634892700354339,0.5824134267340955,0.40509626102356416,-1.099849902971672,1.391979346830224,0.8748027099339865,1.6248018022037467,-1.4128371140843228,0.5773808194029248,0.0005551274671892323,-1.617611376044416,-1.2362550655574602,-0.6212944481722393,-1.3406461291393634,8
1.0687973987858208,-0.43551942374901076,-0.22017929532710848,-0.15838339374553329,0.45847628853350914,0.5060847645272496,1.5892903501023579,-0.7292771290446511,-1.2207737357617388,1.5526557422213585,1.2631623911622094,0.36503896084000087,-1.0175520792713486,-1.4815682259151355,1.1831733391384072,1.6847795192807584,1.5449869253869646,0.0005551274671892323,0.3619606558077589,1.2272966955171893,-1.3659840437649564,1.3880202699860724,8
1.0687973987858208,-0.43551942374901076,-0.10168750234285244,-0.2308704937973951,0.48541379317841443,0.38754232267004907,1.5925635681450552,0.1834133929208464,1.2420435211624474,-0.7583386879269192,1.0669871036175609,-0.4295261237944475,0.0005255087469251043,0.285709975971706,-0.24368374555704678,1.2292900146176031,-1.4781038560480708,1.2218355552834177,-0.8314129021356198,1.2272966955171893,-0.053656820716439936,0.566690079324925,8
0.9062351691177541,-0.46584231545886023,-0.10168750234285244,0.18922557363961637,0.10504496573856281,1.0237011083680154,1.0166118960470032,-1.6430786390796064,0.010634892700354339,1.2509066915562002,0.8990825662266656,-0.33989776841701685,-1.2728991072443565,-1.4815682259151355,-0.5564478656409999,0.04036382653190472,-1.7104238806627412,0.0005551274671892323,1.7076883191524301,-0.004479185020135482,1.5619907343836328,1.4811356530040218,8
1.0958911037304986,-0.9813314745263014,-0.4374142491315779,0.14173276892147788,-0.6342260458076217,1.0233558393081,1.6050568159205518,-0.5584554337674412,1.2420435211624474,-0.12424622223797685,0.4040630002309329,-0.5583257433270868,1.46629162604893,0.8748027099339865,0.4039615652896092,-0.3820493633693133,1.574157937455278,0.0005551274671892323,0.6751365057043371,1.2272966955171893,1.0601257085553553,0.933771154183459,5
1.529390382845343,-0.9813314745263014,-0.4374142491315779,0.16525917947313606,-0.7259864848694465,0.9894391598958032,0.7502376112376337,-0.02597886804697584,0.010634892700354339,-1.2871987379866094,1.1331743871407562,-0.8107189641734839,-1.5852425997300585,0.8748027099339865,0.8500671077110221,-1.693080386321875,-1.448746425806647,0.0005551274671892323,0.6729325732620498,-0.004479185020135482,-1.5071243913535934,-0.619746026360617,5
0.8791414641730764,-0.46584231545886023,-0.2596765596551938,0.018169128810083437,-0.8354066236594976,0.9300995988115667,0.6054838644136531,-1.479963780464751,0.010634892700354339,-1.4880033193363265,-1.4752520856871745,-0.4160168969328404,0.7984525449282271,-0.3033827579905745,-1.6467593473680386,-1.107271317381712,1.0007317431608878,1.2218355552834177,0.9172768903541167,1.2272966955171893,0.20183732696299264,-1.5763775011626229,5
1.5564840877900208,-0.890362799396753,-0.3386710883113645,-0.29390413860378417,-0.6874016672494875,-0.048568330153355696,0.7973684865535433,-1.1597678244745406,-1.2207737357617388,1.3863052128204558,-1.0196152339649687,0.5299327735217865,1.0125239723742472,0.8748027099339865,-0.16111621816233096,-0.9246024739107471,1.1822292706861162,1.2218355552834177,-0.6861219568348187,-1.2362550655574602,0.1903585089839986,1.093629236055848,5
1.7732337273474428,-0.7690712325573551,-0.2794251918192365,-0.4291315794880128,-0.49807585920562447,-0.059797494350881386,0.3411841567270842,0.6351264832328444,0.010634892700354339,-0.8095798609831326,-1.2143114468605691,1.4741403855545205,1.6018207875176576,-1.4815682259151355,-0.6775751060748577,0.7454169202331072,1.0651331905391597,-1.2207253003490393,0.2769653645157011,-1.2362550655574602,-0.48232136748583665,1.0916635860928714,5
1.7732337273474428,-0.9206856911066025,-0.45716288129562055,-0.43532457414623005,-0.8631136773215861,0.5172653194482422,0.6534322329876635,1.1596869482302063,1.2420435211624474,-0.9148432374278921,-0.3057967547584979,-0.9024526841903421,-0.6415203893296537,1.463895443896267,0.24324911003989144,-1.7002277121899019,-0.16184206115702676,1.2218355552834177,0.6592588059441231,1.2272966955171893,0.5994532028965728,-0.5414312202231772,5
1.5835777927346986,-0.6781025574278066,-0.41766561696753524,-0.5050223393412128,-0.9468493898594956,0.6518280681115102,1.1107932694299958,-0.5152318581125274,1.2420435211624474,0.1106097433199941,-0.6426643716408615,-0.6718820459605784,0.9186997058025057,0.8748027099339865,-0.7240610013661162,-1.4924807335545534,1.5651575450458417,0.0005551274671892323,-0.49556853805185663,-1.2362550655574602,1.0344710155418877,-0.5346447331332699,5
1.041703693841143,-0.8600399076869035,-0.2794251918192365,-0.5011833002807144,-0.35146466068975335,0.9244726046237934,0.4807072144918014,-0.12177950021007267,0.010634892700354339,0.17526702776326541,0.8445629614297384,1.4442094848920708,-0.9496976334639885,-1.4815682259151355,1.0918513035645272,0.4971893768731693,-1.2422316420714477,1.2218355552834177,0.21271952496579938,-0.004479185020135482,1.2116458854494752,-1.5132969536820997,5
1.8274211372367986,-1.07230014965585,-0.31892245614732184,0.4016451043459964,-0.9152058412982174,-0.15205750186358083,0.3526310060707205,-1.2575820692787378,1.2420435211624474,-0.1849793874551961,-0.18519375084701392,0.8966644536320274,-1.6799377933519022,0.8748027099339865,-0.7378337963758236,-0.2623919176007563,-0.37164925024794804,0.0005551274671892323,-0.23746856011926287,1.2272966955171893,-1.4616815289703393,-1.1634373885519558,5
1.6377652026240541,-0.6477796657179571,-0.2794251918192365,-0.029393400983340656,-0.09570021032572079,-0.10007220561610654,1.2359938600181641,1.0828826427686211,-1.2207737357617388,-1.494737880906832,-1.1030986888941652,0.11119990346731021,-0.7970976232988437,0.8748027099339865,1.2143951485943512,-0.06875435745745778,1.3990172268566,-1.2207253003490393,-0.018599289120009303,-0.004479185020135482,-0.5260073123618783,1.2980459906251587,5
0.9062351691177541,-0.5264880988785592,-0.3979169848034925,0.22099689385152943,-0.7156794640753416,-0.45180277755527115,0.6764265979729863,0.9984600353582193,0.010634892700354339,-0.8504486135219993,-0.34332564367484536,0.7754514611042632,-0.27038245282831663,-1.4815682259151355,-1.1196672354861053,-0.35723493838971265,0.15367840366697985,-1.2207253003490393,-0.3101518286536634,-1.2362550655574602,-0.6881694940765791,1.3834821590100146,5
0.9333288740624319,-0.6174567740081076,-0.45716288129562055,0.1169104011367748,-0.852334414847215,0.5703872885458977,1.5584571795474247,1.1679055726321486,0.010634892700354339,-0.42397933388409603,0.03371808552008117,1.257752732529015,1.5506772805186093,0.285709975971706,-0.3398905527707041,0.509097357103633,-1.5651311746807721,0.0005551274671892323,1.425787312886777,-0.004479185020135482,1.608643304392694,1.4812823908485075,5
1.3126407432879208,-1.1632688247853984,-0.41766561696753524,0.2817077232004824,-0.6380638532290486,0.04093914153498534,1.132451381763281,-0.5540023411243045,1.2420435211624474,-0.9432604279564528,-0.11487280518336693,-0.7857824049511034,-1.2687473436619054,-1.4815682259151355,1.3490745675533156,1.1011139321076462,-0.7557395797454077,-1.2207253003490393,0.015896028870503072,1.2272966955171893,-0.4045685282614569,0.7280409015062789,5
0.8249540542837207,-0.708425449137656,-0.3386710883113645,-0.19068116504076907,-0.8779583183864461,0.7212885323886551,0.5764761386375892,0.3249259489636073,0.010634892700354339,0.45077470320372426,1.1750930322527153,-1.5404736341436829,0.11809298243513576,0.8748027099339865,1.520679317103175,0.8934098765747144,1.1650776398116791,-1.2207253003490393,-0.2935270353524005,-0.004479185020135482,-0.21409187822287779,-1.567453721338537,5
1.2042659235092097,-0.43551942374901076,-0.37816835263944987,0.34276525796288526,-0.6958175262308139,0.8589646682516074,0.828407577854299,1.0054428302440597,-1.2207737357617388,0.09456649488121756,-0.35818991049959936,0.9161210586493292,0.4812987666466859,-1.4815682259151355,-1.6829847697390832,0.07701441793219153,-0.3817678432678962,-1.2207253003490393,1.5577665878547984,-0.004479185020135482,0.6792956891481342,0.5212310033028406,5
0.8249540542837207,-0.5871338822982581,-0.3584197204754072,-0.08658926601050786,-0.41418916020889135,0.2304144995784272,0.5741704377950109,0.8068668400002893,-1.2207737357617388,-0.38007339561897197,1.4510394527928512,-0.5899521557487983,0.31489733133289544,0.285709975971706,1.1818407174010275,1.1836056030065132,-1.3194073902937242,0.0005551274671892323,-1.2160387445935577,1.2272966955171893,1.6588454693406516,-0.4273803193339223,5
0.7978603493390429,-1.1632688247853984,-0.3979169848034925,-0.49418435573105307,-0.15637978873124755,0.3021479967981727,1.0634243981795735,0.9959068812523652,0.010634892700354339,-0.40229004055997775,-0.26482701640829326,-0.30088965402761053,-0.591267325643818,-1.4815682259151355,1.5513209475827408,-0.6148397025559922,-0.5281425411214522,0.0005551274671892323,-1.5224122459511793,-0.004479185020135482,-1.5314197274953747,0.8022273341750509,5
1.4481092680113097,-1.0116543662361508,-0.4374142491315779,0.3183332036396525,-0.8324439075650599,1.3230324090985064,1.3151550234922365,-0.9102709241199977,1.2420435211624474,0.44372173237279167,-1.3429577978206682,-1.719575831592552,-0.7058883077734928,-1.4815682259151355,-1.0648658739756147,1.5583202076535092,1.1357661360383196,0.0005551274671892323,-1.559230029137303,-1.2362550655574602,-0.5661570968009307,-0.34523451231499186,5
1.5835777927346986,-0.7387483408475056,-0.3979169848034925,-0.4647957668582909,-0.49265015316810845,0.3298281804727494,1.650931140623593,-0.3496932397683748,1.2420435211624474,-0.9887410578295388,0.18232853538584928,-0.7601960235526538,-1.2686963781499039,-1.4815682259151355,-1.6725809723770184,1.679506063081229,-1.2347595383656111,0.0005551274671892323,1.4645584990919187,-1.2362550655574602,1.1908250346110947,0.692781078555876,5
1.3397344482325986,-0.6477796657179571,-0.4374142491315779,-0.07537293710316532,-0.6267271911068728,-0.5505497881410714,0.3778720447427668,0.5761601279239493,0.010634892700354339,-1.0032687055994738,-1.4535169533032282,-1.5861107197050097,-1.0341713111362711,0.8748027099339865,-1.3664961011176584,-1.611559649859135,0.643560991429923,1.2218355552834177,-0.25412816804604527,1.2272966955171893,0.35405093887886163,-0.8730084910896374,5
1.3397344482325986,-0.890362799396753,-0.3979169848034925,-0.004126583497093128,-0.61785006365754,0.8170227164417668,1.6800102548061695,0.6027511281252879,1.2420435211624474,0.4567604995846302,-0.6826056668078987,0.11446449797376088,0.28249418001365295,-0.3033827579905745,1.576192579809816,-1.5911893192079798,1.421006948886994,1.2218355552834177,-0.9729810587342067,-0.004479185020135482,0.5027162171818599,-0.44433958200624507,5
0.8791414641730764,-0.9813314745263014,-0.3979169848034925,-0.00963154796539991,-0.4937084371634321,1.2890538824850912,1.5790465587509592,0.0034065052206407906,1.2420435211624474,0.4651800340013601,-0.40032388045421663,-1.230783597195173,0.027907778804562116,-0.892475491952855,-1.0265491539748006,0.6287036554104338,0.01329296439498218,-1.2207253003490393,-1.4604727203910612,-1.2362550655574602,-1.610453742032864,-1.3608461586054807,5
1.881608547126154,-0.9206856911066025,-0.3979169848034925,0.01125866255434812,-0.907119309869056,0.5277066054884486,1.689115786452786,0.3161021267188813,-1.2207737357617388,-0.08367397868340239,0.16773519411362525,-0.535071762149212,0.1712923087243781,0.285709975971706,0.7062370100440478,1.5645208023925878,1.0593822893401572,0.0005551274671892323,1.0496457052664052,-0.004479185020135482,0.4871807645321154,1.357626924663521,5
1.4481092680113097,-0.829717015977054,-0.3584197204754072,-0.23880559017233693,-0.3964666667508469,-0.07558816458639835,0.8232476529511099,0.12104160594292897,0.010634892700354339,0.008768020149831891,-0.07522613841570144,-0.11754649406583378,-0.6235082793100067,0.285709975971706,-0.441878768799259,-0.8953146947067334,1.1424037653262218,0.0005551274671892323,1.2585628238769315,-0.004479185020135482,-0.7142264640277411,-0.8434725856330126,5
1.5564840877900208,-0.6174567740081076,-0.3386710883113645,-0.37991823708178807,-0.21209087498218243,1.1946126971749655,0.7497190793402115,-0.3783741021334951,-1.2207737357617388,1.170449847301259,-0.7624486497753479,0.10033662640375406,-1.2934206066871428,0.8748027099339865,-1.018187841040956,-1.2208235651786785,-1.3023951895955586,-1.2207253003490393,0.1534053034832751,-0.004479185020135482,-0.013094027541746467,0.9795700418793521,5
1.0958911037304986,-0.8600399076869035,-0.4374142491315779,-0.2136538934292473,-0.20145449563686899,1.3091033893736037,1.402147841865449,1.5630175853516808,1.2420435211624474,-0.5166739048233284,-0.5697428765878373,-0.30027395909548776,1.1274578871388046,0.8748027099339865,1.0324320583621036,-1.1569198999535564,-1.1611302901108311,1.2218355552834177,1.5998298559362623,-0.004479185020135482,-0.13416544734255453,-0.9187527881292993,5
0.9604225790071097,-0.829717015977054,-0.41766561696753524,0.29928512846329414,-0.8350916086803595,-0.5018432000026949,1.6191269639819823,-0.43734638303794415,1.2420435211624474,-1.7054548068803876,-0.5749584841236238,-0.9913622665816582,1.348462383727618,0.8748027099339865,-1.0511690878154114,-0.9711582818055505,0.12204482548141024,-1.2207253003490393,0.37025515176657364,1.2272966955171893,-1.588896596382341,-1.4635104867491724,5
1.285547038343243,-1.07230014965585,-0.41766561696753524,0.38411950450400373,-0.13427439123028653,0.06052519570140234,1.1642753342219776,-0.46218974215176223,-1.2207737357617388,-0.5096096649303092,1.681994590475048,-1.0158917063128858,-1.0396584405225018,-0.892475491952855,-1.3331402534189054,0.8862761585328893,-0.11595292663968294,-1.2207253003490393,0.6126433186095361,1.2272966955171893,1.0990551956880237,-0.19067772355507373,5
1.6377652026240541,-0.7993941242672046,-0.3386710883113645,-0.39964083159746755,-0.7280790106306526,-0.5507497644197895,1.6003817861900131,1.3403791311155322,-1.2207737357617388,1.5053064512136354,0.12364860614742093,-0.18745904721227227,-0.17825801729856205,1.463895443896267,-0.9276967860935582,-1.3029014258464313,0.7429277000110691,1.2218355552834177,-1.470611163919458,-0.004479185020135482,-0.7581082274136337,-0.5244954978502577,5
0.9062351691177541,-0.43551942374901076,-0.2596765596551938,-0.4817882490788403,-0.8690127684098984,0.6331717161157107,0.2520242939074332,-0.250834721795031,0.010634892700354339,0.9574029572519028,0.16401655243282984,1.4009868021470395,0.332078767466718,0.8748027099339865,-1.032176114355496,-0.40080504050855353,0.6062246959638619,-1.2207253003490393,0.4232262894820583,1.2272966955171893,-1.24614333783756,1.439615725438965,5
1.285547038343243,-0.7993941242672046,-0.41766561696753524,-0.17824904723108576,-0.907074877007686,0.99336710271442,1.7140554905205052,-0.42460297123985763,0.010634892700354339,0.5234945819278408,0.8418893710953113,-0.10815724624122129,-0.3032742431242146,0.285709975971706,0.19620601887169947,-0.5117861112597316,0.21873250394901972,-1.2207253003490393,-1.5164059254323023,1.2272966955171893,0.4572271302109174,1.3735810518612774,5
1.8274211372367986,-0.9813314745263014,-0.2794251918192365,-0.24313554124835027,-0.30353672900812995,0.9883898847465036,0.2942668423999681,1.012922121287617,1.2420435211624474,0.6210352219105683,0.6722534426451077,0.6661095753286205,-0.04625217328308182,-1.4815682259151355,0.7332109233212774,-0.19461624227225505,-1.160810847149057,1.2218355552834177,-1.559471068496428,1.2272966955171893,-1.1255116678839114,0.4616271402564234,5
1.421015563066632,-0.7993941242672046,-0.3386710883113645,0.30493071836815216,-0.893615802451944,0.28698906493096027,0.4133441549810456,-0.05758722871668549,0.010634892700354339,-0.5152422835662139,-0.3281566620608577,-1.6318798386532747,-0.04190660265523835,-1.4815682259151355,0.8909250878049054,0.2988433229684061,0.9115753359582833,1.2218355552834177,-0.29671073252206126,-1.2362550655574602,1.3438033909819096,0.29624399647897365,5
0.8520477592283985,-0.890362799396753,-0.2991738239832792,0.181564465067949,-0.19703253863910483,0.4395584022940465,0.31277655037873053,1.519877711082172,-1.2207737357617388,-1.1799737751003545,0.8579610902059348,-0.9711399534655306,-0.26405940711390596,-1.4815682259151355,0.2539280551123862,-0.61937955654562,-0.7647381557952719,1.2218355552834177,1.0361710763122645,-1.2362550655574602,-1.4327983739199115,0.9577522706572931,5
0.9604225790071097,-0.6781025574278066,-0.2596765596551938,0.27571398988521073,-0.48139837810878383,0.02104181714513344,1.6013431973836603,-1.5990987757991364,0.010634892700354339,-0.8841507591909059,1.0728488864358299,1.1754211374593466,0.4499121243500069,1.463895443896267,1.628380314037017,1.1369432016562049,0.03316232408712,0.0005551274671892323,-1.1069010519989748,-1.2362550655574602,-1.483899273494717,-0.9253985374713232,5
1.0146099888964653,-0.5568109905884087,-0.2596765596551938,0.3837596911951578,-0.5851339149338192,0.4070768907054838,0.2634472233574608,0.5497648532369777,-1.2207737357617388,1.4007284086722416,-0.5686618395751749,-0.33829066123162926,-0.4618750095601404,1.463895443896267,-1.6386576553372734,-0.20214625561762037,-0.9898966977609185,-1.2207253003490393,1.467820144054295,1.2272966955171893,-0.6116576975030334,0.0016217482442347946,5
0.9062351691177541,-0.7993941242672046,-0.37816835263944987,-0.45299121423158945,-0.8301506149239662,0.9015856623949686,1.17935600906473,-1.327661981322959,0.010634892700354339,-1.7046533607039926,-0.625985163857729,-0.7916086009743115,0.47381295589479,0.285709975971706,1.5387324341381403,-0.20642350470328866,-0.842094711730687,1.2218355552834177,1.1962233877359643,1.2272966955171893,0.020658357087777086,1.3533417746197112,5
1.881608547126154,-0.4051965320391613,-0.2991738239832792,-0.27214048517303263,-0.771763108066762,0.3419984469905334,0.2128047136507805,-0.2743862349603705,1.2420435211624474,0.006770687092377367,0.5442268257522105,0.7655362908034008,0.23648077531434872,1.463895443896267,-1.5454702272017777,-1.52100763156535,-0.25269711439185366,-1.2207253003490393,0.9659840841718429,-1.2362550655574602,1.4507773034370892,-0.26513316646500357,5
1.5022966779006652,-0.4051965320391613,-0.3584197204754072,-0.43260941859973523,-0.3313422176630153,0.40129188276690364,0.34981839567269574,-0.05990058673759146,-1.2207737357617388,-1.5974436475840124,0.8853591267915565,-1.2667287930046305,1.5918932817081204,0.8748027099339865,-0.6779265077220401,-0.8434031185397088,-0.751868881750139,1.2218355552834177,-1.029908303315712,-0.004479185020135482,-0.7863812343355855,1.752337587807966,5
1.6919526125134097,-0.9813314745263014,-0.2991738239832792,0.08022968028129074,-0.7030443710607317,1.0441749655041264,1.336559080456998,-0.2910270725167554,-1.2207737357617388,-0.48080904522423545,0.05409574608920244,0.18264240919710367,-0.09531085460067071,-0.892475491952855,0.6845938755443035,-1.447954364602844,-1.381253413550142,1.2218355552834177,0.00999062469293019,-1.2362550655574602,-0.2728630650592515,-0.05274650704641542,5
1.8003274322921206,-0.5871338822982581,-0.45716288129562055,-0.15363300238155997,-0.661009576853956,0.9605287319353448,0.3812813948802698,-1.071870823101641,0.010634892700354339,-0.5739057970439628,-1.7449552331416587,-0.545109911703384,-1.3226998768083087,-0.892475491952855,-0.2100480365136597,-0.6648793433264716,0.9351156365341545,1.2218355552834177,-0.9065204332358514,1.2272966955171893,0.04914884966179503,0.720755704617983,5
0.7978603493390429,-0.708425449137656,-0.45716288129562055,0.1233907838337055,-0.26227732331958,1.3153750432193432,0.8174125384100941,-0.4161677613395436,1.2420435211624474,0.7494469477486042,-0.8699212901866105,-0.8222400836329793,-1.1621549250919683,-0.892475491952855,-0.9557810677149771,-1.143781530939751,1.3049234530321328,1.2218355552834177,0.4607164820060899,1.2272966955171893,-1.4506260312843404,-1.2454256932321057,5
1.0146099888964653,-0.9813314745263014,-0.41766561696753524,-0.23429169992706433,-0.24519198465801978,0.9843940437687567,1.4227299375405484,1.0881243096075646,-1.2207737357617388,-0.25117504020809484,0.2463981248322038,0.7152769675868108,1.0225944786944685,-0.892475491952855,-1.1344781205650292,0.17790566816528472,-1.3535912300413755,1.2218355552834177,-0.38135682690007033,-0.004479185020135482,0.5964914152709514,0.200387339721312,5
1.6919526125134097,-0.6174567740081076,-0.2794251918192365,0.07654090202710609,-0.4194875531733295,0.11675052824172918,0.9102430520447923,-1.0955194433827296,1.2420435211624474,-0.7812915811276198,-1.7678883988396457,1.568034424240493,0.7962922683361415,0.8748027099339865,-0.9206189986876977,1.1886409659306478,-0.030898713063704043,1.2218355552834177,-0.9651195145322194,-0.004479185020135482,0.5397820204775342,1.6665341988587037,5
0.9875162839517875,-0.9206856911066025,-0.3979169848034925,0.1199838964402817,-0.41403192856588655,0.6592604849093824,1.64311708485488,-1.582077869382386,1.2420435211624474,-1.288220324585604,-0.10505273944987933,-1.5873058861490241,-1.0693318989473588,-0.3033827579905745,1.191407761807936,-0.2584586186258825,-0.24679338593395347,0.0005551274671892323,0.7947661425326381,-0.004479185020135482,-1.2375598596953297,-1.0786983287949632,5
1.6919526125134097,-1.1632688247853984,-0.37816835263944987,0.29232576043445363,-0.35619862845497097,0.40031697934544164,1.579379109517135,1.159341449737985,-1.2207737357617388,0.8804545014370228,0.8118682115683596,0.8338169951307675,0.4562919643836261,-0.892475491952855,-0.055075023777833465,1.4588624075816634,-1.4970493378044176,-1.2207253003490393,-1.6038646536658039,-0.004479185020135482,1.6016296964935888,0.7619428108484905,5
1.285547038343243,-0.7387483408475056,-0.3584197204754072,0.004701157393906953,-0.4694353416691984,-0.325042829714984,1.74735356397945,-0.8954214282247237,0.010634892700354339,-0.6844106957985867,-0.3278445699875275,0.8159072669306012,-1.6468561698005832,-0.3033827579905745,0.9714840820424586,-0.6014014871184366,0.016774414086710415,1.2218355552834177,-1.5824122474231042,-1.2362550655574602,1.6563730579581077,-0.6651041911581163,5
1.2584533333985652,-0.7387483408475056,-0.41766561696753524,0.42063900377686975,-0.7687771170815341,0.9506785490174382,0.6624386889918642,-0.3244671394901458,1.2420435211624474,-1.5200926842157116,1.639866673652588,-0.7964317794388309,-1.3899477037851184,-1.4815682259151355,1.1204928152280473,0.41123328745862797,0.28786945883433157,0.0005551274671892323,-0.37976683541750417,-1.2362550655574602,1.2367757023064554,-0.7067292241468158,5
0.9333288740624319,-0.5568109905884087,-0.31892245614732184,0.12504215742334282,-0.7725321597514595,0.4969632942694865,0.5395920285075263,-0.8580447394600845,-1.2207737357617388,-0.8239196235209865,0.13261385485899763,-1.665204643533816,1.0899730507511078,0.8748027099339865,-1.5818060466136306,0.7479990669661991,0.22674991529924943,0.0005551274671892323,-1.2375771785498364,1.2272966955171893,-0.831966259867801,-0.05027244563329595,5
0.8520477592283985,-0.7387483408475056,-0.2596765596551938,0.2088903401345568,-0.8643574079302145,-0.2876953592087612,0.9589566770370374,0.036108415381561176,1.2420435211624474,-0.29989203243963075,0.3443677287455652,1.165721908197719,0.4999473016602585,1.463895443896267,0.8301207970373852,-0.12011340473328207,-1.0677609759996491,0.0005551274671892323,0.20958599068636233,-1.2362550655574602,1.0077398556565018,0.7245644346857986,5
1.421015563066632,-0.6174567740081076,-0.45716288129562055,0.2934975738884501,-0.7067802671038363,0.5707001742536366,0.6558753963246691,-0.7895615971741775,1.2420435211624474,1.2407612116675453,-0.6578772721528859,-0.8732023359148984,1.598836982735783,0.285709975971706,0.08953734312413898,0.40840019456187665,-0.7366212130385661,-1.2207253003490393,1.2384302862919265,-1.2362550655574602,-0.8812134906269273,1.6224622307515284,5
1.664858907568732,-1.1026230413656994,-0.3979169848034925,0.3977228451617874,-0.4592240243579395,0.3979751060932635,1.695952142277354,0.6004350330994546,0.010634892700354339,0.4746614514727704,-1.2310257292642894,0.861877201523646,0.0940485808844103,-1.4815682259151355,-0.29658320213856865,1.2743223327229507,1.5241095335452932,0.0005551274671892323,1.0066630248207282,-1.2362550655574602,-1.4360111913741807,-0.6323055607587071,5
1.3126407432879208,-1.0419772579460003,-0.2991738239832792,0.37929359459620987,-0.7172481360960615,-0.25296943976708947,0.49456029629812964,0.7636611694652056,-1.2207737357617388,0.8431338472353704,-1.5763298180583107,-1.4258500391154607,1.2687010888715187,-0.3033827579905745,-0.2944239713836142,-0.5960866319841417,1.469892147785287,1.2218355552834177,-0.3985986322331941,-1.2362550655574602,1.218471556737807,0.43249079454941075,5
1.881608547126154,-1.0116543662361508,-0.2794251918192365,-0.4042665280819079,-0.939782375650389,0.5643138972731255,0.4898647245422418,0.2955512470896721,1.2420435211624474,1.553436474943894,-0.3697397169349934,-1.4656127260820437,0.9487684229664961,0.8748027099339865,0.8539235844064754,-1.1525056309601043,-0.8348958889245431,1.2218355552834177,-1.6723770531044246,1.2272966955171893,-0.10681002984385707,-0.7671415238558126,5
1.7190463174580874,-0.7993941242672046,-0.3979169848034925,-0.12280775775419073,-0.6087168665848361,0.8960410243046609,1.6272375623684234,-0.19382791315276263,0.010634892700354339,0.7859406682865787,0.023962456570410774,0.4099538138869396,-0.8727790827843195,1.463895443896267,0.6652372993123811,-0.9351880918274036,-0.05471146997274055,-1.2207253003490393,-1.0138109064667018,1.2272966955171893,-0.9995215482782073,0.21839002506103383,5
1.3397344482325986,-0.4051965320391613,-0.2596765596551938,0.38481707920123137,-0.7669270564068041,0.6284974298874422,1.3531936183785551,0.39557542119997713,-1.2207737357617388,-1.5455265083822334,0.8673752171320803,-0.41777856113863715,0.31398021722995545,-0.3033827579905745,-0.9596439214011451,0.566439048448562,1.1161390308274335,1.2218355552834177,0.2544647033290959,-1.2362550655574602,0.5541751566722273,0.6655532822616793,5
1.5564840877900208,-0.5568109905884087,-0.45716288129562055,-0.3229192986277722,-0.4659932783745315,0.6494028539626366,1.0567532375846378,-0.9848485286755351,0.010634892700354339,1.1656269319196546,-0.3071124594534056,0.8191380798115071,0.723707432084597,-1.4815682259151355,0.5353997574930611,-0.070349782849625,-0.39908288046956564,1.2218355552834177,0.8283364311840858,-1.2362550655574602,-0.06858165742171725,0.2499712243914377,5
1.746140022402765,-0.6781025574278066,-0.3584197204754072,-0.27385096873399867,-0.18438122054524128,0.48005460421176416,0.34476981120405703,1.0800650966455032,1.2420435211624474,0.8070061715087176,-1.607436663254195,1.123602432908904,-0.8880495708826053,-1.4815682259151355,-1.6581980212768686,-0.27625360132336796,1.5790374676738221,-1.2207253003490393,0.2850746270889619,-0.004479185020135482,-1.0567061565241418,0.6989446190212268,5
0.9875162839517875,-0.7690712325573551,-0.3584197204754072,-0.002904469778439309,-0.12665577868719016,0.08684402626109312,1.1898014078280197,-1.082423730447525,0.010634892700354339,-1.442766105810412,0.8723897495507018,-0.7140456021204868,-0.3687193274134064,0.285709975971706,0.7611031775273311,-0.9002881075695449,0.5130660820849984,1.2218355552834177,-0.5501490983034966,-1.2362550655574602,1.701616654395443,-1.6071869992367451,5
0.8520477592283985,-0.890362799396753,-0.4374142491315779,-0.2574763728707164,-0.8045789986849974,-0.4911543519780921,1.4732080600852184,-1.1262989655175009,0.010634892700354339,1.1086619700142122,0.11026863196138316,0.3399277336223699,-0.6152112980059816,1.463895443896267,-0.8202267534286125,-1.1542076737676725,-0.33788791083982317,-1.2207253003490393,0.6025933793047729,1.2272966955171893,0.5655781992723818,-1.6066903421849805,5
1.177172218564532,-0.829717015977054,-0.41766561696753524,0.14815610778007982,-0.863678030189704,1.2755609595172606,1.3441214959601953,-0.9022969084001641,1.2420435211624474,-1.7605002725899466,1.1032440235777095,0.2575735065834283,-0.734316372643653,-0.3033827579905745,-1.3523907796832024,0.8162376820724118,1.6170231420118326,-1.2207253003490393,1.6785669206648215,1.2272966955171893,-1.385597195410866,0.6960283708022217,5
0.9875162839517875,-0.7690712325573551,-0.2596765596551938,0.18647222623695997,-0.6433244066939644,0.37444579948657186,0.8844694567701465,1.413384235781562,1.2420435211624474,0.049590096159019645,-1.5082349285470065,-0.008996710558001613,-0.010968983506877536,-0.892475491952855,1.5208176142525591,-0.19101810554530027,0.029646755996536708,1.2218355552834177,-1.6310159151462407,-0.004479185020135482,1.567051021465205,0.7057451962739282,5
1.8274211372367986,-0.4051965320391613,-0.2596765596551938,0.14500426139477723,-0.5829292400231143,1.2803614512565713,0.32932348758210567,-1.6607807286464764,1.2420435211624474,1.207831450024551,0.24420782170158115,-0.49575608824813067,1.3376167568916646,0.8748027099339865,-0.9471710088250473,-0.5367680662876889,-0.9310522545012884,0.0005551274671892323,1.447488118759133,-1.2362550655574602,1.3052459095233235,-1.2816665886302228,5
0.9875162839517875,-0.46584231545886023,-0.37816835263944987,-0.08141586650685449,-0.6109091486169252,0.23671693292352702,0.9587989891924107,1.3055321411225698,1.2420435211624474,0.784192479837632,-0.37267324930005064,0.9485288473092461,0.19411770375775644,-0.892475491952855,-0.3362485441453539,-0.6711381441591855,-0.6756418278169938,1.2218355552834177,0.1749633563097627,-0.004479185020135482,0.772888750997181,1.0419008103533074,5
1.1229848086751764,-0.4051965320391613,-0.3584197204754072,-0.4462159433936523,-0.732020296903793,-0.5727765736940923,1.2418404913427725,1.1583803883649544,0.010634892700354339,-0.8872077792814095,0.7025148698535476,0.7871453558020587,1.6561542211574678,-0.892475491952855,-0.786224995769271,1.1586728726311302,-0.35721698313420897,-1.2207253003490393,-0.08862395532640761,1.2272966955171893,1.0505751836992978,-0.7896709805483444,5
1.2584533333985652,-0.951008582816452,-0.4374142491315779,-0.39714165410861757,-0.5298270211722466,-0.5108677334478535,1.4867925649654563,-1.2999304802527403,1.2420435211624474,-0.8288117796053647,1.2521371287068928,-1.051347807075637,-0.2429980450356383,0.8748027099339865,1.6807138581333276,-0.38059868924161266,1.2526252694936084,1.2218355552834177,1.2212209852906695,1.2272966955171893,1.2052025598901996,-0.25710758170449094,5
1.3126407432879208,-0.4051965320391613,-0.31892245614732184,-0.2827663681816444,-0.06890349614978267,0.7444965760321978,1.0884746910333563,1.4228217487594854,0.010634892700354339,1.2055493114782716,-1.702621645241517,1.3137770347732374,1.2163572141023715,-0.892475491952855,-1.4306895108281927,1.6646052138769662,0.12360445645282875,-1.2207253003490393,0.7856352390910742,1.2272966955171893,1.5607726382595979,-0.8928320882998252,5
1.041703693841143,-0.7690712325573551,-0.2991738239832792,0.16353207993626973,-0.792632851782432,0.6768955949319237,1.3087178567131164,-0.11215574815532307,1.2420435211624474,-0.32135111469370997,-0.8900996664532858,0.455618910259628,-0.9956249108088855,-1.4815682259151355,1.4106407221183368,0.6518702548489465,0.6031329362504848,0.0005551274671892323,-0.1721302878085532,-0.004479185020135482,1.7376924413865116,-0.6059622518186499,5
1.664858907568732,-0.43551942374901076,-0.37816835263944987,0.10047776194826283,-0.364215714837732,0.3322066799850829,0.8069733657714359,-1.2129866823583733,-1.2207737357617388,1.1221479093034672,-1.435218780139817,0.04499238452303069,1.2221324026821379,1.463895443896267,0.2647946317530622,1.0463321501389213,1.1982715722796824,-1.2207253003490393,0.8922413378698483,1.2272966955171893,-0.8217854818450462,-1.1502184178402621,5
1.6377652026240541,-0.7690712325573551,-0.4374142491315779,0.42614281073663224,-0.31462646847117653,0.6046729058017555,1.6242972408866052,-1.6313957852858538,-1.2207737357617388,-0.3951528670540337,0.8813783387076835,-1.5867912531651123,-1.03639677593574,0.285709975971706,-0.08369314703889084,-0.6082675776970708,-1.4056222409476988,0.0005551274671892323,-0.7824051294100356,-1.2362550655574602,-1.6009389045934,0.5944025351477823,5
1.7190463174580874,-1.0116543662361508,-0.4374142491315779,-0.011787857991486742,-0.3958398570990393,1.0462869230300649,1.640212891639669,-0.01212186716372465,-1.2207737357617388,0.4785194658986026,0.08999631173706087,0.11745131181393337,-0.53300629512593,0.8748027099339865,1.2511268015958297,-1.6760947878752581,0.22596376132711649,0.0005551274671892323,0.43169648306714137,1.2272966955171893,-1.538977273828509,-1.5266288087522877,5
1.8003274322921206,-0.829717015977054,-0.3584197204754072,0.45579378269816534,-0.1578107724336926,0.7888356312716254,0.21419065700168413,-0.07055854472991152,0.010634892700354339,-1.6280327622980222,0.500504604232803,-1.5696161869402854,-0.1596671281727874,0.8748027099339865,0.22459348769807133,-0.4778615493032067,-1.518482262496404,1.2218355552834177,-1.334683403340501,1.2272966955171893,1.1315536137419981,0.1379310122193752,5
1.6377652026240541,-0.7387483408475056,-0.3386710883113645,0.08759143264995792,-0.8612699687552758,-0.43061515680457785,1.0533925498617518,-1.4367194011756448,-1.2207737357617388,-1.6343677557149447,-1.0760723978833775,1.331673579169501,1.3599737603964779,1.463895443896267,1.3101789449231152,0.7020867726827058,-1.3586625626494437,-1.2207253003490393,-1.0425766906070772,-1.2362550655574602,0.8232233211732718,0.4503011186788767,5
1.8545148421814763,-0.708425449137656,-0.3979169848034925,0.14645943926136837,-0.31025994495199477,0.04616877181737149,1.0949551822488568,1.581519871720664,1.2420435211624474,1.3751278226014314,-0.1108823585203105,-1.2238730999163914,0.2138829964681809,1.463895443896267,-1.5885413181342416,-1.5946379914060145,1.1131018302874351,0.0005551274671892323,0.4275868460898986,-1.2362550655574602,-1.4284266317003405,0.4500153139194766,5
1.7732337273474428,-0.4051965320391613,-0.2991738239832792,-0.13877045637465923,-0.7785066984691408,0.7400332332824944,0.4747298818692016,-1.7137424378992958,0.010634892700354339,0.4755128520027045,1.4576319028929867,0.6290598683372656,0.3389481883930567,-0.892475491952855,0.9888288644451785,-1.1932264905716616,0.7774288080561974,-1.2207253003490393,1.0187918649097425,-1.2362550655574602,0.37009231964308303,1.6480655239400008,5
1.2042659235092097,-0.4961652071687097,-0.2596765596551938,0.3351890544207115,-0.13740394103387543,-0.1565631056826943,1.61914108332571,-0.33760211098140697,-1.2207737357617388,0.06892760218698084,0.6300967080931614,-0.3843624928972423,1.5218348546257996,1.463895443896267,1.2872737576116398,0.7244467493255455,-1.3675824873714433,-1.2207253003490393,1.3139556178146496,1.2272966955171893,1.7060078617920462,-0.009706196245145822,5
0.9604225790071097,-0.4051965320391613,-0.2991738239832792,0.10321638963475045,-0.8634205152920711,1.2443651291739783,0.5976628508915142,1.0839621342819838,0.010634892700354339,-1.31129263756778,1.6184396042133087,-0.19862037472307528,-1.3427697017227096,-0.892475491952855,0.012259071283351873,-0.6442206370644845,1.2340794809244982,1.2218355552834177,0.5498628509738983,-0.004479185020135482,1.102924055634407,-0.359968613544337,5
1.8003274322921206,-0.4961652071687097,-0.31892245614732184,-0.4956556972365881,-0.1985499463280095,0.411210359314501,1.0758456751574783,0.5914770726043213,-1.2207737357617388,-1.4641361999465319,0.12707143321254324,-0.1702530206218286,-0.2165276491179202,-1.4815682259151355,1.2572192397104054,-1.199806306546601,-0.31988639380559236,1.2218355552834177,-1.5697021502943231,-0.004479185020135482,0.995135390101315,1.4063599478564879,5
1.4752029729559875,-1.07230014965585,-0.2596765596551938,-0.4127847302502022,-0.1366416448944289,0.35403281121428604,1.2452310848475792,-0.2821262622331135,-1.2207737357617388,0.050457791416052736,1.2211965094303079,0.035295303816421444,0.16931111038034113,0.8748027099339865,-0.23522764667136828,-0.9386087256393684,-0.381937149563518,0.0005551274671892323,-0.6862247112325935,1.2272966955171893,1.1808575980501066,1.4979275894056228,5
1.5835777927346986,-0.9206856911066025,-0.45716288129562055,-0.09859234913005052,-0.13484472376903667,0.6951126088629417,1.6637037195404536,-0.3340741449652698,1.2420435211624474,0.20674378280109873,-0.248456823407484,1.2174262766161696,-0.8530975490495328,-1.4815682259151355,0.33945882782841474,-0.3946986861674193,1.2335636247101256,1.2218355552834177,1.39066120930326,-0.004479185020135482,1.5349478422929013,0.5258755074319174,5
0.7978603493390429,-1.07230014965585,-0.3386710883113645,-0.3134198926634012,-0.5675508565227811,1.0772736269915293,0.5681359926272287,-0.29573653793597854,0.010634892700354339,-0.5247572881908021,-0.8777759377152773,0.7943417507177603,-0.1925470598402843,1.463895443896267,0.8224452076450903,-0.6494258758914306,-0.7781214411417312,0.0005551274671892323,-0.29448428342290695,-1.2362550655574602,0.9774928748785561,0.3148820562230321,5
1.3668281531772764,-0.6781025574278066,-0.4374142491315779,0.21584406086488353,-0.07951650581012806,0.506299396479579,1.0082142025181229,1.484391078901941,0.010634892700354339,0.6412908675041004,0.5902403018970935,-0.7076031680075947,0.7729887301061622,-1.4815682259151355,1.1901493333784632,-1.1087476487438501,-1.1186485428151602,-1.2207253003490393,0.14250365842477455,-1.2362550655574602,-1.0662618706598677,-1.5354991431338,5
1.421015563066632,-0.6174567740081076,-0.2991738239832792,0.2174634765522284,-0.9425638430310249,0.8555033548434228,0.42484961470692106,1.3380374364951346,-1.2207737357617388,1.5466011605983097,-1.3676021771136784,1.3614704169312144,0.30763074357004555,-0.3033827579905745,1.6295217426792687,1.1094794315739973,-0.4557394103269372,-1.2207253003490393,-1.2942251693274844,-1.2362550655574602,-0.38747447970411175,0.423466413780103,5
1.1500785136198541,-0.829717015977054,-0.41766561696753524,-0.20222563379362452,-0.6744979881859762,1.0581188644856692,0.6231720915753939,1.1978807460902046,0.010634892700354339,0.42981785863824273,0.01821086184532927,-0.23317115652966613,-0.41909361492047237,0.8748027099339865,0.7593115228968855,0.2429055400023695,1.6776573441013756,-1.2207253003490393,0.9882422425167534,-1.2362550655574602,-0.011746917888014442,-1.4340250335561944,5
1.4481092680113097,-0.5568109905884087,-0.3979169848034925,0.37408003586692246,-0.9351336476183039,0.6646132512826328,0.7376692695923822,-1.7388528824942178,-1.2207737357617388,1.3804953493852896,-0.9091852555714658,-1.7052930980673247,1.5510949150920488,0.8748027099339865,1.0906863892678766,-1.5193386758663079,0.8960635826293204,1.2218355552834177,0.7886624924474058,-0.004479185020135482,-1.227116757941042,0.9738129715901722,5
1.7732337273474428,-0.5264880988785592,-0.45716288129562055,0.3875939007191513,-0.582082820116114,-0.3843429212866903,0.9685415165418875,0.5471186558520132,-1.2207737357617388,0.19212624108268433,-1.3487451051768662,0.755484773516493,0.1875634688876758,-1.4815682259151355,-0.36888115238411046,-0.850498584044445,-1.1051119054743153,-1.2207253003490393,-0.7906011173393392,-1.2362550655574602,0.7148222098023711,0.4165496125474402,5
1.529390382845343,-0.46584231545886023,-0.37816835263944987,0.20433169815961244,-0.6251393886327461,-0.15288723140348984,0.7578620459308553,1.6703604463511232,1.2420435211624474,-1.6267320974312376,-0.006248343367541719,-0.8315006438273539,-0.9019002269960563,0.285709975971706,0.6622731208627233,-1.5887463274851883,-1.410216825346997,0.0005551274671892323,-0.7925510464750372,-0.004479185020135482,-0.021515486425948468,0.1678897570263011,5
1.3668281531772764,-0.6174567740081076,-0.2991738239832792,0.2679003686987992,-0.4251548747438157,0.5676053392757073,0.7170221317535612,-1.0958343666938437,1.2420435211624474,-0.2014781474224483,-0.16129664866085133,-0.15583768796156794,-0.012328758174952359,-0.892475491952855,0.44821538372236563,-1.6261968039814583,0.9919704499822585,0.0005551274671892323,-0.6238270671450015,1.2272966955171893,1.470814929823114,-0.8258612579255317,5
1.529390382845343,-0.6781025574278066,-0.3386710883113645,-0.4829533229097068,-0.8312850774971275,0.3834570446040331,0.9037346206172634,-0.3202697137193009,1.2420435211624474,-1.0716764911783159,1.656656270935741,-0.44412931101334135,1.407251737430259,1.463895443896267,0.2952324637988505,0.2220707232605756,0.966636834717225,-1.2207253003490393,1.6795974033428,-0.004479185020135482,-0.6783884431625415,-0.1632400186729102,5
1.3126407432879208,-1.132945933075549,-0.3584197204754072,-0.4127768331185272,-0.2712807197582531,-0.09911113978700387,1.505283743808038,-1.296252454727468,-1.2207737357617388,0.6726235690893263,-1.357345115234598,0.37978044585816595,-0.2924920057058333,-0.892475491952855,0.1634699818532338,-0.08833689929179768,-1.584261494319393,-1.2207253003490393,-0.2239820378559706,1.2272966955171893,-0.3527355289403364,-0.27819219037449266,5
1.421015563066632,-0.4051965320391613,-0.3584197204754072,0.33436872060909395,-0.7316473047274319,-0.15659058442452362,0.6919444646990808,-1.201648639667325,-1.2207737357617388,1.4555097276363196,1.5573906952589354,0.6074376747858788,-0.4615011751094751,0.8748027099339865,1.5989227877296657,-1.53383151619683,-0.6344054955887173,-1.2207253003490393,-1.6814601691492181,-1.2362550655574602,0.1323979171227114,-0.990835349673905,5
1.8274211372367986,-0.6781025574278066,-0.2794251918192365,0.3816196060414022,-0.3863643209624618,-0.4467576717673251,1.4187306179598642,-1.146773388773162,-1.2207737357617388,1.2819856581760594,1.6249216778758302,0.29873320762870603,0.934719887214139,-0.892475491952855,-0.08347094458954173,-1.0821365568908101,0.4709295893952534,0.0005551274671892323,-0.13615846322588182,1.2272966955171893,-1.1391971693333924,1.0021785883792895,5
1.5022966779006652,-0.9813314745263014,-0.2596765596551938,0.002194752390100477,-0.6487456547095659,1.239455866230242,1.5485596469922303,1.4374937112803214,-1.2207737357617388,-1.5740376373019793,-1.6574767449342087,0.2731922465970714,-0.3463806203911646,-0.892475491952855,1.1872192527215746,-0.29787046698057557,-1.0019990994069892,-1.2207253003490393,0.6971292222791962,1.2272966955171893,0.8841898024702659,1.3819062051049826,5
1.7732337273474428,-0.46584231545886023,-0.2794251918192365,-0.459001652409936,-0.9630463574732395,-0.5796782702958097,1.4560674152159216,1.4309052542108494,-1.2207737357617388,-0.2205710429937122,-0.9056062063263295,-0.8917284020429251,-0.01887628061862141,0.8748027099339865,1.360629086800805,-0.8841571971377964,-1.0910115656884756,0.0005551274671892323,-1.5883005286173448,-0.004479185020135482,1.3170540323065703,-0.8790816325477977,5
1.2584533333985652,-0.5568109905884087,-0.4374142491315779,-0.13859165290884073,-0.79700481585844,-0.17430405706732846,1.1427837056585877,0.4665835930256024,1.2420435211624474,-1.5427936494587133,0.18125946920138006,1.0494969198527178,-1.340119963097417,0.285709975971706,-1.2842737172071863,-0.09084573454977674,-0.0038774454159903426,1.2218355552834177,0.5826113603745593,-0.004479185020135482,-0.4228796309298745,-1.585493315381893,5
1.529390382845343,-0.5871338822982581,-0.31892245614732184,0.22881400336573957,-0.2277086708370655,0.4013945965513821,1.3524367920711924,-1.6320741794582951,-1.2207737357617388,0.8806051352108061,1.572297252496141,1.3864490226804882,-0.2861354645318056,0.8748027099339865,1.4552021010397844,1.3012732962078162,1.377281459179464,1.2218355552834177,0.45553019388391547,-1.2362550655574602,0.9594413208307858,0.9841781935495831,5
1.3126407432879208,-1.1632688247853984,-0.41766561696753524,0.3557202575419997,-0.6669474266308297,-0.4944127760662616,0.4451825543784518,-1.372065826445827,1.2420435211624474,-1.250696353778197,0.07537161562389148,0.1973239031158645,-0.5085052961957954,1.463895443896267,0.7152349762788371,-0.4464141813445494,1.6690447352347333,0.0005551274671892323,-0.41344522942136963,1.2272966955171893,-0.9787920282262957,1.0536699321915377,5
1.8274211372367986,-0.6174567740081076,-0.3584197204754072,-0.29321843330731584,-0.19123516484814493,-0.1381203077880964,1.271417659096446,1.5257550047773578,1.2420435211624474,1.2639642182225859,0.639813134978785,-1.3770734555059103,-1.484253904700556,0.8748027099339865,0.1423748500819484,1.0328315578441698,-0.898228899224963,0.0005551274671892323,0.9644783304995301,1.2272966955171893,-0.2982436744375372,-0.47680216113795465,5
1.8003274322921206,-0.6477796657179571,-0.2794251918192365,0.12961222633844158,-0.8695180137388467,0.373903825180558,0.43154519022788224,-1.1237276023123162,0.010634892700354339,-0.23676319914923316,1.1096528372012864,0.557890996537754,1.3316016957870858,1.463895443896267,1.0527529574460004,-0.6524821010597274,-1.2319009193861754,0.0005551274671892323,-1.1298039798761375,1.2272966955171893,-0.023969804194523645,0.9909968439355661,5
1.4481092680113097,-1.07230014965585,-0.3584197204754072,-0.3976670266942177,-0.4980200573326084,0.4010957332474073,0.6820051801634195,0.6491847764405373,1.2420435211624474,0.034584571201073284,0.7513102298818374,0.4738354259758114,0.3594813320923747,-0.3033827579905745,0.5369847084277338,-1.602383991621343,1.1309438976198862,1.2218355552834177,0.13663161499493628,-0.004479185020135482,-0.10616116824209036,-0.20313640185731774,5
