Capture,NDVI_Mean,NDVI_Std,NDVI_Min,NDVI_Max,NDVI_Median,NDVI_P25,NDVI_P75,NDRE_Mean,NDRE_Std,NDRE_Min,NDRE_Max,NDRE_Median,NDRE_P25,NDRE_P75,GNDVI_Mean,GNDVI_Std,GNDVI_Min,GNDVI_Max,GNDVI_Median,GNDVI_P25,GNDVI_P75,SAVI_Mean,SAVI_Std,SAVI_Min,SAVI_Max,SAVI_Median,SAVI_P25,SAVI_P75,MSAVI_Mean,MSAVI_Std,MSAVI_Min,MSAVI_Max,MSAVI_Median,MSAVI_P25,MSAVI_P75,OSAVI_Mean,OSAVI_Std,OSAVI_Min,OSAVI_Max,OSAVI_Median,OSAVI_P25,OSAVI_P75,CIGREEN_Mean,CIGREEN_Std,CIGREEN_Min,CIGREEN_Max,CIGREEN_Median,CIGREEN_P25,CIGREEN_P75,CIREDGE_Mean,CIREDGE_Std,CIREDGE_Min,CIREDGE_Max,CIREDGE_Median,CIREDGE_P25,CIREDGE_P75,Vegetation_Coverage,Healthy_Percentage,Stress_Percentage,Brightness,Contrast,Blur_Score,Canopy_Density,Disease_Hotspot
IMG_0000,0.49957048719599373,0.6108317773456364,0.36301747447452426,0.5884311577364141,0.48508994693451224,0.6064243977095561,0.4643138447969831,0.19113359796725005,0.4928034219618227,0.26973774029609743,0.3699449352828501,0.18118199635553664,0.24049106385755797,0.1901563608301065,0.5882970563202347,0.5110032880711349,0.29115965298395485,0.6862989010444469,0.5990405641478662,0.5804229243459383,0.6336670784079212,0.49957077917275405,0.6108319200525565,0.36302186665643754,0.5884339347856709,0.4850914902269791,0.6064263573534092,0.46431483271521945,0.5603642060711249,0.8025838671565532,0.5920041004613018,0.625,0.6031413612565446,0.7047713717693836,0.5773067331670823,0.4995705936666409,0.6108317354622324,0.36301898339789274,0.5884321211943346,0.4850903555414204,0.606425289089974,0.4643141269323735,0.5700031591007807,0.5285544496935013,0.2534724715545855,0.5029517827262174,0.5295627340965743,0.512855234447738,0.5618242626162239,0.12370974516757713,0.40428801870773823,0.2289134636461414,0.20676534780082417,0.11119585139640456,0.15375937313765525,0.11447362942297912,0.22252317040652247,0.21442105574799417,0.7052728030642664,0.22912507524876136,0.5950131257803071,0.0004280642047760977,0.14212533909858302,0.9425685355426008
IMG_0001,0.4996502302690635,0.6106709254130718,0.3392695692495278,0.6180943152057505,0.485286230454966,0.6065688032053068,0.46404589836942167,0.19071682620938774,0.49266664592928966,0.278963096740553,0.3812017172629698,0.18080461176083323,0.23981145501216589,0.1890056212055808,0.5885438319574303,0.507335001179453,0.2867959521223904,0.8405876177769782,0.5992784148499745,0.5809331932153813,0.632564635959128,0.49965049570117526,0.6106710666101491,0.33927361610741613,0.618091188073608,0.4852874909354053,0.6065706812192799,0.4640465165496006,0.5604827147274308,0.8022791685545357,0.5666691074174415,0.645833333333333,0.6031413612565446,0.7047713717693836,0.5760598503740648,0.4996502994768941,0.6106710492640712,0.3392708159139075,0.6180933780307813,0.4852865422289563,0.6065696658067108,0.4640460521322669,0.5690282582564568,0.525110657038756,0.2494747446047345,0.7092082686666564,0.529809389736976,0.5133787999258947,0.5606554238854995,0.12342340993994524,0.40430643447233583,0.23719610635538357,0.2147493196400458,0.11094446039862585,0.15327538645157257,0.11371656607325142,0.22304354501159532,0.21412499629925688,0.7049647509759355,0.22743582381383765,0.5871990578664363,0.0,0.1417581257430333,0.9427192865824083
IMG_0002,0.49950852902449694,0.6093170199245586,0.2805805419570584,0.5966747551278413,0.4851144579686679,0.6062204514902316,0.4634991310193939,0.19112786441713503,0.491919193807842,0.30325354594116494,0.37093721945046276,0.181211426972325,0.24059105825299149,0.18951156574628886,0.5887757058261579,0.5099177926842909,0.29849589696394085,0.710599483674561,0.6011995454876213,0.580454883941449,0.634151908974895,0.49950880923234753,0.6093170800230829,0.28058232108214654,0.5966771693620396,0.4851158614006348,0.6062220561832175,0.46349767607699,0.5606415509907373,0.8003648870664276,0.4982792707036684,0.625,0.6031413612565446,0.7047713717693836,0.5760598503740648,0.49950862556661735,0.6093171110726321,0.2805810655482248,0.5966755247390152,0.48511481980448584,0.6062212223813279,0.46349863357868804,0.569902148087683,0.5257891786156312,0.26020793242841833,0.5317653995398449,0.5318032691043129,0.5128881188250027,0.562338411275856,0.12369956973578006,0.4051452725497585,0.2591568809048592,0.20746409175801866,0.11121546278732647,0.15383058341839834,0.11404934389564192,0.22262336675905203,0.21268910797288093,0.7056581958896676,0.2269408644356261,0.5859932910220249,0.0005599694581146578,0.1419004209183088,0.9427277136591679
IMG_0003,0.4988328018449531,0.6045574235500668,0.34334340686887366,0.617023370147253,0.4848925595163805,0.6050869939951868,0.46225256456720787,0.19111407522910834,0.49098873150201894,0.29175960730140416,0.33269077838814454,0.1815807671984396,0.24039524887481,0.1886651165449461,0.5897295659683581,0.5106843374187812,0.2831755761335044,0.7846948234415843,0.6037581332946741,0.5786085408604429,0.6354784275979983,0.4988330957837299,0.6045575415575675,0.3433473477448796,0.6170260806359837,0.4848939375333777,0.6050890897265171,0.4622527461650565,0.5610769848140966,0.7922824554687088,0.5710624588123306,0.645833333333333,0.6031413612565446,0.7037773359840954,0.5760598503740648,0.4988329127626384,0.6045575452030527,0.34334479603748,0.6170241610471394,0.4848929323695644,0.6050879279065764,0.46225261277605445,0.5716350512435899,0.5286831507496814,0.24616306551808753,0.6276558747291942,0.5344624117868152,0.5109949575271873,0.563746218263524,0.12364841980880956,0.4049646306406598,0.24873760671486078,0.18121733206056018,0.11146156558658574,0.15369110855732998,0.1134927279618961,0.22135959986101797,0.21092755425289397,0.7069218648817998,0.22381615583625614,0.5740173363677767,0.0006803816679137181,0.13924730442446193,0.9428316476058676
IMG_0004,0.49826233089811733,0.5995207474116353,0.1455890310578818,0.5649766702657684,0.4843633945247096,0.6054137586047519,0.4614523031623806,0.19016652006934612,0.49061783841628537,0.29909645116663874,0.39727460453243424,0.18133991263647536,0.24002590301337995,0.18700392757468948,0.5920280241423346,0.5067457398492293,0.2826058387024739,0.7363740122300078,0.6074462454171781,0.5796561811939589,0.6361088614452254,0.4982626178405921,0.5995208865322583,0.1455884501542566,0.5649778500409557,0.48436460044772467,0.6054153484579998,0.4614514788923677,0.5612684153228077,0.7885592036930121,0.30248224353811226,0.6041666666666661,0.6020942408376964,0.7037773359840954,0.57356608478803,0.4982624161836249,0.5995208243829853,0.1455888041044715,0.5649771321619976,0.4843636976593598,0.605414524171401,0.46145200706981104,0.5727995692528515,0.5252409287467346,0.24564207209185174,0.5636877479082888,0.5383022917719376,0.512068813913853,0.5644157441476307,0.12300086861185974,0.40573181465219343,0.2553827062457401,0.22637130670803313,0.11130104623332054,0.15342807642735945,0.11240174049079936,0.2189855927341484,0.20577611984486482,0.708539466060525,0.2201743435733161,0.5601690900810348,0.00016437937948086956,0.13676861427450115,0.9435442037629707
IMG_0009,0.7174787304466814,0.62619888161744,0.26506112025669104,0.7885975100307756,0.6645175355873332,0.6880837872436452,0.7482307640503228,0.3500118913829386,0.4478419558043436,0.3378837223684805,0.5742411965348118,0.36523982645241776,0.33263062955531647,0.40407835893718014,0.38903855891375216,0.3457373242033709,0.29475695961785053,0.7631899712428383,0.37896429662152165,0.3762837516198915,0.39489970572356514,0.7174792508588325,0.6261997156888048,0.2650605094265863,0.7886003340284695,0.6645191597476163,0.6880853130696593,0.7482319887937526,0.7881556651421724,0.2942120497197459,0.47865563447316384,0.8125,0.7623036649214661,0.7733598409542743,0.8254364089775561,0.7174788763231748,0.6261992434571886,0.265060915485702,0.7885983638916318,0.6645179288154812,0.6880845679243969,0.7482310839749533,0.31262681791915553,0.2856988365720174,0.25677304369164,0.5984916522696583,0.3149610545359729,0.31465850811498997,0.3260346982547182,0.23833623637532805,0.4148565748862628,0.2908535454832841,0.37451292153542665,0.2454705631125151,0.22239962485289066,0.2718328027724655,0.5304815081167126,0.29423868312757195,0.392951243875007,0.5380055045849339,0.3299532441394562,0.6082449587371164,0.39877534345924165,0.8831857346444616
IMG_0010,0.8076958390133828,0.679535556458182,0.34564876995827154,0.8077939146775699,0.7787000555012719,0.7672623496140043,0.8562777733649053,0.29778651710968757,0.4960212282748355,0.2897457384277553,0.5196815567292621,0.2985095747046035,0.26810945357449983,0.3632244946070233,0.4227727091598775,0.3938827479813637,0.2635728644631903,0.7258923795945345,0.41882680652614496,0.3813602100711864,0.4682719849549031,0.8076962548600275,0.6795363098606306,0.34564807674625,0.8077954033160952,0.7787010921409794,0.7672638136164035,0.8562759932459303,0.8540125296128982,0.3027704798221269,0.5735520246027678,0.8125,0.8502617801047121,0.8359840954274353,0.9052369077306732,0.8076960024098231,0.6795358300154035,0.3456484001968789,0.8077944725249862,0.7787002511862869,0.7672631338526364,0.856277080248184,0.35742191447336663,0.32827994595479554,0.22830644848829262,0.550531165441469,0.3519059999366643,0.3193291894985336,0.3949636402937492,0.2008107470965686,0.4301172167602041,0.24691710154412805,0.3244678259557479,0.19393687882934937,0.1736952519957526,0.2389873508076389,0.6937692413358436,0.4350001480297243,0.2499823033906703,0.46197552283724574,0.26956905198815767,0.5753690250980389,0.5657518463946534,0.8991419363175173
IMG_0011,0.6814197021436865,0.5585242266040582,0.2624261778230754,0.8201490976914503,0.6374840276519309,0.6725596968777219,0.6892711120465556,0.3630245488828435,0.38372073983028554,0.3774988118657068,0.6960746461049081,0.37617683226331083,0.3565389468435557,0.407338446045313,0.41231634103093934,0.296718595819753,0.29863090941855575,0.7411082522119963,0.40617626096996323,0.40803213296601615,0.4054595805417305,0.6814203858227132,0.5585256906610487,0.26242554432534826,0.8201450268092549,0.6374859810681038,0.67256115694452,0.6892716243465498,0.7644782752327921,0.2704723603275516,0.4752873984037489,0.833333333333333,0.7392670157068064,0.7614314115308151,0.7780548628428927,0.681419905127451,0.5585247079128179,0.26242577614883444,0.8201477439370173,0.6374845232300317,0.6725604491667494,0.689271094223872,0.322860571965185,0.2491099485824036,0.2603319169820093,0.5697108149718412,0.34009394599397375,0.34407567322101434,0.33577496783579786,0.24413847542335546,0.3497368408166003,0.32768359446730067,0.5041483638280739,0.25425772308194317,0.24124908075229623,0.27451741432623394,0.45548615431854356,0.18774609941676285,0.44342983884287757,0.6756023663706272,0.4051741780861257,0.5831150675344714,0.29130576479066544,0.8836848048569925
IMG_0012,0.8145492186334775,0.6397262419105352,0.34821326956671106,0.8224515417128271,0.7764775114715996,0.7845045772267386,0.8536032674082106,0.30929218979816814,0.5096671022082417,0.22361079137662054,0.37155939573186103,0.31353937026104006,0.28040668748602593,0.37071525287133344,0.4043228795859954,0.38718345532088316,0.20539062752616521,0.635813088682907,0.39928541927222555,0.375561843130675,0.4406047726560739,0.8145496524762292,0.6397268610066225,0.34821280995814874,0.8224524179285959,0.776479490445819,0.7845063427699357,0.8536026732298636,0.8642419614176117,0.2620041486251017,0.5763344804861975,0.833333333333333,0.8481675392670158,0.8489065606361829,0.9027431421446384,0.8145493639336832,0.6397265097914226,0.3482131475763741,0.8224518525741584,0.7764780234398068,0.7845054677375553,0.8536020152968755,0.3368067838688607,0.31427740039018687,0.17604799235428592,0.4467458114558578,0.33369417786173916,0.3139953215099517,0.3686249275158867,0.21086215840642583,0.45215653416649604,0.1879706602771507,0.20790270478466938,0.20524198013866465,0.18274328161404063,0.2449013860675476,0.6907875918129883,0.42216597092696206,0.25263024049036653,0.4393350670847862,0.2223676156872893,0.4811864032675616,0.5514947878654347,0.8932130196463248
IMG_0013,0.9999999999999999,0.6050939386057512,0.3185889942499194,0.9323804499374915,1.0,1.0,1.0,0.22601698988504287,0.6206266869303703,0.16971541954101266,0.3962181275738841,0.21040424437704242,0.18298180016338134,0.30166802601905063,0.40742116887326246,0.49406381892462703,0.3048987775321881,0.6734408571454735,0.3995556268899568,0.3374116680839092,0.5009426610337143,1.0,0.6050948139400298,0.31858849133440037,0.9323874952814011,1.0,1.0,1.0,1.0,0.1793854137151527,0.5433843450245295,0.9166666666666661,1.0000000000000002,0.9999999999999999,1.0,1.0,0.6050943449954782,0.31858871055246585,0.9323829603128693,1.0,0.9999999999999999,1.0,0.37114236722911736,0.4110916843041625,0.26610107324129206,0.48818342808767723,0.333944750187368,0.2793018635708574,0.42662330514794744,0.15648535652186946,0.5013241981095966,0.14110415672751042,0.22559915689118543,0.13093527363581672,0.11388067005442037,0.1921328241204768,1.0,0.9999999999999999,0.0,0.3129425216816486,0.13319433944097941,0.4656986669473045,1.0,0.9082038528594945
IMG_0014,0.7426043542723328,0.820425333338189,0.15924245828113603,0.8630253363285827,0.7646989983427718,0.6486353421012836,0.8219470492952546,0.32681502265813,0.6351763932046901,0.316413789792497,0.4520635043056198,0.31046930846347176,0.28007539764321104,0.3905838236099425,0.43011202117873426,0.5655338381170395,0.15191813177555957,0.7167742748633108,0.4292265151352642,0.3176815206817143,0.5734444027867556,0.7426053369538721,0.8204272382325652,0.15924192431992124,0.8630322205981882,0.7646981406857138,0.6486368936657414,0.8219497047864817,0.7809259770463608,0.47028777469954586,0.32532767079153535,0.8541666666666661,0.8397905759162305,0.7415506958250496,0.8802992518703241,0.7426046702850078,0.8204260545462874,0.15924229075853935,0.8630277566608315,0.7646985875905036,0.6486361136617672,0.8219480110236593,0.4173534134071403,0.48362198217735214,0.12897467357191728,0.5392819621716783,0.3616781295783722,0.26162788555598826,0.49912644180572585,0.23693224025793128,0.6330221110970342,0.2711481165141092,0.26807373089316405,0.20291887215768223,0.18249808583522392,0.26082174394084945,0.6561665198736233,0.38877046510939395,0.26582142417068444,0.45498461808345025,0.15033570317689943,0.49847460935951443,0.4837347434326187,0.8456168901090464
IMG_0015,0.6922290911978046,0.971436266704609,0.4348994063764082,0.8523920994300886,0.722006904602124,0.5147790628369855,0.8353964330219927,0.350812180307996,0.6684186350601846,0.23248941764499875,0.5219097284762513,0.33766269385106407,0.2962140050353876,0.42694652185542414,0.41572023413999565,0.5603526619643596,0.20203384728200469,0.7851698902444872,0.4047137456715602,0.30042774500654734,0.5553023696841395,0.6922300615707523,0.971438118682211,0.4348998335306784,0.8523972531532249,0.7220072939698627,0.5147805541586403,0.835397592306602,0.7162230868370316,0.6047763367086046,0.6621512777330306,0.8541666666666661,0.8062827225130891,0.6222664015904572,0.8902743142144638,0.6922294024042996,0.9714367680796734,0.4348995665423745,0.8523937149657241,0.7220067847901501,0.5147796960467622,0.8353967296963029,0.4020768034509951,0.47931802668481976,0.17306642214157497,0.6283134926443147,0.33873361434435334,0.24631949306147893,0.4806860845657295,0.2595583387035024,0.6889423336699652,0.19579111831794105,0.32642783182301066,0.22374889641462514,0.1945334069992653,0.2908697926632239,0.6593517942419419,0.3882819670189774,0.30127494238770514,0.5098826081839165,0.23811843712780395,0.5223275226270513,0.5104908265513617,0.822288868955211
IMG_0016,0.6165169487304717,0.9602264873174458,0.1835213289451474,0.9072876976614039,0.6252110434584541,0.4253357471822058,0.765454217298862,0.35601967003304413,0.659435951279856,0.25454862482311347,0.517572600165443,0.3377040648895208,0.29335308023623496,0.43869251894428,0.13339959893080547,0.5124125183701179,0.15537475316262928,0.6418192904053206,0.11746453571838279,0.058275952140000364,0.21905575841247305,0.61651772266535,0.960228576024384,0.18352213207092705,0.9072952391718228,0.6252132027118528,0.4253375785049255,0.7654542579912333,0.6496776295413867,0.6268729412582449,0.36398916306655915,0.9166666666666661,0.7287958115183247,0.5347912524850894,0.8379052369077307,0.616517196325703,0.9602272918211696,0.18352149808674323,0.907290348172419,0.6252116330309269,0.4253367332513975,0.7654539305635751,0.117160399478737,0.3166370275433195,0.13199059783801914,0.4531884225284657,0.09114427439608894,0.04497639721072294,0.1721322812136333,0.2631756102021441,0.6804675662181716,0.21534537577458712,0.32261897009583235,0.22378102874195183,0.19238607246898665,0.30083740961380917,0.5564970062299506,0.2955413447020161,0.3864087418628369,0.6311172651207841,0.2969655825482101,0.48788091631948666,0.39894058946923905,0.8128673971381648
IMG_0017,0.6442838038301246,0.9650791275075219,0.34479160981528745,0.9050799167491768,0.6270130550393771,0.4617760794767493,0.7890871992643996,0.49888817862944185,0.6442609507656709,0.43534057321499375,0.7525640669918787,0.49122629167613585,0.4268063999216659,0.5898386014061496,0.32703434306531,0.47352995312089907,0.3111570018990619,0.6594907520867661,0.31470625704809185,0.25849764360329963,0.3989484878772632,0.6442848137139996,0.9650824927851898,0.34479147334093385,0.9050806825473199,0.6270145468471632,0.46177712295238593,0.7890886186728443,0.6781648807881869,0.5872199579073297,0.57267335432379,0.9166666666666661,0.730890052356021,0.5705765407554672,0.855361596009975,0.6442841723536006,0.9650802449363507,0.34479147841529123,0.9050801534052773,0.6270134043186681,0.46177662996205127,0.7890877915826504,0.2873134860177831,0.37216816100326583,0.2718743623190276,0.4725179454120526,0.25706327610371593,0.20967771825534415,0.3297621563933979,0.3930291840634332,0.8420068026997345,0.382583530041559,0.5745043228112048,0.3531269260128857,0.2993659933858486,0.4418777054721298,0.5826030042745056,0.47182994345264523,0.3774031340039693,0.6801134571687135,0.3202938352031109,0.5900020908146351,0.4934016350174656,0.679739247518226
IMG_0018,0.6137164459841659,0.98360336129247,0.42916011421468525,0.7862504799046253,0.6237336679089496,0.40068828000805173,0.7776982224271723,0.49662664428900277,0.6879866732323694,0.408294952692168,0.7072258509307012,0.49375144560386747,0.40327089403270466,0.6137967513426443,0.2878029465969262,0.4166544070009669,0.4108752343099549,0.5250743167144338,0.27253277762035516,0.23821712859159594,0.3302368081393836,0.6137171305282025,0.9836066268882668,0.4291594342863623,0.7862534077141659,0.6237348717491518,0.4006896635798694,0.7776989110976474,0.6443419507169559,0.6330305331755154,0.6568792560591638,0.7916666666666661,0.7267015706806284,0.5089463220675944,0.8478802992518703,0.613716659582022,0.9836045248242931,0.4291598865777675,0.7862514638540472,0.6237339371623589,0.4006889153950361,0.777698425564495,0.23437954133853267,0.3073044455358935,0.36568649989022184,0.33834386818816,0.2201331376837612,0.1922344807873026,0.26766012109532966,0.3938387950220459,0.8444330796854738,0.3567447615736241,0.5174596401177947,0.3554381296187257,0.2794320603115135,0.4666637048779545,0.5777644900894495,0.2936613672025342,0.37257130422699913,0.7203024517241603,0.44270810302844693,0.5151671287908848,0.3939923895032062,0.655665898242112
IMG_0019,0.7997884769162216,0.8261931266471487,0.2899824379479097,0.979048264568235,0.8187851784780265,0.6886750808283172,0.8838996665572785,0.48879017849745554,0.700804525235603,0.4270890618131553,0.749249320567511,0.47353290617642696,0.3929663573633036,0.6054924106414423,0.2951457121814536,0.44966748287024594,0.3431579791320667,0.6183220662066455,0.28547386551661985,0.23454297075493696,0.35338359954733534,0.7997891590849727,0.8261952566563029,0.2899818299666217,0.9790571822417276,0.8187869267337237,0.6886766311335449,0.8839008009254447,0.8306693265342435,0.4030299237106306,0.5097019843303799,0.9791666666666661,0.8795811518324608,0.7733598409542743,0.9251870324189526,0.7997887418781644,0.8261937781808835,0.28998203910911524,0.9790511480307909,0.8187855709349173,0.6886758691588661,0.8839000536125313,0.24963787044650873,0.33616133809185395,0.301604050162084,0.42833859262923013,0.2313774633263328,0.1890934178619469,0.288308860888729,0.388905548819504,0.8760581373969225,0.3746685898054376,0.5701666959436884,0.33711184207874106,0.27085558598304943,0.45798942298572753,0.7610430117084286,0.5892323178494241,0.21181006163663485,0.5614764863731623,0.34776604583436804,0.5689520417402061,0.6176758148693868,0.6685228083514203
IMG_0020,0.7341078941447942,0.8164794343674617,0.3211765517200531,0.8439172253473983,0.7284738826370233,0.6068897815804053,0.8290596450973361,0.5315342317882811,0.6417051540483978,0.351148652061436,0.666958159938337,0.5325644379150207,0.45229497650949424,0.6358191975481673,0.2756572411021636,0.42010128898147314,0.3209921108478726,0.6028613887570757,0.2554891324775251,0.23467099075425463,0.307139393627064,0.7341086405164601,0.8164820887093056,0.3211760710645182,0.8439194430867443,0.728475247258273,0.6068909681845315,0.829059125305828,0.779518266762206,0.41165820031618405,0.5464596910009518,0.8541666666666661,0.8125654450261781,0.7057654075546719,0.8852867830423939,0.7341081077849188,0.8164804434196216,0.3211762532549445,0.843917988198283,0.7284742063156046,0.606890426569447,0.8290594491934744,0.22505295106548637,0.3144127536186894,0.2809740536491496,0.41249451228241274,0.2054409826944129,0.18920279416024055,0.2473232125437597,0.42379562201691146,0.8359863544206814,0.3031173344371818,0.47062835025406363,0.3917929530367658,0.32151283660572727,0.49010646907529065,0.6621847653062048,0.46092015276667553,0.2954743871074301,0.6064461092000453,0.37828126191030925,0.5622322098004244,0.4988455730134905,0.6304005857754689
IMG_0021,0.5532231922250288,0.7336270454059461,0.3366553577374356,0.7261589531973289,0.5129003284929148,0.43929132870822796,0.6577150181690695,0.40409627611080223,0.6085084664307479,0.3185070065333633,0.740758001643147,0.4106883498581108,0.3480862274619655,0.47959601670343616,0.2551821671389112,0.3974945983270596,0.3164296731658589,0.5745970684823338,0.24142693364012952,0.24170283496225642,0.2614690939469104,0.5532239000038334,0.7336302556571239,0.3366547281856649,0.7261648898769111,0.5129019231078857,0.4392925699828565,0.657715194128793,0.62533320312669,0.46353526925234767,0.5637402064875154,0.75,0.6282722513089006,0.5487077534791251,0.7531172069825436,0.553223423116137,0.7336280927229226,0.3366551893735137,0.7261609770829329,0.5129007393891389,0.43929232850186795,0.6577151589887814,0.19887130219349017,0.27987841676820474,0.2767487633832286,0.38451381620686,0.19341780986508883,0.19521970035953407,0.20787877385993556,0.2985485890981088,0.6472081093986821,0.2730615477028375,0.5591790708614268,0.2826519817583237,0.234533370245572,0.33659516322140826,0.4136590253480611,0.09679663676466234,0.5008481263878729,0.6537291178379889,0.34294332324064597,0.5769077852183583,0.18895881243200816,0.7907772199261038
IMG_0022,0.6837276770586856,0.6936645727362847,0.2673747334066956,0.7660582457058971,0.6357900328342725,0.6119247374839204,0.7623300256228174,0.5161902841438499,0.613472518527798,0.4104216755702419,0.5692162883210972,0.5241142701717167,0.45620091023454845,0.5937623964543097,0.491952949503065,0.3983046443866346,0.5137017786661793,0.6893709458407686,0.48056656757565347,0.4629401272687764,0.5190430227487557,0.6837288294048898,0.6936685705094088,0.2673787258863465,0.7660620515134804,0.6357919742300772,0.6119260635004734,0.7623301758321698,0.7515803737639268,0.3508715060208938,0.4817309804495862,0.7916666666666661,0.73717277486911,0.709741550695825,0.8354114713216957,0.6837280851728971,0.6936657801363559,0.26737600848788423,0.7660594137767482,0.6357905526590317,0.6119254336665367,0.7623300018275619,0.43207112840185036,0.3731268129479361,0.4661524751708015,0.5065284672142113,0.4107530491275082,0.3961365640895892,0.4444295909064443,0.40589991933894887,0.8092051450465381,0.3587655689984577,0.369717939719646,0.38374274977311734,0.32495945473085436,0.4458872321047652,0.5524891521287685,0.19223140006513306,0.3938400069213406,0.6759106563433546,0.3369071910922085,0.5767267954682452,0.3369320242177208,0.6711352021468446
IMG_0023,0.6875663424717452,0.6920655937357199,0.4713807512970578,0.8161233897387827,0.6825471734527238,0.6105522176318507,0.7561999657904167,0.43980229271481935,0.6621460884746022,0.3611564851628657,0.608447724259749,0.4373906845286779,0.3688803631177578,0.5230603679325506,0.3017338883629753,0.45225036297248733,0.3713360616942629,0.6430083039738101,0.28879898519722974,0.2631484987865813,0.3500090801706949,0.6875675088685052,0.6920696106950031,0.47138092817788024,0.81613088668071,0.6825487016953125,0.6105535154699779,0.756201463481937,0.752581452312362,0.3747538663711185,0.6942227429157208,0.833333333333333,0.7748691099476441,0.7077534791252484,0.8304239401496258,0.6875667192724065,0.6920668772949958,0.47138065435707066,0.8161261096652708,0.6825475533743023,0.6105528995938394,0.7562003712197245,0.2551837061727668,0.33225549663455517,0.3280742357514628,0.4544716391924901,0.2342790583772858,0.2137033599310022,0.2852816770530652,0.3376461885192524,0.7762016673549559,0.3124152717018931,0.40822946498191254,0.30534295390232297,0.2511573900164646,0.37647523515032666,0.5558408817279022,0.15411374604020486,0.3536896775022351,0.6703206083081321,0.3115211530539796,0.7134003867751322,0.2939083894481242,0.7480126143975672
IMG_0024,0.7554344185965403,0.6979845960680215,0.6271086837599462,0.7172173526484147,0.7751954582255232,0.6821066250057166,0.8138973875617724,0.37833572928836723,0.710284679424233,0.229946451858432,0.6451248514512979,0.3597875594372328,0.29687562423487224,0.4776512887126463,0.32240818162933793,0.46027383242465636,0.25835030286092175,0.5475915136479368,0.3083421876654717,0.2713216259519301,0.3865800378519214,0.7554355916541804,0.6979882240507902,0.6271078733614677,0.7172211502164627,0.7751970901018912,0.6821081392721041,0.8138992431666056,0.8086734487907186,0.3448079903046014,0.8106465548802811,0.75,0.8481675392670158,0.7693836978131212,0.8753117206982544,0.7554347860128902,0.6979858245943447,0.6271084533993392,0.7172185211026929,0.7751958345160856,0.6821073994052568,0.8138979467554096,0.27706982207319264,0.34555383584582194,0.22357049684226826,0.35890481948012276,0.251437292126111,0.22080096884634182,0.31840243020188674,0.2874886181628421,0.7631534284733588,0.1935484444673672,0.446603462717524,0.24112705501647289,0.19503082499826235,0.3348571674295441,0.6610454358137318,0.22762530716167806,0.25391357238175394,0.6870177454730073,0.3026426222403387,0.68312096708956,0.37630188609959747,0.7829784285561796
IMG_0025,0.8662019231340846,0.7108726519964848,0.5609960827019922,1.0,0.895136629340507,0.8003594345795534,0.9179588663215105,0.3853602240464977,0.722001184070227,0.33186445317233937,0.5577789200280097,0.3691428202524799,0.29179626199040404,0.5050823430013921,0.31459211589167063,0.4179212612726354,0.32497441097980273,0.5461523090024083,0.3007005963742592,0.26917870354216644,0.36260277760757165,0.8662030565041015,0.7108757854428456,0.5609954086960056,1.0,0.8951369075211485,0.8003606031874594,0.9179627925150495,0.8948587828554166,0.2920373328205842,0.7649557003734347,1.0,0.9319371727748692,0.860834990059642,0.9476309226932668,0.8662023163798216,0.7108737950967097,0.5609956340573796,1.0,0.8951363413643443,0.8003601432073779,0.9179599794293027,0.2586904811711024,0.30947249936527194,0.2846680184427024,0.357569476627297,0.2447069939722692,0.2189372000228541,0.2966091393393916,0.2932803363717868,0.7462460824123045,0.2853111087496738,0.3589491439258538,0.24859493988171985,0.19122011559901336,0.35973530448840285,0.8507898543112712,0.4501583918050744,0.13287007542688156,0.635117307333328,0.3228335710474826,0.6658782235884508,0.6365046796751999,0.7615867623732897
IMG_0026,0.9298667846470028,0.6698161194666179,0.610720044135709,0.8414950797146843,0.9581237392099259,0.9003243777878476,0.961755640999849,0.3876237937972276,0.6530671968636022,0.45012844852748857,0.46001635622907555,0.3714721449582887,0.304594402406158,0.49990839497298334,0.3225742467020101,0.3881644057716779,0.4198072347388182,0.559512889553432,0.3201673293375472,0.279300570617263,0.3684085388864937,0.9298679501926814,0.6698187649492142,0.6107193042924943,0.8415031105412836,0.9581243560262803,0.9003264738634339,0.9617579408043376,0.9449904527051962,0.2456144500773979,0.7998096214395547,0.8541666666666661,0.973821989528796,0.9324055666003975,0.9750623441396509,0.929867200639127,0.669817012290858,0.6107197103498612,0.8414978126210015,0.9581237589516933,0.9003254035841237,0.9617563781001005,0.2574810305158946,0.2809054844573842,0.3742602900721952,0.37007866365686504,0.2619064006804333,0.22775862669121522,0.30185870403589954,0.28796305952985757,0.6579582282745353,0.39683878136197537,0.2744107563705939,0.2504656104656057,0.20085806901932823,0.3549823358425508,0.9383517700008889,0.5575539568345323,0.06284000429962067,0.5384917561842675,0.2676582020202212,0.662065672451866,0.7837296942489799,0.7677422737751245
IMG_0027,0.8422613979586565,0.6714015573606147,0.3237617822500156,0.8578269918567765,0.8464284284260832,0.7837298987234639,0.8942288590698282,0.2675330529130419,0.6460155821556799,0.3135896058294678,0.5318793626996148,0.25380764911260245,0.19399457854893337,0.3813622020576895,0.4947612127541209,0.3445595103221514,0.30323154390145524,0.6191566648586839,0.4979781321706818,0.45951832999928854,0.5258945139371682,0.8422615881861977,0.6714014479271859,0.32376111229261184,0.8578349531537226,0.8464284435507146,0.783731682287101,0.8942282123836456,0.8811081845845077,0.27937968454219386,0.5493885919308779,0.875,0.8984293193717279,0.8489065606361829,0.9301745635910224,0.8422614754870823,0.6714015886797677,0.3237616076064165,0.8578299269043357,0.8464282849193401,0.783730792844568,0.8942280007990271,0.41769431391764056,0.31300632732457395,0.26456495628252963,0.42920522219928503,0.42771802789549196,0.3928473289994511,0.45122028550166193,0.18753512332540317,0.501691341489257,0.26856930835920645,0.33528217503123975,0.16129408620522434,0.12135231755277481,0.2533899055631397,0.7880378483641328,0.34640435799508534,0.17972152091214888,0.30801784022056167,0.1688542200991961,0.3601206273622313,0.5674318474962934,0.8657220225733295
IMG_0028,0.6864770874322275,0.6698174530604464,0.36737985267507156,0.7905522702893135,0.6566147095822434,0.6234959267691198,0.7610500468624526,0.28793037245542896,0.5550544211662667,0.2574013140073488,0.3981001755543505,0.27808196578133015,0.2429528158066115,0.360133788167748,0.21898554374150342,0.3948512947956778,0.2874780108391932,0.4444107205664607,0.22878561902503658,0.19305658053469632,0.2570107486289436,0.6864775028639492,0.6698175339279713,0.3673790643532828,0.7905557154859943,0.6566164912863341,0.6234973249578262,0.7610480580434391,0.7549419161518955,0.3537490195178675,0.5965438969026872,0.8125,0.7539267015706808,0.7196819085487077,0.8354114713216957,0.6864772309583688,0.669817542900208,0.36737945514071946,0.7905535143384328,0.6566151496803759,0.6234966387667847,0.7610493727090964,0.16139169275704926,0.23835320115466935,0.2500993167934493,0.2700546746271889,0.18268504152474455,0.1540286084183896,0.2040817628774458,0.19772306094160977,0.4720432161073653,0.21788705798450136,0.2269754733756036,0.17884099288180025,0.15551509166100858,0.23656107993177888,0.5552300071915124,0.12199129585220711,0.37829976221000505,0.433587125681564,0.18027656670030318,0.5761135047951723,0.2770532964283911,0.8819432089933763
IMG_0029,0.7746842213938527,0.6313456305388063,0.3826265992954023,0.8057769974355304,0.7770659264814961,0.7343198980554505,0.8239845803042923,0.263817139083484,0.5415880445282477,0.3855679565307044,0.1945831630539212,0.25054212597582115,0.21400872157762502,0.3474170971575545,0.2420142135536581,0.31389559460486116,0.3420253116206582,0.4018868554617332,0.24294554050174627,0.24528871335003744,0.24009709679881142,0.7746845626548244,0.6313460683848713,0.38262615367865616,0.8057776441065179,0.7770680432755146,0.7343212946729842,0.8239860978944937,0.8310508163278585,0.30211445060192355,0.6120670718312953,0.833333333333333,0.8481675392670158,0.8111332007952285,0.8802992518703241,0.7746843015000751,0.6313458888475996,0.38262624369002696,0.8057772177447986,0.7770664605013564,0.7343206533894977,0.8239850200637157,0.16517409118112822,0.19305333970463617,0.3005457903369537,0.23709461803014453,0.19471193998147981,0.19829628680939992,0.18976165389005387,0.17776912813366236,0.42339646717831525,0.33526128884385376,0.0968626326907443,0.15896528688951247,0.13512852063898245,0.22666213764972937,0.6800504213903051,0.15747402078337328,0.2517401665840826,0.43008359986729583,0.16946908476274286,0.3960864353152461,0.34199956852430724,0.8970838569044912
IMG_0030,0.7613974302286917,0.6652745143910417,0.5609960827019922,0.7653641959961237,0.7788265756922813,0.6829231418555838,0.8195547731052838,0.3671656484550576,0.6527364187037314,0.354048183158882,0.46733903716456915,0.3504386227009503,0.2932371210035243,0.460816590621163,0.5155522659321986,0.3927019217884272,0.3787626921634728,0.6318455806668282,0.5077581323726604,0.478769559373351,0.5601502438454258,0.7613985773357443,0.6652778011443847,0.5609954086960056,0.7653700391749854,0.778827253516518,0.6829246580459091,0.8195564583152637,0.817636159372795,0.31543943078077863,0.7649557003734347,0.770833333333333,0.8502617801047121,0.7693836978131212,0.8778054862842892,0.7613978169804267,0.6652755268641322,0.5609956340573796,0.7653660416155836,0.7788266444840085,0.6829239171714269,0.8195552527833889,0.45358395591153755,0.3645529943460231,0.3350969275077813,0.4425246039624098,0.43732011608099725,0.41143164885951977,0.4855938672258545,0.27168799078817446,0.6732500095322509,0.3058072981160027,0.28031255277944217,0.2337357423172317,0.19229916079427328,0.3199723822496904,0.6765387008411645,0.18146963910353198,0.24977387665856565,0.5842502691770519,0.24651346595274554,0.563310093238717,0.3446710456859316,0.8015058249827245
IMG_0031,0.5526828251552289,0.7088525650984852,0.4968757655104312,0.6547161995594983,0.5736041574318492,0.43320244821514875,0.642537885676745,0.3468530206148074,0.6751583958811718,0.24855352672097775,0.38451411230305377,0.33093562565511153,0.2789584820518497,0.4238122616427089,0.3017730091792101,0.45218187717963454,0.38301804269381234,0.6310174455087068,0.29220449294069634,0.26269547803657894,0.36068176362682114,0.552683884101041,0.7088569106044684,0.49687679634275206,0.6547162998337472,0.5736054101522339,0.43320304991825365,0.6425404368388516,0.6239319231156685,0.4864887117188118,0.7154572746576846,0.6666666666666661,0.6848167539267016,0.5427435387673956,0.740648379052369,0.5526831632117043,0.7088539421710094,0.4968760377570791,0.6547163791658894,0.5736044545959591,0.4332028461774119,0.6425386960436623,0.25349697148545025,0.3209741977018223,0.33912926681217614,0.441647076048181,0.2372562167944501,0.21331080955122894,0.2948761010207199,0.25769418892475165,0.7039501773207935,0.21001346760327788,0.21712286253698548,0.21854246340412486,0.18167212765292756,0.28823202446230933,0.3805053451521934,0.048716582289723774,0.4873043213809124,0.7883757149389212,0.2915689096498613,0.6997786658204006,0.12609647612883682,0.8277552327464968
IMG_0032,0.6656961317624404,0.6668886758444252,0.5006856011903782,0.6400056402520717,0.6609437907617972,0.5827740220623927,0.7323764829581805,0.3860546178843991,0.6645474313954027,0.31620125086244966,0.47109748980322186,0.3822354540718127,0.32464488815385456,0.45816404422555346,0.29195273641071506,0.4862737150330968,0.28362580674196236,0.6247583595867887,0.2797859634691575,0.2486053138577909,0.35551383348286125,0.6656973051673991,0.666892490674672,0.5006851134907846,0.6400068644812587,0.6609451681835269,0.5827754553830305,0.7323781583353864,0.7369669946599946,0.3624816597938587,0.7185326206341069,0.6666666666666661,0.7581151832460734,0.68389662027833,0.8129675810473815,0.6656965211595509,0.6668898173766424,0.5006854097714615,0.640005983222363,0.6609441136535992,0.5827747345589976,0.7323774152202516,0.25424142638276503,0.3515733126672514,0.24657453925531758,0.435051465740696,0.22642591343905932,0.20114686190381742,0.29022295993612623,0.2898594878418177,0.7295193782603491,0.27095403896934833,0.2833671389298302,0.2591685149671432,0.2162029521647439,0.31765287208410453,0.5184256244091243,0.1164105752435089,0.37922654019489865,0.6655642003488071,0.27729497014559107,0.7174044097236237,0.24371032374447457,0.8067278035479866
IMG_0033,0.7249420479725344,0.6076277668802075,0.5031216960093823,0.7205852508286865,0.670962315516545,0.6829231418555838,0.7742663895999373,0.4716695111764379,0.6032066103958511,0.4287491992283252,0.5258278401077496,0.47510244447339545,0.42380558161342935,0.5262985536308977,0.25587499650050927,0.45881188667063155,0.2899676102474076,0.6116035335921244,0.2458039736222851,0.23226508653000366,0.2886035165966164,0.7249432544040988,0.6076311280408446,0.5031212292667848,0.7205790061086268,0.6709633626564411,0.6829246580459091,0.7742685360624176,0.7964427286147767,0.2698305440585752,0.7205828512850552,0.75,0.7664921465968587,0.7693836978131212,0.8453865336658354,0.7249424378560888,0.6076288005557955,0.503121591529331,0.7205833263118828,0.6709625368815435,0.6829239171714269,0.7742667378262212,0.21388015834921983,0.32257584677534107,0.2523798576760643,0.42140530261892706,0.1971507930021827,0.18714906031792156,0.23119269567520098,0.3628410913252593,0.7821355615404,0.3762587807306117,0.32989109598636107,0.33851992571859624,0.29679724803478547,0.37952808750569633,0.5713535395977601,0.18330520768570327,0.36720857617013924,0.6830036324124751,0.28637169425124814,0.7372420749974384,0.34724612934172416,0.7481914556932394
IMG_0034,0.7145508435492758,0.5733942081301933,0.5211446937937123,0.6889273593517049,0.6620357333030069,0.6721786028647275,0.7603052284782794,0.483239016195043,0.5676440487042793,0.4406588806849787,0.5993085989652966,0.48191533445008977,0.436498561775834,0.5350944234967349,0.25110665103107677,0.41961861032757797,0.4113670653946251,0.5309200083379073,0.24346202660236926,0.24604881527957168,0.26692514844815385,0.7145520766689593,0.5733977950768177,0.5211445936394168,0.6889312289676424,0.6620366643380882,0.6721801346130075,0.7603054274128518,0.7917142038448025,0.24598087349617248,0.7347880207951966,0.708333333333333,0.7581151832460734,0.7604373757455268,0.8354114713216957,0.7145512715204976,0.5733953886863827,0.5211448504180027,0.6889286718477079,0.6620359228344705,0.6721793798888517,0.760305281775443,0.19848054906387572,0.28288307365839543,0.3661578994950214,0.3436147805371287,0.19515232824726284,0.19894919017271834,0.21253833582059198,0.37039501524334234,0.7532195465092857,0.3876997964964666,0.39903290816792464,0.34466035418598856,0.30771779725171017,0.3878795055126447,0.5553366678248504,0.14271545726381854,0.3754355332185021,0.609693591714854,0.22393109585231546,0.47425677532872795,0.29089723993261635,0.7384563093523699
IMG_0035,0.6135679577437343,0.6406603730954421,0.4141464846914835,0.7079557424706588,0.5770608891035207,0.5248048453333963,0.6883129169152107,0.48197273656785444,0.5685549068231692,0.4134919046005259,0.7124383996102344,0.4790617488535794,0.43319197140534105,0.5330927957898195,0.49102551281225104,0.4064428474762477,0.24040896293605574,0.7940361880251925,0.48664793893722746,0.472166210856634,0.517205967983799,0.6135692789915781,0.640664899193722,0.4141461692030064,0.7079623004094966,0.5770629327385245,0.5248057896310703,0.6883151070791105,0.6955857767604716,0.3462111469943009,0.6428205315955187,0.7291666666666661,0.686910994764398,0.6302186878727634,0.7755610972568578,0.6135683802965073,0.6406617972057049,0.4141463397732248,0.7079579697563259,0.5770614575951651,0.5248053604250701,0.6883139132108441,0.4319634952447731,0.37205867733379455,0.20736907360291346,0.6406908012610483,0.41665960150784737,0.4050353350332394,0.44261367941722374,0.36968494088038545,0.7614980186520723,0.3616865138559806,0.5237758412378761,0.34208284354259977,0.3048589679714264,0.38597140308316835,0.4517530321517167,0.1015483909168961,0.45242364896219234,0.6207664264030928,0.22491752265740367,0.5013860489378896,0.1926722574900049,0.7408243179217706
IMG_0036,0.5987453569352132,0.6642367732240619,0.34051278992087974,0.8200118252013842,0.5824930569341761,0.5018028385856825,0.6715781398029854,0.3059134947186263,0.5782800566889628,0.30284180385707304,0.35859198168553785,0.29233986633230497,0.26471574451473506,0.3619924267708418,0.18406347436936238,0.40234176226880247,0.2832065873975895,0.4413152456046894,0.17749009335978608,0.17850120706877032,0.19785963178027688,0.5987462762164829,0.6642393663359185,0.34051240509528125,0.8200188070386702,0.5824945804677679,0.5018036959520846,0.6715796985595783,0.677465258554384,0.3920726858447432,0.5679871128359083,0.833333333333333,0.6910994764397906,0.6103379721669979,0.7630922693266833,0.5987456620194624,0.6642376549755149,0.34051270511003695,0.8200142574887317,0.582493443266759,0.5018033300220722,0.6715786431475838,0.1341321500479193,0.2467191393715102,0.2461912203437988,0.26758877641206313,0.13985121659169,0.14189828752130818,0.1545778453454232,0.2149948542912559,0.545834850018037,0.25878273141135066,0.19883977093033384,0.18934510996962964,0.1712170261267953,0.23801917223251617,0.4256696590899908,0.12475945169790092,0.45833038389844505,0.5667702392568932,0.172509561791988,0.4447578236202763,0.1923188146352883,0.86877075167652
IMG_0037,0.6625909573039501,0.7153343440264819,0.3824539826427187,0.8357680714291362,0.6621961664322049,0.5642020918053604,0.7326987173434657,0.25954494188788946,0.6619637582042248,0.2828128018782108,0.4355379755615929,0.23093871446841635,0.1999353930292433,0.3313290540176078,0.2094654629839116,0.46081188445569643,0.37132150152758836,0.4831889909462608,0.20636927443765776,0.17130184446737812,0.26663671587054794,0.6625918504277049,0.7153361857463332,0.38245353554100303,0.8357751929244301,0.662197450002247,0.5642035962297706,0.7326986126555453,0.72800576602166,0.40685963725908925,0.611920626784799,0.8541666666666661,0.7602094240837698,0.6679920477137177,0.8129675810473815,0.6625912545401278,0.7153349816418006,0.3824539110482732,0.8357703919484005,0.6621964715838813,0.5642028174955195,0.7326989689757699,0.17004368708828416,0.2945285790257746,0.3280605457903367,0.3018858655276968,0.16382610662716993,0.13593092785030153,0.2122917103698345,0.18628645078638179,0.5968635106817504,0.24066171328010633,0.2551422388205848,0.1451395645702082,0.12541473570148914,0.21432944773091459,0.5198978643632279,0.21865470586493765,0.37492298697791737,0.527916937246959,0.14922601611916558,0.634436780173516,0.2906080594151209,0.873803589185626
IMG_0038,0.5036404554097343,0.9634597342629645,0.5179855552015784,0.7815871686900997,0.43843721100597105,0.29826614371470833,0.6799924070107081,0.4699677791684185,0.6293258465736669,0.4763044097577205,0.4892927365269206,0.4759496503250317,0.391644403939042,0.5742553161753441,0.15521124505965594,0.3565196282009965,0.3625366155100571,0.49821849948911456,0.14431498428737516,0.14776394963276718,0.15179718338406434,0.5036410119773836,0.963463289510345,0.5179850047864867,0.7815864975887923,0.43843865565321916,0.2982664296456577,0.6799939627923648,0.5410896065433191,0.6571053774937851,0.7322984550047594,0.7916666666666661,0.5570680628272252,0.3976143141153081,0.770573566084788,0.5036406294353173,0.963461002069907,0.5179852362899355,0.7815870118632531,0.43843759498594864,0.29826654891636,0.6799928597579967,0.1000176040603909,0.20996482479102013,0.3197786359116095,0.3147100062555651,0.1127468950597273,0.11656953585791135,0.1171202490502288,0.36002112101807066,0.7117208766088106,0.4222956194497267,0.29840232493537616,0.3392809994552919,0.26976186633524923,0.42614209794771585,0.447717704857099,0.2071083873641827,0.5021655406379694,0.8130971568409955,0.5026421797676368,0.483875596970132,0.3020238046057735,0.6954435732303608
IMG_0039,0.569410920464599,0.8323974154746432,0.5213953687121315,0.7630375920164956,0.5274720481843678,0.42920386346875333,0.6827025227123757,0.4631830130992699,0.5775125471045834,0.40313934168941934,0.48806672476153423,0.4524128228692822,0.4022165528157443,0.5416559686703484,0.1939456679170289,0.394932184225011,0.4338290534322189,0.4805136430890977,0.19113114941848816,0.17266792925202634,0.21938145482704463,0.5694118928253165,0.8324008347418268,0.521394777116702,0.7630383412320749,0.5274736020338335,0.42920456296352133,0.6827025925096328,0.6280834352041902,0.5183527270744842,0.7350809108881892,0.770833333333333,0.642931937172775,0.5387673956262425,0.7730673316708229,0.5694112332947355,0.8323985470501039,0.5213950518830672,0.7630378864835032,0.5274724546251687,0.42920428020808404,0.682702751603974,0.14081592193788695,0.24043930391668827,0.3877777060274572,0.299632358299032,0.1511310789880298,0.13706156202881653,0.17240371278185054,0.3506801279960213,0.695790068319557,0.3518530292770312,0.2973762047270337,0.3183965043822092,0.2785503500194741,0.3941664080781403,0.4490186413697811,0.22746247446487253,0.48022567764905155,0.7134666723026948,0.3070659701226916,0.3917098421330821,0.31124544999701637,0.7296874678132486
IMG_0040,0.6013656327402301,0.9241205628319911,0.3965357783974488,0.7294214261052301,0.5803628347960204,0.4329926972157344,0.7484444788646938,0.4757575216580555,0.6289590329719195,0.3519347960568111,0.4974546265131745,0.4645393266196397,0.4036773484061473,0.577358460271414,0.2077498050388699,0.44271896571391245,0.4978816848419778,0.6915507591642918,0.19483671497076835,0.1562863200917568,0.265749102986396,0.6013666281929739,0.92412477467182,0.3965351703814357,0.7294240542083164,0.5803646960900627,0.4329940999196915,0.748447039899474,0.6434197047620576,0.5814892282919081,0.6258329062019476,0.75,0.6910994764397906,0.5427435387673956,0.8254364089775561,0.6013659745163484,0.9241218017300341,0.3965355850492589,0.7294222119556522,0.5803633238915131,0.43299335964627833,0.7484453398081242,0.16501823762352333,0.2831357638153608,0.45044053261697803,0.5090774969848971,0.15420902040311193,0.12355356169425374,0.21153285055789836,0.3668460428469169,0.744711128433091,0.3038462923630374,0.30528347351668855,0.32908966863863515,0.27977219412306287,0.4292518315172652,0.5300096156177024,0.25394499215442456,0.421927803077375,0.769611316467961,0.48878502656287176,0.5123132424001571,0.3736533597726949,0.6949548027783137
IMG_0041,0.6446324011116538,0.8731795354282279,0.27295283207657395,0.842976524427475,0.6131721306297543,0.5020915753946907,0.7660596956524686,0.46301394862372147,0.6176170476196465,0.3056179790264917,0.5416070394802124,0.450994070935971,0.40391557492922453,0.5437907921082146,0.2317407631630635,0.49631188943930027,0.3548566003221012,0.5647095386627354,0.22519524754992526,0.16906310885509868,0.30856176877040187,0.6446336464607965,0.8731836110585647,0.2729521481086188,0.8429846553658487,0.6131729217476659,0.5020930484264248,0.7660621107410646,0.6929153993066751,0.5071867618677212,0.4887603426814088,0.8541666666666661,0.718324607329843,0.6103379721669979,0.8379052369077307,0.6446328051975192,0.8731808279522175,0.27295247393993094,0.8429794175257292,0.6131722376823763,0.5020922753076692,0.7660604139761736,0.20081216165602472,0.3379334028854906,0.31256015188107833,0.3750138394186434,0.17964951494480508,0.13407961439713234,0.24856806487557462,0.3547488182801418,0.7487939034443885,0.2613064064263897,0.3440568650726113,0.31715460771645393,0.2799716504710797,0.3962224760190123,0.552390571846441,0.33765580128489797,0.3984424362070005,0.7025158618535678,0.30735196838722173,0.7925283540402877,0.4339406124200737,0.7273924939090963
IMG_0042,0.735021711120884,0.7529174801375305,0.4403713119584842,0.9076661304620175,0.6924292354278523,0.6401601985776323,0.8203399341752174,0.4932000453982498,0.5400686633814356,0.4382291022972373,0.4967630843954143,0.4984410952651687,0.4405293067815852,0.5677528095846313,0.23223195205157598,0.38084891817033084,0.30462062162078896,0.5121454436946196,0.22860086334186344,0.22633766369904934,0.2441922044669509,0.7350228760345121,0.7529207688739834,0.4403708695046369,0.9076733127769843,0.6924316832146336,0.6401616375369351,0.8203422869845549,0.7896132845661419,0.34875580670968387,0.6671304093139049,0.9166666666666661,0.7832460732984294,0.7335984095427435,0.8802992518703241,0.73502209811203,0.7529185725122778,0.44037117350869837,0.907668654447134,0.6924299244846011,0.6401609341944977,0.8203406794037412,0.17184214713784846,0.24520078103894366,0.26584458019605073,0.3268485650999283,0.18252856517347502,0.1820999336428461,0.19321652390520075,0.3746118422624012,0.6700825817294773,0.38536086196217934,0.30469726785733114,0.3597476082758647,0.31121612728279624,0.41966352593138956,0.6337839475746827,0.41319536963022174,0.3302632993296263,0.677773890353609,0.32392280092575637,0.567238175165184,0.4899911409777974,0.7006655517956228
IMG_0043,0.6311193932643673,0.4182601103979746,0.49062137341085865,0.7571412443872023,0.5650886456869637,0.6581070300560385,0.5880074774266545,0.45495554069068983,0.23044466772064665,0.4620746366709503,0.436856867006175,0.4701041412185262,0.48111024877915076,0.4632362495844226,0.21251861343306253,0.12282165010448964,0.4519103222316163,0.38211772069196037,0.21393290515500843,0.3150016030751491,0.09396269128615531,0.6311205004115072,0.418263130243552,0.49062164529906127,0.7571405687035297,0.5650908790452043,0.6581084023690529,0.5880090358276644,0.7375780664967575,0.1627245862026151,0.710331698030314,0.770833333333333,0.6764397905759163,0.7495029821073558,0.6907730673316708,0.6311197733900751,0.41826104458940283,0.49062136585563376,0.7571408149489676,0.5650892596667308,0.6581077490767355,0.5880079392690845,0.10364177638056239,0.0536934708559092,0.40531351302483554,0.22241742085954053,0.17016473625829795,0.2592412386368117,0.07138578457920927,0.31301260961329724,0.2951903505746326,0.4084209646432062,0.25616280586696766,0.334044117803989,0.34727910787111693,0.32209427460217843,0.3443748636440767,0.11857180921929122,0.5705989843457105,0.9305443336377981,0.43773172173282543,0.4205971475310511,0.20674570934144876,0.8516038599756925
IMG_0044,0.78300359212077,0.6164321533370287,0.5430316815019678,0.8408240917832424,0.7026708826846937,0.7544075852860359,0.8132891483260398,0.39143035505410434,0.45949749482854574,0.34741996909100514,0.41123406760794134,0.4016246352145122,0.37607772710766296,0.43579784110991604,0.5280536446029623,0.32153552589757484,0.48540948388747385,0.5436843315750837,0.5306131789659707,0.5391295159337275,0.519620504344612,0.7830047620084566,0.6164347080694674,0.5430309939814939,0.8408280836939577,0.7026726626562569,0.7544093704356326,0.8132903386384406,0.8453839036585307,0.21419604458304997,0.7516292011422713,0.8541666666666661,0.7916230366492147,0.8250497017892644,0.8728179551122194,0.7830039709124329,0.6164329361958174,0.543031460645881,0.8408252681326194,0.7026713292095093,0.7544084660249234,0.8132895204198171,0.4457564884579907,0.3056717991871785,0.43811956760386916,0.35528673818092527,0.45996724982447756,0.4709729931827607,0.4450010089948099,0.2743137080404862,0.4702101778657326,0.29966328768694694,0.23668370200327277,0.275094932648982,0.25699318737865207,0.29836885992697393,0.6044409609153422,0.5184000947390236,0.3443484894960792,0.5674875064998379,0.28430701318945045,0.4501270502153001,0.5531242971306867,0.8469474318951746
IMG_0045,0.7953805625458492,0.7451800713277787,0.3396759376193881,0.82202478899571,0.7525595181827568,0.7031442926641785,0.8713313986404881,0.3228423389536076,0.6349564410264412,0.22838616606608442,0.4487508741271071,0.307219173334897,0.27357212766812994,0.3856284208866728,0.5298566998035068,0.49343814406159303,0.39697500246293727,0.6695514496808919,0.5326691252832256,0.4662160656865827,0.6298197490568767,0.795382016334303,0.7451833900218616,0.33967639176194053,0.8220310020356232,0.752561656666275,0.7031458173390764,0.8713331767435732,0.8401698464239555,0.3119608448083456,0.5671084425569305,0.833333333333333,0.8293193717277487,0.7852882703777335,0.9152119700748129,0.7953810205361685,0.7451812269704488,0.3396760255752582,0.8220267787069235,0.7525600663366716,0.7031450770249503,0.8713317704946499,0.498762787055441,0.4545824782520161,0.3524005217683297,0.4837788918588989,0.4620190197100497,0.39929123718780946,0.557748880733623,0.23378257647293582,0.6305187390240474,0.1921734506364987,0.26545610917447,0.20046728229518251,0.1777012964649109,0.2568188679076933,0.7023651187407581,0.5920448826124285,0.2741296545359686,0.45228762866247885,0.10053382032913244,0.414212743241935,0.6356830397921572,0.8497648845584118
IMG_0046,0.5760514592338349,0.8656181610038596,0.5334057646346557,0.7979553207695695,0.545781580432433,0.4074111982701829,0.7101223080642142,0.45286111425182246,0.6477965035535989,0.3555784634552228,0.5246718995940101,0.43245739665957456,0.39428714262874004,0.5161197745470343,0.5582555613613015,0.5383056411074233,0.4533319239596243,0.7899674186044132,0.5642639390199782,0.46708352360545646,0.6900815070149097,0.5760528598197233,0.8656225418044556,0.5334049943052941,0.7979590468093782,0.5457828817997677,0.407411819947811,0.7101245947883106,0.6289251451819402,0.5447124725042843,0.7443069488174562,0.8125,0.6596858638743457,0.5149105367793241,0.7955112219451371,0.5760518846530654,0.8656196447145914,0.5334054516564999,0.7979566159575948,0.5457819001172368,0.4074116056529483,0.710123029526965,0.5457021758015888,0.508186514346703,0.40669723230314236,0.634985475844306,0.4938515445424311,0.40012747920296854,0.6227150654490665,0.35084486206988724,0.8252664541403725,0.3072280880227254,0.328867144981909,0.3011019135453055,0.27194980558917736,0.36997086624347375,0.4826781515389028,0.19723480474879354,0.4557768287151739,0.6225950599674743,0.15481111343169845,0.6385036204339382,0.30727954575707916,0.7512158399080138
IMG_0047,0.5580770667178536,0.9083656905084689,0.38769192496760274,0.7963467068219816,0.5227332782856359,0.37344646559180433,0.7038890250470184,0.43483052533261435,0.6536405910016443,0.2917249342837964,0.5595551557157212,0.4148049766514304,0.37360595495179805,0.49884537818577984,0.5663078656868632,0.52625417930564,0.4058408203160089,0.8382664155240196,0.5733223771222719,0.4791033651986,0.6917290062816535,0.5580783404412528,0.9083698912447444,0.38769131138450463,0.7963495250944526,0.5227350308326386,0.37344671331172474,0.7038920944546527,0.6048354299771191,0.5887381718212473,0.6171926484586658,0.8125,0.6387434554973823,0.48111332007952284,0.7905236907730673,0.5580774770655392,0.9083671257793544,0.3876917291820803,0.7963477729064166,0.5227337547064737,0.3734467452239293,0.7038899382696935,0.5505421702588077,0.5017667060992659,0.3608666003693708,0.7056441721886001,0.5030847956142296,0.41175562596429455,0.6245258322611933,0.3347248018892053,0.8132849065690833,0.24870626085711578,0.3606083245975877,0.28610832933951824,0.254984206181301,0.35400934487712166,0.474995353798169,0.2341682209787725,0.4688421698402586,0.6242571500523879,0.1836742973382653,0.6073448355823354,0.3246395571406932,0.7669360834318053
IMG_0048,0.6800609158474602,0.8899735850966992,0.19177075493131523,0.8351680259205603,0.6340572288792008,0.5263200969387147,0.8067689026013327,0.44150592306544717,0.6310240451018685,0.3330134969721954,0.6324313736739953,0.43058153118922227,0.3817965654521077,0.5077401340155323,0.5373256601472409,0.47331776233968037,0.43528715012344943,0.7073750081466956,0.5381585350851612,0.470130402279843,0.6246700655559968,0.6800621553328023,0.8899769292941064,0.19177028925948525,0.8351736722544052,0.6340589374680942,0.5263211098573287,0.8067719424155869,0.7248558009120665,0.47745732874417446,0.3765834370652412,0.8541666666666661,0.73717277486911,0.6322067594433399,0.8703241895261845,0.6800613616582453,0.889974790749781,0.19177066956793398,0.8351699869448361,0.6340576619637794,0.5263206564591317,0.8067697994478455,0.5024964171198953,0.4514760985600634,0.38918725542109556,0.5278719872044991,0.46750868393596867,0.403067908933591,0.5523094016780422,0.3376187694069974,0.7776925072071561,0.28636819778213596,0.43304958266469423,0.2994951548956032,0.26166056861638887,0.36218801252989463,0.5995038664479585,0.503508304467537,0.37287018029567753,0.6131072717046722,0.21890552538361024,0.5352258956317346,0.5356724824081852,0.7627628077521615
IMG_0049,0.6668491944711117,0.8845743766051533,0.3709402826766919,0.8812663244445185,0.6120868114746124,0.5062845739100394,0.8013528970379863,0.42232051565714995,0.7100208727931336,0.3603725082310909,0.5917498390477456,0.4219021994519487,0.34287634293809965,0.5088208477278335,0.5165749916434733,0.4792673437723224,0.4239773042929236,0.6885339233785115,0.5078122430472285,0.4526451789304158,0.5983809679622235,0.6668502609177791,0.884577123002138,0.3709405826933958,0.8812699524611243,0.6120882142766455,0.506285710512957,0.8013544575999793,0.7145612317180521,0.47124606601584207,0.6002050230650947,0.895833333333333,0.718324607329843,0.614314115308151,0.8653366583541147,0.6668495292673642,0.884575310004091,0.37094026695329196,0.8812674964285274,0.6120870058212388,0.5062851555027009,0.8013533187249811,0.483066906779234,0.45420191856041076,0.37827299848893814,0.5055520938528227,0.4373733256827415,0.3862586855586498,0.5248074734211624,0.32686919064971265,0.8191106499915266,0.3116856468428941,0.3915318878828748,0.2921027276433108,0.23042230750280168,0.36318750262306254,0.5920198453420816,0.44340823637386384,0.3850192303154716,0.6038949029910183,0.23242076786425353,0.4422882879097157,0.5039085271531325,0.7614032393683063
IMG_0050,0.8485086707752816,0.70193223896914,0.3237617822500156,0.9064625252691201,0.7909550318945326,0.7938905542652541,0.8932862150296422,0.44997607962892006,0.7181850534392571,0.30914962590647854,0.6479352259468669,0.4449112074087121,0.3736190123715548,0.5360778041209986,0.5199150452237077,0.5297192237538498,0.37123773329594334,0.7509082555514679,0.5174821202469712,0.4305777651808633,0.6344137113166544,0.8485098843981532,0.7019350149357071,0.32376111229261184,0.9064647072243099,0.7909560476997337,0.7938919686964713,0.8932879976803779,0.8863032320579793,0.25964879188391754,0.5493885919308779,0.9166666666666661,0.8586387434554975,0.856858846918489,0.9301745635910224,0.8485090785473071,0.7019332044188438,0.3237616076064165,0.9064633002204894,0.7909552220733608,0.7938913372595017,0.8932855374276792,0.5030077678856458,0.49923084257523337,0.32798150563742245,0.5823427562191211,0.44691991157271105,0.3652680046502249,0.5626161440764826,0.35391544685811954,0.8714316787898901,0.2645212464891529,0.44964486010825805,0.31185151687113183,0.25499482691766995,0.3888186032055724,0.7284226346792505,0.8625692038961422,0.23647258074241861,0.4244664481494731,0.11411370979542906,0.45461621981913897,0.7417067158732564,0.734717496296768
IMG_0051,0.4432127514804898,0.7340128643589918,0.48902805401378124,0.7814861361374112,0.3632772571711221,0.32909442203659206,0.5318330483872906,0.4082512204148097,0.6269114719679107,0.20856520219286834,0.43136991178076434,0.415760860311025,0.37089642353638597,0.46634726060828846,0.2555979544016172,0.5001731414756562,0.3249148466615903,0.6758786716011853,0.2414500956308209,0.21482888639174852,0.3045833841383164,0.44321374767843913,0.7340173434479509,0.4890283121951331,0.7814921988274741,0.36327846800399327,0.32909555535657914,0.531834005789063,0.5168046820462447,0.49366767338353823,0.7090136926118473,0.7916666666666661,0.4795811518324608,0.4314115308151093,0.6408977556109725,0.44321307659302717,0.7340145531995124,0.4890280639603941,0.7814881750887781,0.3632775751410874,0.32909494688046365,0.5318334696415247,0.2261127039589013,0.36378882605049817,0.28461300029704617,0.4909586196207959,0.19343758434904046,0.1723394325421268,0.24508890719879914,0.30402699769757724,0.675553821683416,0.17478339123054054,0.25192999493143814,0.286913036642473,0.25278778114818756,0.32483097563385577,0.308334882067277,0.11534476122805458,0.6378500323782409,0.7603447403891062,0.2757405118265626,0.5767697988619384,0.17448601605640396,0.8017895365669587
IMG_0052,0.5345277268101727,0.6031340685983226,0.40677875749010317,0.7187280089470915,0.4638887810022905,0.48721850479324613,0.5695178780006475,0.43570694015351924,0.6178167156969647,0.30569049230850776,0.4304643936932111,0.4378447971939,0.4044437384727061,0.48741981556932695,0.23236851485580667,0.5138370760198946,0.20734717355964527,0.5692030134963142,0.22370497820078866,0.19243203235811762,0.28452588502075127,0.5345289043809214,0.6031381740644888,0.40677887221688547,0.7187334446371092,0.46388971060663114,0.4872200122565866,0.569519035666517,0.6271266105619799,0.3551806021100209,0.6357911693636962,0.7291666666666661,0.5821989528795812,0.5964214711729622,0.6758104738154613,0.5345281043057082,0.6031354237101372,0.4067787090224435,0.7187300421192346,0.46388899333189254,0.487219259190524,0.569518258315255,0.20702096959601732,0.35879008811541374,0.17778765062185986,0.379313024987073,0.1783912081689062,0.15350625273337642,0.22766671744875064,0.32865891627666577,0.7121975100798059,0.2613724328075975,0.25123480846862406,0.30573447030391965,0.2804140054920828,0.3436265611559386,0.3384923681084706,0.09358439174586257,0.6026796599104945,0.6357747158049127,0.2245059081167508,0.7159153414276992,0.18241323436933402,0.7822911536293546
IMG_0053,0.6031828632680913,0.6039937236971058,0.2472035467645166,0.6438756262920089,0.5405368198837595,0.5559256159530045,0.651315518778978,0.39674265407525544,0.6207457851989635,0.34679535468246603,0.41930731040670954,0.4012108442461126,0.3583811333108303,0.45415153015554577,0.2526362132225567,0.48369632796986817,0.1906394768475388,0.4807290928863326,0.24404307526637803,0.21782842349639997,0.30437786282740864,0.6031838920165477,0.6039968797714896,0.24720412207599862,0.6438701851623536,0.5405379529063216,0.5559273711565472,0.6513150478414522,0.690830355563273,0.3287484383096835,0.45537087208025184,0.6666666666666661,0.6534031413612567,0.6600397614314115,0.7456359102244389,0.6031832214358093,0.6039948339873682,0.24720378891093242,0.6438736820580013,0.5405370832135045,0.5559264288035011,0.6513149763540199,0.21612683728134852,0.3314417604161008,0.16297201307003828,0.2998134059855818,0.19564793222185767,0.17487785351021756,0.2449094417187848,0.2933609037329911,0.6569273639971718,0.2990850566515242,0.242743069382724,0.27475165030921733,0.24272025542519648,0.3141574657068653,0.4136444807162423,0.08668620659028332,0.5165102810745906,0.583459302984398,0.23674585232841344,0.6523424989732972,0.21270374603524328,0.8088102278494287
IMG_0054,0.5366940004806051,0.7175600095423766,0.23082633030111888,0.5934379796300804,0.5222930559068755,0.4255296045824603,0.6374903733604287,0.29702839844572626,0.7391800044545698,0.1951365758494763,0.33226682380184025,0.28895848466743346,0.22171449424732403,0.384342815457139,0.29597672825794874,0.5468669853958256,0.2796157099281995,0.5605621300659656,0.2842217854214692,0.2133399745165402,0.4142387432698552,0.536695000951292,0.7175636502953151,0.23082937374026846,0.5934385047613553,0.5222942570300523,0.4255307027047799,0.6374921637818702,0.6081092608844765,0.49610269033231325,0.433184447536062,0.625,0.6366492146596859,0.5347912524850894,0.7356608478802992,0.5366943257264276,0.7175614184744379,0.2308276288797413,0.5934379576762754,0.5222933461813765,0.4255300402534532,0.6374906906666229,0.2739054398994936,0.39182976499723016,0.24291079569670293,0.3710718491925995,0.23028614108158116,0.17108083524338596,0.3439180345259679,0.22055639486396383,0.6714914714292177,0.16308160460557364,0.18093412080062193,0.1868404958385672,0.14050174844885904,0.2557838735272433,0.38514831484279677,0.039597951268614734,0.5149765749326874,0.6922071203450217,0.286543798893054,0.7102390148314051,0.12740467370798275,0.8424136645985996
IMG_0055,0.5436535445688642,0.703753415218388,0.5287628843734966,0.6170743256955653,0.5546332477940294,0.42026765488627654,0.6442981452379791,0.27518357250742076,0.6455657057272159,0.20368047414017987,0.4434593189356506,0.26437315645214976,0.2082553057319555,0.3564721800968016,0.29157022094664,0.4101443583942165,0.4422677100318224,0.40495620713558944,0.28656746731688604,0.2637858005318184,0.3351331961793995,0.5436544597516961,0.7037574734957708,0.5287654587721886,0.6170770371094911,0.5546354252651652,0.4202687977291562,0.6443008132613021,0.615976849108931,0.4870273148895926,0.7407922677015449,0.645833333333333,0.668062827225131,0.5288270377733598,0.740648379052369,0.5436538287972152,0.7037547863174243,0.5287637768093516,0.6170750941742158,0.5546338589958338,0.42026825595260375,0.644298789983989,0.23234801213351658,0.27819980575656816,0.3959467383021864,0.23940929115944487,0.23233122394359476,0.21425571298691498,0.2720055387035254,0.19532855532373966,0.5560706668134905,0.17051924302198973,0.261301389578997,0.16888004255221267,0.1311418799578976,0.23369698480821322,0.3824769507987427,0.034742576309322905,0.48795450791628336,0.7724893815556673,0.3422378378692101,0.6380074398476382,0.10373777294280194,0.8703438060049478
IMG_0056,0.8559642270163256,0.6256530314049549,0.3788220521158445,0.8355284485704773,0.8541260646342154,0.8389004574426349,0.8913262140982672,0.2942584630496489,0.543386757009106,0.33183794831753355,0.4724669360098983,0.2834877534438587,0.24444953877065928,0.3693474329189118,0.31550897144511075,0.3470625641639008,0.46888539654992156,0.521697679767271,0.31782437746684566,0.3045344479270715,0.3357899520421508,0.8559651247399085,0.6256549203987469,0.37882150325577024,0.8355315389821416,0.8541281323766856,0.8389023700790329,0.8913254544367935,0.8949503908260392,0.25717228665370373,0.6082595006223914,0.8541666666666661,0.9047120418848169,0.8886679920477136,0.9301745635910224,0.8559645541898435,0.625653688610488,0.3788217954654085,0.8355293589715673,0.8541265456636637,0.8389014042200496,0.8913255652843376,0.23937844393385407,0.23771782630660682,0.4218855984191969,0.3353202957878195,0.2598269274115473,0.24995082465824586,0.2725893997318387,0.20173342631480037,0.4631802945626661,0.2852868768454595,0.2844844524697276,0.1828060983600182,0.1565845700861042,0.2438178753573561,0.7932383622744571,0.3104627409183764,0.16599288465218953,0.5086087351016968,0.22216022815731357,0.6378958244820901,0.5325190377174018,0.8784272453009685
IMG_0057,0.6545532716754849,0.5970969919201139,0.47621444065223706,0.8122448378954656,0.6013870091338747,0.6293008181327532,0.6863488591774461,0.3794608560786611,0.46744036346842477,0.4517224071542436,0.41690913357602755,0.37939363021108313,0.35121977457182507,0.44004114769481584,0.4937256427177563,0.32977924849467477,0.3684654397425611,0.5763987674117099,0.5044927058709837,0.47637307906771303,0.5160704843164555,0.6545542753963527,0.5970996045275867,0.4762136719206138,0.8122482376820779,0.6013878872743704,0.6293021908320803,0.6863482815951676,0.7374320865212584,0.29926637821820556,0.6983232042176173,0.8125,0.7078534031413614,0.7236580516898607,0.7755610972568578,0.6545535947904089,0.5970978852210616,0.4762141746424464,0.8122459142259633,0.6013873638915608,0.6293015284506945,0.6863483551638946,0.41120270079012383,0.2916197318952815,0.32536491495434516,0.38626084612294154,0.4341082431369286,0.40910766372611784,0.4414922594544409,0.2645633010202495,0.45570031323122884,0.39838073078976866,0.24093577546934958,0.25686122415392976,0.237016352474837,0.3019902559216772,0.45315093287652414,0.17639221955768716,0.4672350555411363,0.5165194350416131,0.18706898238490316,0.44030873108348256,0.2691352584493498,0.8374435619942584
IMG_0058,0.4744226198583469,0.4887649592681975,0.33021523350421544,0.6811406048072168,0.4325786946126099,0.4658969540631216,0.4778015991508203,0.458528975799889,0.49443362909025645,0.32119883291956297,0.4302565313225548,0.4573538660562738,0.4356011042890925,0.5052610409255164,0.4238097487986552,0.4016789650937306,0.43773552724159925,0.6099680003188657,0.44081446880252373,0.3911345827597366,0.4692509543425839,0.47442373184720554,0.48876918803069835,0.33021483060575996,0.6811445526797688,0.43258006681506445,0.46589803729680823,0.47780280050255464,0.5788417960667578,0.3348777396859405,0.5565643992091966,0.708333333333333,0.5507853403141362,0.5745526838966202,0.5910224438902743,0.47442296922436095,0.48876638101607095,0.33021505472427615,0.6811417730219156,0.43257905459263424,0.46589751764775733,0.4778019469302728,0.35834292878692686,0.3212890671917448,0.39155613529814426,0.4197287317651799,0.3726330026297675,0.32835757328033266,0.3959034013095397,0.3379584604244369,0.5965750528417346,0.27552475411286537,0.2510752418304419,0.32273652653572965,0.3069409025474742,0.35989995846060346,0.23158124388923457,0.030730970778932405,0.6898885506870217,0.6435985686256882,0.16358959944354173,0.5997505388051159,0.08499153114198764,0.771497004642383
IMG_0059,0.7016913523962818,0.580033351129972,0.5574119602186309,0.8563389580644625,0.6503723259130083,0.6940189129286324,0.7176542198822589,0.3910186037360615,0.4903337476842555,0.3287018738932348,0.4927351631178789,0.39274199156479284,0.3572651522465291,0.45782323191969776,0.49170173566658193,0.350162498712569,0.30093217212537393,0.6748361638948155,0.5020385072939417,0.4678413519557678,0.5233294427709451,0.7016924057880211,0.5800358719590184,0.5574113258934541,0.8563469655566451,0.6503733455537648,0.6940204608907794,0.7176557784194544,0.7798330350197614,0.2647413599892495,0.7623196895365013,0.875,0.749738219895288,0.7773359840954274,0.800498753117207,0.7016917163184941,0.5800341075690185,0.5574116621966558,0.8563418843552935,0.6503725740889752,0.6940197027174605,0.7176549162326965,0.4146892595953948,0.30946016512909097,0.26244843663226947,0.4897704466559635,0.4316981443175274,0.4008583592334465,0.44867470725192093,0.2761329911917525,0.48890628062536434,0.2824046141102601,0.3012942207939798,0.26775849390209056,0.2418286946028607,0.317355371354604,0.49249577801659705,0.24122923883115727,0.42033379737775567,0.5178397880561221,0.18860850006724722,0.5525961582629386,0.3286697237178516,0.8207298597547159
IMG_0060,0.6831828018383477,0.5413885717471685,0.4651365131182308,0.7465629164847347,0.6288337953332854,0.6735874448995622,0.706337251358442,0.4044519640591264,0.5752119447744388,0.35382647588283245,0.4553773101762739,0.4193242314721724,0.3587448200917296,0.4750065652955154,0.4570646470018678,0.37583997536992186,0.36795734665355395,0.4925858338526572,0.45419550846537443,0.43986670852563686,0.48465833345764886,0.6831839034659593,0.5413917898816345,0.46513593114228646,0.7465615362381062,0.628835135598647,0.6735889452048288,0.7063365024291008,0.7677996177675311,0.25315834618505606,0.688950721241854,0.770833333333333,0.730890052356021,0.7614314115308151,0.7905236907730673,0.6831831701872082,0.5413895633031989,0.46513619476032186,0.7465624399429323,0.628834182506743,0.6735882119836143,0.7063365154768995,0.38629266678407376,0.317412282792715,0.3248857663149467,0.30987080350914853,0.3853707316907743,0.3740735940265254,0.4107663335521483,0.2944616974807125,0.5793702921824284,0.30560143808570617,0.27070514874860147,0.28992007706067224,0.2430110284861662,0.3324998190706477,0.4780335657780974,0.11827574977055391,0.43734089437352697,0.5953914974132994,0.2273641668424346,0.5122456593277646,0.24883754022133783,0.8006715443835406
IMG_0061,0.5008965770157905,0.6886046099979222,0.2600675066497602,0.6209328906643288,0.4842830728269985,0.39109158759771084,0.5984633606220707,0.2922642626502613,0.7105548319193105,0.26020932834197463,0.5074066253544123,0.28304277653259796,0.22134642038105917,0.3736119963236103,0.2491235768829483,0.5185135127652246,0.3448460130009052,0.5228236742700698,0.23957960371018858,0.18268741799643695,0.34451591594264686,0.5008975788259513,0.6886085260804844,0.26006981444678434,0.6209374292576255,0.4842839873338785,0.391093764716911,0.5984643134804287,0.5766339745618735,0.4903660724942406,0.47235849747382286,0.645833333333333,0.6010471204188482,0.4990059642147117,0.7007481296758105,0.500896893224394,0.6886058893746716,0.26006837502719504,0.6209344619407413,0.48428328086237676,0.3910924721799232,0.598463682215515,0.22108647336095977,0.3484751557994193,0.30318201190768335,0.3363267451997969,0.19184492639521522,0.1453780100409532,0.2803662371991261,0.21443534192641034,0.6424544983079052,0.22039183656047445,0.3137915250158449,0.18247889404086426,0.1402442293728815,0.2472012129371592,0.3330494436678329,0.027133848476774136,0.557960983564438,0.7521421280208425,0.2818560592053759,0.7615409749645641,0.09467219322766769,0.8513950557404311
IMG_0062,0.6412156853782546,0.5807647760529222,0.55142855087897,0.6392103383536263,0.5827337667040371,0.5967090179465625,0.6874379426593801,0.38840544510094227,0.6523486410870556,0.3544962652325818,0.32342914597252514,0.3940216873374239,0.3389295236541649,0.45882682922991747,0.21989652823330352,0.5047069364014615,0.3557046827576049,0.4387890967321115,0.2108819620726526,0.17411981810935717,0.28651520062492286,0.6412168117611703,0.5807681928184136,0.5514280766221451,0.6392117677825646,0.582734967952207,0.5967105533374298,0.6874394264893152,0.7280396292878552,0.2860058977656327,0.7579263381416123,0.6666666666666661,0.6910994764397906,0.6958250497017893,0.7755610972568578,0.6412160324984462,0.5807658178626807,0.5514283458200038,0.6392109341495256,0.5827340333362387,0.5967097696569047,0.6874385778289414,0.1911873533885158,0.33307902632892855,0.3133564943367473,0.26558424143363746,0.16760484811118573,0.13826409641347476,0.2293859169848523,0.28835229796235434,0.6649896183219781,0.30622324208650475,0.17506625074062038,0.26881122482977576,0.22732216049883844,0.3182318253574057,0.45420622671848865,0.08394765668946323,0.4698738166211799,0.5974120481174561,0.2179982839529488,0.5637849502623513,0.22403227805395284,0.803860724766055
IMG_0063,0.4216814777301326,0.4917569283148693,0.4254137405394016,0.5327819884436331,0.36453371238175797,0.3787281292855458,0.45815451397959284,0.34535689371391337,0.5240153273012496,0.44161155518319095,0.189000036211318,0.34645335981603004,0.3273556396462618,0.3893868346538492,0.1858222669822295,0.4134812909970641,0.3972004014067769,0.3601900482661411,0.17811096058678444,0.17948726779491442,0.20201937325000208,0.4216824850930312,0.49176152711194354,0.4254131694100356,0.5327859514759661,0.36453493517628266,0.3787287467250797,0.45815591930140576,0.5249544378951616,0.34591294574141573,0.6533645749432525,0.5625,0.4795811518324608,0.4850894632206759,0.571072319201995,0.42168178832562564,0.4917583987058791,0.4254136120174028,0.5327834196577257,0.36453403580402843,0.3787283702318791,0.4581549638950263,0.13739129416927043,0.2476352451307023,0.35261568662904086,0.2065898992372046,0.14036286942282533,0.14271723499357464,0.15800695209388357,0.240940811885132,0.49184660856744067,0.38861749650193556,0.09375694009669705,0.2306064804857175,0.21830093945683016,0.2598528631285147,0.20528293349063084,0.009399887497409479,0.7076310401149363,0.7532388468201932,0.22047021229236857,0.3860094620032997,0.04403347149735836,0.8605496701267619
IMG_0064,0.44098855715799845,0.5967974462293686,0.4539240461343388,0.5913479236053334,0.3830760365621725,0.3633501169987736,0.5088281952776998,0.30846819264338504,0.618447222610812,0.2780902702011585,0.4540511294404128,0.3031531234068927,0.2687652579389437,0.360247485051592,0.20800043838239982,0.4805850529535606,0.3182364574849754,0.5182585623789104,0.20766495389189946,0.18193277803829017,0.25788264227665836,0.4409895893802832,0.596801970947078,0.4539244959240123,0.5913466536678853,0.3830772736773061,0.36335148577172915,0.508828758805028,0.5313152832415227,0.4165473201768104,0.6791389031266016,0.6041666666666661,0.5005235602094241,0.4691848906560636,0.6209476309226932,0.4409888801924442,0.5967988868523315,0.45392417837905574,0.591347427356391,0.3830763615459695,0.363350751054699,0.5088283142167925,0.17273393308000562,0.30345851982513655,0.27842126335094086,0.3322563403757335,0.1649100731460072,0.14475012739946663,0.20482347376573615,0.219888054002748,0.5793692876861776,0.2364111260454731,0.2696503950489049,0.19741148610946763,0.17417507686656608,0.23665022274964365,0.2538119055891788,0.026364093910057135,0.6578786615595563,0.7716372879086377,0.245862398977233,0.8340773110195567,0.08022234768678536,0.8629073789356789
IMG_0065,0.6005432833312834,0.6145332183091559,0.30951583144322337,0.8350922515060439,0.5313718558478446,0.5476149605169244,0.6369745955036528,0.5166069053960217,0.6288468471623025,0.33819011182214864,0.5954288148976183,0.5128107690943319,0.45633260067277126,0.5850942726040789,0.4640586024536629,0.48352170248770443,0.32953476863800635,0.7096945945261748,0.47195761111513934,0.4076127988572802,0.5504856874194698,0.6005446264927803,0.614537157213586,0.30951532098794,0.8350987018106242,0.5313736106128071,0.547616230414925,0.6369764918902819,0.6891717368731552,0.3148039764994942,0.532986746723292,0.8541666666666661,0.6450261780104714,0.6520874751491054,0.7356608478802992,0.6005437191849992,0.6145344159414858,0.30951562491736695,0.8350944392953807,0.5313723261706321,0.5476156026553228,0.6369749417578474,0.4237204649390966,0.4083917338628463,0.2889049322605226,0.5306706650917291,0.40242579421898217,0.3436838927096051,0.4758240456623991,0.4093309492304539,0.8494676148943858,0.2911361028250843,0.39517103109766355,0.3730931242273717,0.32507589097168227,0.4370553392664942,0.39648827945085935,0.2170559848417562,0.5278898563035322,0.577199044312618,0.12203397115773301,0.6182931779362574,0.2608086956122594,0.6843544765568088
IMG_0066,0.5820941643989402,0.6269198429580425,0.3379417325719585,0.8339196149869053,0.5067806051275702,0.5300051493777628,0.615558545540814,0.39334969678980247,0.6633823987603809,0.34227469331465876,0.6676743915910732,0.3907990593246116,0.33714125420644264,0.463961017775946,0.45228632293205084,0.48086962781338294,0.30208204710648845,0.6840353316122485,0.4576188009872634,0.3994545508553662,0.5335293778967317,0.5820954189120633,0.6269234193994997,0.33794118460043165,0.8339231886804002,0.5067819148829651,0.5300064190923227,0.6155598058251917,0.6707662936903843,0.33471720101779623,0.5650582119059822,0.8541666666666661,0.624083769633508,0.636182902584493,0.7157107231920199,0.5820945502522428,0.626921049042984,0.33794157504010647,0.8339205159203891,0.5067809318011183,0.5300058000094454,0.6155588787634266,0.4108742984105147,0.40248155592832363,0.26350669645739977,0.5003284921452297,0.38864460289612124,0.3360792429906373,0.4588201700056552,0.2947480416029526,0.7031230583662966,0.2949056089521993,0.4714322572158675,0.26616285706900533,0.22592149346254492,0.32273095590512096,0.37819113262280113,0.2308523551529147,0.5548660432216742,0.5844728653788342,0.12208316033081673,0.5404799340372027,0.26818050372492047,0.7936658345708651
IMG_0067,0.5502679756970723,0.801065038806811,0.36992637138218987,0.7434342018911537,0.47815668852804605,0.41894677995866475,0.6607824145556636,0.5013522219599441,0.6324994584768306,0.4108537547127382,0.48362448957325643,0.49282625212138687,0.43650432469270484,0.5681719981729976,0.48768516531153405,0.48725732340599437,0.34553260995147683,0.7222951759174525,0.4934311355443441,0.4274055436803269,0.577815891617899,0.5502692031898677,0.8010692924076217,0.3699257459952312,0.743439720102534,0.4781583018470586,0.4189476155429819,0.6607838701077798,0.6165695669872809,0.4811983805492649,0.5991799077396206,0.75,0.5968586387434556,0.5268389662027833,0.7556109725685785,0.5502683718404882,0.8010664186716476,0.36992614862441187,0.7434360169158571,0.4781571160617786,0.418947242168892,0.6607830343964157,0.4506193806102377,0.4261134904946002,0.3038241485748232,0.546071461625515,0.4232716348736112,0.3622707696324544,0.5036003965788297,0.39544073768038057,0.8526212308737113,0.3591766221259074,0.29367389429495466,0.3545905950219318,0.30772278332260095,0.4200796427876272,0.4280953804633273,0.21462829736211028,0.521616080581183,0.7215307675526477,0.22189807744749107,0.6501383745160814,0.2949687180122741,0.7030401147580585
IMG_0068,0.48613257390757764,0.8213456156641059,0.3237617822500156,0.6795919514832898,0.4219679512821569,0.3329943440670826,0.611672688465174,0.5009943695964515,0.6411684752662303,0.42108629563981803,0.6525432337271275,0.483492142810134,0.4388206927861962,0.566301427330258,0.5184720426143551,0.5368412146261025,0.45353765722380013,0.6546706014981303,0.5307984172656501,0.4385025340856611,0.6448527637684792,0.4861338597831512,0.8213506409448881,0.32376111229261184,0.6795927230641592,0.4219691992421346,0.33299557616997727,0.6116731843742251,0.5469021849378236,0.5509625162852502,0.5493885919308779,0.708333333333333,0.5403141361256545,0.4353876739562624,0.713216957605985,0.48613298271697875,0.821347369247686,0.3237616076064165,0.6795921941669261,0.42196827769050316,0.33299491684601373,0.61167283848299,0.49840453839310683,0.4749123483905254,0.4068976739981145,0.4671894154605516,0.4601520027325089,0.372777630616829,0.573727848974614,0.3970117745400402,0.8823463676348295,0.368927851617157,0.4546637905336896,0.34608807293066035,0.30973138617310925,0.4182244766515214,0.37564743812471213,0.12496669331201704,0.5656229599742023,0.7313506047610099,0.17877836562479005,0.6654747020545059,0.2199699803081838,0.7055654287603021
IMG_0069,0.5023921105450033,0.8137434127517524,0.49458669100223007,0.6752906003705701,0.45241472585684916,0.34791389000049294,0.6228716715365012,0.4934694039991856,0.6073054719308555,0.40098761423134,0.5431281499731706,0.47677978992257564,0.4383344531649953,0.5510851774979613,0.5163423829735392,0.51293435707633,0.22277225195290606,0.6411538198441114,0.5266111212044391,0.44533723610471787,0.6295368644450722,0.5023934554634731,0.8137484008692104,0.49458622134947916,0.6752927581186987,0.45241614453880247,0.34791465552293055,0.6228731962142441,0.5642494132950657,0.5404551521660556,0.7135534890532327,0.6875,0.5696335078534032,0.45328031809145125,0.7231920199501246,0.5023925409369554,0.8137451522203258,0.49458647551663804,0.67529127973742,0.4524150985844417,0.34791432920168053,0.62287233235155,0.488666209322905,0.4560135268228523,0.19154502834855158,0.4524714973450493,0.4559805419077916,0.37927993881966093,0.5574497716002658,0.3857899454542302,0.8332227341107215,0.3498146592794189,0.3454411642273462,0.34002746543284856,0.3093093537825118,0.4032871476049745,0.3812034874794961,0.13751961393847884,0.5464621200800149,0.729723691796067,0.1507500185249529,0.6779214251094493,0.22243949012425582,0.7203100040637236
IMG_0070,0.7798586534626625,0.6111971820546895,0.6282757500257024,0.8910232137664322,0.6999210810783858,0.7510616256596353,0.8089551831779791,0.44854145669928347,0.45715813740053357,0.36745497216906897,0.40658255921843756,0.4580617074264826,0.4291724147652265,0.4947171016140153,0.5115984769922353,0.31748954827506404,0.5011656642527678,0.7016752837608489,0.5158901772860762,0.5300495602601814,0.497307079044088,0.7798600049615585,0.6112006793048779,0.6282750201810914,0.8910263600180279,0.6999228853611231,0.7510633329423867,0.8089561103794782,0.843573240947257,0.20931788899908432,0.811525225159259,0.895833333333333,0.7895287958115185,0.8230616302186878,0.8703241895261845,0.7798591005130269,0.6111982980881967,0.628275573936083,0.8910243144145484,0.6999216988212149,0.7510624850535205,0.8089553935238734,0.42711659883467407,0.2951710218069296,0.4536940939441294,0.521043625438104,0.44534473540904596,0.46189052614838655,0.42306980888122825,0.3248247175137658,0.531140576613494,0.3182873957194454,0.2332245159432364,0.32336015453870903,0.3013969997743972,0.35024204877458776,0.6012411419152047,0.5126121325162092,0.3471130931313561,0.6635374215643934,0.34966465597302093,0.5736568104639116,0.5331157594201702,0.7897154082544153
IMG_0071,0.7561384827223231,0.38377368174121806,0.5418301342136784,0.7653806686949318,0.6828551533953685,0.813080721420295,0.6806146760352038,0.5309574653144585,0.25400550084419815,0.4191737786637919,0.43453957779484353,0.5418135628166524,0.5526393101435463,0.5388173994643985,0.49290507551441776,0.16325582168000619,0.5099919616534376,0.5188537424437718,0.49816092137167217,0.5692089648479898,0.40493011967208814,0.756140082758549,0.38377716436445164,0.541829436356652,0.7653823390134185,0.6828573364762335,0.8130824063928117,0.6806162023672601,0.8448975195021241,0.08317117878799596,0.7507505308632935,0.7916666666666661,0.7748691099476441,0.8707753479125248,0.770573566084788,0.7561389987333054,0.383774797364711,0.5418298735807863,0.7653811890139708,0.6828557292882921,0.8130815937168685,0.6806148379814729,0.3706294541970056,0.1581797420657139,0.46245954358186214,0.3327854592095465,0.4278969535401365,0.5013867803813565,0.33528522648144765,0.38601043686212166,0.3998489823594973,0.36710201098127637,0.25437095668529336,0.4006930148588893,0.4148174244071116,0.3914406536853574,0.4447473678256583,0.30987062202090176,0.4234208725608174,0.7413678951804865,0.3234051653286321,0.4308544959853677,0.36282515595092196,0.7423571095501251
IMG_0072,0.8526999627326222,0.4767958520718225,0.4589644100847048,0.9560835653421447,0.7672937736656513,0.8952946007496363,0.8034624927049677,0.508456004549228,0.531626284591262,0.364471092288404,0.5441225503866378,0.5159189365333514,0.4877976205850768,0.5516106062360038,0.4512923426439749,0.43376167962957435,0.42359873995939434,0.7785496565999543,0.45673193913252147,0.44359780001478766,0.46952724303949134,0.8527013378483355,0.47679969492557994,0.45896370449805657,0.9560895767947732,0.7672967446119681,0.8952962190163936,0.803461094475275,0.910936577883928,0.10485384805333153,0.6835322545214907,0.9375,0.8418848167539268,0.9284294234592445,0.8653366583541147,0.852700473850259,0.47679707216835454,0.4589641331093679,0.956085419966354,0.7672946349735149,0.8952954565867901,0.803461875904294,0.3976311530042811,0.37566581777556535,0.37790827726045784,0.6192038286474467,0.38779592407763613,0.37762282466132535,0.3961686911702187,0.3891973868447511,0.6994006463849667,0.3155036167784373,0.34634797822171354,0.37600808359242743,0.3533730864162566,0.40379843825748674,0.6023529982142424,0.6781537732776741,0.2706860254464133,0.5145507850062658,0.23426019009604154,0.5523997655325936,0.608986628843691,0.7201676801006756
IMG_0073,0.4108254961971025,0.5534844729414068,0.4933654704924946,0.8022812711125091,0.3456363668231258,0.3699258386488489,0.43545327338706974,0.36003259609243654,0.724040132830265,0.28245290262333045,0.5959336571032732,0.34526294041796857,0.30865611660031833,0.42964619656894715,0.4252121609893599,0.5836393376901107,0.42196497580270487,0.5980662842073685,0.4399943664967564,0.35111582156067733,0.5343916550703908,0.4108267584903607,0.5534894459761539,0.4933646377642229,0.8022818543119281,0.34563751686056665,0.3699265611229315,0.43545365960448845,0.5060865090280524,0.39540860085914586,0.7126748187742549,0.8125,0.45863874345549743,0.47713717693836977,0.5486284289276808,0.4108259039470249,0.5534860415251339,0.4933650109299017,0.8022815768820406,0.3456366695311671,0.369926258758569,0.43545336590158,0.4154700663323724,0.4831840474994669,0.37633573983907853,0.40765936473382847,0.3718553973188188,0.2916848112725446,0.4596807668041506,0.27243634680366796,0.7468517936515251,0.24033758377236047,0.3956721171963595,0.2296742398570337,0.203942163307253,0.2931491720375421,0.21986473492408512,0.04291381709447257,0.7199937603066363,0.7222716784336054,0.13760846435337915,0.6919491136373574,0.09322629064019058,0.8071014039509881
IMG_0074,0.5634243112239539,0.625093024581058,0.5116325854547625,0.7838538120460674,0.4867083735730321,0.5191444058295719,0.5925947675959152,0.5020889258142257,0.7534127574869722,0.35995859908339867,0.5115744539968121,0.4936885271495478,0.4357955637948538,0.5795111564316471,0.4442867479410687,0.6306273249896729,0.24398925119331905,0.6120204289497737,0.4538503584277541,0.34821100795489046,0.578633476844825,0.5634258321757134,0.6250978148962598,0.5116319803869693,0.7838546463664668,0.4867099604446039,0.5191452970783079,0.5925946391083714,0.6531234468335307,0.3459381906500235,0.7273193234238852,0.7916666666666661,0.6031413612565446,0.6262425447316102,0.6957605985037406,0.5634247987994161,0.6250946032253619,0.5116322709557863,0.783854009374346,0.4867087905153185,0.5191449233993625,0.5925946461542572,0.4539242035346032,0.545897956415706,0.2105937052008935,0.42183329495679966,0.3850409659004309,0.2890526863264285,0.5044383807268432,0.4101213359758463,1.0,0.3113003817969937,0.31739379176449595,0.3553804574268006,0.307109158793359,0.43141602333476425,0.36453857155554836,0.1698937146579033,0.582411143358266,0.5719503873433414,0.1371686062629942,0.6926272254832823,0.24691426027164606,0.6937553488528876
IMG_0075,0.36135233773159836,0.640432020798319,0.48969842432304045,0.8005602035410591,0.2916046043376901,0.288326283091002,0.39923807823277857,0.5224569397485872,0.6672665207911184,0.3683559705352697,0.535210333675538,0.5130108902812031,0.4693753665260558,0.5873115742607367,0.43602658305020836,0.5580171458124991,0.3529501639531496,0.6060586637480401,0.4467312319192588,0.36777961015407923,0.5328397657476236,0.36135339382220794,0.6404375706041976,0.4896976305622105,0.8005651482906591,0.2916054783995304,0.2883262949329972,0.39923926000031773,0.43954212912254176,0.48548020130818037,0.7095994727978325,0.8125,0.39790575916230375,0.3856858846918489,0.5112219451371571,0.3613526708332966,0.6404339889247679,0.4896982464561024,0.8005619684801575,0.29160482302944407,0.28832656249885086,0.39923805846133853,0.41958955287068167,0.47257281634128306,0.31077167469552736,0.4157390084813195,0.37825373251743366,0.3068619137156834,0.4581322987613692,0.4201711047480533,0.9142270696421018,0.31912862072445813,0.3382714247604472,0.37328051142333885,0.33669042288475204,0.4393056171045817,0.21191043738940019,0.08054297302898421,0.7426480419684923,0.785573078823218,0.1701073947330865,0.7175351444545262,0.12086827597919737,0.6840173934864315
IMG_0076,0.39605508177223614,0.6990259276799247,0.5454332952984386,0.7904468450169428,0.31330573078491875,0.3019797935048702,0.4598385675596942,0.48488850122763905,0.6497937509217793,0.31594353699119226,0.4593596145987102,0.4859164127878889,0.432689844824118,0.5465700590353599,0.444478325311631,0.49025200423938575,0.3716159194433253,0.5233806119959215,0.44784084650301337,0.3956104799679105,0.5136926261739958,0.3960560184261546,0.6990306254832612,0.5454324168964955,0.7904456026466908,0.3133067769645509,0.3019809424248294,0.4598405301203208,0.47077417013620354,0.49750801280505697,0.7533865417002269,0.8125,0.4230366492146598,0.4015904572564612,0.57356608478803,0.39605538094651044,0.699027410748412,0.5454329935128159,0.7904465358373245,0.3133060097488308,0.30198039034680685,0.45983913811935984,0.40704777179107854,0.415810661436581,0.32833847783130343,0.3368251966000039,0.3793098045951411,0.3325073562296951,0.43914616705604037,0.3794719273475118,0.8230042448755939,0.27071861156968957,0.2738846810430799,0.34828791608696075,0.3044257067870343,0.3989069843026024,0.25835144678684846,0.10249578115285547,0.6945997813485604,0.7714430640724712,0.21450119808103613,0.6308506308608464,0.15380731397200917,0.7248259808649178
IMG_0077,0.634800636702779,0.5480505910103157,0.42041124225181825,0.8239173922707463,0.5590117415363114,0.6170395647505414,0.6378892926553789,0.4982193743423976,0.637733776387958,0.37859451256155086,0.6846859514664878,0.4957079649787993,0.44687795146684284,0.5621637456045923,0.4371004803175047,0.48598178658878954,0.3600912638810865,0.6976649550975691,0.44692834114434943,0.38894944442333795,0.510579539274728,0.6348020807368031,0.5480546239688315,0.4204106280874531,0.8239155129955114,0.5590135854574303,0.6170410543720785,0.6378906375162795,0.7280243669706967,0.2480447970564842,0.6486783334553708,0.833333333333333,0.6701570680628273,0.713717693836978,0.7356608478802992,0.6348011027560074,0.5480518943019099,0.420411041616783,0.8239167953406601,0.5590122305519403,0.6170403072038522,0.6378897670496047,0.39656431161871897,0.40058670312057104,0.3174779475390359,0.5162790214351421,0.3784412557637964,0.3263352115738491,0.43607974010208006,0.391385211416417,0.82855350070501,0.3287108938193528,0.49082858425910253,0.3572333663035516,0.31675630063699556,0.41413557655988364,0.3979718318963776,0.26441069366728837,0.5239638307522502,0.53176808220743,0.09121040332622249,0.5768081815720457,0.2821070702341444,0.7089652860618023
IMG_0078,0.3226217598617526,0.4818468899899473,0.4515410478592363,0.64101882104675,0.26572432403839474,0.2860014779378112,0.3408391670232689,0.4268804860040888,0.6178236281559413,0.4056454673947778,0.4139851872195681,0.42667335024295117,0.3960703111162591,0.48182733819231127,0.4130467040381662,0.4942696306927986,0.38226091402675433,0.6148616731508079,0.4165331535714104,0.3770751051738914,0.46949524977003687,0.32262270692229883,0.4818526267873231,0.45154056046740054,0.6410166226459353,0.26572536462840346,0.2860022763927773,0.3408403949292414,0.4162478898057975,0.3977395248603637,0.6770886724756534,0.6666666666666661,0.368586387434555,0.3836978131212723,0.4488778054862843,0.3226220577964639,0.4818487384851138,0.45154069940792363,0.6410182081195734,0.265724610626556,0.2860018583436184,0.3408395248824683,0.3755697601450707,0.4054910171651916,0.33841144790711475,0.42475819087655675,0.34975831902748133,0.3153858137566349,0.39613806239496285,0.3201407990389459,0.6888574537367742,0.35422953437840254,0.23874062790036116,0.2961579459214117,0.27342946604126295,0.3385940814456371,0.1429204004621961,0.010969002575717203,0.7974865571312094,0.808168553996043,0.17788801860637932,0.717314825993366,0.037790844453012756,0.7842321903096108
IMG_0079,0.3764505325265208,0.5291430002916979,0.5991695362069773,0.581541176915028,0.3123660885757284,0.3291186797118559,0.40848142707405244,0.4163998152994166,0.6441261011561314,0.3547784835922445,0.33605208222132443,0.416860625964133,0.3849409634594988,0.4800046867551965,0.4188394652616484,0.505074881417913,0.4256823565383945,0.5964843440711718,0.41420463697651216,0.3746789544699751,0.47964284908509736,0.3764515844785699,0.529148326159899,0.5991706713886567,0.581538996784178,0.3123670048832863,0.32911949187712447,0.40848112352764643,0.47141382049150726,0.39702366588356686,0.7919015889287544,0.6041666666666661,0.4230366492146598,0.4314115308151093,0.5211970074812967,0.37645086212959006,0.5291447797679361,0.5991697761006907,0.5815404336132128,0.312366320508026,0.32911905629731086,0.4084812960267832,0.38628767685868065,0.4241213496666338,0.3799152772217127,0.4060721771989658,0.34758064204119293,0.31318454014140396,0.4059132679228187,0.31232379039910296,0.6870074227668992,0.3064851245008562,0.18346913923516733,0.2878398705031638,0.264238461853612,0.33696086357662464,0.19375873687953005,0.013663143559226692,0.741902162656746,0.7598617181647209,0.21439994653550626,0.6616616816759847,0.05401708460136695,0.7853726546977209
IMG_0080,0.4918327752253976,0.5492524668023615,0.47803135784574424,0.6515446559490163,0.43258501386360315,0.44006162117159453,0.5368730105361601,0.36253664526886653,0.6659642588475649,0.278850576130528,0.4206033934237423,0.36954517532407033,0.3174415795334836,0.4381540665585455,0.4565932279398166,0.5017593893866955,0.5211770060553276,0.4908482312379583,0.4473184969719992,0.39637304382050853,0.5390461518014676,0.49183404844083123,0.5492576052834337,0.47803405992782766,0.651550848557068,0.4325864299542831,0.4400622478118794,0.5368752169058041,0.590740428832275,0.3428004447841565,0.6999340997290766,0.6875,0.5507853403141362,0.5487077534791251,0.6458852867830424,0.4918331937758005,0.5492541666541384,0.4780323296035931,0.6515467860534114,0.43258538591025214,0.4400620392211609,0.5368736790400503,0.4245712705360278,0.43599104248040293,0.4736096294669956,0.3083859252362606,0.3788125766291106,0.3332154151622385,0.46433350907656645,0.26628170838141063,0.6294959944247109,0.2370949548286183,0.24372242155518814,0.24891775713035316,0.21065525241085314,0.300377671434279,0.2859345329961134,0.023891997513100626,0.6306363700714944,0.691830667493925,0.19630677804681457,0.5536705255653533,0.09073382998939672,0.8180949937545998
IMG_0081,0.3686924048677853,0.6087254171853362,0.5096460131687892,0.44093065916273,0.3164754040032707,0.28921372825669395,0.436721814207198,0.36281727387924717,0.7163985794103571,0.2409599691676858,0.34662719789767404,0.3648854187606784,0.3112312059144972,0.44503979654630443,0.4632375649775522,0.5616553981844178,0.43046527674433177,0.5018908412829819,0.4571422351952741,0.3737542265703221,0.5786995592819256,0.3686935237129755,0.6087315242518707,0.5096457435808337,0.44093427229909476,0.3164764163136351,0.2892143200629808,0.4367237570694059,0.4487046977037469,0.48986476140025037,0.7257084279124257,0.4791666666666661,0.42722513089005243,0.3876739562624254,0.5511221945137157,0.3686927599393103,0.6087275156498806,0.5096457953297309,0.4409320572912474,0.31647566932903104,0.28921403844658994,0.4367223860551559,0.45182545024123055,0.49516627289502174,0.38452827751875907,0.31788657789078256,0.3881884523605217,0.3123358152606277,0.5045061787970708,0.27132242164935305,0.6841581691515601,0.20327877672012074,0.1906211779983203,0.2451874903514091,0.2059038106121101,0.30627850876540746,0.2066549770922049,0.009059419131361577,0.7200724119036571,0.8526940224327377,0.22087108106740622,0.7628528756008642,0.04850888426812083,0.8064534553823739
IMG_0082,0.7548200881338476,0.3517825097220273,0.4440992816524152,0.7672409854803046,0.7022851943531263,0.8257505163379708,0.7024536480641294,0.4246489999455886,0.4206298711942593,0.3603821766686932,0.5400365499173017,0.4343219891526034,0.4215459600797557,0.4568111670410123,0.4347560529800487,0.31999889253245717,0.4269313162901227,0.5348344618414171,0.43557198577430944,0.4490578879638276,0.4280142807105489,0.7548216830102248,0.3517872992255644,0.44409880075523267,0.7672457645359931,0.7022873097436393,0.8257522688322493,0.7024557408859933,0.8436093526798193,0.10617558483671663,0.6703522003368235,0.7916666666666661,0.7916230366492147,0.8807157057654075,0.7880299251870324,0.7548206000015374,0.35178400591311054,0.44409902944809243,0.7672426149332519,0.7022857532613278,0.8257514120236347,0.7024542638963013,0.34813438085935505,0.2569151641072434,0.38111921889731226,0.34717042868636805,0.367668174224285,0.3828295543886429,0.3567794480918034,0.3000596555443188,0.46100221185889023,0.3116945392848076,0.34263091720317945,0.3027022220156479,0.29486823314510757,0.31647259721689347,0.47255185565260954,0.08930633271160848,0.38497072849730885,0.6178990874536072,0.16391335154769343,0.3492104867788279,0.23408474366212698,0.827133501750023
IMG_0083,0.5740684344517553,0.41695565046526273,0.7065561327777448,0.7448965382733275,0.535544649146624,0.6099040620070689,0.5361915234072869,0.3934011589855538,0.34327322270339367,0.4456697985180951,0.33743892867169833,0.3899702441048232,0.39328407060466164,0.4209619433192687,0.4753585223676794,0.28495835368304945,0.5507320643801408,0.4187148311870046,0.48895086965405515,0.4750352458592068,0.47912485401144433,0.574069733654319,0.4169598890877215,0.7065553712164334,0.744897250956825,0.5355466083777081,0.6099053377377521,0.536193138656426,0.6841567966658377,0.21931399295843013,0.8598520905030387,0.770833333333333,0.6492146596858639,0.7077534791252484,0.6458852867830424,0.5740688627451427,0.4169569836768645,0.7065559895987676,0.7448967941478024,0.535545182380013,0.6099047351885923,0.5361920287941188,0.38006600936796703,0.24088740163562133,0.5033026385462809,0.2499055793650582,0.41890156944920565,0.40781159033522657,0.4054128384021032,0.267903887570563,0.3665878513795898,0.3925310601880483,0.18440111599466397,0.26548316941894085,0.2711186586501817,0.2858411959116245,0.2699047326615868,0.0994167628859875,0.625853042112687,0.7475866333172192,0.19518548326365687,0.4709366300407612,0.1428597658096825,0.862302502092724
IMG_0084,0.5359867823007829,0.3798372205114322,0.6090567049934865,0.7846484550365607,0.5043494469652862,0.5835602544889773,0.4905378864655684,0.4237986804205742,0.34494728428467747,0.46410650884220295,0.33000902461287973,0.42125147997462353,0.42178331697348537,0.44951619566036827,0.4570270251800943,0.2948167639576904,0.46925318257825,0.5172540276993032,0.46912198702695135,0.4593933907670835,0.46044583946332185,0.5359880548288543,0.3798419997912734,0.6090579957454709,0.7846523787448247,0.5043510555221394,0.5835615092045442,0.4905392351069784,0.6516389735669271,0.22318749593281173,0.7986380610675843,0.7916666666666661,0.6198952879581152,0.68389662027833,0.6034912718204488,0.5359871946829007,0.3798387372063452,0.6090571106727523,0.7846496264746228,0.504349874153086,0.583560920579392,0.4905385600390527,0.36396983914211856,0.24329350160372792,0.4222456702269177,0.33136419685265117,0.39969175687262426,0.3927273395158529,0.38746979994783537,0.2944984974397641,0.4047279880655801,0.41039708754742454,0.17942825945986557,0.29155118988023776,0.29507063519354226,0.31013916110907874,0.21980655639680988,0.07559878023507119,0.6826250757021622,0.7842365789339683,0.20882818086801475,0.6764571486134144,0.10724007032135759,0.8378536797298841
IMG_0085,0.6712720369297123,0.45351376584277414,0.5454332952984386,0.7153049821348092,0.6357646506971872,0.714029168704676,0.6434857697585171,0.40081998223631504,0.3899439926510362,0.3354297728867337,0.2735172523416258,0.40489869498198455,0.39541519466756786,0.4305674475083272,0.4823648812638405,0.3226219072584531,0.5142439085084511,0.4824222589803515,0.4912544630681752,0.4818489004540378,0.4959425260332131,0.6712735649533158,0.45351848439947284,0.5454324168964955,0.7153088181934524,0.6357666017756634,0.7140308186905749,0.6434875256647999,0.765284776271294,0.21674374993083878,0.7533865417002269,0.7291666666666661,0.73717277486911,0.7932405566600397,0.740648379052369,0.6712725682467654,0.45351517197844937,0.5454329935128159,0.715306162056335,0.635765175598641,0.7140299971027131,0.6434860652955702,0.3963674893745922,0.2720469621192047,0.46669258288238247,0.301239061473462,0.42114716748906705,0.41442223001500095,0.4217380952570864,0.27741970967619284,0.41539833319751707,0.28859219750469167,0.14320376924338735,0.27781643406102585,0.2728855248930062,0.29392855207278945,0.3924561842966458,0.10963081386742457,0.4795912214330845,0.7442880574773381,0.25819330868070817,0.7003707088327064,0.20043881995988191,0.8499577709820165
IMG_0086,0.4655593151732919,0.5107589990270407,0.5705323066027139,0.6153954282330636,0.42145001675972005,0.42403903720174135,0.5051762807038441,0.36281340373291954,0.6348882229886741,0.3203710146241787,0.2226850269021874,0.36251475454921656,0.3206218270372645,0.4299488169180729,0.48168918746637823,0.4847276903432153,0.41321015558389007,0.6000890884911567,0.47819088422129413,0.4167493585815965,0.570065445037474,0.4655606432288257,0.5107650755990663,0.5705317146340132,0.6154013305496653,0.42145129177633694,0.4240397888274659,0.5051782240264561,0.5672797348690222,0.3468128285962413,0.771838617558761,0.645833333333333,0.5403141361256545,0.5328031809145128,0.6159600997506234,0.4655597514556738,0.5107609344879629,0.5705321030180825,0.6153975198028565,0.42145034613015625,0.42403947715564,0.5051768818878897,0.4445228110154772,0.423589083489567,0.36792519598599993,0.4096944826625719,0.40845108903193916,0.3522395223252752,0.49567655694280166,0.26444226351595307,0.610296973875522,0.27476689575079094,0.11282849393345257,0.24329661552923368,0.21309972433649044,0.2934051375013508,0.24247517312152045,0.009829173698078574,0.6619580577250289,0.8985754823431906,0.22577057554809082,0.7295671370942247,0.05040462321614638,0.8197523188506217
IMG_0087,0.35659388756464483,0.5790348996888675,0.4141464846914835,0.41101601849159275,0.31631822249104263,0.2829533192938019,0.42584219194996353,0.4201619782734572,0.6984889647975094,0.33740646828477416,0.3791188610646974,0.4216398725835081,0.3603591117517583,0.5079955967471997,0.2132680077915381,0.5760838397228675,0.3074768724988899,0.38675177651823445,0.1970000601181696,0.12091131082254919,0.3391782796892301,0.3565950100951334,0.5790398389933638,0.4141461692030064,0.411018722404068,0.31631926029222496,0.2829542028338714,0.4258434858428194,0.4374092288165766,0.49479597866879665,0.6428205315955187,0.4375,0.42722513089005243,0.37972166998011925,0.5386533665835411,0.35659424201326145,0.5790364735561102,0.4141463397732248,0.4110170815318184,0.31631849339810597,0.28295387168296865,0.4258425758787324,0.20454882298356838,0.38385806038176823,0.2684777021529401,0.22582260427254797,0.1560086895005276,0.09475550822942541,0.27560453943973273,0.320736862313813,0.7378354353045191,0.290413591919616,0.21326246052536985,0.29188033873875757,0.24430293431758285,0.3624241707735151,0.1786500965601946,0.004574118482991384,0.7372918682113839,0.7774212137755678,0.1942090551923496,0.7049093515025071,0.030134445989800647,0.7588479624264739
IMG_0088,0.265378762918576,0.5294320824000955,0.3851602140615724,0.28461726672681786,0.229739279794326,0.1994526518924566,0.3258218698854571,0.3196228573938228,0.6674788805963934,0.2528968222679455,0.34452223868713716,0.31615887734473724,0.27793582389813615,0.39318793785789213,0.17692472381394453,0.5277420840988704,0.3504787174800099,0.42090972599633414,0.1665835960003683,0.11041054975199421,0.26737009530542233,0.26537960381116565,0.5294369322512931,0.38515986075470243,0.2846096221636061,0.2297401452145468,0.19945278839074804,0.3258228221549142,0.3345159755409103,0.5345502800577439,0.6147030826682287,0.3125,0.32460732984293195,0.2783300198807157,0.4314214463840399,0.26537901472286896,0.5294336081241242,0.3851601717928488,0.28461488212957287,0.22973951172567794,0.19945282495377076,0.3258222723334444,0.157463385650039,0.3280006009128998,0.30845471335029506,0.2515984554934223,0.13088955420527568,0.08630323344162999,0.21291896216309344,0.23104319428103728,0.5915983598752634,0.2138747881931491,0.18918932989430642,0.20722982107629306,0.18091665008246344,0.26293397020465337,0.10876314067083072,0.001199040767386091,0.820597018055785,0.8146406827313846,0.1904948129126291,0.777739998797037,0.011521319030373137,0.8399332950057399
IMG_0089,0.34174242293011153,0.3804638044426216,0.5334057646346557,0.39658900923964646,0.2988213917287095,0.34041018245221283,0.3367456099121754,0.37170910707353233,0.544853444821098,0.2719111383901818,0.1905961558629179,0.3700466590195647,0.3523643885068851,0.4197113068965298,0.1495001937303381,0.4474428906674818,0.3112636503926236,0.35480730439447594,0.15112724233173153,0.13689578354105147,0.17728247319931834,0.34174342524693463,0.38046858960391616,0.5334049943052941,0.3965813477635818,0.2988224397591447,0.3404110014325563,0.3367468736546393,0.45044850260827207,0.3217702853415776,0.7443069488174562,0.4375,0.40628272251308906,0.4453280318091451,0.44389027431421446,0.34174273821559775,0.38046529841381393,0.5334054516564999,0.3965863444310118,0.29882167058017195,0.34041064092454554,0.33674599256953386,0.11257494951008697,0.25593091977738874,0.2719727750584404,0.2027750563598576,0.11827505743556183,0.10770579392482577,0.1377291076258472,0.2644811995939217,0.5345521807132283,0.23086201998042766,0.09464262604517121,0.24932030049298817,0.23792522266522437,0.28479455265506803,0.11589809061305624,0.005033010628534209,0.8177511411035868,0.8203361467916996,0.15437645583215942,0.810091761143625,0.02335017924601918,0.8338807812087425
IMG_0090,0.3496273340660426,0.35441615236535173,0.4254137405394016,0.44519796669791356,0.31531954803935913,0.3526279278021852,0.3482100461654707,0.37846472341554915,0.5206549656867236,0.40708023019549744,0.2522708493717336,0.37096214740579486,0.3542956405948068,0.4281928219455232,0.16043077867692138,0.43406158184019017,0.4925154125037041,0.40761808938042554,0.1726550953332554,0.138338013049968,0.20245957351430716,0.3496283756305791,0.3544212743449837,0.4254131694100356,0.4452020233819929,0.3153207030176439,0.3526291362301321,0.34821178338069275,0.4614137620654494,0.3103867266196022,0.6533645749432525,0.4791666666666661,0.42513089005235605,0.4572564612326043,0.456359102244389,0.3496276620089281,0.3544178622916627,0.4254136120174028,0.4451992687593429,0.31531985428181186,0.3526284876038107,0.3482105861373659,0.11742656769538273,0.238556230997423,0.4451321856152086,0.24142447103218,0.13587215098764233,0.10887929327403956,0.15837023010665038,0.2687149442736192,0.5254967307204628,0.3555911895464008,0.13026498864573605,0.25005566836782245,0.23946122977209144,0.2919212483100868,0.10471165267419216,0.0023388696450247206,0.8195942101937715,0.8573767314423535,0.12987616769336136,0.82251808344078,0.013876074672835852,0.8265894871281085
IMG_0091,0.33111728904794857,0.3877271719383544,0.3788220521158445,0.4371838889098765,0.29381282022607286,0.3258332483634693,0.33241873008916256,0.36161801586943465,0.508699357951546,0.3798732467830357,0.2207039856433881,0.35350253910544155,0.34312573186772843,0.4044082571625741,0.17967897343568723,0.41436513869369784,0.4376716137826917,0.24866650041124005,0.18743469865518983,0.17214215396689259,0.20203635618976068,0.33111821163008776,0.3877325723980689,0.37882150325577024,0.43718662866992775,0.2938138631886819,0.32583403133760375,0.3324196697724053,0.43653636395257356,0.3443729386356169,0.6082595006223914,0.4791666666666661,0.4020942408376964,0.4274353876739562,0.4389027431421446,0.3311175793093454,0.3877288982409768,0.3788217954654085,0.43718496961526565,0.29381309339270945,0.3258336526338882,0.33241899377232464,0.13061877622301252,0.2361993293871169,0.3914941430213488,0.1327565743733209,0.1480666071489727,0.13662633894543547,0.15802087063888917,0.25363507739246044,0.4996325427152615,0.3299107065445259,0.11168445580162473,0.23615029107620059,0.2306186154645921,0.27210403156861945,0.10776440928593937,0.004514906593243923,0.8256398962847608,0.8816558643113528,0.15942150659254156,0.7971321729698987,0.021321325456606855,0.8436168638914743
IMG_0092,0.4214014604822459,0.6342053686281592,0.5116325854547625,0.7242061696626481,0.35147615825825557,0.35296786907709815,0.4548945319785722,0.4850960629087412,0.5877977194664648,0.33926147472678747,0.4543612770273988,0.4790155147560628,0.4399039524238504,0.5444606090033459,0.4759765195744061,0.4707189347048212,0.3250273570404363,0.6056872821600567,0.4847361436875252,0.42314258263747456,0.5522535159000385,0.4214025524833873,0.6342103812568536,0.5116319803869693,0.7242039442067614,0.3514773091556872,0.35296889634613715,0.4548942419981925,0.5082425199911655,0.4303321231682171,0.7273193234238852,0.75,0.46492146596858647,0.4572564612326043,0.5685785536159601,0.4214018072534423,0.6342069344628474,0.5116322709557863,0.7242054479511721,0.35147645873687394,0.3529683856158614,0.4548943505263804,0.4327608573416997,0.40333183289890956,0.28471735396298525,0.4153611992166203,0.4148006089585768,0.3582509844554229,0.477606935503297,0.3727295652721099,0.7380726638357451,0.29212427543271735,0.26989690337901656,0.34204115451570655,0.3106723753079609,0.3968686168702824,0.24489604628425055,0.11537436717292832,0.7027100718613425,0.80135930158308,0.18823802974146348,0.7298872653492401,0.1585305957577677,0.7268634607569762
IMG_0093,0.35502482257042384,0.3619016145256271,0.6468859828931821,0.3538959470132581,0.32111521736015625,0.35681541826741664,0.35497678513672914,0.3774889018537198,0.5380112436244606,0.4558414949671614,0.17715117566862792,0.36907847581470393,0.3488176506410246,0.43206170964660856,0.4639021191887236,0.4373496972737473,0.5458651868494844,0.337803198459965,0.47106210538267085,0.4222407654207596,0.5256546568823564,0.35502586702816274,0.3619071145231372,0.6468852016050106,0.35389622274890264,0.3211163563537392,0.3568161727397799,0.354977948528147,0.46653939665675537,0.31201688444461184,0.8235337189719557,0.39583333333333304,0.4314136125654451,0.46322067594433397,0.46384039900249374,0.3550251517634786,0.3619034336969127,0.6468858579822201,0.3538960528719941,0.32111552171326024,0.3568158520502932,0.3549771311891964,0.4094128098881388,0.3635192282888802,0.49839000891138996,0.19090126814062125,0.40156183077522045,0.35740181964986717,0.45098207498785625,0.2691469161100638,0.5370355465692205,0.4023703248542416,0.08723679042683469,0.24854336216073422,0.23511224091483837,0.2951944585718048,0.1103517376794848,0.0011842377949492257,0.8124447800245919,0.8040181151787715,0.10573758662229182,0.7034047637307372,0.013068205290626422,0.8224265112089484
IMG_0094,0.24210366057860472,0.4346736754887146,0.5021742082797607,0.5935886499151768,0.20246979307911128,0.21200258644680658,0.2619738084409548,0.3560923642815652,0.5569869633856681,0.32180611081929844,0.2148918339715773,0.34568521371056393,0.32827132041067586,0.40760932033757885,0.4649932989803972,0.44082058915058353,0.585456927339663,0.48415716847258494,0.47570772865386834,0.42475523641618473,0.5240919182042443,0.24210427106869534,0.4346796191986242,0.502176342402179,0.5935904956219895,0.20247070432731915,0.21200249839905977,0.2619746184101251,0.32275194840682697,0.4443263303077005,0.7198506260525737,0.625,0.2890052356020943,0.294234592445328,0.3591022443890274,0.2421038504497492,0.43467562170171004,0.5021747649938972,0.5935892423176656,0.2024700476886755,0.21200270370802504,0.26197405833504855,0.4114566273673706,0.36666376558040387,0.5386222216482195,0.30270332582403625,0.40604825040954434,0.3597705946248781,0.4494309747847013,0.25293172290600935,0.5413110174446261,0.2760805317324566,0.10834414211478555,0.23000481154923588,0.21901088028230298,0.2747408909919654,0.08116227768934282,0.006572519761968203,0.868017376759502,0.9403933505555131,0.15004068306637147,0.683520342244802,0.02039870190078813,0.83414857498132
IMG_0095,0.6271934216538921,0.41531317578905536,0.36483121856779777,0.7222672231949656,0.5648120254497828,0.6645708416196723,0.5719760491221783,1.0,0.14942350942029348,1.0,1.0,1.0,1.0,1.0,0.4605322032874565,0.21069778207475187,0.3261182349825593,0.5236571956731217,0.4740124049153641,0.530520813366644,0.3899926532603978,0.6271944311118738,0.4153160653880186,0.36483069037665183,0.7222658410937015,0.5648138647106287,0.6645723478489786,0.5719780182835886,0.7340283342873984,0.17166040400043137,0.5939078860657537,0.75,0.6764397905759163,0.7534791252485089,0.6783042394014962,0.6271937604258873,0.41531412869434536,0.36483112039377197,0.7222669596425972,0.564812520233674,0.664571608837054,0.5719766873527249,0.3478396255000368,0.1807110192864954,0.28573015278513214,0.33707298608420844,0.4044097385798892,0.4623608332329297,0.3215287587449541,0.9999999999999999,0.9743155331156674,1.0,1.0,1.0,1.0,1.0,0.3260890293074331,0.15122716641501613,0.5853107655684283,0.6422682968166955,0.3199761168176202,0.3118709370975677,0.21614178107657775,0.0
IMG_0096,0.49052558495977927,0.1073349660967109,0.13736837451382833,0.7293632225694422,0.47876148928442774,0.6044781782738097,0.40404285830013364,0.3374708112130581,0.0,0.19109450214297574,0.6846859514664878,0.33493036940301146,0.40519866760323586,0.2958232063118955,0.3685452030964817,0.018467242771282533,0.20496649176187676,0.6473738554902804,0.38065800683618356,0.49826927481271355,0.22617546292534868,0.4905267237964417,0.10733985473675767,0.1373682164879657,0.7293701692018488,0.47876325565557415,0.6044795368342621,0.4040445159169559,0.6317415281619901,0.09082519142730272,0.2884235190744673,0.75,0.5968586387434556,0.7037773359840954,0.5162094763092269,0.4905259558504691,0.10733643480394073,0.1373682635489475,0.7293655985541809,0.47876196405396365,0.6044788773529983,0.40404334418334387,0.2243227664220995,0.013013034931665612,0.1756711309715997,0.4592036326462181,0.3165144501086188,0.4304537488657502,0.17807474218786765,0.204566750393788,0.06797292196198379,0.15957175778233168,0.49082858425910253,0.2216299176392723,0.28104668248733,0.18783944907590538,0.08642420226734648,0.014758563519554724,0.8209325982030734,0.8538713602709722,0.19425496891816024,0.32237312066983964,0.02458952432099955,0.9777693715086153
IMG_0097,0.7993799360945716,0.348889636955239,0.834901267928545,0.8077005693843251,0.7290392284383027,0.8758512951094931,0.7159911546407689,0.4304681313589013,0.5386913842601382,0.38684902451298986,0.4091700224839365,0.43823135608265823,0.42245224365539846,0.4703218610672424,0.3330874002681877,0.43217348257565946,0.305422376253238,0.5259156481726359,0.3421461028263305,0.34057466073623927,0.3319915064342225,0.7993812077416254,0.3488939889643048,0.8349076746813759,0.8077034473811446,0.7290419721674388,0.875852951821793,0.7159926539293555,0.8805132608243811,0.05088649391636613,0.9279490371238193,0.8125,0.8125654450261781,0.9165009940357852,0.800498753117207,0.7993803759426539,0.3488910353019705,0.8349033232116021,0.807701316024906,0.7290400111824793,0.8758521711601044,0.715991385565175,0.2788870642952062,0.3248638244890855,0.26658332149453035,0.33909957120084666,0.28154198559987687,0.28215208122639157,0.2692159272821828,0.3150990504756682,0.5906733025363153,0.3364668816562708,0.23514582321309335,0.3060678876634866,0.2956413849180788,0.3283415833813333,0.49179278747868804,0.30685081564378125,0.34621122148551897,0.5878073103476036,0.26575614404233344,0.5731789670637152,0.3832009070169882,0.8036416207703097
IMG_0098,0.3474125853922976,0.4487461679053102,0.3584505370789457,0.4712544816722559,0.30327398929606747,0.33423423025778526,0.3554140046281118,0.40827888300238036,0.6529610169609645,0.3540055086756724,0.4726000243603412,0.3951693324872638,0.3717350836955946,0.4644529131848919,0.33408521621856163,0.5399957251752844,0.1822479044232841,0.3820899815305663,0.34564687330557486,0.28648120645961256,0.4075359375649189,0.34741366447314287,0.44875128624622374,0.35844974245486716,0.471256888275589,0.30327504016938145,0.33423448893068225,0.3554153944061695,0.44696902645596626,0.3863369478560321,0.5871714139269238,0.5,0.4125654450261781,0.43737574552683894,0.46384039900249374,0.3474129234664782,0.44874773540351165,0.3584502535842913,0.4712552554372058,0.3032742700379211,0.3342344734156427,0.35541441029554893,0.3082266131013721,0.40021639886129595,0.1555641942941275,0.22239714487037965,0.28469100052249535,0.23404449190255205,0.3376971627704046,0.3077775130215285,0.7242915612311827,0.30576750443844025,0.28459299943240607,0.2697565081005479,0.25346700831746893,0.32316343075759335,0.14141907124445485,0.005610326553571957,0.7934556627838997,0.7709862228521298,0.146565950685498,0.7640561675090737,0.0288583795792653,0.7878680057603751
IMG_0099,0.4008166836710361,0.508481015599406,0.17961206945789465,0.41189675878785525,0.3562043491375736,0.36758185732117593,0.43085986983595836,0.38149872821258124,0.7294709458867215,0.322706442396699,0.3850535198576752,0.3649187209050324,0.3236539779611003,0.4611227708649897,0.35424256214011735,0.6107085909579705,0.24750959694622265,0.5024663615538456,0.36207597475820585,0.25588625624857597,0.4889168287186382,0.4008179443149499,0.5084859081578821,0.1796117107303612,0.41189786799871975,0.3562055546490627,0.3675823646893593,0.4308608253477376,0.49820234262259955,0.4003708158975108,0.3578384711137145,0.4375,0.47120418848167545,0.4731610337972167,0.543640897755611,0.4008170842051527,0.5084825863739164,0.1796118266512341,0.4118969560356227,0.3562046679600681,0.36758217753886785,0.4308599559320778,0.3510012329021387,0.4710743221344013,0.21376848467628395,0.31838595860715946,0.29954918475391107,0.2074215915191741,0.4148983068827804,0.29121560428319737,0.7652127294954796,0.27690530571993,0.21751045588813261,0.24521409734126928,0.21543744840294937,0.32024053359453253,0.1905880071430303,0.009133433993545903,0.7317757695403339,0.7359922545748565,0.15074116907091678,0.8528647311980799,0.044189537173467006,0.7849943725854085
IMG_0100,0.3477289434113825,0.4417714721814121,0.36750318050413355,0.38324480538934,0.30609716630517403,0.32584793649711524,0.3658080215260908,0.39865591108089404,0.6306192696352506,0.3585970163534953,0.28567767130187205,0.3879406001581069,0.3574222047108004,0.46507003484858567,0.33243489679680316,0.5209977839574468,0.4754401188563424,0.5231156087453228,0.33965286273489037,0.2715622217556078,0.4193857760759633,0.3477300315325603,0.4417765934441553,0.36750598945449875,0.38324803004909125,0.30609830646576647,0.3258487938404607,0.36580903033587897,0.44821314377807964,0.377876045671356,0.5966903419491835,0.4166666666666661,0.4146596858638744,0.4274353876739562,0.4763092269326683,0.34772928659669716,0.4417731408023202,0.36750437351066756,0.38324603067158813,0.30609746800638904,0.32584836129668626,0.36580822257154355,0.3009152298474766,0.3806871915748021,0.42831290601712535,0.3365880520101088,0.279302883525758,0.22101040053666426,0.34871155749715055,0.29597221246121325,0.662726069728865,0.31003365344642164,0.1507729892987532,0.2638212522501522,0.2419541030688145,0.3237062394685072,0.13503397787599894,0.0026645350386357578,0.7915221443571413,0.7878312192557018,0.13535415213366514,0.630469494727722,0.021036735106055804,0.7903764656090997
IMG_0101,0.3620092708877311,0.43285342249673286,0.4227413555230348,0.5830386550546587,0.31632953181011075,0.3443677813711365,0.3736389115233487,0.3907000906932957,0.574291114583583,0.3669148732409486,0.4420285015991765,0.3792798563516821,0.3575021327335262,0.4468369573793878,0.3223326587613324,0.4679794143933128,0.31002792715605354,0.5297732767921248,0.3344666801636015,0.2787772976145876,0.3918064065689888,0.3620103893061967,0.43285839165980367,0.4227421011688959,0.5830407484861682,0.3163305997968121,0.3443687369556164,0.3736397266292882,0.46638364777624464,0.3517822177909399,0.6508750091528154,0.625,0.42722513089005243,0.4493041749502982,0.483790523690773,0.36200962384665736,0.4328549241520463,0.422741635438594,0.5830392686836059,0.3163298094954435,0.3443682304778393,0.37363914941259974,0.27469212262338266,0.32397090894173924,0.27083185886424976,0.34257715679181644,0.27465502003694964,0.22730143486415977,0.3231927626756469,0.2842006432201157,0.601992217414173,0.3177831942629523,0.2601834686620103,0.25676897710352325,0.24201793558612578,0.30782611565665124,0.13963816188175215,0.009799567753204843,0.7862288918776495,0.7830532436851159,0.09978589780311442,0.5077787010160166,0.03182821759227383,0.8060274198350914
IMG_0102,0.38315425764929106,0.5256551395090456,0.4589644100847048,0.6470590302456323,0.32836114915177556,0.34316828754796036,0.41441630944350016,0.3861392415006283,0.7282321425829514,0.3545032665149832,0.5591478959578291,0.37593345507705045,0.3362571137303078,0.45830123934437816,0.32159192036106954,0.5952118419289428,0.2847828672598771,0.5024747102334883,0.329543170629959,0.24435525436804345,0.42965469090987995,0.38315547369617675,0.5256598855177599,0.45896370449805657,0.6470646289153388,0.32836229477849704,0.3431693392360596,0.4144179426772544,0.4775189304685964,0.4128952008379685,0.6835322545214907,0.6666666666666661,0.43979057591623044,0.44731610337972166,0.5261845386533666,0.383154641799327,0.525656819205653,0.4589641331093679,0.6470608840211041,0.32836145254046906,0.34316880297736585,0.4144168043409757,0.3135239318891273,0.445955904227936,0.24763279908044789,0.31839313968665395,0.2702542898330828,0.19749488133771448,0.35831790594892177,0.29481293369961403,0.7649184120940009,0.3062296891068921,0.3602274123944232,0.2540610874670407,0.225229902458941,0.3177726654908737,0.19193742576177508,0.010761760961601089,0.7395255735667713,0.7275437483712561,0.1498890930680129,0.7733079801976054,0.047531178708969654,0.7886882412316267
IMG_0103,0.29139419327752514,0.5970931963069093,0.4197140063605853,0.4198152949228069,0.2442804357881645,0.2097177656574299,0.36331122622706175,0.3395885839513001,0.7846500462823125,0.13439178276154262,0.37673502767814426,0.33002310135242935,0.28117058548042445,0.42524688455742,0.3300210601373799,0.6218947219204375,0.28593954959164414,0.5888673858021818,0.3236633600905049,0.22366735162837237,0.472013902955722,0.29139526515307057,0.5970976896056532,0.4197142323654499,0.41981486400332235,0.24428139521825154,0.20971848945619764,0.3633122963893314,0.35693580843148315,0.5619496690294344,0.6480925532693856,0.45833333333333304,0.34136125654450267,0.2912524850894632,0.47381546134663344,0.291394527104958,0.5970947015649615,0.4197140518212463,0.4198152585424224,0.24428069680436001,0.20971812862194822,0.36331154223762796,0.331898562674725,0.47757183145021426,0.2486910589055782,0.39848540895466245,0.2650143381726208,0.1798301692385128,0.39855885231426724,0.2591160102076184,0.7495105278112995,0.11093988220182194,0.21156622985118695,0.2178389432898808,0.18330888311903953,0.2894382407982966,0.14822111072504993,0.0034935014951002156,0.7823028663263675,0.7374994499970791,0.1683913476819186,0.6010451390374544,0.02742624749262131,0.8058373424370731
IMG_0104,0.36789890122335017,0.5524578108616189,0.4326941017143624,0.4108851154450659,0.31914341955780473,0.30768405631652984,0.42700939712715846,0.30787231911380414,0.7638247338094204,0.25057539706022824,0.46317708698287774,0.30280601030374305,0.24861939851294423,0.3964036654551012,0.34896405888902615,0.6024011668278032,0.36795734665355395,0.6953666443855671,0.34558469501179534,0.24224163287867845,0.49192974401315925,0.367900152422494,0.5524619535787361,0.4326961317177931,0.4108848884477867,0.31914484455356534,0.307685475208058,0.427009720197288,0.4552662506118128,0.4553809607298527,0.6601010470820824,0.45833333333333304,0.42931937172774876,0.40755467196819084,0.541147132169576,0.3678993034745697,0.5524590471281918,0.43269480290343143,0.4108849204808922,0.31914381475325965,0.30768466558272345,0.4270094711424326,0.344044624016729,0.46602837225408494,0.3248857663149467,0.5135631371703192,0.2846350205824197,0.19568164887326744,0.41782798114096975,0.23005562000127464,0.6772191927591893,0.2118101854918919,0.2769501999810759,0.19715120240117415,0.15957215890437676,0.26555058867306247,0.18268865599521644,0.005358676022145246,0.7339675273773102,0.7032612707924892,0.14232033891570112,0.520028157137304,0.031731824086442026,0.8289603047230956
IMG_0105,0.5208394295198056,0.4744325186391536,0.4373041932731123,0.4879929400209271,0.470102208008626,0.5175048429113379,0.5260806096162961,0.49689827122570285,0.5873737930889122,0.42868802135591166,0.48424737126994,0.5017372122288305,0.462205713859392,0.5612837923736977,0.2721469634744281,0.4784456914528977,0.35646010958700014,0.39468356080343403,0.2673277946150111,0.23339746351430019,0.32022457918987624,0.5208408465510002,0.47443859618167306,0.43730492317082614,0.48799784694256765,0.47010347876175373,0.5175055959653314,0.5260822057173994,0.6272103574172357,0.2898469816750727,0.6643479534304751,0.520833333333333,0.5884816753926703,0.6242544731610338,0.6359102244389028,0.5208398876972324,0.47443453403744007,0.4373045642984028,0.4879944560521903,0.47010252772612166,0.5175053231769803,0.5260810575329856,0.23335891505637762,0.33456430858244796,0.3140657893037493,0.23170078249688753,0.21563229318433244,0.18811535509600896,0.2588120342372279,0.38219908538285463,0.7132863003076313,0.3762000906139833,0.2941916398795293,0.3627900061110707,0.33028597021804995,0.4132686440675165,0.2806483673650783,0.013515113834858039,0.6406932876105383,0.8524158348479198,0.2967654929446148,0.8457628468303924,0.08013054434789794,0.7091619178528559
IMG_0106,0.585818012336942,0.3714026498817127,0.4816298650501625,0.6014474450624512,0.573135383903622,0.651644506254122,0.5425449329692331,0.5163783445876233,0.34534152108433136,0.4993394623448528,0.3986680348588014,0.519606368583663,0.5094648641058774,0.541147269972423,0.3088762589624622,0.3509241705898706,0.2746204382005071,0.6308687851486146,0.3176608785196483,0.31451868946696215,0.3181109891517543,0.5858193840784613,0.3714073157951103,0.4816313993520618,0.6014489209673881,0.5731370310391428,0.6516458478284668,0.5425468188795263,0.6962179875878525,0.22679616424933124,0.7028630006590026,0.625,0.6827225130890053,0.7435387673956262,0.6508728179551122,0.5858184728998821,0.3714039941088212,0.4816303433832747,0.6014479019433163,0.5731357558275183,0.6516452142951447,0.542545435557798,0.23336705283190187,0.23526081874197818,0.23835436335223248,0.4414895147157427,0.2596818190003272,0.25881145962257646,0.25695053851608374,0.3798106221688313,0.49257545430540284,0.44493777736082096,0.22739143991363792,0.37947941835507626,0.37342253688908744,0.39367723789780906,0.2517481839411104,0.03195961749119223,0.6124403231007606,0.7634301774824104,0.26077033865280336,0.8512269645577483,0.0897285834285793,0.7349216188227188
IMG_0107,0.5311838680737468,0.3305709817881861,0.6814514098930498,0.6349797100277885,0.5092237334456275,0.594872750874899,0.4772972592342809,0.4098036848207873,0.3729126002851899,0.4107275649323101,0.440816833277919,0.3950863959580608,0.40463492713375704,0.4273899558171654,0.5261373124484215,0.36360192743651176,0.4703332822151727,0.6276413471860374,0.5409479720533636,0.5043065828217287,0.5592795830790003,0.531185158761835,0.3305758457492083,0.6814519836700987,0.634981501921557,0.5092251200355399,0.5948744763175207,0.4772981722834697,0.651037261823109,0.20566225026279572,0.8449146957604158,0.6666666666666661,0.6261780104712042,0.6938369781312127,0.5910224438902743,0.5311842754487028,0.33057254340694,0.6814515915785688,0.6349804551225189,0.5092240823952755,0.5948735529833372,0.47729751554793765,0.4542194019246807,0.33342225994250313,0.4233039300520476,0.43808112093778473,0.4703047195436049,0.4363839623881911,0.4847113756387974,0.2860400911894209,0.46409262828243747,0.3590565741600753,0.2592387369836378,0.2696881646560051,0.2805741813303994,0.29124373397866454,0.19135887262942702,0.03873937886727654,0.7033641909765646,0.7217635132185525,0.16461923916703997,0.7022279204210347,0.08383480907200595,0.8452367353130097
IMG_0108,0.6881128690292766,0.31200171356548556,0.3622804690603689,0.5512393180039132,0.6653022491366996,0.7847699929144591,0.6205801957163984,0.33420599877267626,0.34281892683394477,0.33364911339593695,0.4580317878938507,0.33074425657309003,0.3458201291365835,0.34777253726118346,0.6668220575271456,0.2710541429807046,0.27899208097116723,0.48539762068016445,0.6795802694328381,0.6805054142396769,0.6579552096693401,0.6881140861648811,0.31200547995945294,0.36228005995377677,0.5512401019246611,0.6653033227862424,0.7847715979929624,0.6205805072644263,0.7904837646930889,0.1496600414348136,0.5912718752288203,0.583333333333333,0.7623036649214661,0.8489065606361829,0.7206982543640897,0.6881132571304598,0.31200280798468016,0.3622804149332346,0.5512395778798753,0.6653024943009078,0.7847708311996445,0.6205801689492976,0.5815711585716621,0.2967995567435843,0.24234149995479726,0.30375269274640426,0.615091007285942,0.6184602225788424,0.5877768853247488,0.21979505197926022,0.334761141045797,0.28695287583794604,0.2728222917456889,0.21839486812347447,0.23274257356494937,0.22693704286422894,0.34240649013793156,0.037569944044764186,0.4748996536708011,0.3809353965271647,0.0733777478237167,0.31415086525616054,0.12465516370830408,0.9041373201521368
IMG_0109,0.477119567249254,0.41852908601480143,0.5666285471558656,0.561862451647138,0.4381166864301899,0.4728463700224984,0.48582832865929604,0.4367984918566531,0.5529022667256152,0.45873069083820517,0.4014332627761288,0.43781202585174167,0.4024850346523932,0.499068640717642,0.20818108191100926,0.45320260786457,0.46601004727137774,0.39448804011244354,0.19644377886505912,0.16295498356188765,0.266632030921649,0.47712079488156695,0.41853409169713096,0.5666297549668613,0.5618656980641519,0.4381178953623158,0.4728477884324144,0.48582989761801876,0.5897276522968884,0.27804116294021697,0.7690561616753313,0.583333333333333,0.5570680628272252,0.5825049701789264,0.5985037406483791,0.4771199624404698,0.4185306825740991,0.5666289966355929,0.5618637737660315,0.4381169894913593,0.4728470570539757,0.48582872040913105,0.16718435490970274,0.2852876953659859,0.41907089075152726,0.2315551333080813,0.15554566088355357,0.12903920373174993,0.21228764248562085,0.32214353274341284,0.6039550030881982,0.4051730002343157,0.2294219882914183,0.30570620334143006,0.27877476374671906,0.3542135719816275,0.2129204812657062,0.00828966456464458,0.6839739505910668,0.772537360840611,0.23245007449774963,0.7213346587699726,0.03881904184855204,0.7726299782955957
IMG_0110,0.3354858561813448,0.4519355088386239,0.534610696563194,0.3456896877391289,0.3042437070848514,0.2900822197953832,0.3810374135729445,0.4076137696882227,0.5985765093906605,0.48742011245059724,0.19900494119893297,0.40131690307954127,0.36093989436054197,0.4794424284892601,0.2208972025603707,0.4910728591821797,0.49150054997720494,0.36564200538516767,0.2115990797785398,0.14286090204645807,0.3171838624222838,0.33548687500001373,0.4519407255064729,0.5346099365995021,0.34569193766090445,0.3042447705709327,0.2900830327729789,0.3810386866984862,0.4315519824472451,0.4022449627185829,0.745185619096434,0.375,0.4125654450261781,0.3876739562624254,0.49127182044887774,0.33548617732699254,0.45193713977152306,0.5346105036106881,0.3456907071657609,0.30424398448436174,0.2900826489355228,0.381037800174013,0.18777138803711205,0.3141709194373889,0.44412946053804125,0.21048179087336327,0.16820629811582127,0.11256487309517382,0.25613476820637415,0.3004284378603576,0.6256986637646771,0.4331935293257172,0.09933760756160176,0.27483962885857677,0.2447682333721157,0.3364577725762654,0.11679177743481174,0.00025165053142671044,0.7909034184605787,0.870425482259573,0.19105422482848217,0.5033287061211174,0.007582955792102159,0.7837378018063907
IMG_0111,0.22593407227810416,0.45199962392654025,0.4440992816524152,0.15675969275561474,0.18479042870549692,0.1748826312411632,0.27132332446888274,0.44328246446445974,0.6379865910760947,0.3717520925916262,0.4184410604366895,0.43630021886288395,0.3957943141245017,0.5135396273267832,0.17525404646643103,0.5236125591249235,0.2615463539924452,0.23137961661785855,0.17195361404201392,0.11101088229187978,0.26314803168652856,0.22593481748680086,0.45200501217138056,0.44409880075523267,0.15675939085343016,0.18479137033762624,0.17488298861900053,0.271324232871386,0.2985116753830509,0.476641437663028,0.6703522003368235,0.1875,0.268062827225131,0.2465208747514911,0.3690773067331671,0.22593429758525135,0.45200134350287424,0.44409902944809243,0.15675985787953461,0.1847906783531655,0.17488286708417733,0.2713235859315375,0.153983472306156,0.31890869819574613,0.22646760257784537,0.12221686175758772,0.1352956817924433,0.08678528101872501,0.20931118755897435,0.3371705760288221,0.7232441227656812,0.32230255555441945,0.24208953163460661,0.30440355167743793,0.2732002554165486,0.36756636472118864,0.07275224835766865,0.0002812564763004411,0.8646812381858747,0.9100981228277767,0.19151692485379795,0.7377233102209965,0.005044593471864572,0.753010807257773
IMG_0112,0.4124285606760072,0.429059553222473,0.46143477438622726,0.5289254001987267,0.35795958211570417,0.4068310169911662,0.4102422219083519,0.4826279989262207,0.6266106100239381,0.4808760804687391,0.5156256539787538,0.47426488765969194,0.43907709066877587,0.5470816876877717,0.48032427952925405,0.5182354941132564,0.42348490592903243,0.5413208472994175,0.48951574706348383,0.42073464699036767,0.5660358341878229,0.41242984125324733,0.4290647945295605,0.4614339490234949,0.5289276093009034,0.3579607948118597,0.40683185388079623,0.41024313396286516,0.5229215687917774,0.30931649139221373,0.6857289302189352,0.5625,0.47329842931937177,0.5149105367793241,0.5236907730673317,0.41242897086260794,0.4290612441692665,0.4614345990330042,0.5289259453159985,0.35795990276857,0.40683150878233465,0.41024248286129417,0.45312455633165544,0.4523500276989065,0.37779875757145254,0.35310833659544427,0.4194519114880724,0.35598449199163684,0.49157166295904287,0.374206627631117,0.7777634079008569,0.426771407775818,0.3209174465641567,0.33776824268420425,0.3099540027528517,0.39940212349923643,0.17862585550716323,0.011664742280249872,0.7492823041771864,0.6895428860128101,0.10524871175078493,0.6899338778353726,0.04663609615481715,0.7240422627262904
IMG_0113,0.43792563216160163,0.38717957779547807,0.5812239620683366,0.7322281543461129,0.39281403989032637,0.45405893035002004,0.41582072510540413,0.48050542792322615,0.5786789395676009,0.348168439519172,0.5487698262844316,0.47154546363199823,0.4455467955469474,0.5346472245434787,0.4947681198854621,0.4591503287517401,0.478582845741085,0.47350990880548727,0.5078443406465196,0.45555381322554755,0.5502813989898511,0.4379269323210527,0.3871850415052489,0.581223321048864,0.7322351529968119,0.39281528663944626,0.4540604635025307,0.4158215784270347,0.5543048819808961,0.2692165445655714,0.7794537599765687,0.75,0.5109947643979058,0.562624254473161,0.5286783042394014,0.4379260431439195,0.38718130939176776,0.5812238389475786,0.7322305396166002,0.39281436623355276,0.4540596340989906,0.4158209547887891,0.44944320389678666,0.4040800175026045,0.4314003797026955,0.29377411813070076,0.43740504128019053,0.38904395931861596,0.47561825857864937,0.36743422549890625,0.7260973943660234,0.3003560089120052,0.35060534454528297,0.3353323039922105,0.31559155988187365,0.38745283444419,0.1731409132412712,0.02267815377327767,0.7519499041761376,0.6365396163283426,0.07080215445130267,0.6661472077601066,0.05577511854106134,0.7363233225903709
IMG_0114,0.27576237119074487,0.39981917493524755,0.4015778346679393,0.29284329323951663,0.24148460089773469,0.25551080414230587,0.29222413184801066,0.46564987124453183,0.5923299128559896,0.5249233151205528,0.2622515351012291,0.4552401941949818,0.4231709209237209,0.5308329511940195,0.5095052340992142,0.47386059863050567,0.4792959157219734,0.5026497631937419,0.5182110008297979,0.45098056915786733,0.5889425836087693,0.27576325135635343,0.39982475728706435,0.40157719951328463,0.2928407033281899,0.241485548995431,0.25551157549609493,0.2922251155725962,0.36874175583624363,0.3979489290084406,0.6308120377828219,0.33333333333333304,0.33926701570680634,0.34791252485089463,0.3940149625935162,0.2757626432433987,0.3998209547183287,0.40157754576799354,0.29284238090594705,0.24148485686069088,0.2555111840674997,0.29222442217773736,0.46977687006475033,0.4204657961929618,0.4321016673339444,0.31854504063878486,0.4476415369435841,0.3846667077629732,0.5150412810485251,0.3540356841719593,0.7071685833082941,0.47035304328262706,0.13629841234665735,0.3208771200518291,0.2962549824225462,0.38382253656012155,0.08379970425915302,0.0006069218699114781,0.8548733840373962,0.837562901448069,0.09875229306449612,0.6049019160262957,0.008436726843755307,0.7391126849977434
IMG_0115,0.2775526601522955,0.39361919464166095,0.3150456989895578,0.3201295500888648,0.2422533041760164,0.2643630010512772,0.2885557083259317,0.4625421365764892,0.5855042562332957,0.4050196861058384,0.4408960749282711,0.45423078710474823,0.42407999510100153,0.5225712999296841,0.50774847137468,0.4791691778493202,0.4843645555622582,0.5140710262574055,0.5176866343939808,0.45664104150054285,0.578879128441696,0.27755352649474213,0.3936249239673406,0.31504530662001873,0.3201311162776941,0.24225428229757245,0.26436373600322477,0.28855684142552174,0.3717335788113523,0.3935519156638668,0.5394303287691293,0.3541666666666661,0.33926701570680634,0.3578528827037773,0.38902743142144636,0.2775529277044527,0.39362104976815027,0.31504558791052784,0.3201302297576323,0.24225356168337334,0.26436336894503104,0.2885560621322487,0.46971806356081863,0.42652823496063946,0.4370899792067573,0.3285467636754471,0.4471223373287184,0.3900862236070566,0.5046901907359123,0.35042657829426693,0.697114580334232,0.3536357415696316,0.2593004291422824,0.31999059981213857,0.2970317960524588,0.37601512519815483,0.0846723821682814,0.0006809367320958047,0.8539951078706655,0.8364128979620742,0.11661017525740347,0.753256153720568,0.00836787433958973,0.7470800179028565
IMG_0116,0.287389510679726,0.42076767713242025,0.3920403415271245,0.3586791794751054,0.24838899275539741,0.26452564616753393,0.30621404276772635,0.4724536099893579,0.6020024827059625,0.4575081335731328,0.46971134876813325,0.4594236022110746,0.4319976588020418,0.5315046432600221,0.5128617178344262,0.4836918095022932,0.446580166670417,0.47205831579661783,0.5194348874770971,0.4571754133367027,0.5897122097535459,0.287390382067086,0.42077331933798967,0.3920403294637165,0.3586791027795,0.24838987045109137,0.26452639554056695,0.3062150445696703,0.38006384009234245,0.40572747417278343,0.6214395548070586,0.39583333333333304,0.3476439790575917,0.3578528827037773,0.4114713216957606,0.28738977635964674,0.4207695002915697,0.39204034735695537,0.35867922259764606,0.24838921698665847,0.26452637929925815,0.30621432990711006,0.47677069353393287,0.43241707050896144,0.40013173358819065,0.29256710539260633,0.44885418090146906,0.3905986809845319,0.5158356351442863,0.3622951462028099,0.7447434397291577,0.4039867484830606,0.282238632297858,0.32456140558893815,0.3038287970808055,0.38446066364555953,0.09621597162180724,0.0010362080705805725,0.8392557985889905,0.8306087885017182,0.12657773482536278,0.6701705470809756,0.011507548529540019,0.7380134196515684
IMG_0117,0.6691529419628955,0.06349604391955321,0.2624261778230754,0.7136506839025274,0.6376142725589151,0.8284326307422859,0.5330074938369997,0.18044256241298978,0.08230137969848195,0.2000788144361776,0.585261429256017,0.17533284345838113,0.260346129613348,0.1292217457823232,0.7439438235660005,0.04816349764829275,0.1544967940214823,0.8094481199581383,0.7610853517952347,0.8690692004330401,0.6079298184791891,0.6691526935588539,0.0634958021491715,0.26242554432534826,0.713657418457196,0.6376153865932992,0.8284334311392422,0.5330069264486528,0.7934571740913581,0.026126653029678315,0.4752873984037489,0.75,0.7392670157068064,0.8817097415506958,0.6433915211970075,0.6691528406957168,0.06349581004326765,0.26242577614883444,0.7136532022073547,0.6376144900321755,0.8284332329189976,0.5330072622818538,0.6137931587668171,0.14223300674862888,0.13122421831613496,0.6627031754437832,0.7059010737974665,0.8347505601754684,0.5347455538424357,0.09584676824372496,0.08256009095378725,0.16738087795968237,0.38516761720458076,0.10730997404039949,0.16803810190523583,0.07552928857917748,0.18830126780707354,0.035216271427302596,0.6148129796108844,0.15243272563224675,0.023095695898510793,0.07341005425404523,0.08248989015730503,0.9879970336689807
IMG_0118,0.5666835224158455,0.15961769147624771,0.1863726768146643,0.5748438168517027,0.5386638584711261,0.689990579263827,0.45819068716989764,0.05732409138567923,0.2243368869605018,0.19162693299989453,0.48085103181093736,0.05455340412452436,0.1352818257149087,0.018742948148917776,0.4757283037268456,0.15869659929941604,0.16780327361711045,0.7819709993800434,0.49662248401390446,0.5931005366238904,0.356515056377812,0.5666829916194049,0.15961544537733063,0.18637202367689065,0.5748490560898989,0.5386642562234205,0.689992059467318,0.45818890006486834,0.6961793037460369,0.17704792468408248,0.3683825144614483,0.6041666666666661,0.6534031413612567,0.7753479125248508,0.571072319201995,0.5666833699143949,0.15961684345096283,0.18637255472290848,0.5748456622111227,0.5386638806797551,0.6899913457105877,0.45818932934548384,0.3524330383636482,0.16380101246062745,0.14286507639256607,0.6238977201382095,0.4263911313636642,0.5259068678142068,0.29112331830874927,0.023114193036195385,0.10891593801973531,0.1600339424507835,0.2913752323163136,0.031593452783382825,0.08237783639871749,0.010406535862180405,0.16192538603876955,0.02544630961897149,0.7408888679151299,0.10094801184973001,0.0958155959962197,0.07481780307776731,0.047967244568684966,0.990392196152384
IMG_0119,0.2556769917735665,0.3836965384674369,0.3711987845756868,0.36458387327179453,0.21988464254246232,0.2509536623136503,0.2503950632159603,0.33047485520062525,0.5805048486083662,0.30696472570559163,0.2884167988536528,0.3200092148662622,0.3153077687052795,0.3711319143739553,0.2835699625905358,0.46761651942885696,0.3721680712185025,0.3576849057487932,0.292351943088248,0.26903322137816676,0.31203467207391966,0.25567785680049143,0.38370138816794364,0.37119809962097383,0.3645844894937418,0.2198853397357628,0.2509549818588128,0.25039546865345585,0.3470573758537401,0.39459487556104356,0.6004979131580873,0.39583333333333304,0.312041884816754,0.341948310139165,0.34413965087281795,0.2556772559562975,0.38369803587874296,0.37119849237204683,0.3645840571738552,0.2198848223271728,0.2509542484805391,0.2503951601788218,0.23926183357455094,0.32091326565117567,0.3288602461609993,0.2048111880880591,0.2373851808202217,0.21881069415346022,0.25161140060443976,0.23382871280574294,0.5459147074699742,0.2625317849220643,0.15249472981068796,0.2101612853120642,0.2090194428118478,0.24523172671373142,0.0810265277923673,0.001435888326375936,0.8705604450631704,0.7879331752362071,0.1276147874032159,0.7266110961089532,0.011470827193985046,0.8521029301882235
IMG_0120,0.26052203161240656,0.3692172999330996,0.3965357783974488,0.3055505527359177,0.22776092994623284,0.254040803857816,0.2644350362534108,0.32549379053655764,0.5879731372778658,0.3875328164275422,0.5564108846519034,0.31415757438125913,0.3003710669487658,0.3736717014711566,0.29990639367430216,0.4799177373109139,0.3637091816600142,0.3920561505261553,0.31193284006660915,0.27183779570117556,0.3502015329399374,0.26052289550952096,0.36922225308893997,0.3965351703814357,0.30555141493534244,0.22776173458994867,0.2540412104292904,0.26443609900073917,0.3540997258199671,0.39023894441358764,0.6258329062019476,0.33333333333333304,0.3225130890052357,0.34592445328031807,0.36159600997506236,0.2605222915754987,0.3692189448054848,0.3965355850492589,0.305550858810153,0.22776114976106462,0.254041117171542,0.2644353531839347,0.25733196232412797,0.3328073497634599,0.32088235673972276,0.22974659955821153,0.2546091384577364,0.22125015954147081,0.2854541234387501,0.23060108185001113,0.5532189019575247,0.3371104721397571,0.357674172647198,0.20571063783974008,0.19766422712225828,0.24724867591108254,0.07217692736572477,0.0004736951179796903,0.8729566970524004,0.7931674153530366,0.13502278605120321,0.6486969139770214,0.007307545775439853,0.8514381274660903
IMG_0121,0.26960886129996164,0.3699593936066794,0.45401754682120954,0.3326988781872475,0.2352629584896325,0.26174832780605756,0.27240597058790017,0.31686223901668237,0.5360831208460441,0.39398983247098096,0.3791983378534778,0.3058000920589693,0.29728826985008816,0.3624075280726997,0.2940728509838584,0.4298773922683262,0.4896194520801278,0.35404461211226446,0.3043838751284678,0.27061845767488774,0.3367263253812901,0.26960974856629694,0.3699642853381404,0.45401672816422867,0.3326968655033169,0.23526367046616667,0.2617502042578966,0.27240708562027816,0.3660168360392093,0.3715554785800165,0.6791389031266016,0.3541666666666661,0.330890052356021,0.3538767395626242,0.37157107231920194,0.26960913119100893,0.3699610019814721,0.4540171832968274,0.3326982155417988,0.23526313965923373,0.26174903203409255,0.27240630405651967,0.23817381998218073,0.2854107605539486,0.44227201694455553,0.20223681333092214,0.2479475255887315,0.22018917095460439,0.273421960034234,0.21914727545223567,0.4823899460305092,0.3431982378737106,0.2133191201309887,0.19939937447488548,0.19534125858266305,0.23834523749332048,0.07644335269924124,0.0018503715546081651,0.8691381620170465,0.7951218792055761,0.09286229183562877,0.5269893942961891,0.012237385073695132,0.8644317434872741
IMG_0122,0.412403031002997,0.2959845335942799,0.407868823190201,0.45898034433651036,0.3768117064144363,0.45080148434717865,0.37877272957837116,0.3314962799866821,0.5025649472264919,0.3899605944488831,0.40665709810022266,0.3237356494911082,0.31857025459035154,0.3697335862704443,0.2681594104190255,0.4047565730967341,0.3323861030961912,0.673927773687224,0.2795884868792635,0.26254399577593196,0.2888125516191985,0.41240417915854355,0.295988799348051,0.40786817164109657,0.45897872098665804,0.376812943190644,0.45080259919950644,0.3787738886562664,0.5366099051978445,0.2323344775774282,0.6368162846891703,0.5,0.4921465968586388,0.5606361829025844,0.48877805486284287,0.4124033928282138,0.295985834145313,0.4078686901862123,0.4589798037843882,0.3768120321148998,0.4508021928825612,0.37877305627251434,0.2079249272253483,0.258509144704335,0.29155768510506386,0.48873687810848343,0.22625424799142113,0.21317957449045577,0.23137367664149097,0.22841236485265437,0.4669195318561965,0.3393973858888506,0.23327970049020968,0.21300925292457537,0.21152190990350966,0.2441235963930453,0.12477031602252801,0.0037155460816531956,0.7957300047977475,0.6091655889108338,0.06398212732083036,0.5604206518798646,0.02234493268520176,0.8651723899002421
IMG_0123,0.1087753478607851,0.41453907586358785,0.3711987845756868,0.32597999379747966,0.07433607913988138,0.0705496281064707,0.13449969269691603,0.32033035597720594,0.5975745427960817,0.25201349380494875,0.14813274222667605,0.3136641280470639,0.29845684402060646,0.3710279229643475,0.256389901097962,0.4886885258610284,0.3366732212629113,0.4256159575046823,0.26357399622501687,0.22273338142738153,0.30899124296749103,0.10877575162579992,0.4145442150687122,0.37119809962097383,0.3259788108926198,0.07433624497767582,0.07054913568018562,0.13450015434377502,0.1443232645987385,0.5471571001153178,0.6004979131580873,0.3541666666666661,0.11518324607329844,0.10536779324055667,0.1970074812967581,0.10877544030377895,0.4145407655667075,0.37119849237204683,0.3259795869872488,0.07433609078399944,0.07054958950520274,0.13449982369491736,0.21942170367233618,0.32743775322140684,0.29555127923646163,0.25524619042676777,0.21239395873275363,0.17903703985174096,0.24894410487803129,0.22631622293759115,0.5369397008852919,0.21308891863904744,0.07166407569723304,0.20533655115075233,0.19622099606616578,0.24514927580341717,0.03763989107686838,0.0003108624211741718,0.9347912717701067,0.9032562306608736,0.18129034636332114,0.672043446308058,0.0046957407840923174,0.854787422307034
IMG_0124,0.30462252710603943,0.4528672805882954,0.48847508841314946,0.36925618956166817,0.26041681404076145,0.27708322151867953,0.32330479055448136,0.41033886872240044,0.6403219823391206,0.42538791688677646,0.4461041559776655,0.40412633749540183,0.37422248322063156,0.4713529999496341,0.4934771329497132,0.4963542389981407,0.4629873944884286,0.6810141868305237,0.4968747988047419,0.4372269350634562,0.5687779471071736,0.3046234749796558,0.4528728821476342,0.4884743546422716,0.3692572566850356,0.2604179257772201,0.2770848097381679,0.3233058414754436,0.3967665043648694,0.4138085521560996,0.7085743574723584,0.4166666666666661,0.36230366492146604,0.3717693836978131,0.428927680798005,0.30462282310890526,0.4528691550948136,0.4884749582435277,0.36925665089128223,0.26041711497315445,0.27708390016309664,0.32330510630521014,0.4611218211530178,0.4431845353254373,0.41611540895530075,0.4968429651251719,0.4266379780618818,0.371566737661361,0.494363906540759,0.3074124812652867,0.6927358974690587,0.37304016138003604,0.2633738469759411,0.27717355037554514,0.2554848266160734,0.32925490483777,0.11979281980009211,0.0015099031885602628,0.8158844765342962,0.8213111873563974,0.1676803457677069,0.6894049764843462,0.01679083068251192,0.7878914143069291
IMG_0125,0.1137148111603444,0.5647012280501356,0.2821343033712287,0.21797575570153072,0.0768778974122506,0.020517393958629726,0.19386395919540178,0.38870461099553866,0.6983290716890553,0.36706723448178247,0.3310939533212598,0.38356419736877956,0.33870952040876007,0.46422376144451216,0.25488281647538935,0.5927744387631361,0.3507101674022075,0.5400550797406631,0.23578137939029573,0.1567092596397337,0.37275450707495095,0.11371531403501242,0.5647065115415764,0.28213390993056375,0.21797451532047374,0.07687793610563143,0.020516713811473797,0.19386458538015344,0.11954162219557901,0.7210903242187369,0.5001830563081203,0.25,0.11727748691099477,0.031809145129224725,0.2743142144638404,0.11371495129532264,0.5647029463145377,0.2821338829498461,0.21797541766584283,0.07687794001660492,0.020517561391960037,0.19386413989531287,0.25146821705203126,0.4315413859357556,0.3086714280179259,0.35194508620062215,0.18861585824771038,0.1239009647935348,0.305799606452143,0.2930619589157809,0.7121393330052816,0.3179254733335677,0.18015129850063322,0.26024967885458095,0.22714968838813546,0.3229619299857933,0.056032386046849875,0.00019243864167924917,0.8965430001389513,0.8624220531247173,0.23657868958951095,0.750702353533444,0.003672133555497414,0.7890665233439389
IMG_0126,0.5578499583136438,0.34388127403963153,0.38389372398851096,0.4837423248205357,0.5299397476126448,0.6267299218313105,0.5046574320700096,0.46683204685847035,0.42104495868984193,0.41495984014405307,0.6298653080054759,0.4676065119247814,0.4663812586412927,0.49143786725331395,0.44161230668574314,0.3591725002519489,0.3078242364752599,0.5936829580826259,0.44404154530002043,0.44766560993215637,0.4411820076756724,0.557851201729143,0.34388619454813507,0.38389314824456955,0.4837412242849184,0.5299412384369094,0.6267314629266942,0.5046589084742118,0.6732029754296112,0.23365310104768733,0.613385077249762,0.520833333333333,0.6450261780104714,0.7216699801192843,0.6159600997506234,0.5578503603488435,0.3438827905170203,0.3838934812853134,0.48374201329752253,0.5299401406935302,0.6267306860149107,0.5046578785830991,0.365802027822903,0.298228618901852,0.2687979955830504,0.40327113377966695,0.3756962325930209,0.38150045914399333,0.3691700638817347,0.3391441354183465,0.5260100283046116,0.363084628035824,0.4303453663266931,0.3318167191020402,0.3340099571160069,0.34726224974331166,0.2303045484295838,0.01714184208189004,0.6656691022444544,0.6089427620394126,0.18188096122424952,0.5780443724441517,0.0737456221282768,0.7888567827668154
IMG_0127,0.508192118682793,0.30703253779161277,0.45462360896574294,0.5804574929694524,0.4907274096952375,0.5747800609624311,0.4566030109138093,0.39793077466396953,0.32850299765582647,0.3907977477874698,0.3083424292715362,0.3838769081830905,0.3991965896823177,0.41014084496312847,0.45244533391314046,0.3291205268001609,0.3451126342348094,0.4428075047627873,0.46471306194083206,0.4454684175899371,0.46717299457371964,0.508193176938921,0.30703625754222785,0.4546234301480401,0.5804607109482327,0.4907288510880037,0.5747814735386341,0.456604245751163,0.6308198358067656,0.20744069654560648,0.6797246833125868,0.6041666666666661,0.6073298429319373,0.6759443339960238,0.5685785536159601,0.5081924447604143,0.30703365142184724,0.45462353888818274,0.5804587200259022,0.4907277788748609,0.5747807601865403,0.45660334559196314,0.36790516478905083,0.270602285834236,0.303431530821785,0.26877618902730205,0.3954492225403706,0.37940487745702806,0.39390918089562055,0.27238015511627467,0.40285368176964453,0.34018659010867003,0.16521016917577752,0.2605043423698291,0.27603018170053073,0.2768328969548681,0.16685924836574903,0.01961393847884655,0.7304137860519259,0.4966136831961263,0.06525133440716285,0.4982452940023085,0.058180366019912146,0.8627397737423523
IMG_0128,0.39386438482471314,0.35694587727418137,0.3927487890391812,0.48800567890800517,0.37362190437053067,0.43202702661100356,0.3583347221086919,0.4097373852723789,0.36217075235486806,0.43389030757467073,0.43754135497108493,0.39456020806268843,0.4092982950410438,0.42294546390745824,0.4371564133853445,0.35979737773835196,0.2917157757136799,0.47858509809159955,0.45085277688389674,0.43002085934944745,0.4565475304709693,0.3938653716750936,0.3569503390984794,0.39274828947271967,0.48800985392770446,0.3736231516582491,0.4320276381748631,0.35833539400499115,0.508724490254789,0.30645359693078766,0.6221717800395401,0.520833333333333,0.4900523560209425,0.5407554671968191,0.4688279301745636,0.39386469543668223,0.35694718862826336,0.392748461270108,0.4880071419983394,0.3736222339942867,0.43202740019237007,0.3583349149940832,0.3604078951555584,0.29192337584441014,0.2539823580312284,0.2980130671146646,0.382179779577553,0.3647414146892094,0.3837499990029696,0.2851078799160529,0.45088191213227646,0.38119030670476794,0.25669313283410694,0.269254650946884,0.28449093594469044,0.2875041762460084,0.12692292153171136,0.007431092163306391,0.8163458992368174,0.710761378774714,0.16300478844532534,0.6210057114570356,0.039236747040489864,0.8484099978838675
IMG_0129,0.7598254563007959,0.24496225955110917,0.39674710687297754,0.7422751828030294,0.7389510881412282,0.8901950365309832,0.669671328110937,0.3977975627939842,0.30790035701717433,0.5091916002614478,0.41319841403832847,0.3920156474461008,0.4058720852068546,0.40688348271266794,0.9816152738130149,0.2252614232508381,0.23067709880548026,0.7724570056464009,0.9963249113199373,1.0,0.9651069937533604,0.7598263529389901,0.2449651573115208,0.39674896866303877,0.7422820710233671,0.7389520883953082,0.8901959844656928,0.6696722985514871,0.852732811573306,0.09691354596788215,0.6261257962949403,0.770833333333333,0.8209424083769634,0.9264413518886679,0.7621571072319201,0.7598257661452311,0.244963146527595,0.39674749037171164,0.7422774302817321,0.7389513069626316,0.8901959312193509,0.6696718585212048,0.9632147363502674,0.40078571394254675,0.1986250629609061,0.6109178767102427,0.9951283122797969,1.0,0.9534934750339589,0.2702992996972536,0.37102563210751727,0.4546914522735972,0.2381515588918683,0.26716161517233955,0.2816114462243201,0.2741421718065473,0.40878657368876103,0.053823607780442304,0.3404853852224137,0.24862208049366996,0.011085981151754742,0.1554835096840345,0.13738369664504696,0.8704065409097121
IMG_0130,0.1326468636549006,0.43565222560653005,0.3927487890391812,0.0,0.10860271515574016,0.06922394986242675,0.1961093768811591,0.3295770600889239,0.5914386589240328,0.372940476930691,0.2522708493717336,0.32525460566729414,0.29395940658466213,0.3911599991596891,0.16651884548328355,0.49949191604067067,0.41767388668143735,0.3244582380192407,0.15875211492277466,0.10120715487040488,0.25330402938893104,0.13264729046040968,0.43565759718604946,0.39274828947271967,0.0,0.10860307636704258,0.069223725038419,0.19610997717302942,0.17142958275175557,0.5743060704225337,0.6221717800395401,0.0,0.16335078534031416,0.1033797216699801,0.2768079800498753,0.13264699593513182,0.4356539769082348,0.392748461270108,0.0,0.10860281311447123,0.06922395528285119,0.19610955171302055,0.14061893647190157,0.30044259119851086,0.3722098955171833,0.18176668157374287,0.12448548727218207,0.07893108396860765,0.2009319442971055,0.23307879949259458,0.5307800461674848,0.3234141107936015,0.13026498864573605,0.21417322573232658,0.19284065620043994,0.26128858710864317,0.02471779374096011,0.0,0.9288045743768828,0.9947162812455721,0.2276131008351902,0.602842013075011,0.0005140986977696378,0.8448743710123541
IMG_0131,0.22931298890314614,0.48846684975542143,0.2500419906930853,0.3736849295451692,0.1875563306969854,0.17374140776636549,0.27733431421653004,0.34364787293031024,0.6465346964929073,0.27014564834458854,0.3126287676818218,0.33323901988534277,0.30947652752276944,0.4002264649721158,0.16313631396380207,0.5469925279164881,0.36706917648642756,0.43434490603965026,0.15054766672855202,0.09736192701364049,0.2479298998493542,0.229313836100924,0.48847155445018964,0.2500416032276207,0.3736799271615281,0.18755754861158003,0.1737417012540734,0.27733528691141873,0.2967710047043708,0.5115994094586446,0.4590319982426594,0.39583333333333304,0.27015706806282724,0.2465208747514911,0.3765586034912718,0.22931324596965344,0.48846826699625745,0.2500417154410597,0.37368328872740086,0.18755667435591597,0.1737416347278179,0.27733460109058694,0.15124182308766312,0.34517604789268425,0.3240483539759005,0.26207522805946826,0.11780395662586357,0.07586071145625167,0.1963767116021641,0.25034991536958173,0.6248591560230872,0.22927916531983206,0.16799013411363356,0.22032117150434072,0.20456662477105964,0.26867314839875045,0.08582302415216918,0.0009473902359593806,0.852977880549198,0.8471087031251181,0.21253150499015833,0.701789110765908,0.009180333888743534,0.8285445689362969
IMG_0132,0.16851417170974034,0.46748613613807954,0.2011948626237987,0.2873102235279337,0.13377527689133042,0.11849592472910131,0.20934444361132792,0.3559596899319032,0.6672449901811919,0.3582049445390081,0.32488136090597886,0.3458990691852697,0.3174356608621028,0.42027747665170545,0.11456836344267005,0.5438099319904183,0.24611484643467874,0.5057937143598905,0.11411918216066141,0.06052359372533034,0.19007336999840097,0.16851490628623558,0.4674908490668106,0.20119461905264258,0.28730811885978147,0.13377551493666576,0.11849680530288886,0.20934515661148423,0.21803170548797152,0.5591756393535369,0.3906421615288862,0.33333333333333304,0.19895287958115188,0.17296222664015903,0.2942643391521197,0.16851439701323156,0.4674877079922326,0.20119480317697525,0.28730960430261865,0.1337753292194529,0.1184963129379284,0.2093446460024663,0.1056251143318113,0.3146615171461589,0.21251029975848823,0.32128153882592136,0.08847338165790516,0.04673650875805002,0.148180180151437,0.26229438949401607,0.6540513238151455,0.3096690633279695,0.1760256462372924,0.23017227907364993,0.2106507122487412,0.2852681703465549,0.05889283030454842,0.0002072416141161145,0.8929027420568442,0.8562712471967151,0.21240267073074975,0.851894614263852,0.003860330400216656,0.817854353896025
IMG_0133,0.08955792778583554,0.4449568123332399,0.33975399588512367,0.3563020592191326,0.0537875119825465,0.043468344605425036,0.11876176042465073,0.382118406725546,0.6454390150856484,0.24653599050892838,0.4053501987154857,0.373885767359327,0.3505707455285671,0.43833263263471794,0.09886493788027341,0.5411858540955811,0.3373700292394619,0.43196634027817815,0.10625702071956218,0.06063310221570917,0.1571418778828617,0.08955835457951472,0.44496179252012347,0.33975621354781627,0.35630464825537045,0.05378764084716042,0.04346788056477435,0.11876217034308896,0.11018142704777628,0.5999701257301354,0.5671084425569305,0.39583333333333304,0.08376963350785344,0.0656063618290259,0.1745635910224439,0.08955804060654432,0.44495838873042337,0.33975462384890465,0.35630297447568715,0.05378740455700537,0.04346825536425725,0.11876187535784695,0.0914736043060631,0.309983792721267,0.29620116493820126,0.260206035308692,0.08221404102039968,0.046822294090045014,0.12141884610874973,0.282921688987429,0.6656519161833261,0.20822208517981178,0.23231197525059838,0.2524087507117133,0.23650136837243083,0.300530098217375,0.039015166818846606,0.0006661337596589394,0.9337032580113206,0.9302849456285709,0.2150427961608425,0.8843780215492794,0.005264921485194417,0.8089244615566122
IMG_0134,0.3837375285235473,0.32499081487250514,0.3558944990711277,0.4516436239234545,0.34604159864929784,0.40635075953043814,0.3647164025401637,0.2841113693948025,0.5400531386784886,0.38149521053939717,0.38007587446805813,0.27442249281696746,0.2670945571872023,0.327719972705716,0.10720010393028266,0.44378452668498414,0.2857462964703319,0.41311933064057005,0.12002465061050051,0.09424887238542423,0.14089259495744155,0.3837386560825957,0.32499480577425555,0.35589375297216286,0.4516406959482868,0.3460427376866297,0.4063528020083533,0.3647170214809572,0.5025590570763308,0.27229953672885476,0.5845354030899904,0.4791666666666661,0.46073298429319376,0.5149105367793241,0.47381546134663344,0.38373788468837006,0.3249920364380052,0.35589407724623756,0.45164278269068925,0.3460418997536716,0.4063516226708712,0.3647167370065507,0.07378231349041894,0.2292212930122995,0.2485141226155574,0.2456128145265296,0.09319131560071611,0.07337931573769862,0.1083884159419585,0.19363824769766622,0.4558683152291719,0.3314333149111577,0.21394506560561938,0.17616876894295552,0.17295325978775178,0.21159150745709826,0.11758041969343146,0.0028421707078781417,0.8027378620922899,0.6415912814257829,0.08336829298657494,0.6801287248869133,0.01712591286945106,0.882459133359426
IMG_0135,0.37350770618794354,0.3508824364718215,0.4028371323804727,0.4180037373259058,0.3354559520946256,0.3885855360681031,0.35631103776868434,0.4532144245685833,0.5441092789506388,0.48465260553558065,0.4263207843089303,0.4452452081209891,0.42400132609389835,0.5037066121718572,0.11835333915344876,0.44934551990617544,0.30208204710648845,0.3360874101372362,0.1316346173530369,0.1012476757024714,0.15666512268833216,0.3735088531254285,0.3508868755764427,0.40283657857312516,0.41800151639436667,0.3354570748535867,0.3885866861957023,0.35631201665385814,0.4888420623056162,0.2913780549258146,0.6319835981547923,0.45833333333333304,0.44816753926701575,0.49701789264413515,0.4663341645885286,0.37350806781101,0.35088373871592893,0.4028369417721742,0.41800325101037883,0.3354562474360753,0.3885860840637809,0.35631131212268585,0.08449345066754271,0.23647733475541993,0.26350669645739977,0.1897178262399264,0.10250801117363426,0.07896344593519677,0.12103486974395464,0.3378309591805556,0.6456063564187917,0.4304755544548686,0.24806490743941917,0.31214177494233375,0.2969645584135636,0.3584687370602466,0.12060893525214735,0.0055807206086982255,0.8088582672004488,0.6603228094731637,0.08692430817740981,0.6178307533809717,0.02642559109874826,0.7655465521083609
IMG_0136,0.24254626022986875,0.31967849514810354,0.6354562643133264,0.3771075170854834,0.2168555773521529,0.24084106775461722,0.24663286126146142,0.5598804520399713,0.5006819254099215,0.5194461452189325,0.49036920025188024,0.5500562236897293,0.5216684506182533,0.6145538222823801,0.36806646541441357,0.41475009441160815,0.5320264102514165,0.26749007988339857,0.3780743085643353,0.3348321646508315,0.42176153832023133,0.24254694495459767,0.31968445369260556,0.6354567244636571,0.37710894640462556,0.21685618508346394,0.24084175247278727,0.24663388674278108,0.3386429163208372,0.3578960202822875,0.8162114666471406,0.4166666666666661,0.30785340314136134,0.33001988071570576,0.341645885286783,0.24254646753358422,0.3196803715397416,0.6354564654009853,0.3771081155026996,0.21685572058758565,0.24084143527515284,0.2466331755315564,0.3051521195369739,0.29876809159893464,0.4844706763615698,0.14449341518243253,0.31414523766183255,0.2769808204344181,0.35092887344333645,0.4392362705140203,0.7348526673958473,0.4648881931047115,0.2993050608264293,0.40870380562953634,0.3849245241288537,0.46745900917468786,0.04786638331569122,0.0006365278147852088,0.9030592849521143,0.9145710378005834,0.10067975012474717,0.44307571749242364,0.0055173806671348635,0.6488146848366927
IMG_0137,0.2200049130584178,0.3903908717348943,0.5334057646346557,0.35547337265110324,0.1871525444511059,0.20457298720919487,0.22603856109979348,0.3786961223312546,0.6448008024798277,0.3314020351394362,0.4791648541412812,0.36524954205960275,0.3439443516133143,0.436094499001662,0.36672898025831646,0.5153027428648634,0.3318101255937287,0.533281876740094,0.38434705537877467,0.3274156685070909,0.4337494595356649,0.22000554151522525,0.390397186268423,0.5334049943052941,0.35547089492160167,0.1871531713645558,0.20457253318391805,0.226039409608273,0.3004300089724028,0.4327382404494974,0.7443069488174562,0.39583333333333304,0.27015706806282724,0.2842942345924453,0.31421446384039897,0.22000510493008696,0.3903929109175881,0.5334054516564999,0.3554727077016002,0.1871527000389512,0.20457297442448114,0.22603880502949902,0.33262732495620073,0.3903034610143898,0.29102145191078277,0.34575753017500166,0.31990295600354046,0.270324978483554,0.36216448928511324,0.2806984105074212,0.6784048331671939,0.2848858277151627,0.2899823431141724,0.24547836498387338,0.23126331848448095,0.29862150009104294,0.06577890543565212,0.0006069218699114781,0.888496941763736,0.9092275756096151,0.18077282569417147,0.911865187498831,0.007068857094332521,0.8086332592374808
IMG_0138,0.2631238124408573,0.4372166337516903,0.5015232996519319,0.4465120487908161,0.22280873982976068,0.2375851610385089,0.27738540462199557,0.372772186101175,0.6461427260732457,0.3502036456344253,0.5563782004103635,0.35764980352120235,0.3389974845387041,0.42958960449804273,0.3630758131879622,0.5151354709671846,0.22671938077313003,0.45223100958159135,0.3718739686323186,0.3219071761909277,0.429177750783157,0.2631245981559269,0.437222498746068,0.5015242294377109,0.44651224902838615,0.22280950008775222,0.23758579221117,0.2773864108511369,0.3485871846751618,0.43178272404272644,0.7192648458665885,0.45833333333333304,0.31623036649214664,0.3260437375745527,0.3765586034912718,0.26312405492597285,0.43721865544651917,0.5015235482069111,0.44651216951453554,0.2228089329531332,0.23758551288803403,0.27738569996533097,0.3299770683198492,0.39308360708870266,0.195077813222436,0.2763327967377285,0.3084733042794897,0.265398040915974,0.357870518447855,0.27569583157506694,0.6725611762282782,0.3022414289087063,0.3576437170245759,0.23943065784478168,0.22737542632932978,0.2931012959829057,0.09498614219801707,0.003093821239304852,0.8506733887564922,0.8749324210041545,0.17648130019856395,0.8681415040363997,0.015459682268644111,0.8118449118246869
IMG_0139,0.6920567246215563,0.2752423281039871,0.35972760415278415,0.5497047213829687,0.638248976176206,0.7703576605052295,0.6213077163288838,0.2017577516594184,0.48355579836039864,0.24099347530489323,0.26100224463143684,0.1997101252421299,0.20547225818781345,0.22753522589055455,0.823152336855211,0.3147143232099726,0.2615463539924452,0.61771476709069,0.8306289785338086,0.8266784907136262,0.8151822180052203,0.6920568672018635,0.27524342419227565,0.35972717308465807,0.5497102363062529,0.6382499382610285,0.7703587834678861,0.6213072860929849,0.798876029137535,0.09960263634001887,0.5884894193453906,0.583333333333333,0.7392670157068064,0.8389662027833001,0.7206982543640897,0.6920567800333173,0.2752426343905252,0.3597275211216906,0.5497066611631118,0.6382491754915394,0.7703583401171711,0.6213074050259775,0.7865177007605981,0.429349310372991,0.22646760257784537,0.42770876971591776,0.787012567926427,0.7840100760371489,0.7657790436962552,0.12891739596326623,0.3399261770592895,0.20330834408948295,0.13553893068052997,0.12364775665370387,0.129221175186371,0.13953894367991465,0.3600361999725268,0.037658761879385376,0.5014222830461238,0.15762509920957013,0.01775599854351778,0.1363232723077517,0.1342394322881523,0.933803439370928
IMG_0140,0.8091397022018136,0.18211552194990288,0.421662712983776,0.5469966096989496,0.7467269433848278,0.9377700683209634,0.6842522790976305,0.2166214356454008,0.3297980071834048,0.25732013247093066,0.09674253329677684,0.22134612726157474,0.2628269095717091,0.20916413291527575,0.8607644004687149,0.2095854416746682,0.3544585594019818,0.5590655619119231,0.8837283194078782,0.9254011481655794,0.79379554956978,0.8091394531950364,0.18211653038577613,0.42166210958544026,0.547001929024661,0.7467250709727827,0.937771277990367,0.6842512985424343,0.8973022866460073,0.0,0.6498498938273413,0.583333333333333,0.8251308900523562,0.9582504970178926,0.7730673316708229,0.8091395900852179,0.18211574111003825,0.42166259602985745,0.5469984956739977,0.746726216787319,0.937770829249148,0.6842521841186688,0.797245154294235,0.3301041194316236,0.3121866484133853,0.36965574031628257,0.8513386776344043,0.9042204018745855,0.740495388534788,0.13047392868179794,0.22537836339351147,0.2178148068939545,0.04538889942880958,0.13846917798392533,0.16984124890779378,0.1271036135309379,0.44234588750535325,0.10305829410545636,0.3289471959394802,0.15338769793833817,0.07449866909095737,0.087606966374848,0.24690048977081297,0.9569338923918478
IMG_0141,0.6561186072278632,0.0955037319853913,0.2886757552718944,0.5646406272100872,0.6107553156277759,0.7945186110707949,0.5237414663211188,0.07521093300856974,0.08743172742746441,0.236875721069576,0.3164394210515673,0.07421916649578225,0.1698094854963867,0.020447273374100156,0.5635773444034564,0.06309109695767601,0.2568753768861325,0.5866506767008821,0.5775581941504546,0.7015249366707288,0.4109227857544513,0.6561183310782763,0.0955030383655977,0.2886753475914414,0.5646463401098609,0.6107571116366366,0.794520129266113,0.5237378293751846,0.7817174712752459,0.02126646667690668,0.5080910888189206,0.6041666666666661,0.7162303664921467,0.856858846918489,0.6334164588528678,0.6561185277643566,0.09550349255917656,0.2886755935582972,0.564642374657645,0.6107557718440686,0.7945194371301709,0.5237402724828066,0.42149029473210026,0.10075454112391408,0.22223456327732505,0.39629458832582043,0.5074187511114192,0.6414108783609636,0.3408374896209131,0.028450791932035313,0.0,0.1996651106375391,0.170474913786076,0.043362089592517056,0.10504321747884582,0.011361578470629796,0.2192797175109287,0.01955472658909909,0.6373663250565637,0.15227840764365375,0.03989308020676807,0.060229017324092145,0.076476771460178,0.9956862730410323
IMG_0142,0.7689886603335463,0.20076460063404178,0.28606090913975546,0.6209306943044877,0.7049074845133669,0.8859935997570374,0.6603760014377998,0.15491223912848662,0.4477379289626988,0.2675231679936041,0.36510155393581734,0.15551600392094295,0.1810243293996061,0.1604152132261193,0.6463623409091093,0.3021165698186301,0.2557064035045755,0.6523391653798032,0.6506852268393384,0.6875242223632588,0.5963462206825453,0.7689873794676954,0.2007638350032137,0.28606040845061687,0.6209365506977376,0.7049069806170469,0.8859937527165046,0.6603728501603905,0.8644242234640342,0.06720177751228884,0.5050157428424983,0.645833333333333,0.793717277486911,0.9224652087475148,0.754364089775561,0.768988247272222,0.2007642720207743,0.2860605141056549,0.620932568515943,0.7049072035996895,0.885994001999163,0.6603743891176883,0.5706520825759669,0.3451139609510094,0.22117630345219474,0.46462720629691123,0.5839408454432544,0.6260931374648906,0.5226972784259363,0.09494811632714917,0.29367833259314524,0.22693000447734457,0.20336872158098868,0.0943021913772959,0.11256056387083846,0.09517837114343715,0.411401375275742,0.05308345915859904,0.4136235052919417,0.0,0.003437036005239258,0.0979216597381744,0.18288602156460432,0.9528757867612496
IMG_0143,0.29911402126631664,0.4258670321807987,0.4304077772263635,0.5134259084363939,0.25378197597323904,0.28404050082233145,0.3014979208233379,0.37143697128425956,0.611629498318091,0.2941135384631286,0.4472901942102334,0.3592768050974501,0.348370349647329,0.4134906912269516,0.4110278671153167,0.4924226406234601,0.45277617941604653,0.4014750770367681,0.4224847227024576,0.3808399371168346,0.45947648654969664,0.29911492635353126,0.4258724828864111,0.43040724905920325,0.5134262986359772,0.2537830589864107,0.28404084173763616,0.3014992273749051,0.3948584592125305,0.38638310610715965,0.6580508164311342,0.5416666666666661,0.3539267015706807,0.3817097415506958,0.40399002493765584,0.29911430317134885,0.4258688330149383,0.4304076113765807,0.5134261805740294,0.25378226958652017,0.28404074593768314,0.30149832149668215,0.3722417830341849,0.3981523776157358,0.4061563496881013,0.23678498677899895,0.35533672960891277,0.3188500014325051,0.3865441170019215,0.2714535237271264,0.6362678896073688,0.2508673465531337,0.26430591050359326,0.24072140513363138,0.23475816231965965,0.2796100385883479,0.11355155667962215,0.0035675163572845424,0.8299329626221396,0.8088807465069263,0.15989610166321755,0.6509689424267184,0.020440013403287476,0.8227223952373908
IMG_0144,0.24728629153657977,0.41486344691637456,0.4743374460943155,0.39159931895274047,0.21180782123670244,0.23106362969968813,0.25249069952484515,0.38315309392971275,0.6165207996173898,0.33625592421011774,0.4396606576257507,0.370155033762243,0.35744354307867326,0.4286372227922449,0.4187595041943555,0.5098213101119539,0.4214196313781806,0.593292993949631,0.4370313892767309,0.37929441446429035,0.48617890759567073,0.24728704540248764,0.4148690678967031,0.4743380009804259,0.3915963989587308,0.2118084083713159,0.2310636838300174,0.2524918037356086,0.33168295901989486,0.43175179395362784,0.696712308706158,0.4166666666666661,0.3015706806282723,0.31809145129224653,0.3466334164588528,0.24728652181724126,0.4148653216191296,0.4743376636544623,0.3915983061421753,0.21180795137879527,0.23106375575408478,0.25249103978559845,0.3841132818925267,0.4106088474631017,0.3758111301966962,0.40288242617079373,0.3690489490602129,0.3174270097427392,0.41224062252985716,0.28218924320237865,0.6593590820042698,0.2893531682214361,0.25833877767356433,0.24940730677266465,0.24197111516434686,0.2922964908297734,0.0841714004056336,0.0012582526571335523,0.8677027703714192,0.8472768612920603,0.1718647009270981,0.5670009716019931,0.012577057427578642,0.8141352040195284
IMG_0145,0.2902947123324371,0.484193399623547,0.3315343970411475,0.4266560772837531,0.24758069935086913,0.25820830214114043,0.30917270829140653,0.3627914585698542,0.7128445556254923,0.2845499533997975,0.41336395149188254,0.35250245171052424,0.3191850695595748,0.4297915223114716,0.4285316989199084,0.5702247162391288,0.305528835653726,0.5488615902026361,0.4407355501988805,0.35506735606252454,0.5302859138011321,0.29029567577080573,0.4841989532763151,0.3315359798815254,0.42665152419890706,0.2475817667895358,0.25820923125267853,0.3091739224033255,0.3746054495125444,0.457134974272697,0.5580288496741597,0.45833333333333304,0.3455497382198953,0.34990059642147114,0.4139650872817955,0.290295009724422,0.4841952699006362,0.3315348127437163,0.42665468759910885,0.24758098350817354,0.25820878480001663,0.3091730737588213,0.415289263147802,0.47614669592144226,0.26668147593279024,0.36008555791559615,0.37255810796591204,0.29527179295248207,0.45558739849233054,0.27274714961606245,0.7188107785628615,0.24222744999001833,0.2382755505862469,0.23536130608543598,0.2119944380852148,0.2932720842036944,0.12416752183714862,0.002723746928383219,0.8219839078832497,0.8053074431268146,0.14946431927428044,0.6243816657232176,0.02208329316937257,0.8084207096347704
IMG_0146,0.5415194389469594,0.41626259201092153,0.4994669191608292,0.5951994602226054,0.4890173745684624,0.5625350257277868,0.5136838262862545,0.3855304567328821,0.6318215842211452,0.27388299956942097,0.3251759893566941,0.3746208005172613,0.3526309623507862,0.43882332676232444,0.41087382339038303,0.5146398570923884,0.30857625962932866,0.515654851579328,0.42783221443858643,0.35657004394438496,0.4880504830367247,0.5415208949230028,0.4162676448087903,0.49946635046333343,0.5952044101363554,0.48901891387311336,0.5625362988802975,0.5136847818080212,0.6541495140195455,0.23280885174480725,0.7175075053086328,0.625,0.6073298429319373,0.6660039761431411,0.6259351620947631,0.541519893995116,0.41626418473553617,0.4994666806234833,0.5952013041910011,0.4890177793238795,0.5625356864934218,0.5136840916501063,0.3782180814365268,0.4141996346479135,0.2694917924808533,0.32994698969358793,0.3603647026225694,0.2966378693739051,0.41405689295003767,0.2853826165745734,0.6718081388722763,0.23263117129911004,0.17622052751481115,0.25300145579599603,0.23813706987233824,0.30094912729263923,0.26397537109012015,0.03571957249015602,0.6533575055908177,0.5947528885173057,0.10103005059100706,0.5704144631798942,0.11026040017075422,0.8092418814478843
IMG_0147,0.15040782083863355,0.3521980780758662,0.42779546957441106,0.20373873157583544,0.12156604842088714,0.14376804558692247,0.14521564068812284,0.40219629585714883,0.5703390011530776,0.35272994170098815,0.41493279508579484,0.38719685343541627,0.3884810428200559,0.43179273982475885,0.3669687018039296,0.47881248470310467,0.3442184130893251,0.49220798877075644,0.3784297880358388,0.354222001638699,0.39472673247869183,0.1504083443664194,0.3522036579659453,0.4277976689782079,0.20373642734792963,0.12156641803663898,0.14376936944849839,0.14521613216011717,0.2137410525091505,0.45527592025221353,0.655561250640697,0.22916666666666607,0.1821989528795812,0.2067594433399602,0.21197007481296756,0.1504079673352806,0.3521999152086257,0.4277959968130318,0.2037379992369499,0.12156614062092075,0.14376854550542106,0.14521578057234868,0.32458172314726885,0.3758304590405424,0.3025951516873522,0.3095475704486075,0.3144709912380408,0.29450379426873696,0.32587565195820767,0.2955403703378051,0.6542006589244282,0.3045839204197587,0.2394509987904085,0.26321313313431055,0.267150665063485,0.2949664793263017,0.04044054073708962,0.0002812564763004411,0.9289173083326124,0.8685139229599159,0.15420331683858313,0.563751375838879,0.003763936894384849,0.8160472141020576
IMG_0148,0.29220159808487156,0.48283528818526644,0.32867754913122615,0.34673032303181994,0.2404647946905015,0.2535013858587916,0.31859786685513536,0.35425104182905753,0.685951690637318,0.30904560685365534,0.3862804721767752,0.342242875632492,0.3218193196284767,0.40918437597082213,0.3795875604915908,0.544937245351682,0.4096917007617238,0.5172268271624025,0.38013150824386066,0.32424368916292134,0.4576351167002277,0.2922026193127222,0.48283990582413927,0.3286804471599525,0.3467289311821111,0.24046578459439036,0.25350313327323,0.3185984197255918,0.3781817545062417,0.43964519330002827,0.5549535036977373,0.39583333333333304,0.33717277486911,0.3449304174950298,0.4239401496259352,0.29220191322416056,0.4828367330948302,0.328678649955203,0.34673000803758836,0.24046511335233714,0.25350185282786986,0.3185980110540175,0.3573748832606663,0.4353766404534121,0.3645528161283238,0.3313401191155225,0.31603136042096913,0.26748614388168845,0.3847868707840568,0.2633248584851526,0.6901437111858988,0.2644263196717267,0.21839297479892666,0.2273142330558887,0.2140221069141156,0.276041764773336,0.12799599214589882,0.0015395091334339933,0.8098178166841011,0.719403762810022,0.16372745554894813,0.5349739458359696,0.01626755165085354,0.8208122578385859
IMG_0149,0.36980115394287133,0.5515680986096207,0.27928274396169606,0.467857811178066,0.3127736370851226,0.31717882198126673,0.4167960208025707,0.33758134689233843,0.7408360483149152,0.2522380349333986,0.3144348659499334,0.32548524360085895,0.29336559251520666,0.4019933007762651,0.45831854117271187,0.60534641031008,0.3442411042581681,0.6587706111395089,0.43827515684280116,0.3624538920824231,0.5827416222325976,0.36980236551339457,0.5515730194612147,0.2792896594402099,0.46785715436209374,0.31277454117110276,0.31718050933206554,0.41679789166525394,0.4586067136275901,0.4451355886782744,0.49674159771545723,0.5,0.4230366492146598,0.41948310139165007,0.5311720698254364,0.36980153676759697,0.551569745857577,0.27928501466468747,0.4678575046365241,0.3127738683294131,0.31717952309846803,0.41679659357026067,0.465021144721413,0.5512806725198391,0.30261659068307756,0.471719240405687,0.37022643837996155,0.30199695055141,0.5086556599823088,0.2540976526109007,0.7201098433391833,0.21328877627105225,0.1691662764630401,0.21435010767293894,0.19239545006572967,0.2701207897574489,0.19296363034010197,0.008023211060781004,0.7360426186787058,0.7725027603947381,0.2066047842734398,0.5066548294594466,0.04121969916045847,0.816943293264144
IMG_0150,0.7554291673442652,0.24535874725478424,0.17825821335841363,0.6866870723138301,0.7304240117540022,0.8980349947751415,0.6521816469430985,0.2827460104381573,0.37161317131662686,0.32091228043269915,0.7656765614484904,0.2772082828855189,0.30015664490663674,0.2873724795908893,0.8690844663539303,0.2881273056089909,0.2193298125463632,0.685711261722489,0.889344419644359,0.8913434695324778,0.8579840344338813,0.7554296908035749,0.24536113581132435,0.17825784298406022,0.6866938297860501,0.7304249411507246,0.8980370495300765,0.652181450243804,0.8469231832928319,0.1590758508997796,0.35578824046276625,0.708333333333333,0.8125654450261781,0.930417495029821,0.7481296758104737,0.7554293479668968,0.2453594232771601,0.17825796682861084,0.6866893183386713,0.7304241485620762,0.8980360162072836,0.6521818600208985,0.8316591307814618,0.40790039702381814,0.18846814501026765,0.5022699181073919,0.8582683446191981,0.8619354919599074,0.8174600769069403,0.1835538018129014,0.3997731428925634,0.27526220476537056,0.5919363055793962,0.17820211684452486,0.1975024568222476,0.18167756538819838,0.37918016758647993,0.06400805281700565,0.3673095123863157,0.1883154063617648,0.010462267034171857,0.09448030128046264,0.14784468711127022,0.9271610302007705
IMG_0151,0.5158537783189466,0.3226597954441459,0.4064020047224193,0.5304395706731491,0.49521615052466383,0.5812823419442764,0.46189719959640974,0.45324937951520655,0.36778004283571497,0.45255672664042956,0.45342636663630254,0.43934618784660157,0.4476708587387327,0.46961101015952933,0.4103369776289038,0.37062539799614835,0.2847828672598771,0.5957835936056655,0.4230026638558313,0.399856826393365,0.43550773318624236,0.515854969069965,0.32266448256142133,0.4064017636383843,0.5304352180688143,0.4952174425350955,0.5812839109465493,0.46189788366798223,0.6369245752979192,0.21188407118346808,0.6354982792707036,0.5625,0.6115183246073299,0.6819085487077534,0.5760598503740648,0.5158541675504678,0.3226612464331997,0.40640194792417583,0.5304380343599799,0.49521647590626794,0.5812830922929899,0.4618975678854258,0.33631896036816467,0.29077282720649783,0.24763279908044789,0.40537037452413205,0.35582316280834164,0.3364534815014655,0.36381912112962755,0.32436813355517513,0.5062135836102708,0.3991883868265589,0.26915434150323486,0.30703029236623647,0.3174508373410173,0.32771254407158124,0.17860323052433397,0.027252272256269056,0.7228540567182885,0.6817818906687039,0.17801168110693572,0.6848313136826903,0.0731443102585641,0.8094188500598323
IMG_0152,0.47935272833270554,0.27709653644652943,0.4103814954948324,0.6599573730482047,0.4707990603142357,0.5566068986973888,0.4282055633944105,0.45323534306783114,0.3234285728531532,0.4875314661802219,0.5990880391195099,0.4448373225459939,0.45090106450160283,0.4686062701670599,0.41315996629613827,0.3315347174462685,0.312409176233043,0.4062680270885033,0.4232059534534964,0.4125305507163146,0.42353590107163275,0.47935383748277993,0.2771011036379003,0.41038072453360686,0.6599583738325037,0.4708006505281035,0.5566078557731662,0.4282065875957245,0.6037788977752141,0.23243268230233427,0.6393058504796074,0.6875,0.5884816753926703,0.6600397614314115,0.541147132169576,0.47935309175691876,0.27709790998283124,0.41038128186672207,0.6599577576927484,0.47079948408954125,0.556607455878728,0.42820585026256786,0.32881122121831,0.2566484766710165,0.2730310348835707,0.24040146289572129,0.3560140295664836,0.34828382868955154,0.3525869350725799,0.32066529036638264,0.45923873498262413,0.4333031286723008,0.39881269058896535,0.3117872996442679,0.3202862766789925,0.32682433792249477,0.13079987394652426,0.012345679012345677,0.7707764747829872,0.5487596691666834,0.11600120065254954,0.6585112791691621,0.03786887729106708,0.8172644585228646
IMG_0153,0.3066758286707277,0.3904581669311713,0.2873686495158485,0.31332544693726394,0.26795245514202903,0.28472642924535,0.3293362474538082,0.40057218178381176,0.559662878242531,0.4122638463278523,0.24169526341852698,0.39243576074164255,0.3694001159176982,0.4538478403730325,0.21241991860900958,0.4658769094124774,0.4064254960998608,0.3510272377019912,0.20516401174524343,0.16460353029542968,0.2770708367972161,0.3066768168636446,0.3904631142949879,0.2873683011046997,0.31332374141171115,0.2679533444819938,0.28472708793409707,0.32933739580210475,0.4073914192595657,0.3632651318100637,0.5066266383539576,0.3541666666666661,0.37068062827225134,0.3817097415506958,0.43640897755610975,0.3066761410145116,0.39045976769568913,0.2873684185571439,0.3133248823473167,0.2679526906339019,0.2847268091311506,0.32933658287204093,0.17359884570900605,0.29307692719899575,0.36142582236629694,0.20011231208329405,0.1628182766479919,0.13039804888961065,0.22124073659013996,0.2912230965081831,0.5900452412555148,0.36051782467750426,0.1239560760507265,0.26750679462368065,0.25157743608613814,0.3138935897474028,0.09127402894381731,0.0006217248423483436,0.8337436324977913,0.8416768944623543,0.15837445528090738,0.4003658501912624,0.008606563020697063,0.8024290580588136
IMG_0154,0.7414365616358964,0.9002194838981625,0.28891839166972355,0.8548518028160847,0.7453944262449015,0.6635828339707897,0.8212301777995412,0.2865528010370386,0.9558716551276762,0.29356293761140595,0.6437203696187983,0.2777959142007267,0.17237953874807488,0.44298230925710624,0.5014594548083664,0.9437727210809771,0.14356248703530605,0.894789669828572,0.5468681639082635,0.217324630628131,0.8569294277791087,0.7414368804616033,0.9002199834961084,0.28891791556265334,0.8548595636661602,0.745394368845077,0.6635842956346241,0.8212298376441156,0.7659446841161965,0.5818479361085881,0.5083839789119132,0.875,0.8251308900523562,0.7534791252485089,0.8802992518703241,0.7414367146685739,0.9002196192099685,0.28891813579483916,0.854854409833691,0.745394050591604,0.663583584390489,0.8212287409312551,0.6566364716526681,0.9181521337027505,0.12169987988996356,0.7973095536532454,0.47625397334581066,0.17445126395063343,0.8161692016498062,0.23155622638822476,0.8633597143346596,0.25036914749493233,0.44508927163382833,0.17863174147491417,0.1067591014846222,0.3045104820057084,0.6373942484061508,0.6695828522367291,0.289228139444038,0.47187401839255894,0.45153928351659606,0.45408088663145985,0.5918102241378519,0.8018269902414452
IMG_0155,0.5946011611146288,0.6447200378781681,0.2531856868640845,0.8267168725241536,0.5541337003019634,0.5565514380109389,0.6145311593227178,0.22154295739152366,0.659038201591214,0.19649132399417812,0.38283663475524676,0.24631438984501333,0.19340424299686843,0.306808990084829,0.3513149524770994,0.6354583642039912,0.20615721084690852,0.8835442676619012,0.3606519679350746,0.2521313258104139,0.46918585821051473,0.5946013690281657,0.6447191992671868,0.25318539695684406,0.8267245618109347,0.5541343643481249,0.5565531825841933,0.6145306782892179,0.6753870368623456,0.4066955791934983,0.46327890459105214,0.833333333333333,0.6659685863874346,0.6600397614314115,0.7157107231920199,0.5946012446007464,0.6447197206447892,0.253185646386914,0.8267196320696932,0.5541338014313387,0.5565520985472733,0.6145306839149656,0.3647689500446736,0.5518022213081646,0.17672939079673,0.7782271443875576,0.29825610545550785,0.2041826453303882,0.3958408675600592,0.15225179577989026,0.4491389437211305,0.16425918622596303,0.2159193882185591,0.15596128184983557,0.12094986461128487,0.19593087408209334,0.36574900813691347,0.24666192971548687,0.5371904076512274,0.5101595270857191,0.3849107097270757,0.2993632618465885,0.28086772515916403,0.9259269316264445
IMG_0156,0.5029511542384607,0.5199836727081715,0.24126477236813537,0.7153041035908725,0.474277021365061,0.5059523847056618,0.5040285989073978,0.2200392048689766,0.46166982005112844,0.22440543692919768,0.22992893646418588,0.2292711476920286,0.23250604931047614,0.2522062616797142,0.3306545469535399,0.46957434484988847,0.2389656155045734,0.8840112550974077,0.33221742792745557,0.3048458610149451,0.3628184085450509,0.5029517573977126,0.519984330467379,0.2412643093948832,0.7153091110467487,0.4742783589344803,0.5059536531099167,0.5040293440144928,0.6000284260657075,0.40141634766205236,0.44731639452295524,0.75,0.5926701570680629,0.614314115308151,0.6159600997506234,0.5029513499878,0.5199838977749249,0.24126460427957586,0.7153059727138551,0.47427736489991057,0.5059530115139732,0.5040287844041571,0.29227715600904397,0.4008571324037293,0.20607033540404762,0.7790111493017816,0.2726431812349127,0.2502265200184747,0.29680379956338043,0.13994024673358557,0.3267725497793813,0.1886693839005007,0.11703700978540893,0.14397554433466758,0.14809262925219963,0.15660311172048777,0.2322438326720913,0.10175563253101222,0.6649507509916658,0.6241381245185853,0.34570360586807297,0.2835110818351188,0.13042500355737938,0.9498083308208161
IMG_0157,0.4837431055020837,0.37286570489589477,0.33922768432645034,0.4915899185326209,0.4700324972457378,0.5391361148232237,0.4589267721514271,0.41544155811001776,0.2961560892162751,0.34670700516644626,0.4793007641528644,0.4140872444917938,0.43207136962390924,0.42447365491869193,0.3907981138828711,0.3284890931059039,0.23928839738136354,0.5786257103783785,0.3921540472702843,0.3966525326273417,0.3848143669136087,0.48374422445990206,0.3728697690316909,0.33922707690363696,0.49159086403143615,0.47003386972344063,0.5391373732987175,0.45892773678075216,0.5961553575792276,0.32859236656906765,0.5665226623709452,0.520833333333333,0.5884816753926703,0.6441351888667992,0.571072319201995,0.48374347398891493,0.37286706095657896,0.33922723125636356,0.4915902590867822,0.4700328443898855,0.5391367620100308,0.458927130065944,0.3090586481845582,0.26858196566518217,0.20636066590037316,0.388426659698485,0.3270963783032642,0.33347497078212085,0.3167874004066289,0.28416475792327545,0.36621141640960986,0.29900324618592045,0.2900944475712313,0.28550462100809193,0.30389234583798475,0.2887878658697183,0.16308895658427403,0.0234775142848684,0.7243890737201418,0.8014301171622997,0.45653284654440457,0.3900800780096091,0.054489871796637245,0.8711743412366828
IMG_0158,0.597330871035453,0.21657025210719372,0.2011948626237987,0.6873679438645568,0.5939073288863229,0.7180420266263964,0.524962226977106,0.26954117150533385,0.23417603573990586,0.17637330571049592,0.44478150231822955,0.25949262121181715,0.3123991051488054,0.2467240920532515,0.6669985273849021,0.21879620493022411,0.1798456660151153,0.889812779512448,0.690221920179523,0.7187169086598022,0.6229702921225914,0.5973314371933388,0.21657137878345822,0.20119461905264258,0.6873744208460004,0.5939073387551485,0.7180436323205045,0.5249625501177071,0.7174525891277589,0.1909795948381674,0.3906421615288862,0.708333333333333,0.7015706806282723,0.7972166998011928,0.6359102244389028,0.5973310440393464,0.21657059394818812,0.20119480317697525,0.6873701938961663,0.5939075271313144,0.7180428440644805,0.5249622981864636,0.5668657085337593,0.25715311785468925,0.15344767464386733,0.7888098589969695,0.6266978651342938,0.6603890133845465,0.5505176183255791,0.16541337288453306,0.24471910162208155,0.14683822558435589,0.2623364469073682,0.1653660939207771,0.20679514172386282,0.1527744731320738,0.1785983823137277,0.015306273499718743,0.6346541558193005,0.2617801110524377,0.0683307145557745,0.1344061228208999,0.04302363476959657,0.9568833299312911
IMG_0159,0.6659900037293798,0.29642441438945677,0.35243306979678213,0.5646406272100872,0.6486003824021709,0.7669070154717603,0.6060713657321818,0.37548203030857796,0.29614056451332815,0.24389217291633924,0.5183290404894265,0.3676381904801092,0.3974496860365485,0.37663362908586917,0.7128270499135029,0.2812833333887068,0.20245665939477764,0.882486678469725,0.7250600320909724,0.7194994235064092,0.7104347127096869,0.6659911146841104,0.29642745325094233,0.3524326464899006,0.5646463401098609,0.6486019797643562,0.7669087346218056,0.6060724271839772,0.7720356602677698,0.16981684886485726,0.5808742769275829,0.6041666666666661,0.7476439790575917,0.834990059642147,0.7082294264339152,0.6659903749433063,0.29642535555690364,0.35243301776703984,0.564642374657645,0.6486007891644303,0.766907879676871,0.6060716343564644,0.6394014092493665,0.3435929694668986,0.17344173371734106,0.7764550229348895,0.665214929773595,0.6612574248992037,0.6452178032946672,0.2512196879757207,0.35856535836471026,0.20587670362513721,0.32328135819582277,0.24738899348033894,0.2745759380488394,0.2496078624791518,0.30671719579498535,0.0429434230393463,0.4976588041286846,0.48687584904448267,0.21339880894968272,0.23500700367780622,0.09431875037295108,0.900504313726959
IMG_0160,0.525153564450964,0.42751422572747666,0.1863726768146643,0.5509634552078766,0.5071693723574229,0.5670640523915341,0.5078770713852696,0.49508707857904966,0.36586019234427036,0.4576233213383585,0.6018821890635233,0.49302131404508637,0.4920203849425989,0.5221389558456738,0.4487928428598963,0.3881066402646406,0.13624912331723715,0.6116380055596822,0.4504909153493385,0.4150243442486302,0.48642295644686573,0.5251547976964929,0.42751876862859994,0.18637202367689065,0.5509642341198107,0.5071709424959654,0.5670653704645147,0.507878401953543,0.6308558879209014,0.3488514395672251,0.3683825144614483,0.583333333333333,0.624083769633508,0.6699801192842942,0.6209476309226932,0.5251539664566518,0.42751575600247405,0.18637255472290848,0.5509637058867525,0.5071697705142071,0.5670647235840969,0.5078773019842708,0.3828649844349596,0.3407604375355476,0.11535032093918307,0.4214407855999587,0.381834729161933,0.3506210390616361,0.4124772377949516,0.3616294618645807,0.5145597755419644,0.40409834862907434,0.4016085340992995,0.3547692080768577,0.3572437908148413,0.37560867443060125,0.21707216561487433,0.04876099120703437,0.6615438259807199,0.8140041498621431,0.45770338796463333,0.5158372541910367,0.0848675966344896,0.7592711889481698
IMG_0161,0.5610191220883787,0.5031461273640578,0.2660659353305248,0.7624612671942033,0.5334788736062391,0.5716372454571476,0.5555631965003058,0.26286498274975445,0.45554968752002556,0.2917892794030106,0.34837098448227444,0.2713152643547693,0.2687533946370971,0.29813584136265386,0.40885336990487925,0.46036358159433244,0.2520576635546359,0.8684716691596006,0.4108177928057034,0.37357196354481187,0.45019178084893985,0.5610196942870584,0.5031468322472306,0.26606575622821493,0.7624684487180202,0.5334803654049969,0.5716387542851132,0.5555633645923106,0.6591948425904908,0.34199335219662685,0.47997363989163055,0.7916666666666661,0.6471204188481676,0.6739562624254473,0.6633416458852868,0.5610193033549897,0.5031463365757691,0.2660657333228049,0.7624638000846362,0.533479256609572,0.5716379825892279,0.5555632139103571,0.36689775947744663,0.4211718503719489,0.21787598961629362,0.753329243497353,0.34441834860036535,0.31216856135853616,0.37770328852545587,0.17099835667962424,0.3554728492406406,0.24876450635164904,0.19181042233922524,0.17390741194378767,0.17416640191395943,0.18953506278661603,0.27547371057798753,0.13352281138052519,0.6000055056117916,0.5566938974097932,0.29983809234273123,0.24901324796345323,0.15294436258646726,0.9356058974555845
IMG_0162,0.7198524616087221,0.732171376449892,0.269009514646819,0.8578269918567765,0.7029936113010766,0.670630530142591,0.7580334169002583,0.08806211223642224,0.7580495443131399,0.17375232563431187,0.26746220267333554,0.10235492023293802,0.029473062504103198,0.19614112248841742,0.44175729765981253,0.7584125117253128,0.15692077813312588,0.8292352986484297,0.47014170528235005,0.27516211830640785,0.6626510695676693,0.7198520973813853,0.7321690334417863,0.26900872624173644,0.8578349531537226,0.7029931125501252,0.6706320121734023,0.7580343750458979,0.7739054474241961,0.41889563812310127,0.4836347660540381,0.875,0.7916230366492147,0.7594433399602385,0.8329177057356608,0.7198523698634309,0.7321706857082317,0.2690094301515744,0.8578299269043357,0.7029928669226435,0.6706312891324373,0.7580338105030774,0.5004628126655336,0.6761364959238814,0.13334073796639512,0.6919289017371074,0.40067446274900387,0.2241462943458613,0.5928400452093485,0.06722066951352634,0.4249863336192381,0.1445791007162418,0.1394796800042482,0.060565524218170685,0.017127626443244615,0.11842474644279674,0.5508326801716266,0.42250643929301,0.3460041056133645,0.36422776389370815,0.37190281678983933,0.257602794272836,0.4602193181766021,0.9501632043865744
IMG_0163,0.7789789861397324,0.9209833346421359,0.15651634210082088,0.822543349554183,0.7815143487623986,0.7443544850865185,0.8561575904756216,0.1575125187766599,0.9450913920564854,0.23313453580914212,0.5075284270602944,0.12810172073248488,0.04879150205470051,0.29256372716931855,0.5152360368849631,0.9815022797219372,0.13502833843348894,0.8598286312312795,0.5554940047432703,0.20647416885746428,0.9138828720857307,0.7789788406286158,0.9209830716797682,0.1565158552015884,0.8225481809563946,0.7815124081515148,0.744355858711918,0.8561554143726786,0.7919823504929132,0.6082673759335414,0.32078787435015,0.833333333333333,0.8523560209424085,0.8180914512922465,0.9052369077306732,0.7789789627340103,0.920983424294515,0.1565163348549059,0.8225446303892787,0.7815135831751541,0.7443552388915461,0.8561563761571775,0.6922630000104171,0.9640068509983617,0.11429206111405277,0.7393903457820726,0.48495799426740577,0.16528930800767033,0.8872127256180194,0.13354280570525312,0.7477215199886593,0.19636045691145032,0.3138965144841431,0.07669860849237256,0.028592481642881473,0.18545638644262488,0.6853656762849778,0.8022618941883529,0.24662912363768885,0.339110838895307,0.39803990914139126,0.3393768790360993,0.6786745433931433,0.876573288413893
IMG_0164,0.7366278016751957,1.0,0.2186217406443256,0.8335616083328135,0.7397756921971617,0.6514148952103664,0.8446782370071655,0.21370208393332543,1.0,0.15228939434072997,0.5639456604497632,0.19259422254008535,0.0955319248851032,0.3554150525181157,0.5164298537091626,1.0,0.1930324496950968,0.9530922701460374,0.5475959495999116,0.20123368982696793,0.9244196920237883,0.7366279073991845,1.0,0.21862115339378008,0.833568836192216,0.7397778246110165,0.6514162346532718,0.8446742772094773,0.7422643984546767,0.7220757555038045,0.41597715457274653,0.8541666666666661,0.8209424083769634,0.7435387673956262,0.8952618453865336,0.7366278876095402,1.0,0.21862173641640403,0.8335639840308553,0.7397762685850067,0.6514156012771851,0.8446765185005735,0.7070808865915231,1.0,0.16508853272029844,0.90382506957938,0.47698668007000933,0.16088214156702418,0.9006579603309502,0.18073848042093932,0.8736487694314046,0.12616952284490557,0.3647305929028594,0.11883962221868624,0.057145453065479634,0.23287218654857184,0.6602277042914744,0.7912484826953252,0.29173450366909703,0.4037245188620582,0.46667759631704114,0.3811575126473347,0.6625079754150659,0.8464839426734059
IMG_0165,0.7059549729226937,0.8812420333797508,0.1578797175010016,0.8318664578074881,0.6988267054565798,0.6528769208768415,0.7837829812548922,0.15126165910248957,0.894093989384616,0.1971344417919214,0.4540838136819527,0.12752922516305404,0.058656940801267154,0.2757737914575009,0.32767636827148966,0.944953901663527,0.12769285082579795,0.8475404520459922,0.3485727971030793,0.04807659502748585,0.6702152277852977,0.7059546254092697,0.8812403715331536,0.15787931284442536,0.8318726299016688,0.6988276243909108,0.6528787857319645,0.7837788660094128,0.7351699760514484,0.6253596003561767,0.3231309950940908,0.8541666666666661,0.7895287958115185,0.7445328031809144,0.8516209476309227,0.705954888134269,0.8812416683277686,0.15787949516930633,0.8318688008088708,0.6988268599300722,0.6528777962407023,0.7837815717396993,0.4549979235556371,0.7933807559306887,0.10794250216327228,0.7199825068903515,0.2873275983827147,0.03701318130119524,0.6010270211202954,0.12333273237407077,0.6635097442205158,0.16481852082231985,0.2696764254955904,0.07633573847558076,0.03452198741056289,0.17330743482495126,0.5788165517910098,0.5142256565118275,0.3454365032548654,0.4016724817521573,0.46286882577829874,0.31732041366863134,0.5153701740132288,0.8889648366177085
IMG_0166,0.7477583097599444,0.874305704124462,0.2126434082650377,0.8459413905769133,0.7426375957390932,0.6988381333919177,0.8153409345019734,0.19338180897060928,0.9944836310988356,0.20625944652195471,0.6010013605109461,0.16537453178691608,0.07252937199080667,0.3394445518272764,0.5610041293623402,0.9421363270395954,0.22750128063284158,0.9676122399184308,0.5978733237126014,0.28370951158998037,0.9259024783502964,0.7477578804373614,0.8743042507300298,0.21264495551698293,0.845949209281458,0.7426353997925828,0.698839566509613,0.8153380008000276,0.7731634875907312,0.5828783750725411,0.407483341875961,0.8541666666666661,0.8230366492146598,0.7823061630218687,0.8753117206982544,0.7477582011285511,0.8743053660346696,0.21264370855468373,0.8459441420750231,0.7426356936019304,0.6988388871671937,0.8153403727862062,0.7305887981969301,0.9588875424399355,0.1957780676490719,0.9325155942421429,0.5283523828324808,0.23161544723275496,0.9025579015460353,0.16473575791181921,0.8397990873565606,0.17276947544819032,0.4007256681158829,0.10074316974619257,0.04294690680376806,0.22052431591355443,0.6269221134966103,0.655964117594813,0.2934976103023105,0.30003055796044675,0.37542237108076576,0.3232719896120187,0.5914980927856346,0.8551273144029978
IMG_0167,0.7010443915106471,0.8124186411591885,0.18096529093732938,0.8727435697172932,0.6801638057994369,0.6799975964408574,0.7468859327322621,0.24076542951371294,0.8894232068585644,0.23101248045266942,0.679835751105033,0.2180385884156832,0.14728317797556467,0.36232507915345297,0.5415109408593045,0.8711611243453484,0.13014028247857912,0.9515143696935389,0.5660386135560119,0.3419755353189366,0.8322325963703235,0.7010439287282053,0.8124175301254835,0.18096501436510115,0.872751728639793,0.6801628098533397,0.6799991005490762,0.746883759224049,0.7424626041717023,0.5545504743014106,0.360035146811159,0.875,0.7738219895287959,0.7673956262425446,0.8229426433915211,0.7010442471879466,0.8124182751057372,0.1809651393861058,0.8727463274659253,0.6801633785505938,0.6799983666389685,0.7468837154516416,0.6744093267628218,0.896535807350133,0.11005902181353244,0.900762550383193,0.4956566587876015,0.28341584764129113,0.7861916866803912,0.19131913277901974,0.8015763308539436,0.19448837557761944,0.4852381987607685,0.13618344310099964,0.09017534862769822,0.2382805077455938,0.530092035198009,0.5397163750481095,0.38207241714709694,0.28894618979025033,0.4125145703531165,0.2509726894229484,0.4746875243852619,0.8537293560027941
IMG_0168,0.7862384626024307,0.8661420582102421,0.2898641870792207,0.830544908091126,0.7785593873971652,0.7517230414050697,0.8504103354016801,0.22447701565964406,0.9407423221703353,0.2414397237093926,0.5535255009976923,0.19794988005201763,0.12253119042471117,0.34895223216092086,0.5458188158046628,0.9266356797248166,0.16055306698565408,0.9835724915853388,0.5864054046940377,0.27245596709342507,0.8967876168417009,0.7862381639230317,0.8661410753079981,0.28986618709662526,0.8305512758300266,0.7785588301708481,0.7517243753180152,0.8504081219224449,0.8073093451270164,0.5426106477407008,0.5097019843303799,0.833333333333333,0.8502617801047121,0.8240556660039761,0.9002493765586035,0.7862383840063366,0.8661419411847833,0.2898649623302729,0.8305470009571261,0.7785578806985031,0.7517237193846777,0.8504088213561237,0.7042513190847374,0.9389264059089029,0.13651551744178558,0.9651481091309496,0.516505174251654,0.22178840750914208,0.865601731802001,0.18401185634671685,0.8412895086686563,0.20370361313253627,0.354994685233548,0.12245535088620013,0.07418576246239372,0.22785005451013085,0.6848663105925321,0.781152855493383,0.2501422283046124,0.29793665431103966,0.3249157211614035,0.2971400967624453,0.6498115736469335,0.8487714258426609
IMG_0169,0.623176428337316,0.8859900377463474,0.18469029907104328,0.7617797367355239,0.6215463885289081,0.5505197800385222,0.706886216145264,0.07908386010802809,0.869315883567221,0.14302453065986587,0.4815978314593581,0.05750159513942993,0.0,0.18360076346410045,0.3172349606951161,0.9160853237293748,0.11979273130006618,0.9088965146147676,0.3631595712700036,0.06414501528652428,0.6448823529194198,0.6231763481753745,0.8859882836869304,0.18469407383881897,0.7617861005382935,0.6215474738046931,0.5505208703091375,0.7068854180287353,0.6586478946297799,0.682998667400461,0.3658197261477629,0.770833333333333,0.7256544502617802,0.6550695825049702,0.7930174563591021,0.6231764110661673,0.8859895607916479,0.18469153642482894,0.7617817884722617,0.6215464345566786,0.5505203796996535,0.7068858769534724,0.42656588828358,0.7496772772510858,0.10112257681230563,0.8218850663157907,0.3005338967373582,0.049576553153059144,0.5737594348990965,0.0727812820821106,0.5929355955091149,0.11827192287051602,0.29199319512062744,0.03334462905184499,0.0,0.11017225093959337,0.47876726164984607,0.39476566894632437,0.4356079375191714,0.36780418131394854,0.3937747596159303,0.2954871529487242,0.38781861496302616,0.9202667450696917
IMG_0170,0.5580743420114845,0.7550252764757999,0.1890727735730673,0.834135297523297,0.5148505777620218,0.4990678042453083,0.6014744969922795,0.3532308712570883,0.8070532125058167,0.23114883876229975,0.5811246388861586,0.38107430061923137,0.28952447862540626,0.4690624933801341,0.5317868168286818,0.6906848468538508,0.16659629252774133,0.882486678469725,0.5367971243432328,0.40839714332977056,0.7004914634683096,0.5580747074548726,0.7550263623199169,0.18907242571920024,0.8341425357991192,0.5148518372821043,0.4990683179206128,0.601477057390172,0.6251831094797693,0.5199608886654522,0.37248297576334477,0.8541666666666661,0.6303664921465969,0.6063618290258449,0.7044887780548628,0.5580744733280927,0.7550257991109464,0.18907261513963247,0.8341378810872424,0.5148508111104085,0.49906815824871237,0.6014749699909472,0.5821662654683096,0.7015111148560378,0.14180681656743577,0.7764550229348895,0.4661454864191089,0.34441672490629194,0.634188173942729,0.26893048434960476,0.723656970724752,0.19460842354345154,0.381145392582737,0.25822493909678995,0.1895217706718716,0.3272275253524156,0.3653369102353806,0.34930574059271097,0.5650343838564976,0.6382759820370631,0.6504024332320903,0.3576323581879733,0.3017300339213337,0.8045620448208122
IMG_0171,0.5275860006502304,0.6391247910938089,0.33447924559753517,0.7570601987090675,0.4921479532880967,0.5116723371146252,0.5406241760052214,0.3861779107126854,0.5889092655336694,0.25342408551166296,0.6500079711927209,0.38402872461833537,0.3528296272283182,0.4552930550732118,0.33407272459805093,0.5389874867242329,0.1043373980150144,0.803123321848064,0.3186319317434466,0.26448466380678204,0.4158517218605017,0.5275866307070005,0.6391269433209095,0.33448120634129097,0.7570667696729325,0.49214745565347545,0.5116736407746957,0.540623228997799,0.6100327046246626,0.4618527942306788,0.5613970857435746,0.770833333333333,0.6094240837696336,0.6182902584493042,0.6508728179551122,0.5275862108236475,0.639125506267646,0.33447996847315675,0.7570624271623148,0.4921477030886006,0.5116729706609819,0.5406235447051402,0.3145445581712824,0.4422123942535579,0.08783556548580007,0.6535919062644401,0.2605432986924815,0.21486170937062332,0.34541868498862993,0.28084093622701106,0.608029239881364,0.21434430912617985,0.45189753496442137,0.26062801033072114,0.23829494860482442,0.3151502638924827,0.30027069175885,0.17956005565917632,0.6253614696313076,0.7066461170774134,0.6252463086068383,0.5839317171045755,0.20522177391591734,0.8178506085285764
IMG_0172,0.5438065244464618,0.686271744055031,0.317079656239013,0.7668030313279983,0.49862169738971607,0.5092614060868739,0.5676079955315405,0.5075309679075426,0.5741319013891266,0.40197179450035936,0.7506980084245396,0.514360886687865,0.4660743703383811,0.5853940655471253,0.34331014570152685,0.539772902705654,0.20830568635018443,0.7468308681387992,0.32516053733859124,0.2660703036974479,0.42705146206775646,0.5438071993063593,0.6862740994635073,0.31708287757820175,0.7668102916848114,0.498622908534765,0.5092623330634788,0.5676086305774725,0.6211099104527829,0.4706814057678119,0.5417734495130702,0.7916666666666661,0.6157068062827226,0.6163021868787276,0.6758104738154613,0.5438067204568187,0.6862726231928993,0.31708075434647576,0.7668054231473076,0.4986217925661475,0.5092619330501957,0.5676077335621125,0.32518014111590626,0.4525722287327279,0.17864030272895182,0.5770600162098084,0.26634696643892736,0.21623727167010354,0.3558772153019447,0.39102448168568144,0.7108706542405459,0.3507465871919493,0.5720591094177245,0.374545647705906,0.33373569619224175,0.4373592014389749,0.3334890147628013,0.2324214702312224,0.5993173041378604,0.6516082258408009,0.5549463032080966,0.5935849287671529,0.257494595078423,0.6787888605281343
IMG_0173,0.5411072321567401,0.6649738402747489,0.2799816721730535,0.725070656896087,0.4979321518354034,0.5137646728798708,0.5587444651884669,0.5131721361963548,0.5641890657250765,0.40116297968577896,0.6946490018138576,0.5187685770257542,0.4719527013010876,0.588127888880187,0.3441167222898933,0.5307251586724123,0.21547496114610087,0.7652477861186773,0.32513394300811926,0.2735147016359115,0.4209459873474325,0.5411078794168225,0.664976200939871,0.2799823884370669,0.7250772327354928,0.49793391723221003,0.5137661204614794,0.5587445808529989,0.6212460959725163,0.45703128740946053,0.4975470454711869,0.75,0.6157068062827226,0.6202783300198806,0.6658354114713216,0.5411074281715268,0.6649746713626772,0.27998200446022414,0.7250730151937872,0.4979326500067819,0.51376535788239,0.5587447017400696,0.32310351604308524,0.4446192795475636,0.18502705704580968,0.6012327970376442,0.2663232752697485,0.22271054483749098,0.3501674612334623,0.3959403063156011,0.7140343988904001,0.34998072563215255,0.5024659292906344,0.37868946109462864,0.3390046624221916,0.4401356614892782,0.3227938621653725,0.21865470586493765,0.6073646733730264,0.6501832641449361,0.5603660766293188,0.5880096431592926,0.24142901077312182,0.6749227049792788
IMG_0175,0.6080128098849836,0.024523508207321076,0.04691936390763507,0.6113097596567352,0.5942089858232205,0.7695736999174979,0.4876569623115503,0.12546888256147037,0.10934909509962754,0.07399538682168627,0.764844876827437,0.1183659886114164,0.20426617313946505,0.07806456465285916,0.8510783097485415,0.042296577593052276,0.2134306759264284,0.8319133396280582,0.8715996911888244,0.9700910518702166,0.7222636538828795,0.6080125712778166,0.024523174180067997,0.04691913291540217,0.6113154413635953,0.5942099458259048,0.7695753198845202,0.4876557848052514,0.7419695427515389,0.09185826993934076,0.1113714578604379,0.645833333333333,0.7015706806282723,0.8379721669980118,0.600997506234414,0.6080127187639065,0.02452326076425071,0.04691915739003427,0.6113118877729251,0.5942091904629693,0.7695745442544812,0.48765567518699116,0.7396011630746616,0.1832188420563639,0.18320422580686824,0.6959709201763454,0.8364568022338097,0.9610651722715192,0.6584299721708863,0.06139471299269575,0.09174826001368708,0.060348112423586286,0.5908176037490089,0.0705533898182496,0.12839032551989454,0.044540985537878997,0.11377457436751053,0.026112443378630425,0.7098726106300256,0.12102382488668206,0.034537838843224644,0.040415065572965876,0.030937725205065707,0.9911693598979763
IMG_0176,0.4865698727664508,0.08100038617799754,0.5104181342255245,0.5933490270565178,0.47143823208879465,0.6034821392109408,0.39769784407363196,0.3362369655621766,0.016246601634026026,0.3972787682277137,0.4981069005134011,0.33500576784030733,0.40238196410538674,0.29817642489473334,0.3446317444555391,0.008382953416592787,0.43882867430060646,0.5465026842351612,0.3504275859791751,0.4745924562157073,0.19493391201493365,0.4865708860265898,0.08100468567719088,0.5104174481962254,0.5933547487186939,0.4714397379976676,0.6034835439017672,0.39769947530159644,0.6303092295354045,0.06796298257157152,0.7264406531449072,0.625,0.5905759162303665,0.7017892644135189,0.5112219451371571,0.48657020446198795,0.08100167371875966,0.5104179185098205,0.5933510494780303,0.4714386299556932,0.6034828530725772,0.397698340561614,0.20122465826895256,0.0,0.3926143951232741,0.35789439935360146,0.2890009782637821,0.40738288363764125,0.15217073468381773,0.20417962146587268,0.07343139644273555,0.34630525707827253,0.30583722788584483,0.22168830124803857,0.2786886222780782,0.18956486656005878,0.0783583958887174,0.008422891316576368,0.8275865233110226,0.7578571990004854,0.18286893955699351,0.42970956486991,0.019425586508581314,0.9781710621674815
IMG_0177,0.6423460917406322,0.0,0.05413689769797925,0.8430940296789715,0.630271415547367,0.8142760610238541,0.5185658828808729,0.107548356331654,0.0669824073952886,0.0678224228071107,0.7650941235614819,0.10247334342906261,0.19031578681765998,0.05843454348364499,0.6704495947314166,0.01978442036810013,0.10417288704090355,0.7675622555654722,0.6875680768399239,0.7987423905052318,0.5284686467808668,0.6423457898014411,0.0,0.054139196784113164,0.8431009181243683,0.6302717932561899,0.8142767596390303,0.5185651459667362,0.7724200458135242,0.07363855240008854,0.12726074540528654,0.8541666666666661,0.7329842931937174,0.8707753479125248,0.6284289276807979,0.6423460072072615,0.0,0.054137615547212636,0.8430964311782687,0.6302714304484432,0.8142766246061794,0.518565588526554,0.526308947348365,0.10877322670640238,0.08769453305608987,0.6043280957496416,0.6237964611411568,0.751265814814654,0.4537787055035284,0.0490660981580974,0.08956754050725302,0.05524562925364407,0.5911526155978515,0.06063884758060176,0.11884793170212515,0.03303864981429544,0.1277180280711394,0.027592740622316956,0.6453232449551555,0.138671782304144,0.032778291553710426,0.04875322885875027,0.02393313044795439,0.997053332159785
IMG_0178,0.7655688731129673,0.2310232291015204,0.09606053259852798,0.6804656634280608,0.7129608010590449,0.8929839088157696,0.6395361870158447,0.09088405093204299,0.4964360891324189,0.0,0.6905538309458161,0.09124920691495048,0.12866765852869255,0.09269425224675504,0.6142079691689171,0.3473653014914265,0.11022310902671739,0.7495864710454327,0.6363627824532913,0.6685317168875653,0.5649291999426463,0.7655670438902846,0.2310217216433914,0.09606227565988368,0.6804704043923309,0.7129563567350269,0.8929844654701721,0.6395318624789311,0.8576313680953729,0.14380186902339054,0.2130043201288716,0.708333333333333,0.8,0.9274353876739562,0.7369077306733166,0.765568314242755,0.23102271237948746,0.09606113231481395,0.6804673351087347,0.712959267176787,0.8929844378830307,0.6395347913756076,0.5475999796695517,0.38770551054868224,0.09288716114117435,0.5806260558034929,0.5686957691345238,0.6055092769962729,0.4904459757059574,0.056683464351702934,0.3304599718079757,0.0,0.4976572381062659,0.053722666475690795,0.07811656995941207,0.053251050546869294,0.370737816850764,0.11780205465257423,0.4096660191018512,0.010401932042763629,0.11221104844567531,0.07697248224646552,0.2398499933442579,0.962690522160403
IMG_0179,0.1871776672365321,0.4632478723664535,0.2119305184126543,0.4243000420822547,0.14366995483992148,0.15057009802363375,0.20137396003310412,0.3340125057901689,0.7002650134784452,0.28648047367342766,0.4429683498972681,0.3249697032822033,0.3016811440916383,0.3885884660056279,0.3154868686248188,0.5590592284716617,0.2470066093702048,0.4892345122566697,0.3278004640350506,0.27927086610291946,0.370022565426236,0.18717858116293037,0.4632523061473235,0.2119302261692484,0.42429991223186736,0.14367099243984965,0.15057001188690577,0.20137461605864926,0.24702251099798145,0.5112556590811131,0.4064582265504868,0.45833333333333304,0.21256544502617802,0.21471172962226637,0.28428927680798005,0.1871779559267726,0.46324928893925343,0.2119304884891826,0.42430002451985116,0.1436702075952299,0.1505701829121342,0.2013741505024581,0.2973913398713909,0.4209461384694017,0.21331490785106366,0.3070104528215538,0.2686994613268172,0.22773267112922702,0.3033211084107096,0.2476567243605743,0.6862208184945171,0.24396881242772128,0.26091761402669705,0.21395474962039984,0.19865357709103382,0.25920732124427837,0.07998093037161534,0.0010954199603280337,0.8787035070747112,0.7821411759319068,0.1659795841371468,0.579245020136367,0.009230825725131623,0.8345025122052161
IMG_0180,0.22699183631734363,0.36605893941026735,0.4774426419824853,0.35534488560040156,0.19639733455720293,0.22858504423817344,0.2115920622554128,0.4666404029458751,0.6174673532211576,0.4000634449543341,0.7422120976840274,0.4564104501168984,0.4423972965793532,0.5089853939717885,0.33579011667394,0.4892336656843431,0.3925309370450538,0.5044797399090051,0.3622415338295947,0.3304568026943286,0.36538212354185595,0.22699255596687076,0.3660644100405923,0.4774420248446014,0.35534057520487305,0.1963981768359544,0.2285867979654057,0.21159268952453947,0.3137052439788711,0.400800385428165,0.6993483195430914,0.39583333333333304,0.2827225130890053,0.31411530815109345,0.2967581047381546,0.2269920544738463,0.3660607579542321,0.4774423866447859,0.35534357613035095,0.19639755019181174,0.22858604953039874,0.21159224360854229,0.29422506898761314,0.3576888302265841,0.3481674824678094,0.3201362833714796,0.29969954725507,0.27305116484657876,0.2991199810484453,0.3591477772267337,0.7824800200463968,0.3489396429951346,0.5610479701652902,0.32190611337091357,0.31284238362402444,0.36333976417387326,0.07029420558029041,0.0021908399206560674,0.8932501199436856,0.8972569746857948,0.19843874943767897,0.7036897497556261,0.011856401217312273,0.7588994612288926
IMG_0181,0.23913875070132284,0.38859718803534493,0.49966618985547173,0.35161546659029197,0.20386744769154572,0.23405978641599112,0.2309417257651563,0.4687859798187063,0.6616233479293872,0.35760400113287405,0.6191248900140001,0.4567259112924211,0.4356757755971051,0.5207384962002739,0.3422205971685317,0.5427590781883161,0.3713088322916511,0.5668678070065352,0.3677768714351838,0.314022484164857,0.40236400055676924,0.23913956702860972,0.38860276763667034,0.49966661006747337,0.35161840981245973,0.20386819188159958,0.23405980425910328,0.2309425748187213,0.3258682716900948,0.4095554957032387,0.7178003954016254,0.375,0.2910994764397906,0.3220675944333996,0.32169576059850374,0.23913900499702334,0.38859909757499134,0.499666367652817,0.3516165587572315,0.20386765044725516,0.23405991036604834,0.23094197764059932,0.31617255630689234,0.405522430201158,0.3280486639372846,0.37707514716671986,0.30473583128372084,0.2583700226016855,0.33291349046001395,0.3660120843807525,0.8379819536388986,0.3091103956647565,0.4191544434558177,0.322183660794553,0.307005505270858,0.3742934254404184,0.07896119007409683,0.0019243864167924917,0.8780887137579995,0.8962045444571614,0.1878145776194377,0.7052167810191423,0.01182427004870167,0.7472111057635586
IMG_0182,0.2741153357307226,0.45788744068007947,0.35205631702909823,0.43316037731705004,0.23495544413648456,0.2512882624490556,0.279997847075387,0.4567014264097983,0.7107671917245855,0.2733450677049012,0.773949671911351,0.4482733610706152,0.4097773569752412,0.5244820404484319,0.3523299774717298,0.5771371742522656,0.2404643672066471,0.5899572924639434,0.37954715329662153,0.2964532056498417,0.44135941929318667,0.27411624798994016,0.457893123556371,0.3520558199671804,0.43316370294250195,0.23495626726057833,0.2512889062115444,0.2799987465056073,0.3591115403183576,0.44391232734267594,0.580434941788094,0.45833333333333304,0.330890052356021,0.341948310139165,0.3790523690773067,0.27411561285781844,0.4578892501552474,0.3520562566687717,0.4331616312612008,0.23495566290915268,0.2512886147563636,0.27999810565008076,0.33666676283154506,0.43705243353093987,0.20741892572550347,0.3995654433106365,0.3154954432472072,0.2428123027384163,0.36933776440250365,0.35893680304963144,0.8602938243612357,0.2321483117032095,0.6031644519890318,0.31477838061133,0.2848944158276105,0.3778140710492217,0.11083009445930332,0.0034490925777896195,0.841752986794397,0.8884284402516904,0.2095591227858012,0.8579176175546156,0.022198047342981864,0.7433692951031194
IMG_0183,0.3184243373150816,0.3373594872967749,0.5104181342255245,0.5146771746378422,0.28546169161160023,0.3401175325166904,0.2870453649416398,0.4828005859516211,0.5842865302634537,0.4618542629725011,0.5569279540558321,0.4749725538476579,0.45676876521900034,0.5277178528836451,0.32311955737338843,0.4721204570297056,0.3780373311327945,0.6139322765879864,0.35110098727346034,0.30937819410974543,0.361140580398593,0.3184253361079368,0.33736479112373496,0.5104174481962254,0.5146823464226067,0.2854627411013976,0.340118916535158,0.28704599002185405,0.42891997370929597,0.308276171043122,0.7264406531449072,0.5625,0.3916230366492147,0.4433399602385686,0.3865336658354115,0.31842464434182705,0.33736115943095335,0.5104179185098205,0.5146788704206338,0.28546196892739506,0.34011816236234166,0.28704554879377875,0.2767178924285292,0.33435689015378717,0.33441010474111765,0.4238001503887012,0.28960901976306824,0.25424374813272554,0.2952897888927618,0.37082413858150637,0.7540161120361546,0.40820687910414,0.3581558226790353,0.3384033007844319,0.32546171016448255,0.3808698149695824,0.0983475682183634,0.0038487728335849835,0.8545535342095122,0.7913860690646812,0.13202474617654025,0.5832088005095903,0.020742964421616012,0.7437878399155045
IMG_0184,0.30663981713488236,0.3590192053411869,0.39631027674087926,0.5586131568982831,0.2772435113269965,0.32503704766436603,0.276319675949067,0.4812839938602852,0.6047238384816704,0.4119246175257767,0.5912835595443391,0.4734024129237743,0.453976164731577,0.5267630100160787,0.31895686445041316,0.4967795065346122,0.3505424418458434,0.49029183213659966,0.3470560414719423,0.2995746281258485,0.3624364002775956,0.3066407897487077,0.3590247466729257,0.3963120642590763,0.558617662157995,0.2772444489195019,0.32503806784603984,0.2763203489920714,0.4120310274050235,0.340198527179545,0.6256864611554513,0.583333333333333,0.38115183246073303,0.4274353876739562,0.3765586034912718,0.3066401139598057,0.3590209868378813,0.39631073198335187,0.5586146568120216,0.277243763289617,0.32503753027226656,0.2763198852703972,0.2802826345040948,0.35883609897397634,0.3085143809167108,0.307911382606606,0.2859603886517198,0.24556612187665094,0.2964589067920107,0.3716822785225358,0.7819227757512763,0.36019502903604605,0.3910721901944088,0.3369948851500509,0.3229945914778347,0.37996684118500623,0.09875805004969415,0.005181040352902863,0.8597694459519335,0.7904481663118872,0.1451697481873488,0.7709287612113723,0.02486952450460623,0.7446118207542047
IMG_0185,0.5011977644064968,0.3059634058775891,0.11810363683825509,0.5984010939629099,0.46333189841654215,0.561244649077676,0.4395782848338139,0.07489842585954942,0.5670942249181568,0.09442546226383808,0.4529419814739133,0.06346429415907084,0.08658320526635077,0.09750378718592026,0.16204065739577783,0.46367818765151536,0.128916850291799,0.70323971860102,0.18452795931401667,0.17214215396689259,0.1728681417433755,0.5011983680801325,0.3059623966779934,0.11810324256966354,0.5983924111168282,0.46333278823608853,0.5612469166584014,0.439578001740618,0.6239735793618859,0.24440607850022766,0.2542286007175807,0.625,0.5821989528795812,0.6650099403578529,0.5536159600997506,0.5011979645194546,0.305962970188421,0.1181034801893146,0.5983983519630556,0.463332102804854,0.5612456248522938,0.43957816713145026,0.1272277838159826,0.2797159005027195,0.10900076198840214,0.5229111285231168,0.1456609026593385,0.13662633894543547,0.13413896051998728,0.04965755402590957,0.33398633960436164,0.07732489559161637,0.2687699585738456,0.03690040899354202,0.051587429847739175,0.05614069471253383,0.18597251064586245,0.022160049737987388,0.7374019804472131,0.18582798030796355,0.0,0.23890396358053131,0.05590364321550376,0.9550406091465617
IMG_0186,0.11491280675404836,0.3637917273174027,0.17961206945789465,0.2914532170961137,0.08649814790000065,0.10712482417358193,0.10343208567332768,0.36599525887007434,0.6095404625602241,0.325929699456617,0.640913522199654,0.3527021034089848,0.3540889803190938,0.39788550458636035,0.7190354146993895,0.4389192888729415,0.361216367669547,0.802560997877281,0.7345676060799364,0.7113347045482454,0.7375061351255153,0.11491362706989672,0.36379591145017987,0.1796117107303612,0.2914537501182397,0.08649888245052006,0.10712720532195896,0.10343248000052889,0.1624938026645757,0.4934565095367379,0.3578384711137145,0.33333333333333304,0.13193717277486916,0.15705765407554673,0.1546134663341646,0.11491305817200229,0.3637930220271859,0.1796118266512341,0.2914533644738597,0.08649833182080874,0.1071256852358311,0.10343219775555965,0.7020381705858576,0.5158161864352597,0.31853620736416577,0.6527874563944788,0.6758667851288811,0.6522167507188784,0.6756023459727548,0.26744747983639755,0.6541554565931431,0.2798600418567241,0.44207373115346854,0.23551874263238937,0.2392966488955353,0.26675944872561297,0.038522265407209294,0.0005181040352902862,0.9367929549142832,0.6203932029269439,0.054890634970450713,0.2419942772607341,0.0045396751079836775,0.8358480354611391
IMG_0187,0.10549523074002493,0.3756842041606998,0.1836702531160901,0.3285567631630042,0.07746787439981384,0.09745435727379193,0.08927580695478324,0.36437366039185026,0.6245812933788673,0.283433082159549,0.640913522199654,0.3503471425337664,0.355515146490102,0.3919816462963046,0.21973819326932384,0.5108637471607301,0.2650443867626531,0.5124586538373497,0.23605557039501268,0.2285787670624721,0.22553575164642048,0.10549606766655112,0.37568839733754733,0.18366964724411794,0.3285567984574831,0.07746863167614959,0.09745516953053046,0.08927637706989505,0.14706135155108918,0.5142699553134661,0.36413560811305545,0.3541666666666661,0.11937172774869115,0.14314115308151099,0.13466334164588528,0.10549547289788919,0.37568548095404264,0.18367012359259416,0.3285567274803154,0.07746808614548711,0.09745473944611072,0.08927597581789468,0.19250034499563035,0.3442307002926586,0.22964238205323584,0.3271244030358056,0.18884875772536308,0.18400711754300692,0.17753985529498942,0.2678193810097458,0.6786907797665827,0.2412208255654149,0.44207373115346854,0.23366379436069357,0.24043260826584079,0.26195480368256496,0.04201944132453114,0.0002812564763004411,0.9354401474455273,0.704286366668883,0.11617330529435538,0.47142387393490753,0.004916068797422163,0.837835889234503
IMG_0188,0.11875517116242112,0.42945665643099207,0.24029126521660205,0.19755290371949163,0.08377441930551532,0.09934219045101433,0.10619047103226834,0.3624143343110374,0.6835403756445513,0.2384511763071271,0.7583592886968487,0.345174368276015,0.34692767349825854,0.3947672419251407,0.21267123531766155,0.567148437197177,0.16300881873367778,0.45905645915798976,0.2265676468214135,0.2080698447842263,0.23521910951203673,0.11875609364658718,0.42946077302936403,0.24029121695222955,0.1975482907763806,0.08377495822456416,0.0993450666299509,0.10619093536863458,0.1574280420072114,0.5495435223070407,0.4459983891044884,0.22916666666666607,0.12774869109947645,0.14512922465208744,0.15710723192019949,0.11875542203080555,0.4294580515281814,0.24029133516948153,0.1975514230507427,0.08377459639209672,0.09934320384796524,0.10619060499586218,0.20296871880476877,0.3973577201970669,0.13866432473620982,0.2818694935112822,0.18080923588766967,0.16663355316191264,0.18565648073777066,0.2720649746742041,0.7483089828793241,0.20105855628537794,0.5821545843239182,0.22960490042891324,0.23361728444039964,0.2642179076767911,0.0593938120671962,0.0003108624211741718,0.9144742533997153,0.6765802903058142,0.12930310808053708,0.5505747379446289,0.006628201067672831,0.8296475796499205
IMG_0189,0.1929628793930688,0.5029151078792775,0.3771788092750987,0.5331729404953407,0.13705667656990547,0.15515172007503264,0.19300058134880727,0.34045801949074495,0.7276056018340906,0.24425590620682014,0.4772959739128022,0.322739374061794,0.31850330611012745,0.3796951019042566,0.2336520251892793,0.5896306484997692,0.3212131606510171,0.5503376906259412,0.23948146688506672,0.2125979266894738,0.26873027158772056,0.1929639798648005,0.5029186829768775,0.3771782462786972,0.5331725178267122,0.13705745292919078,0.15515439958316835,0.1930009485913664,0.2504975498359795,0.5223690363683365,0.606648605110932,0.5625,0.20314136125654453,0.2216699801192843,0.2743142144638404,0.19296322542750588,0.5029161405527569,0.3771785262221896,0.5331728971387513,0.13705689386748837,0.15515273075757574,0.19300068063021136,0.2298223637275421,0.42597804487481533,0.28117914476488126,0.3614608613637267,0.1917614341296416,0.17045394243265316,0.21408317467255525,0.2572304966917631,0.7597724615092731,0.20619927695554807,0.28844264219272503,0.2122467800680921,0.21147053580723169,0.25205433300187735,0.1046437777257044,0.0026941409835094885,0.8602256252146533,0.6935809887158142,0.15185872869490352,0.47962389288357404,0.018539684288317565,0.8318386196073733
IMG_0190,0.08478615777826715,0.44063955877330074,0.28082423605496487,0.11488543347797098,0.043451905761441756,0.047566259710163816,0.09471497012126881,0.3262977704345016,0.688391562017987,0.2125797708613626,0.48486813672076856,0.3165449229495241,0.3114568682404328,0.36495141710618184,0.0,0.5437393198598833,0.17489445297359252,0.3580899513675946,0.0,0.0,0.009854050280104443,0.08478692237635793,0.4406436435602612,0.28082376083023686,0.11487624458990142,0.04345290147533509,0.04756750426437284,0.09471523552378316,0.10519763320979375,0.5894332528169647,0.498572160796661,0.14583333333333304,0.0680628272251309,0.07157057654075549,0.14214463840399003,0.08478636878322443,0.44064090888429286,0.28082415487251877,0.11488260292893893,0.04345220828848978,0.047566792277581094,0.09471503998474806,0.01069295816044908,0.2898229524336418,0.1490911673920623,0.20509843126783944,0.0,0.0,0.007322949327722317,0.24023231928000255,0.6690933203385001,0.17829412729797367,0.2947079971736141,0.2075232330954909,0.20607598545029382,0.24034655158568466,0.041988735990691445,4.4408917310595964e-05,0.9235178761971431,0.8056837806430919,0.1974985236783376,0.5724817008992871,0.0023180343069077423,0.8446721211701278
IMG_0191,0.245267218063568,0.4349261350588942,0.36737985267507156,0.3553136972906583,0.19668901886745868,0.22223613556093963,0.25807402017948466,0.422204614629176,0.7373891109846848,0.3873946244487114,0.5631854579109268,0.4131717026749796,0.379067460886603,0.4872278449513794,0.29060605889152447,0.5775601382562482,0.38891869205833673,0.6320936172458946,0.2761981995638271,0.23803973559968733,0.3625164759173284,0.24526818386196184,0.43493102109245463,0.3673790643532828,0.3553171469411911,0.1966897497927549,0.2222367951451989,0.25807469947594014,0.3269970699417146,0.4410782648680245,0.5965438969026872,0.39583333333333304,0.2827225130890053,0.30616302186878724,0.3541147132169576,0.24526751200284944,0.43492774957785607,0.36737945514071946,0.35531498541589546,0.19668921806906778,0.2222364796772484,0.2580742111580853,0.28197958221628133,0.4422176605566464,0.344731818827571,0.44278768492177334,0.2233102381053255,0.19208262425249223,0.2965312114398476,0.32918289171682613,0.8415774642605467,0.336980420176773,0.3640148423871637,0.2847352236943545,0.25942983563207866,0.343453232488765,0.09199641232415136,0.0012286467122598218,0.8530329366671124,0.7817876747099055,0.18885513550051286,0.6357269322734844,0.009593448913736993,0.7700194571838956
IMG_0192,0.4044246366364612,0.34320842466100165,0.42291354909568746,0.42902814591209104,0.36543980492521,0.43963549838525107,0.36487185710722125,0.4594467702510853,0.5404396697861686,0.3597467269421515,0.7232768703263295,0.4593059533204631,0.4481023895882887,0.4984548445522903,0.22612681213918046,0.42921636704132304,0.3258930251317933,0.39040580507933687,0.23813378910387636,0.23946116656731076,0.2246316797970579,0.4044257254760043,0.34321323626867617,0.4229130269718664,0.42902890725599674,0.3654410366888494,0.4396365585544538,0.3648732481270175,0.5230106919515567,0.27352496384749736,0.6510214541993117,0.45833333333333304,0.48167539267015713,0.5487077534791251,0.4763092269326683,0.4044249857144525,0.3432099778612092,0.4229134209925962,0.4290282849263507,0.36544013119008006,0.4396360475687108,0.3648722679922259,0.17662268220370098,0.2727210951101729,0.28552092885094726,0.2285227746457711,0.1906150872338941,0.19329926372539197,0.1767842657429113,0.3429982284549522,0.6526988533214904,0.3111031918975624,0.5371050785358098,0.3244576335857045,0.3178290760845772,0.35365219529266434,0.1472272275507648,0.0025165053142671046,0.792358473005461,0.7137860344181015,0.18229297801281313,0.6547978491406794,0.02577837755959184,0.7749006073113318
IMG_0193,0.7856745639776247,0.2280791668485398,0.2545541392246382,0.774503249294749,0.7558049172799157,0.9276283014964946,0.6797581827862578,0.2900638694548615,0.4006674829034209,0.2635169341851116,0.8606435644728405,0.28403404174976843,0.30492914480727834,0.29887075452158635,0.7576969507880853,0.2919245017226658,0.1544967940214823,0.5574491498081691,0.7805842111707397,0.7876864859634869,0.7393887448541075,0.7856745886540162,0.22808060672386543,0.254560418886681,0.7745076477173991,0.7558054859131412,0.9276288697879742,0.6797564111430054,0.8731326018390888,0.10378158240433932,0.46518269019550407,0.7916666666666661,0.8335078534031415,0.952286282306163,0.770573566084788,0.7856745924526185,0.22807959918477172,0.25455628356725324,0.7745048457474151,0.7558049637219385,0.9276288545209967,0.679757571783415,0.6936108394843539,0.3590950255424939,0.13122421831613496,0.36812963419876743,0.7282959156949744,0.7384558651239018,0.677734954212374,0.19054296554729244,0.4130446310658965,0.22334612807517296,0.7327390698045906,0.18320795401970674,0.20111177760210475,0.19007481470025375,0.4262627568541577,0.09001687538857801,0.3062116409607031,0.19249012315855707,0.014418863680108085,0.13277966515358466,0.17569322996277376,0.9185579211712513
IMG_0194,0.5898912501983256,0.2759586731582595,0.4353937753927348,0.6215628066667427,0.5819620145655019,0.6829231418555838,0.5323665184274866,0.3281640266630721,0.3397042408105799,0.43863634355692804,0.5413980014174142,0.31847822717364166,0.32924333238954756,0.34740879806147185,0.6979935297814561,0.3034790206886012,0.31392853908014917,0.7226089246846756,0.7139607168315936,0.68337935290868,0.7231857874431288,0.5898924241907484,0.27596261415841306,0.435393149090737,0.6215679424039564,0.5819637614865927,0.6829246580459091,0.5323671822772045,0.7077172407733756,0.18377971983092134,0.6625906128725195,0.645833333333333,0.6910994764397906,0.7693836978131212,0.6408977556109725,0.589891626291785,0.27595984136195395,0.4353935867820682,0.6215645937136403,0.5819624800680022,0.6829239171714269,0.5323667048572468,0.6270134764302477,0.34035049741618545,0.27443515995298906,0.5464594088847948,0.6528563549483568,0.6215820387950967,0.6594641719103822,0.21559798581478393,0.3506630700678408,0.3857527963395153,0.3438667560436515,0.20899430083968532,0.21976522281223915,0.22665575555271356,0.21153227696211124,0.016342481570299314,0.624142369877487,0.44212259433912493,0.09500917513118384,0.36766938097638185,0.052745608357775975,0.9078321251402173
IMG_0195,0.4503970095340283,0.38148472181053217,0.37247056314913696,0.6507699998330767,0.40162291056575466,0.48325858767141117,0.39892874674559264,0.37541436008334517,0.53000729604379,0.37371228496686304,0.4924386535597369,0.3650917378952994,0.36923073288805025,0.4002891513483519,0.5910152917274685,0.4486051114056976,0.41060407484228234,0.8562190391908571,0.6172731818752117,0.5906175173682618,0.6141668416330697,0.4503982369579477,0.3814896533348433,0.372469889135155,0.6507750801759111,0.4016241980442023,0.4832598039524785,0.3989306194046566,0.5688892130711799,0.2466741271124464,0.601815918576554,0.6666666666666661,0.5193717277486911,0.5924453280318092,0.5112219451371571,0.45039741866491134,0.381486190803231,0.37247047139451395,0.6507716179409573,0.4016232488468845,0.4832592075349793,0.3989293279975811,0.5534699973245023,0.4626230143727575,0.3654269072311407,0.7336402442225999,0.5485738465445593,0.5233434261242842,0.5412682067729475,0.2688705050415469,0.5907109711457197,0.32413639938802197,0.30104450204211025,0.2453523019196161,0.25144052857864496,0.26872449433137596,0.18420614591497855,0.023329484560499745,0.7649352828442516,0.6718699009395002,0.1690434490092016,0.501701714146202,0.08174169294537244,0.8488163702520446
IMG_0196,0.5252701488568188,0.21181157898996772,0.6194020694536642,0.5808433933935255,0.5260030983028543,0.6320824205332096,0.46264134184618466,0.35961427627604314,0.3112803228186334,0.37680868545755297,0.34837098448227444,0.3544743871228214,0.3677199660590156,0.3724287928033755,0.2958356905143704,0.3110407204740847,0.4519103222316163,0.4100076969440063,0.3000028841738681,0.3085086105960953,0.28959740384789645,0.5252712514235527,0.21181573855187863,0.6194023914945519,0.5808420059396506,0.5260045529437614,0.6320839396901562,0.4626426929822607,0.6537148445895817,0.1711082646856249,0.8056674232994068,0.6041666666666661,0.6408376963350786,0.7276341948310139,0.5760598503740648,0.5252705143167238,0.2118129736462253,0.6194019929677341,0.5808428959174923,0.5260034594630204,0.6320831764009609,0.4626417316786915,0.21279951305789735,0.20431080168654742,0.40531351302483554,0.24323993241167974,0.24409388944086025,0.2534722575460435,0.2320533722361319,0.2383532962338829,0.32680251725086285,0.32703644700704837,0.19181042233922524,0.23691772013667742,0.25022052215972057,0.2462609586182351,0.1273624926266797,0.005935991947182993,0.7371686473760518,0.6601291623110952,0.15801323665707045,0.4690105184903988,0.023217064404632396,0.8963347834147639
IMG_0197,0.5525483897943133,0.2985383657761662,0.39022130893346185,0.5866015899888164,0.5492448904331242,0.6376428110357882,0.5050964123280542,0.3354957107024912,0.3560879017746379,0.2848223366246585,0.7623098494314586,0.335026397301218,0.33744845401837426,0.3576506297658823,0.36543204143279473,0.344842313233905,0.3386244726903276,0.6301421807074403,0.37396185407777305,0.36760610511717295,0.37533868790115643,0.5525495957135693,0.29854262130654297,0.3902207876238437,0.5866059445119145,0.5492461917888409,0.6376441115157983,0.505097838110955,0.6711086141778546,0.2199371970293713,0.619682214249103,0.6041666666666661,0.661780104712042,0.7316103379721669,0.6159600997506234,0.5525487779913453,0.2985397453817973,0.3902210982203056,0.5866030728391052,0.5492451955916213,0.6376435025904992,0.505096833460534,0.2860951047951662,0.2543337516810594,0.29737101086156326,0.4407206323101013,0.3103812076296455,0.30670312836559643,0.30814777267386817,0.22205105075801865,0.3664668095813708,0.24247310369787733,0.5874186347889718,0.22170430812696518,0.22616190585627946,0.23461753517712736,0.18513700235138217,0.017571128282559134,0.6679290247988486,0.6576929449171858,0.16561652666571797,0.5941334389734114,0.04425838967763258,0.9056382761571782
IMG_0198,0.4484443198161916,0.26501427894299967,0.35205631702909823,0.48533666242915663,0.4422141856468731,0.5278378522031774,0.39522226249134706,0.3585636032174619,0.3894748519926381,0.18740265925375343,0.6932240629380924,0.3554072535875361,0.36811823034113955,0.3731787732532542,0.3124607221200073,0.3537245573175364,0.21756746509956448,0.5073554560775966,0.325016674400296,0.33765522357651606,0.30068858885763805,0.44844540769714436,0.2650190404791244,0.3520558199671804,0.48534166754766694,0.4422155667757742,0.5278390512314982,0.39522336372309097,0.5739789744036292,0.23951188258559164,0.580434941788094,0.520833333333333,0.5612565445026179,0.6341948310139165,0.5062344139650873,0.4484446619030143,0.26501575821334633,0.3520562566687717,0.48533854908751106,0.4422145496320145,0.5278384785461522,0.39522259522295955,0.23770632926159113,0.24315251250700792,0.18689431608312113,0.32264552151343695,0.2662188621733276,0.279521166073419,0.24169054886924787,0.24295452153613534,0.41250488174714384,0.15637136793767814,0.5007885273062205,0.2376551036925617,0.25054196833972003,0.24685678623866214,0.11355802096043054,0.005743553305503744,0.8061054613047253,0.6797222414607109,0.13840138118141188,0.6767432954680854,0.026829525789852978,0.8852559865016958
IMG_0199,0.32354192210100813,0.27096826246726846,0.44285711868114097,0.36335742593654974,0.29505779903108725,0.3692286715781164,0.2766079627531083,0.3742867750334395,0.48998359197545094,0.3553064136247621,0.8283679935214661,0.3766670552442388,0.3726048947568074,0.4055167468434062,0.2668945456661682,0.38948654482308764,0.4113670653946251,0.36548418840869346,0.2819292489676076,0.29289404518121204,0.2525319374815761,0.32354287631810524,0.2709737637913703,0.44285662709800144,0.36336006986308256,0.29505884567067425,0.3692288412224075,0.2766087804183215,0.44178795524502645,0.2701422137747659,0.6693270850113494,0.39583333333333304,0.4020942408376964,0.4751491053677932,0.3765586034912718,0.3235422264271383,0.2709699910344707,0.4428567755267956,0.36335844330186795,0.29505807773325055,0.3692289082651717,0.27660820289944826,0.20410390351428961,0.2560391561645496,0.3661578994950214,0.21036875223379092,0.2282899690204528,0.23967772870355764,0.20027661612652878,0.26261323988849666,0.5007769150689632,0.3069755426723835,0.681792973696971,0.25465391112079694,0.2541720036092127,0.2730161137829171,0.08356860622025421,0.0007105426769695354,0.8667838575462276,0.7841004838468684,0.1351024886015153,0.6382944728131063,0.009001317377913034,0.8537827274889371
IMG_0200,0.0571520867023364,0.36735334609719406,0.3458831562954945,0.018888255361094952,0.031192784119757566,0.0231461247863034,0.08915714888942884,0.32766831825400095,0.6693083025261468,0.33900876177153116,0.4672141786591184,0.31747699058321166,0.29134353554794273,0.38895872435407175,0.31638081307663984,0.5278196954242763,0.3085433574345062,0.5943422344621645,0.321907399549749,0.26853892642073407,0.3908313207573688,0.05715220414054317,0.3673594443881365,0.345883029211389,0.01888728047350874,0.031193340025092886,0.023144538231259837,0.08915738995046085,0.07332848414086834,0.573238813146831,0.5738449146957604,0.020833333333333037,0.048167539267015724,0.035785288270377746,0.13216957605985036,0.057152098160431486,0.3673552678984704,0.34588328320489836,0.018888048418658876,0.031193016523004047,0.02314574363114097,0.08915721161406506,0.28783957338562904,0.3852834730843869,0.26946157124591563,0.40392942756109296,0.2634526315849808,0.21838108011101726,0.3222979079110777,0.2390098458094761,0.6302322064685122,0.29189107114353696,0.28021138110999116,0.20823208883604383,0.19088133302618776,0.25950661887488047,0.009201903730698065,0.0,0.9680556538700519,0.9730775084011325,0.20384363968620406,0.748989538621709,0.0,0.8356860483189854
IMG_0201,0.27274336350700684,0.3662540544458146,0.45649193038302727,0.34919617622537125,0.23098270413118163,0.27619904038268667,0.25737617904985455,0.4541449618349103,0.6532844293858604,0.3877905302987996,0.5706663870086959,0.4452593838680755,0.4204312380310772,0.5101457731465746,0.2727825591700509,0.5043977314634852,0.21803528136387573,0.43108111092378953,0.27633038606396,0.24902938346881354,0.31369400700103967,0.2727443387558554,0.36625904817711064,0.4564914855821547,0.349197391614263,0.23098331537836675,0.276199801401063,0.2573771074961406,0.37104331667049417,0.36127288213236775,0.6813355788240462,0.375,0.32670157068062833,0.3717693836978131,0.3528678304239401,0.2727436593380218,0.36625566845546853,0.4564916611973091,0.3491967618649099,0.23098285821002543,0.27619942989862495,0.2573764467945717,0.24034103318655395,0.3548530646003541,0.18731198904803126,0.2595119206130817,0.22342487279490025,0.20151172451778337,0.2530676632717116,0.35004058787620307,0.7840262746084317,0.33735323580399434,0.37109764016213326,0.3121541061675809,0.2939182852975174,0.3644145175729492,0.08888062897452265,0.0005329070077271515,0.8594377983844964,0.7602193714402268,0.1250435612938327,0.5877137700338702,0.008583612185975205,0.7564836992245216
IMG_0202,0.2371876627805638,0.37545903197193753,0.40409579547295893,0.3182470500690977,0.19326343663502674,0.23601913151662135,0.21903240012089847,0.45844952671263867,0.6593270517212277,0.3227557847679099,0.7022218700371092,0.447374282005067,0.4315760832615846,0.5081924017900499,0.26081811443691116,0.5271430770542692,0.3950564641372698,0.4771717474217394,0.27691381179434355,0.24596782742796464,0.2937506726908534,0.23718862031529434,0.37546394113092285,0.40409539352140467,0.3182466053178059,0.19326394778088546,0.23601982942904703,0.21903308214738126,0.3266882805606353,0.38356014327060917,0.633301603573259,0.3541666666666661,0.2785340314136126,0.3240556660039761,0.30673316708229426,0.23718794940396454,0.37546059102453055,0.4040956083260192,0.3182470294531696,0.19326354797095643,0.23601948795499605,0.21903260042635014,0.23498371870703968,0.37021362342717706,0.3505722662051687,0.29682945624739343,0.22393117600718876,0.198879627066966,0.23565524442001942,0.35518639149610937,0.8085640253144775,0.2769506571736886,0.5114527674724927,0.3139946838190848,0.30346547601275614,0.36260613282759036,0.08153397383582342,0.0009473902359593806,0.8757947088448966,0.7507675676411325,0.12803450436607067,0.5776546074850505,0.009483284907072072,0.7580595625785358
IMG_0203,0.17748037121531676,0.35912650835232385,0.3914852605263368,0.37404842709886355,0.14053066509099169,0.17966269146176939,0.1515206982769546,0.371284530520576,0.6175505293668737,0.34939799806664573,0.4170568005090276,0.35687086618958047,0.35738214984263994,0.4054510426140492,0.2552259245507591,0.509968293204247,0.3397586529463257,0.48075036855380926,0.27301928387172997,0.26148114457520766,0.2680133511180569,0.17748109465446565,0.35913198230119714,0.39148467957617195,0.3740492151678092,0.14053207739083215,0.17966396240858473,0.15152120343800793,0.251538351290233,0.417173908283758,0.6208537746210734,0.4166666666666661,0.20732984293193724,0.2524850894632207,0.2194513715710723,0.17748058176272982,0.3591282583614748,0.3914850532890828,0.37404890905596666,0.14053109111985707,0.17966321446889877,0.15152084118851028,0.22495347900134174,0.35584493121099475,0.29842927068669356,0.299831316442674,0.2205544201679484,0.21225908688002987,0.2134693628496885,0.272591104091987,0.6640739362813708,0.30149490841007154,0.241046838708541,0.23881348002116232,0.24192210573583545,0.2729620002095145,0.06123128388697205,0.0005477099801640169,0.909208528979181,0.8925131382218034,0.1388160987773761,0.7519877078547698,0.0071698407671087,0.8306588288610524
IMG_0204,0.13065767938508954,0.36245608180592814,0.4128920523993078,0.3908255413807371,0.101740166276728,0.12213824805208828,0.12527931921943158,0.35423587658900324,0.6070918656165849,0.33142003843704027,0.5061808487274542,0.34365775253459274,0.3389610379833592,0.39269885520525316,0.5553823122915416,0.4653765998752991,0.36367571218597083,0.6405303619933633,0.5785560722081309,0.5426672522904494,0.5890070633001939,0.13065815335390366,0.3624616212030005,0.4128913030356536,0.3908238519638303,0.10174081871603602,0.12213807430741674,0.12527973312552196,0.18454860044721993,0.4837759330946302,0.6416489712235482,0.4166666666666661,0.1549738219895288,0.17693836978131217,0.18453865336658354,0.13065780995936843,0.36245783203278026,0.4128918675588089,0.3908250314545194,0.10174036398058772,0.12213830574814222,0.12527943634589614,0.5174452076316408,0.4440189209954754,0.3208508439990183,0.45180070003697415,0.508441292542426,0.47452398351667846,0.5151078826822193,0.25675369084139743,0.6261208033140675,0.28490227873270246,0.31273659777983714,0.22841896855466423,0.22734683411793463,0.26253683440717795,0.039327068367849896,0.0004884980904165556,0.9337452055297318,0.605659525730535,0.08338797440220719,0.5170991014579097,0.0047003309510366895,0.8407535304769913
IMG_0205,0.43678449210746684,0.3501010530723667,0.317294580894806,0.6565062328299569,0.39242369003165983,0.47008759728431243,0.39508866960316535,0.3598824487487989,0.5700815403859565,0.324569617001514,0.6606115386189,0.35079350688839,0.33954607788208346,0.40428286976032946,0.30508531666588656,0.46461900347855567,0.3089712750602689,0.40068841596461446,0.32718473181166413,0.29060650160786444,0.34129063684606287,0.43678572322663534,0.3501046299666406,0.31729385530200016,0.6565109048317574,0.3924249210650327,0.47008947535672163,0.3950893371125732,0.5570735446690719,0.25244248720825924,0.5419198945595665,0.6875,0.5089005235602095,0.5785288270377733,0.5062344139650873,0.4367848862750837,0.35010215114336574,0.31729430093218314,0.6565077483676309,0.39242401104689334,0.4700884153708467,0.39508884926135535,0.257880271182159,0.32315135207250284,0.26985625540818026,0.23619351927851606,0.26815055222157014,0.23766617264946954,0.27748713232508304,0.2578462652299115,0.5818766777441677,0.2786128768783618,0.46354954381425256,0.23401502085518472,0.22780560668943164,0.2720009266226554,0.16203527881251162,0.022367291352103504,0.7707096209255196,0.46632376087009053,0.03750168764547546,0.546488989640895,0.05589446288161501,0.8379988127185187
IMG_0206,0.2866780981034326,0.2722086073120642,0.34821326956671106,0.378315295362079,0.2605670192200451,0.3173472162407435,0.25937622685819095,0.35119117513753784,0.5196229695572474,0.3110056325316921,0.5345961521007032,0.3439933666753258,0.33682873278208525,0.3905588457479461,0.3195079653552988,0.39171884499995013,0.40805264199897096,0.42164144737019305,0.345936745745134,0.3236725499183825,0.33558517046001635,0.28667910388361617,0.27221237633194795,0.34821280995814874,0.3783175519572999,0.26056806782691877,0.31734848534866106,0.25937683861652233,0.39833494592659824,0.2989042186847991,0.5763344804861975,0.4166666666666661,0.36230366492146604,0.41948310139165007,0.3566084788029925,0.28667841018867746,0.2722097597807662,0.3482131475763741,0.37831612052406216,0.2605673057387322,0.3173478093860901,0.25937639457851625,0.2515584321050494,0.2614573043254273,0.36298312001963096,0.25216415559101313,0.28495217655690985,0.2669754736986297,0.27240722232901526,0.24607680475217805,0.5110169172654615,0.26621236663004444,0.33771923221809214,0.22868124423011302,0.2256769733030901,0.26080152363994824,0.059233821117189334,0.0011694348225123603,0.89117502864229,0.546404878155395,0.05168710387739117,0.3285569662069084,0.008840661534860024,0.8530018183758965
IMG_0207,0.11353646674345602,0.30415936117983255,0.35205631702909823,0.2322773528065527,0.09458600818254015,0.10532367323961878,0.12055851011418883,0.37314662992531306,0.5391232429676638,0.3576380073616816,0.47542732882275107,0.363173222556118,0.35326065187571654,0.41718851353534964,0.3489182219897638,0.42653904210702354,0.4328465258213212,0.3640013551792247,0.37307016605796717,0.33496435512091294,0.3860304810172651,0.11353659312320594,0.30416578956403106,0.3520558199671804,0.23227908099121475,0.09458644741661953,0.10532202570124549,0.12055894580858632,0.1684097220824028,0.45171523756626486,0.580434941788094,0.27083333333333304,0.14450261780104717,0.15506958250497016,0.1770573566084788,0.11353649227811707,0.30416137457535775,0.3520562566687717,0.2322779699077997,0.09458613044213005,0.10532317058528351,0.1205586343801438,0.28845156208594297,0.2971523990505133,0.3868281909878726,0.2093077266176554,0.309566154986769,0.27709971010606754,0.31789956792688656,0.2661217050346364,0.5502534616091788,0.3091419638335493,0.28690762675168097,0.24382133287739421,0.23863767679472342,0.2826876757864974,0.015704970223906527,2.9605944873730644e-05,0.9617661478282985,0.9832845245988122,0.137080743826493,0.5561490776116301,0.0006472135391564192,0.8316101521930064
IMG_0208,0.11730836859378593,0.2974086066350088,0.5743237383013082,0.08835033169426332,0.09817471194803878,0.11114863096765237,0.12408997504261163,0.36291646429623736,0.5436316393672698,0.409524677936842,0.3230823167907175,0.3569994289339177,0.34245912852392313,0.4099178461271701,0.3497911364310544,0.42977355611150425,0.40232690372761093,0.3341540175193005,0.37697790470703946,0.3341789613041659,0.3932532544059171,0.11730853572792199,0.2974148690678966,0.5743242366583385,0.0883500323163613,0.0981742967064031,0.1111477000280191,0.1240903854726273,0.17485805108181723,0.4420500246476262,0.7746210734421908,0.10416666666666607,0.14869109947643983,0.16302186878727631,0.18204488778054861,0.11730841778201181,0.2974106086849784,0.5743239682244141,0.08835041991428483,0.09817447267633783,0.1111483126589754,0.12409008969625435,0.2895744818386565,0.2966736736215128,0.35750791047282027,0.188387636867679,0.31314084672334175,0.27639360333973295,0.32452144532723737,0.2573833594285325,0.5342553520711226,0.35791322844105267,0.1748374431142548,0.23891530748503004,0.23009401054247264,0.276648332492301,0.015401149025913687,4.4408917310595964e-05,0.9631779439948197,0.9645031719093742,0.17564387751240812,0.5529237397838516,0.0009180333888743535,0.8383817765401418
IMG_0209,0.12698872189539687,0.36539009081312335,0.30827853389230686,0.2706547875812544,0.10396826734233017,0.10942437018785123,0.1372896308843924,0.3648877233282272,0.605316723487646,0.26518057224148217,0.37334950458684535,0.3548113536704688,0.3371454076600432,0.41722538701256073,0.35928610535741357,0.49195936480091607,0.347082227690374,0.4154987043387819,0.3893142741207876,0.3287894753892179,0.42257302078477577,0.12698894720039977,0.36539651262624284,0.308278506390538,0.2706532590618327,0.10396828791643964,0.10942392435940818,0.1372900929237706,0.17753760977327931,0.5007855193579888,0.531522296258329,0.2916666666666661,0.15706806282722519,0.1590457256461233,0.199501246882793,0.1269887517862273,0.3653921901732209,0.30827847714841816,0.27065428240620193,0.10396826272321652,0.10942407367479656,0.1372897618811259,0.31614539152613086,0.3543440348307743,0.3052739929483783,0.2474341052529132,0.3244762114152173,0.2715559979976824,0.35168701539335245,0.26469201336116577,0.608525126197166,0.2248336112962468,0.20916674327571733,0.23718400346033153,0.225924736435482,0.2827184089915444,0.03163942241650977,0.00019243864167924917,0.9402038125050797,0.9571867922947344,0.20162449542668553,1.0,0.0027311493319012014,0.8250248598764405
IMG_0210,0.10085219898005487,0.2921497332478944,0.3750128510559443,0.1740927057132593,0.08312304458043462,0.10320108956278651,0.09381980691489131,0.35980599902495247,0.5693762429323648,0.32996977279671724,0.33518230517487924,0.35079978541997153,0.346060068959271,0.3975479005806672,0.3418562386422696,0.43637893552434714,0.4609342218942931,0.42787548725318203,0.37099227869774964,0.34583459299487906,0.362656346299587,0.10085240649348093,0.29215567275789645,0.3750123399403962,0.17408781323222478,0.08312354498886615,0.10320062684010456,0.09382006416674232,0.152529247011439,0.4501164835953948,0.6043054843669912,0.20833333333333304,0.12774869109947645,0.15109343936381714,0.1396508728179551,0.1008522642343701,0.2921516509821489,0.37501260581360985,0.17409113242897067,0.08312313099892343,0.10320090239564783,0.0938198716092199,0.2841554928139799,0.30465152225724473,0.414109958800966,0.2570058928360748,0.307668377700859,0.28690227901382287,0.2966575152565599,0.2575996918658665,0.5759915016268864,0.28356930168987526,0.18288544985232275,0.234020000773073,0.23293199020924854,0.2664838206198656,0.016792585469912812,0.00013322675193178787,0.9654116493502068,0.921148467226198,0.16079219508035292,0.6581859237489223,0.0016065584305301184,0.8405185086695894
IMG_0211,0.15851610113211712,0.43509796349451024,0.33370437452059765,0.37074268590209325,0.12181187967521317,0.1275517896730477,0.16876082158386654,0.4807437250164137,0.661126330797084,0.4226920897677757,0.7796491922759845,0.4733078040017342,0.4430569948065476,0.5368464483809555,0.35222146202955185,0.5308838366219583,0.3306727307554782,0.5785169082307746,0.3686838879314914,0.3234928429878565,0.40114024258911973,0.15851659749644081,0.4351040479671531,0.33370498883341204,0.3707390943628961,0.1218125728982456,0.12755128875537192,0.16876132704224642,0.21209919511376912,0.5156787295029363,0.5605184154645968,0.39583333333333304,0.1821989528795812,0.18489065606361832,0.2418952618453865,0.1585162505043005,0.4350999323119338,0.33370456276655736,0.3707414746181672,0.1218120909470341,0.1275517331649042,0.16876096461269346,0.32450818004124166,0.4090891032613014,0.28996319208565247,0.38832080213840714,0.3055625384533707,0.26681481866823004,0.33178377520393265,0.37713371274016005,0.8435760769675162,0.37046224246932447,0.6110057769804169,0.3369101316903715,0.313417457312477,0.38955341183188735,0.06181953344053265,0.0008881783462119193,0.9027053527655212,0.9782525817555194,0.22862412222682033,0.7656281947960507,0.007316726109328596,0.73353021481555
IMG_0212,0.07898553864571589,0.49879143059277564,0.3306349288950545,0.2952190956795846,0.03926400333253943,0.013135197334148252,0.12436023071565039,0.3430507810213299,0.7295202396515532,0.306831034551162,0.3831206819766866,0.3328860276661252,0.30008432289581694,0.40946951914143664,0.10170592182905541,0.6055474378184661,0.27435079147742414,0.3595824798379388,0.10941251150302035,0.05156988896431014,0.17775451262291675,0.07898612201404576,0.4987965399549146,0.3306407348342839,0.29522174705147997,0.039264624166063244,0.013134324903696926,0.12436062324665265,0.08331814766843748,0.6675203574300047,0.5571501793951819,0.33333333333333304,0.06073298429319374,0.01988071570576544,0.18204488778054861,0.07898573893791833,0.49879304059851304,0.3306368593807587,0.29522014376774486,0.03926416468531385,0.013135347484324655,0.12436033814146058,0.11051205256144908,0.3599325987117699,0.23810846065427693,0.20615793618478795,0.08472320331737508,0.039736095723672704,0.1381134429216023,0.2576215711196388,0.7164090280272453,0.26241018077889766,0.21612303307979536,0.22004829571795834,0.19744786677780696,0.27627755124431475,0.04360965440338728,0.0002960594487373064,0.9215555188514771,0.8528140859799167,0.19886128213590887,0.8274021974058371,0.0032681988643926984,0.8198272261995945
IMG_0213,0.4524097088454735,0.34120382796824256,0.0,0.5086694715646076,0.4185914098918063,0.5020157794323028,0.39748435463739384,0.0,0.48553072188565527,0.049414717795809526,0.4245210347783841,0.0,0.037887440317143195,0.0030814624328707185,0.13415935031228685,0.38779256246947547,0.0,0.5581628272615093,0.15714809934598836,0.19637353082386866,0.0818206907316053,0.4524099811478832,0.341199832635823,0.0,0.5086709468152057,0.4185925450962835,0.5020188155393617,0.3974823582027196,0.5685432452135517,0.36973256606408156,0.0,0.5416666666666661,0.53717277486911,0.6103379721669979,0.5099750623441396,0.4524098017504814,0.3412025058203423,0.0,0.5086698974805142,0.4185916947251501,0.5020169733492139,0.3974835989976946,0.08615603434913077,0.220046607706246,0.0,0.3688029660054878,0.12317702781959423,0.1568052486545588,0.0619615337678259,0.0,0.23584387499831017,0.04010446840759929,0.24669405734880506,0.0,0.022097671642720418,0.0016988563943076684,0.16792585469912813,0.011842377949492257,0.7739513775827219,0.10911187171861625,0.13858029530570654,0.1428923275699289,0.04381314348402852,0.9789697617759034
IMG_0214,0.6545913845379089,0.05522335106380516,0.10350124110527137,0.7610154035108372,0.6371953621638966,0.8157203756200868,0.5328674213275018,0.11641967775040263,0.1549858858353007,0.11684173484443239,0.7729254089174837,0.11098064160538462,0.191186843914953,0.07503825861319455,0.7526643267167179,0.07603220958601764,0.1795208041145142,0.8424394087842115,0.7741388173051758,0.8688977268189898,0.6293304184731974,0.654590869477346,0.05522272388617533,0.10350177892580747,0.7610226319955697,0.6371954294176767,0.8157218034279027,0.5328663637870615,0.7791605391699704,0.10395836444531437,0.22713626711576484,0.7916666666666661,0.7392670157068064,0.8727634194831013,0.6433915211970075,0.6545912340406874,0.05522307966727957,0.10350152573655791,0.7610177915661178,0.6371950952667795,0.8157211671758794,0.5328670318147568,0.6305671427368333,0.18553832519735708,0.15316173526714794,0.7120634658736728,0.7208637666542113,0.8345426407265755,0.5572313820516973,0.057921214311837305,0.14891363939748137,0.09611240224427453,0.6017643610299743,0.06592818436699435,0.11944015260998248,0.042753988046435557,0.16414101828583436,0.0330402344790834,0.6137800219700128,0.09926400814909708,0.05270608403125504,0.05693176020534998,0.044455766856240565,0.9901178479867714
IMG_0215,0.537378479747274,0.09672161090338105,1.0,0.6136023200588272,0.5085467062411732,0.65255991358333,0.43726855338495907,0.47398054397171385,0.02594540483240937,0.6592717566100856,0.02064679997761454,0.47609650209551596,0.5274363516333548,0.44615593340834603,0.43733852651636707,0.0,1.0000000000000002,0.18953522631116027,0.4366537958847103,0.5525609155776177,0.29373945347112185,0.5373798739292075,0.09672687865126028,1.0000000000000002,0.6136064326983592,0.5085483944222734,0.6525612868273446,0.4372705315488611,0.6786644065491556,0.021293437443877794,1.0,0.645833333333333,0.624083769633508,0.7435387673956262,0.5511221945137157,0.5373789216212438,0.09672318658506363,1.0000000000000002,0.613603689148877,0.508547149309353,0.6525606307068212,0.43726914887222423,0.2861501571963489,0.01452099924497846,1.0,0.09760721784662152,0.36869167094437155,0.4844914692261344,0.2356455134028809,0.3184481491660427,0.13083572037218427,0.6086276249932752,0.009272262029764833,0.3394130384210151,0.3904145395016264,0.3072392725417319,0.12756288533173882,0.010554519347484973,0.7678820960126264,1.0,0.2849537129019322,0.47478619820534734,0.031029528543953144,0.8858046828329211
IMG_0216,0.6990658253389896,0.0026600580595460555,0.08542641601713319,0.7504078640224838,0.6817663348094924,0.8733114905454968,0.5705683936496162,0.043447724729506865,0.08456639986274805,0.038046468844876724,0.837999733823299,0.04096013098810747,0.12661798109498484,0.0,0.7511198333647215,0.023957269472325016,0.09672318721670337,0.8540666957164813,0.7628997593558848,0.8631097322428619,0.6208462225935113,0.6990655804903435,0.0026607156364181206,0.0854282086242506,0.7504148999071361,0.6817662408339755,0.8733124660286249,0.5705657804895795,0.819568358504744,0.03447899533926868,0.19213590100314848,0.770833333333333,0.7748691099476441,0.9145129224652087,0.6758104738154613,0.6990657949469449,0.0026601215413776247,0.08542684059923644,0.7504102578181877,0.6817661211789852,0.8733121609593271,0.5705675338782018,0.6173214557330865,0.1317117185037195,0.0813163026772914,0.7302310900950483,0.7079738600427941,0.8275388732657547,0.5482813986821651,0.010779601024877072,0.07699041036727194,0.030808754253365933,0.6966377036009348,0.02357853579505692,0.07680122013613788,0.0,0.192278416574416,0.027799982236433072,0.5155966116892005,0.16562973936003134,0.009487649078463,0.07578026932884238,0.03325575951197345,1.0
IMG_0217,0.7680981272118835,0.13227399136580054,0.09504767900410327,0.7838384375271801,0.7255743414409286,0.9211322518440748,0.6276028092989835,0.04527265639562317,0.35200139201059133,0.08493289020772288,0.7865552079164524,0.040084387949121,0.10623194821453286,0.023960581798718406,0.6966363813450727,0.22773816366376853,0.0845189311476191,0.7956859948475183,0.7240025400899088,0.7851623421665159,0.6131743105512077,0.7680969234968591,0.13227343772119904,0.0950480030732801,0.7838455679142902,0.7255750575676359,0.9211327750634473,0.6276010525145784,0.866872803337787,0.06769963688955238,0.21095408947792338,0.8125,0.8104712041884818,0.9473161033797216,0.726932668329177,0.7680977743586735,0.13227374773098177,0.0950477434362691,0.7838409447432375,0.7255744369516516,0.9211327895839132,0.6276021840883107,0.6049684057569026,0.3032485144405727,0.07090340828371788,0.6430167106676753,0.6640338103553431,0.7355429031966969,0.5402285831878334,0.021947196719535655,0.2273700283347465,0.0694195147305523,0.620625155016733,0.023065485683091802,0.06384956994395385,0.013335030268902315,0.3273075462398086,0.09392486011191045,0.3927205325237464,0.07848407603863183,0.07158047542657459,0.0709740148124424,0.17754306724135555,0.9811701651519775
IMG_0218,0.20718114032891727,0.5500240021243124,0.2821343033712287,0.40546867244104323,0.1641416396542154,0.14649206382706215,0.25076010536033294,0.3046648278406974,0.8182252193586701,0.1775365187723552,0.5686507804009295,0.28401906016436523,0.24486309295385028,0.3905276856819834,0.37410609045123633,0.6657996967753869,0.11055213097493954,0.6830922001248534,0.38440263551255627,0.27803441569336845,0.5030734497658204,0.2071822225161883,0.5500283613616352,0.28213390993056375,0.4054703238576747,0.16414225764459833,0.14649303886170773,0.25076063294367323,0.2564449137152735,0.6019545244442964,0.5001830563081203,0.45833333333333304,0.24083769633507857,0.21073558648111335,0.34413965087281795,0.20718148069166253,0.5500254073443762,0.2821338829498461,0.40546934687258274,0.16414180452754726,0.14649246195420507,0.250760247552676,0.39285828936578526,0.5480331189486021,0.09316974260290056,0.49923865772782794,0.31995396844040125,0.2266526557956488,0.4287095315312872,0.23442188236807104,0.7681060135298112,0.14784173765428932,0.3691808448363684,0.18319695077256315,0.1568803292179647,0.26077624310031283,0.10319416275443005,0.001021405098143707,0.8466267640897783,0.6884203322138744,0.1326855820298849,0.6568904074935504,0.012462303253969347,0.8203777952145439
IMG_0219,0.0989658434772775,0.41063677515264385,0.2746764601232261,0.31228129746882693,0.07048577415322865,0.06717495521881067,0.11384108141330064,0.32292672964436336,0.6682442371197801,0.2880392591909753,0.3666450025794683,0.3153156831664608,0.29334999110511956,0.38016228314710987,0.3684103229870139,0.5208948337746592,0.3672648878176976,0.4931023747415275,0.38405173729624775,0.3351617394662249,0.42065835614266456,0.09896640216397401,0.4106418777286782,0.27467748331781117,0.3122814765311763,0.07048608015484764,0.06717586668564779,0.11384146297257573,0.13009425400672447,0.5609326308480668,0.4909570183788533,0.33333333333333304,0.10890052356020946,0.09940357852882709,0.16708229426433915,0.09896600253225035,0.41063839910206745,0.2746767121703866,0.3122812265984529,0.07048587282353513,0.06717535830862142,0.11384118608162827,0.33750437077533374,0.4054945280339172,0.32423278099936725,0.3103129045561457,0.3196314628470643,0.2772772197545803,0.3498989011129253,0.23496498121589196,0.6259859496924003,0.24537581904947814,0.20444863804581453,0.20658940363586178,0.1923837483383818,0.2524283569334606,0.03685609702885494,0.0003108624211741718,0.935548948821406,0.7843246947361247,0.10240820939716055,0.5385896328154219,0.0030983626874509424,0.8449408512845675
IMG_0220,0.0,0.26969293643050585,0.269009514646819,0.13274403534557955,0.0,0.0,0.0,0.3426556677490271,0.5537842284996037,0.2234145887721768,0.5077290001396721,0.3329241473221558,0.3328220518481324,0.3768781777370749,0.1251778310769915,0.43316338136420074,0.17021591214433274,0.28040441004189987,0.15151151672091157,0.14578009704981432,0.12510783087975574,0.0,0.26969849417378167,0.26900872624173644,0.13274351703337262,0.0,0.0,0.0,0.0,0.5532673832092186,0.4836347660540381,0.14583333333333304,0.0,0.0,0.0,0.0,0.26969475989661595,0.2690094301515744,0.13274403642191945,0.0,0.0,0.0,0.0867239589769606,0.2311461729867848,0.14498159604282623,0.1527074718414032,0.11858743696465301,0.11494794562551724,0.0958390330240412,0.2421467843749864,0.5464896978655249,0.18779814690402974,0.31406935665013486,0.22007777208907794,0.22254880160799573,0.24980296049990036,0.0,4.4408917310595964e-05,1.0,0.9258160673744495,0.12790831345007547,0.8114621492282786,0.0004314756927709461,0.8555645860526262
IMG_0221,0.17785903934713784,0.3459018738583346,0.3494947789808762,0.25244015578341106,0.15735715962051033,0.17866923951334945,0.16985471900185434,0.3413716822023896,0.5920523946259371,0.3233628959704453,0.4145144838217707,0.3320057789398543,0.3221676126719689,0.38603675399366716,0.14249364194886033,0.4806543361230441,0.28362580674196236,0.35365222416905073,0.1683151880091667,0.1399486488589538,0.1703661016330622,0.17785968486243123,0.3459067107481695,0.34949447142464685,0.25244159114224196,0.15735799976465895,0.17866945932667122,0.16985526102715393,0.25075254636260996,0.44256872968668937,0.5776524859046642,0.2916666666666661,0.23036649214659688,0.2524850894632207,0.24438902743142144,0.17785923774539183,0.3459034393567457,0.34949460945320254,0.25244086124320386,0.15735740280184501,0.1786694204694128,0.1698548727597946,0.11247480124109938,0.2696968974637854,0.24657453925531758,0.20195996159558682,0.13230901824893507,0.11019081902280942,0.1321080493857096,0.2439250759830801,0.5743902508951213,0.27750687941537544,0.23913724513969264,0.21936832350115737,0.2142906250733047,0.25714786604155987,0.04448233231251565,0.00045889214554282494,0.9235794866148092,0.8698542288982116,0.16356805044832395,0.8431149045847302,0.004897708129644675,0.8466693383621133
IMG_0222,0.18572470518016548,0.3541743615458013,0.18843307656606267,0.2958859105273284,0.16311005853841726,0.18214164783574982,0.18146486573949955,0.34375875978953513,0.5829167301961309,0.299227975257468,0.4385863101466465,0.33667324352192884,0.3230975190149649,0.3905934924597475,0.14550037133178972,0.47196045011910825,0.30584178469068446,0.3558964031194978,0.16823727965873278,0.13432930273926202,0.17936789189998226,0.18572538661085106,0.3541797206210966,0.18843272320907278,0.2958872561666852,0.16311117877098952,0.18214267813117202,0.18146554154432387,0.2602236828850249,0.4401940839402686,0.37145786043787066,0.33333333333333304,0.23874345549738224,0.2564612326043737,0.2593516209476309,0.18572490149591822,0.35417608129784206,0.18843288719542972,0.29588643995429287,0.16311046007730062,0.1821420718053256,0.1814650671553118,0.11337004981840082,0.2656729337521246,0.2669699983210423,0.20354478359838057,0.13224510940949713,0.10561956063942407,0.1394280873845339,0.24498017961083976,0.5641442217211181,0.25550208727842794,0.25750389448020466,0.22298089822067535,0.2150079166374349,0.2608295511663251,0.04769831201467391,0.0008437694289013233,0.9188249975749093,0.9056336272967993,0.1388008133567683,0.776562499990079,0.006729184740449011,0.8468921877253073
IMG_0223,0.5935645341914649,0.31152705674662284,0.17690372263888543,0.6306401422538341,0.5501262813886547,0.6644347944045184,0.5223160059760702,0.24258991682969536,0.5739964851845889,0.1341634075974918,0.9260651888373204,0.23424312806309655,0.23791478042546893,0.2766283456454416,0.27016211110738,0.45315760038362674,0.1006319301429679,0.7174645221512015,0.29020147596805346,0.2667947279222542,0.2855152722553258,0.5935654394754267,0.3115297586391361,0.17690341112619823,0.6306461017272782,0.5501270585230981,0.6644364360751357,0.5223174778626015,0.710376716572059,0.18886423393055818,0.3535915647653217,0.6666666666666661,0.6638743455497383,0.7534791252485089,0.6334164588528678,0.5935648412958949,0.3115279126164223,0.17690355991823603,0.6306420508820048,0.550126426961169,0.6644356036676625,0.5223164256531408,0.2239830084646098,0.3178298913885043,0.0846607860104096,0.5401273019531142,0.23550450320883992,0.21686614414234384,0.2285214517082322,0.16572187347583472,0.5007734830401063,0.11074624927915622,0.8475714309079709,0.14745169301794173,0.1519263637593018,0.17392071510550244,0.2493467036208053,0.06310507149835687,0.6425389784206236,0.3620223314737707,0.01665289111232382,0.36024275059533467,0.11554368232372611,0.9042384450732499
IMG_0224,0.5771372629786186,0.39481573605839215,0.2821343033712287,0.6070655138998831,0.5270836113728676,0.6238140073905792,0.5237979517156368,0.33887418360696603,0.6874639326871543,0.2679435783320976,0.5278084110896923,0.32871884853300426,0.3092558493411546,0.3950265721967302,0.6666167246779973,0.5130945411817344,0.2870958537372639,0.7191488009410847,0.6868710921659081,0.6165603528465804,0.7343135890271594,0.5771385062406229,0.3948196984736567,0.28213390993056375,0.6070687757180107,0.5270847546513696,0.6238155842426183,0.523799245717168,0.6887446475002623,0.21946194301263056,0.5001830563081203,0.645833333333333,0.642931937172775,0.7196819085487077,0.6334164588528678,0.5771376859149768,0.39481695480817836,0.2821338829498461,0.6070664506900112,0.5270838748616756,0.6238147815474197,0.5237983173072545,0.6658132708942881,0.5619364362760697,0.24974931873070805,0.5421940166316336,0.6230352868023804,0.5503033363840284,0.6719916600397376,0.25027776675505214,0.6740792211872702,0.2273063770813315,0.33164988650074484,0.21683454127960652,0.20439858472337064,0.26442890930499,0.2727199269536269,0.06924830505965597,0.6418783050056499,0.29344101837877645,0.03817924551910912,0.3190102932824914,0.1449253409346498,0.8328910678604402
IMG_0225,0.23633814887478538,0.4369928977408972,0.4046536264939484,0.7518271517517725,0.1975970085003726,0.2281960312440341,0.21785370065893384,0.344588053311237,0.679916547355925,0.218949270874782,0.5278281627176735,0.3327892920316577,0.3217065014450514,0.38829221830751004,0.3633056590053599,0.5550019989789149,0.294901048540003,0.6122081395856149,0.37586035216223934,0.333921468367329,0.4066097354964153,0.23633921709055433,0.4369976321990292,0.40465950508236315,0.7518326027131685,0.19759795149171205,0.22819684039412474,0.21785434853432245,0.31582157887921514,0.451305836890209,0.6338141612359961,0.770833333333333,0.28376963350785345,0.31411530815109345,0.30423940149625933,0.23633847537120362,0.43699447299614036,0.40465546145848874,0.7518290010196091,0.19759727661674276,0.22819636589231201,0.21785388369055794,0.3465567949606604,0.4584403686338249,0.256905293882137,0.4220261703036934,0.31211773211888705,0.27616223040103494,0.3368394773008073,0.25529199391808033,0.6941681417066299,0.1838761353980991,0.3316672401318685,0.21997357323573963,0.21393519523940224,0.2589679203170609,0.0990311659138473,0.0045297095656807885,0.8681327324351321,0.6757571456984985,0.094815234174224,0.44510721097166345,0.02346952358657284,0.8376233396317929
IMG_0226,0.21973344973719294,0.42518361663568016,0.19935742604878381,0.330965730636672,0.18465351535539695,0.21580073009667944,0.19550867020520665,0.34621870363170515,0.6834450743658769,0.251449223782823,0.5893236807440907,0.33057119053179496,0.328353610710137,0.38192517816247495,0.3441030108993798,0.5567386852809811,0.28304907286720526,0.5756339206315264,0.3613610396314446,0.3292770975934285,0.3765898774774904,0.2197344766950639,0.4251881718554895,0.1993604103121851,0.33096756679031936,0.1846544752323592,0.21580232212439,0.19550936479012004,0.2960149238207671,0.45930481816000956,0.38800615069195277,0.3541666666666661,0.2670157068062827,0.2982107355864811,0.2768079800498753,0.2197337578235972,0.42518496599766853,0.19935859432002578,0.33096648922120586,0.18465378464933332,0.21580143970309984,0.19550887278286683,0.3269937225048043,0.44857418077573946,0.2460473466014026,0.38551866043636207,0.29889977923747013,0.2719930632660775,0.3092858629856835,0.25798323923154093,0.7230187807734227,0.2125871626040805,0.38914420177656933,0.2182614300379636,0.21907471279961424,0.2538414853985882,0.09301615262166987,0.0025461112591408353,0.8793169895314724,0.6685991207911368,0.09330769520078308,0.5754725188888814,0.018640667961093746,0.8387385227896247
IMG_0227,0.3163523467417069,0.4596836889831455,0.41915934843982905,0.5133688030805263,0.26614911437818767,0.3076695907303634,0.3020841293465951,0.45546970933939696,0.7132142022022301,0.35910610960240885,0.6163255670245631,0.4478282440135603,0.4225047978229881,0.5105211882149144,0.36248372507177723,0.5555362413216075,0.22631963801534738,0.5750443961238427,0.3552138739539089,0.32595586920844033,0.40540564198532847,0.3163535155341323,0.4596882260888142,0.4191588645336859,0.5133700708031412,0.26615021806693373,0.30767066324958003,0.30208497399797357,0.41065540035118997,0.4095959687738754,0.6475067730834004,0.5416666666666661,0.368586387434555,0.40755467196819084,0.40648379052369077,0.316352709670127,0.459685185935244,0.41915912247854115,0.5133689991451185,0.2661494174385048,0.307670084821341,0.3020843677880368,0.3479400768953333,0.46520414962509465,0.19471980782394205,0.3849471309918875,0.29332719591942535,0.26901790697317624,0.3357251163135717,0.35790601876316414,0.8632477967107184,0.3105071759783131,0.4162708773401534,0.31439023158278157,0.29568621901893366,0.3647625587276849,0.14340198938241877,0.005728750333066879,0.8146352270016178,0.5753128586732679,0.09131763112642605,0.486095858626784,0.03340723502113772,0.7555951107973327
IMG_0228,0.19212840916912238,0.39587953359710104,0.3750128510559443,0.102396931421739,0.15988113530183973,0.17614395617238954,0.2015656934364662,0.46218961283113474,0.6610233238264358,0.4418209268664377,0.4959288132516493,0.452926926693547,0.42130739608857337,0.5256242832049471,0.39888640877152776,0.5130689365321427,0.4101207529459283,0.5650620683934608,0.4025081306114704,0.3598954428001369,0.4570890735772458,0.19212916363082946,0.3958849421891908,0.3750123399403962,0.10238854076766835,0.15988180801827231,0.1761451949771784,0.201566147710472,0.262063626760579,0.47403918165481596,0.6043054843669912,0.125,0.2345549738219896,0.24850894632206755,0.28428927680798005,0.19212864196047538,0.3958811802945128,0.37501260581360985,0.10239414098630384,0.15988133272241947,0.17614451862335734,0.20156581985582295,0.3669833810010142,0.41528125938926413,0.3649635149620942,0.37534999842227457,0.3366841371525727,0.2996646618377957,0.3842662214859264,0.3583028606032494,0.7965880861805885,0.38881935493337094,0.3039906279979753,0.31884702095383455,0.29466483118001735,0.3788914268567895,0.05617621629483585,5.921188974746129e-05,0.8969532993034092,0.8398499909202664,0.12439910267685356,0.7168562495022062,0.0028504936724548678,0.7432129260121387
IMG_0229,0.4327724115190412,0.25973622232158067,0.42041124225181825,0.48618006460812113,0.415989432950742,0.5030287228308009,0.3789440169592537,0.4944495830591024,0.39920940733539956,0.3593624898960659,0.8536559557977377,0.4917224708533186,0.4939054298592143,0.5165798360004856,0.4110248103422976,0.3319406707487921,0.4025195895697018,0.5820026166377876,0.42841700157971185,0.4410462118295645,0.3943448474993654,0.4327735026090677,0.25974124207034244,0.4204106280874531,0.4861824493605402,0.4159908046580542,0.503030022257255,0.37894495288953367,0.5597370990068898,0.22538488587321648,0.6486783334553708,0.520833333333333,0.5340314136125656,0.6103379721669979,0.49127182044887774,0.43277275430765844,0.25973778700880823,0.420411041616783,0.4861809337803078,0.41598979508127315,0.5030293770046748,0.3789443006479041,0.32673116848645734,0.25649034899143835,0.35769182089398033,0.3917254786516856,0.3609154267770681,0.37519479731758065,0.3255245377168642,0.3638751725465047,0.5514788633271102,0.3107457157326414,0.7214140901332848,0.3535805728186122,0.35897737604789914,0.3704004082228838,0.1160451530014464,0.0027977617905675456,0.8099318614997811,0.6985605695510193,0.10668200725270222,0.49571884159102314,0.020095750882459594,0.7622937004792198
IMG_0230,0.5819156713617044,0.33720232839327435,0.601896921627386,0.6951779798233599,0.5504179056228463,0.6555538935070994,0.5131692034924088,0.36647036233341956,0.4005257208349049,0.4058981803500341,0.40119201074864774,0.35214458942495713,0.36627806868249524,0.3807551228129978,0.43528963622417116,0.37746635790471583,0.3266703867577365,0.5483086921604823,0.4498440363532108,0.4303876455265593,0.45796441929257026,0.5819169401993488,0.3372069468443659,0.6018980097580018,0.6951845253975559,0.5504197729399629,0.6555553115744922,0.5131710256555405,0.6983632118742462,0.17535705725311768,0.7938053745332063,0.7291666666666661,0.6638743455497383,0.7475149105367793,0.6234413965087282,0.5819160485278697,0.3372038337586756,0.6018971909049946,0.6951801925044991,0.5504183926304602,0.6555546289808556,0.5131697513605015,0.3629453188527642,0.305562592691554,0.28624313887561526,0.35957122365721306,0.3812179945320208,0.36508818539662,0.3851010151365174,0.25141124670552606,0.4549939012428674,0.35446940799901805,0.22924454741317873,0.23507920559401294,0.2490578758246205,0.25290329648322907,0.23076351236697723,0.07776001421085353,0.6549462678506356,0.6981638177716771,0.19549234095555773,0.6990217440899815,0.13321123489261302,0.8737202547598939
IMG_0231,0.5505508002181878,0.2507982713136119,0.5017612821694191,0.6699910037100909,0.5313676955804052,0.6410403553133711,0.48110984024451386,0.35535328817092354,0.3208847879498389,0.48547358924576356,0.44593579686297113,0.34521594953316315,0.36364924406235904,0.36365249503350744,0.45622150670546513,0.30455494755587453,0.5554185471184958,0.5554705127328137,0.465146494782966,0.4647700693008472,0.456524413946797,0.5505521137474385,0.25080334394610415,0.501760874237533,0.6699944562871063,0.5313688745548206,0.6410417744953754,0.48111113168756814,0.6764538489843456,0.14660141433077656,0.7194112909130848,0.6875,0.6450261780104714,0.7335984095427435,0.5935162094763092,0.5505512071750319,0.2507998493776924,0.5017611666536888,0.6699921517542107,0.5313679758174223,0.6410410877861917,0.48111008905266106,0.3653148338922332,0.2504775243423311,0.5080419481072984,0.36626686217789217,0.39586582410806687,0.3978980778971508,0.383727904808319,0.23625060788717403,0.35475396475716536,0.43128143200327607,0.2632416990749343,0.22963745960634463,0.24694255213970817,0.23932397028066024,0.17260276186397538,0.03190040560144477,0.7034100710748267,0.7624204211370202,0.17131568999293684,0.6449953890736795,0.06632332217922766,0.8974022131376254
IMG_0232,0.49767881438745354,0.2979393769788159,0.5460497229037338,0.5339730743854365,0.47808124801054364,0.562589067674055,0.4534959198035864,0.47835737845690784,0.3913066536213834,0.49685384039509906,0.37649565675808994,0.47023703797155,0.47096434807820614,0.5042091140160438,0.45953255033406637,0.35375344007105525,0.5528016880716877,0.5728648521125663,0.47684215116669804,0.4600787067386305,0.4768546880495954,0.49768012902430026,0.29794516566331586,0.546051247278867,0.5339758144176949,0.4780828253035022,0.5625900447763774,0.4534973301170452,0.6211480151441704,0.21052165828728586,0.7538258768397158,0.5625,0.5947643979057593,0.6660039761431411,0.5660847880299251,0.4976792355758677,0.29794112960009556,0.5460502908592031,0.533974005170943,0.47808166462329543,0.5625896289154659,0.45349634457253574,0.3805906743739018,0.2874826812541415,0.5053946195869763,0.38283893501887634,0.4071455909754987,0.3933855769671223,0.40322160477234614,0.3480580330729047,0.5175375209693824,0.4424839080148022,0.21139616426617497,0.334162782133098,0.33811646618427804,0.35893111895634,0.16565042785458603,0.007046214879947893,0.7307218381402568,0.8416617856009898,0.16110629323464704,0.7239006370696219,0.03282887398614688,0.7737535885301867
IMG_0233,0.287608568815118,0.34704178882941794,0.5930581451579124,0.47750729850375206,0.2543567612260912,0.29280868605779725,0.2831206723965019,0.4699264438555579,0.5866093431175223,0.48378894734218814,0.4418512072242047,0.46073498144413627,0.43553764730580136,0.5266193836471564,0.44161486379394177,0.45929137581800317,0.4343802597420279,0.4808117717460214,0.44429901760456797,0.4096728096176329,0.49371526434022794,0.28760942362318787,0.3470481410006261,0.5930572533746568,0.47751135611868634,0.2543575237958377,0.29280912551161536,0.2831217674954592,0.390181172221588,0.34877150863675355,0.7878011276268579,0.520833333333333,0.3539267015706807,0.39165009940357853,0.3840399002493765,0.28760883565740997,0.34704380728480655,0.5930578941024125,0.47750885886127525,0.2543569693720115,0.29280896353584995,0.2831210022082534,0.39371438801441844,0.3802458384194734,0.3883103230055922,0.29988285124845815,0.375940977655263,0.34560930599281486,0.41956668259256635,0.35789280137535784,0.7170749253334918,0.4296278824294686,0.2600451602219546,0.32571978191753875,0.30688594766857813,0.37983118547885797,0.07898704719733024,0.00022204458655297982,0.8594076486056385,0.9565907419471642,0.14041471817060408,0.8315974142810201,0.004883937628811561,0.7438515111621313
IMG_0234,0.3129945961311415,0.36620409596931003,0.3895515732442498,0.31968676394490814,0.2781284242417853,0.3239109203269267,0.2954000196332526,0.3621294270388834,0.5945653567613567,0.31069290858442233,0.4682603095268214,0.35306715517379594,0.34113604587946383,0.4092469597986512,0.20627804047329135,0.4701396848811855,0.336571867375413,0.36414435998213923,0.21224204381838055,0.1887087167789716,0.23735526127775075,0.31299559851590086,0.3662089866465654,0.38955287953566886,0.31968451500126394,0.2781295410585588,0.32391169135083264,0.29540040618927976,0.41799083450159896,0.3473680812241736,0.6190964340631178,0.3541666666666661,0.38324607329842936,0.4254473161033797,0.3965087281795511,0.3129949048925616,0.36620561430678444,0.38955200990009997,0.31968603229993375,0.27812872353334445,0.3239113263322443,0.2954001176682738,0.16909557794618763,0.2978206189994172,0.2954567410143487,0.20940986691305374,0.16874546327245452,0.15039584706608944,0.18745289031149623,0.26132272210921853,0.5943289155169684,0.2659273638667181,0.2810598001356273,0.2358067241696995,0.22905382697290855,0.2760935650947458,0.10153930686749033,0.001065814015454303,0.8441295758843718,0.7628471599694524,0.11683833601876914,0.8042127736094669,0.014500337377270411,0.832714099248492
IMG_0235,0.2833895426496141,0.3581771947145984,0.36100445968660777,0.42528642728687194,0.24715980644573515,0.2920341837379438,0.2638222049382236,0.3738358169830162,0.5283879675393193,0.279909436745164,0.47518819304112503,0.363275557015065,0.3616951739387193,0.40981178177476313,0.21407031885890077,0.4412718157262606,0.3078242364752599,0.39250670991462266,0.22654293253434704,0.21455643357268783,0.23081137397099105,0.2833904365398636,0.3581825913626351,0.3610037575471079,0.4252906349323027,0.24716066815384893,0.2920352934104317,0.2638230437045075,0.38495560011379965,0.3478352812352191,0.5899538698103536,0.45833333333333304,0.3455497382198953,0.38966202783300197,0.36159600997506236,0.283389808817094,0.35817890979941724,0.3610040592087542,0.42528782423716294,0.24716004799268232,0.29203468034094804,0.26382244598218707,0.16793848653149476,0.27297341570200934,0.2687979955830504,0.2300813223459438,0.18078831505682227,0.17210910442477995,0.18195646087692416,0.26605028726041513,0.5480043945036812,0.23804755766859742,0.28671144395182785,0.24390295610297238,0.24537376398140223,0.27656061480289607,0.08809521885630711,0.002886579625188738,0.8644819874734223,0.9213762534948613,0.12494863078690005,0.8421183794179165,0.0165016501650165,0.8377497457831844
IMG_0236,0.34807050083603897,0.3461220194242045,0.2597886969092733,0.6212546573810429,0.31707868408427964,0.3694185045781169,0.3230398867317118,0.3586898416571198,0.5085654148940033,0.25024683687895477,0.7218399393907187,0.3492956496615255,0.34975025672886095,0.3917760074406781,0.3017592977886966,0.42261098762848015,0.2847828672598771,0.4662220501017731,0.3169150559364776,0.2958324512563449,0.3238213870629575,0.348071556334595,0.3461262428698224,0.2597883227778661,0.6212583964700635,0.31707981813697533,0.3694197646471291,0.32304084968062935,0.46070290601672903,0.3132100955404733,0.47191916233433395,0.645833333333333,0.42722513089005243,0.4751491053677932,0.428927680798005,0.348070830050813,0.3461233769323244,0.2597884484609603,0.6212559654715055,0.31707898304486093,0.3694190976702213,0.3230401644684314,0.24429342717641964,0.29057982181786873,0.24763279908044789,0.28774065962270357,0.2590204723703889,0.24226525627515583,0.26198482439901005,0.2518056618000035,0.520661420601289,0.21151806877503487,0.5353222532423199,0.23283696199397813,0.23585093610035318,0.26178800169065675,0.1047213490954047,0.010524913402611243,0.8369316438970295,0.6128666832710361,0.060391375149704496,0.5621884612430567,0.0308413316992339,0.8502677001383914
IMG_0237,0.18903773345119032,0.3567436839329281,0.3737419186425561,0.28948330195467253,0.16997050475518571,0.18031356865676906,0.1943296150683763,0.35672219476170247,0.5364697652727239,0.3155579663675063,0.3166418752383713,0.3436462886086247,0.34160528229998743,0.3939434266222052,0.3309155483420938,0.4411538039848898,0.3230023593142808,0.3323840974350163,0.34561621635257145,0.31294031426730423,0.36559442569985434,0.18903832890905314,0.35674886195505584,0.3737413965935561,0.28948314028932165,0.16997117352748245,0.18031371035677612,0.1943300724198215,0.26354737608914774,0.4455988632075524,0.6031339239950207,0.3125,0.24712041884816757,0.25447316103379725,0.2743142144638404,0.1890379242494429,0.35674538020547675,0.3737419033292295,0.28948325597115154,0.16997068224466005,0.1803137210688196,0.19432974317593835,0.2768339198526228,0.31492977523418425,0.28283821307262125,0.18717268270049647,0.2846634881969974,0.2574076871466133,0.2993120091120607,0.2523712239808694,0.5387252766790751,0.2703662485588687,0.1706074087597052,0.22841000470246534,0.22942260704540196,0.2635478907603097,0.044128412938258046,0.0009621932083962459,0.9207100141835046,0.8252339552398251,0.11829453091960451,0.6807393093370718,0.0058432825201852594,0.8432647993513025
IMG_0238,0.2052035649595759,0.415000704496586,0.2912884860038778,0.4173261603149405,0.17840575487842425,0.18163568614114134,0.22172584488381003,0.3570771731831999,0.573092992800674,0.32908094332611926,0.28848781065901274,0.3438158229759051,0.33277932319421666,0.40244132011677747,0.3397109718238273,0.4734135361327899,0.3750233766312352,0.34393032138107626,0.35754978106426333,0.3059586771460462,0.39679347302782453,0.20520418253171635,0.41500625837521876,0.29128803028602146,0.41732853952011295,0.17840658342899568,0.18163575801631726,0.22172647986056723,0.276092864522645,0.4822010027372452,0.5113128798418393,0.45833333333333304,0.25968586387434556,0.2564612326043737,0.3092269326683292,0.20520375447250813,0.4150025725709985,0.29128830229734914,0.41732710901487957,0.17840596532861716,0.18163583800224126,0.22172602599995264,0.2932801776478729,0.3388400385382517,0.33155846000852396,0.19514908786984297,0.2954425880577115,0.2512120340103648,0.32777710865956844,0.2556237101780385,0.5725956346350809,0.282752753211172,0.15253950217898699,0.22854249423218798,0.2225154530362929,0.27048834897587376,0.061648229999111154,0.0017467507475501078,0.8953435632843859,0.8507703529770252,0.1403271430540391,0.7847752799011466,0.009005907544857408,0.8336672952641702
IMG_0239,0.19666631680335991,0.3280910101875796,0.46883359796989277,0.2780222570320854,0.17732438572449738,0.1945535287703261,0.19834604003507278,0.356144661425552,0.5353790699014482,0.26943968570243104,0.276358900248165,0.3413590041374402,0.33506538405596636,0.39671569095812825,0.33806397370352226,0.4354828613860401,0.28025200812116946,0.340669219387681,0.35463500786902613,0.31702417377054787,0.37843993914004803,0.19666692875544167,0.3280962954057056,0.46883311831281027,0.2780220336962862,0.17732477967217425,0.19455366512268696,0.19834678100799352,0.27808768003614986,0.4105250896997964,0.6920260672182763,0.2916666666666661,0.2575916230366493,0.27236580516898606,0.2793017456359102,0.19666650627752658,0.328092652174782,0.4688335961482104,0.27802197698163456,0.17732446234165947,0.19455372110463204,0.19834625073542672,0.2815261518929443,0.307791532375938,0.24349171499050737,0.19288400643069892,0.29280331538806875,0.26104223569333,0.310970126575009,0.2519693181438409,0.5392590827283441,0.22864646807768985,0.14496169207621484,0.22662489385067885,0.22429870980483682,0.2658049637761261,0.039375550473912585,0.00022204458655297982,0.9236869771307373,0.8444677664264608,0.08977055692975894,0.6063625654789206,0.003304920199947672,0.8411158947776469
IMG_0240,0.11479336553484892,0.38121584877784587,0.3211765517200531,0.16073927715161984,0.09892719468901162,0.08794757404516285,0.13737318179360794,0.3347592361902142,0.5740398863614409,0.31499919735298176,0.22102918208978783,0.3250140664333669,0.31257962462591987,0.3835191466519279,0.3389148000205451,0.4694670533943327,0.3903495593469559,0.6224336562746253,0.35017323987707194,0.3078432725248202,0.38777044638069824,0.11479371650125092,0.38122142748402643,0.3211760710645182,0.1607386814397489,0.09892754019521449,0.08794742531193578,0.1373736434917844,0.15575290049606277,0.5439459883488317,0.5464596910009518,0.1875,0.15078534031413615,0.12922465208747513,0.199501246882793,0.11479344963159377,0.3812177024721266,0.3211762532549445,0.16073926877827693,0.0989272650463569,0.08794763536981909,0.13737331269281233,0.29280706743186397,0.34346297493276684,0.34609203270092603,0.43261885394110944,0.28877142229790875,0.25288220843559067,0.31949226424018706,0.23666754561208458,0.5388924415968093,0.26985626701513166,0.11187204855407157,0.21398877905930302,0.2069330221232371,0.2551215399120237,0.02653910485871506,0.00013322675193178787,0.9456465030189106,0.9129817239868225,0.12091345213840304,0.7542303195805943,0.0018268864438599633,0.8495738708185314
IMG_0241,0.7774430113626529,0.14768028277933865,0.2239643952769037,0.6585429173105664,0.7239985462794007,0.9141557963659406,0.6474497203571516,0.06405410384296356,0.3555515629494692,0.1742600853056251,0.5468492156017168,0.061697392043732646,0.1174475189721324,0.0506025700447372,0.73214667837156,0.24134344672693508,0.17503494912734485,0.7157813206103047,0.7449863024071284,0.7970169322189261,0.6583796906972079,0.7774421974802883,0.14768076281735887,0.2239638539876201,0.6585491637720557,0.7239971592463352,0.914156936087784,0.6474469076383486,0.8747011456038343,0.023106231692153645,0.42359229699055423,0.6875,0.8083769633507855,0.9423459244532802,0.7431421446384039,0.7774427289766138,0.14768043238294704,0.22396404831076655,0.6585450734506813,0.7239979777072365,0.9141565347695042,0.6474487538881228,0.6514993201430679,0.3237202513929834,0.149214635343347,0.5380675993875131,0.6876097716711029,0.7492612425664398,0.5882339240805187,0.032362142526585314,0.18614550220271386,0.14501660885838374,0.34884212885496274,0.035844737542913285,0.07094570820097051,0.028507433222198092,0.37935147102790145,0.059152677857713824,0.38687016456535817,0.1050823037922608,0.039843977229665206,0.12145762429986354,0.1770335587105303,0.9807872013303545
IMG_0242,0.6546112666377175,0.047406131792615214,0.08062339996420764,0.9073050489041483,0.632121097485159,0.8113189057533308,0.5360368294914274,0.21721425605954542,0.07123543942926658,0.17275230913128903,0.8121032332944726,0.2179748921522055,0.29366580933327235,0.17446764118710859,0.8223944922828605,0.03676349255394207,0.14477949005758095,0.9783796128474869,0.822244762894184,0.9352423021988767,0.6741624821648311,0.6546117866716563,0.047407859085818904,0.08062705512893054,0.9073133960761757,0.6321221600974238,0.8113203026179556,0.5360365363752465,0.7802701743559617,0.0787764665879066,0.18261697298088886,0.9166666666666661,0.7350785340314137,0.8687872763419482,0.6458852867830424,0.6546114487666312,0.04740658489740757,0.0806246866782856,0.9073077676805639,0.6321213145710887,0.8113196877657851,0.536036692100743,0.7072864062289752,0.2055340622635939,0.12275813971509386,0.9544011590093339,0.7770487117664053,0.9166040644540394,0.6053147306063621,0.1208871894942675,0.13777452934851353,0.1437178677169233,0.6573829223176415,0.13613952496800405,0.19262051238756212,0.10422544805212615,0.17234257456143898,0.03771797376913284,0.609406993175663,0.2403362540530818,0.04358499772744295,0.09790603890431807,0.03706559807580202,0.9916403398546423
IMG_0243,0.5480374815231881,0.07030814378049532,0.22820661874862225,0.7065335994735764,0.5247974167532738,0.6789778479577133,0.44314928865801595,0.39055270262065095,0.06869805704943044,0.2632377163750492,0.6747522934226606,0.3906012750688592,0.45031128706986545,0.35676264113480893,0.7061442974686907,0.04753454468133178,0.05590990547048147,0.9159683848967539,0.7037721205294818,0.814480294229672,0.5605265192148864,0.5480385935886245,0.0703120351612494,0.22820992170695664,0.7065402048040239,0.5247990810004893,0.6789793470884994,0.4431501790333323,0.6886034881003835,0.04570847890187213,0.42952332137365445,0.7291666666666661,0.6408376963350786,0.7654075546719681,0.5561097256857855,0.5480378334255334,0.07030927627183958,0.22820780799991836,0.7065358183902668,0.5247978548822642,0.678978616645947,0.44314955103299747,0.5765350180751595,0.19143399770056585,0.04666830257397114,0.8344813556154626,0.6415838482779315,0.7696456521381692,0.48597545071758275,0.25036625328243656,0.17832867979518152,0.22309669507950058,0.47943089287338864,0.2660006066014266,0.319767860430228,0.23392380742771995,0.11240576290634065,0.027059833614589808,0.768748574439804,0.44668789250241203,0.11800778562324021,0.10677710722083905,0.03003805248396884,0.9525855207839804
IMG_0244,0.6030480976397371,0.2655542818594667,0.6745793209480886,0.6757911507783461,0.5721006487944582,0.6870486934163297,0.5180322156348107,0.47374029030454956,0.31675567024193785,0.43453042482281323,0.5386755686940456,0.4692415718841974,0.50228756648868,0.47059030349728453,0.42535356613354147,0.2549288839717331,0.33378709367916715,0.5214482966269718,0.44315442412894673,0.4981972938326432,0.35528988059668,0.6030493614299839,0.26555891168421075,0.674578566355597,0.6757944158147811,0.5721015665558129,0.6870502243096781,0.5180336974001429,0.7247636989601967,0.10103746760673826,0.8408142344585193,0.6875,0.6827225130890053,0.7733598409542743,0.6284289276807979,0.6030484945581104,0.2655557416618719,0.6745790752429848,0.6757920905965897,0.5721008378728493,0.6870494747576483,0.5180326447492809,0.3239307943749621,0.2167948503316663,0.2928618476281497,0.33509759784020166,0.37485366762464645,0.4303830859480492,0.2900216395487679,0.33781448043640405,0.44973310325346716,0.3818049967520354,0.3413982020163097,0.33327417507067336,0.3667289461602714,0.32857927002359183,0.21824381651138924,0.06976640909494626,0.6479279236764904,0.754708673760873,0.36277018022459057,0.6068134986775529,0.12868992045240685,0.8218984143986907
IMG_0245,0.320276076661942,0.48894048073287744,0.4104208419377233,0.3616877531853806,0.28218217681953656,0.28455740443468136,0.3472627255290305,0.43597339368107446,0.6827062344883996,0.4640338288629866,0.37062519075605005,0.41921644583452994,0.38514819483508184,0.5069908567547303,0.42568322734683195,0.5691953030086571,0.4043036827199753,0.6556527832612744,0.4401106266521782,0.34652589560994185,0.5377180920767528,0.320277124311172,0.4889463183095397,0.4104244431795814,0.36169168463565704,0.28218356664376537,0.28455809807727184,0.34726388693923826,0.4090678894099312,0.44424084955817855,0.6393058504796074,0.39583333333333304,0.38743455497382207,0.3817097415506958,0.456359102244389,0.3202764057704786,0.48894227801559875,0.41042213108550785,0.36168901065714154,0.2821825665084847,0.2845577874103886,0.34726307116623345,0.4108885686644426,0.46740879040224576,0.3593966085058571,0.4682716463820179,0.3719656376786265,0.2875275770972301,0.46300454725645146,0.336356743096177,0.7927480644298963,0.41032639263421267,0.2072442212516818,0.2898289445633169,0.26440866388325907,0.36149577187105403,0.13596321824220045,0.0025461112591408353,0.7992968547226352,0.822375266401808,0.14601952563076281,0.8021166411890293,0.02050427574050868,0.7551250671825287
IMG_0246,0.19749508991398906,0.37009603568204685,0.3476160921028306,0.41832923785434994,0.1763691162291312,0.18723141996530557,0.2018829413305646,0.4530379691885897,0.5768067963749932,0.3598805847937814,0.5256611269620537,0.4401305540759274,0.4229172487450665,0.5004254879905121,0.40038050945678133,0.46059180850557235,0.28634118328016367,0.5244473578044806,0.41756977060776446,0.36861888376246843,0.44803263584718245,0.19749564597591382,0.3701020229372085,0.34761569787087376,0.41833097635238925,0.17636971803373128,0.18723146370562022,0.20188364390406743,0.272994409733461,0.4472900013613976,0.575602255253716,0.45833333333333304,0.2554973821989529,0.2624254473161034,0.28428927680798005,0.19749526733405634,0.37009789919377445,0.3476159101142122,0.41833005613057805,0.17636926202006478,0.18723152493628348,0.2018831477538292,0.35113234668945353,0.3610666555057998,0.24905862144674495,0.3377813784555196,0.35072860614582363,0.30762982991353227,0.37565423143708787,0.34174370919346464,0.702975983373578,0.31122790839539904,0.32974332981734306,0.30770803547693504,0.29603835183035015,0.3554561187663229,0.05120841649361248,0.0011842377949492257,0.9121094620492937,0.8990131779834825,0.12125447217072255,0.7237886744617208,0.007284594940717995,0.7656280138503688
IMG_0247,0.3787151680968788,0.36458203553709545,0.4166540800357419,0.5087019776902553,0.34586304507726373,0.39592031153383095,0.3595441715996423,0.4710099235712036,0.574325336921466,0.40565146849397915,0.5030309343413562,0.45418095476396475,0.44138533356866116,0.5143750452494846,0.40055505413537673,0.4825412836213304,0.37870558605521776,0.4758919756261646,0.42133903433565767,0.3669629109003406,0.4576269180396546,0.3787162932349324,0.3645874581093729,0.41665336303568745,0.5087014035579918,0.3458642218434444,0.39592088060085223,0.35954559645015793,0.4924675695349296,0.30354806361568065,0.6451636523394595,0.5416666666666661,0.46073298429319376,0.5029821073558648,0.4688279301745636,0.37871552535083225,0.36458380682848235,0.41665364293880236,0.5087018963596068,0.3458633540073512,0.39592068666944613,0.35954460313672776,0.356994599647414,0.3768279153237594,0.3350429425667385,0.29575981333586443,0.3542614562207016,0.3061149489354563,0.3847790939465895,0.3592634901498618,0.7396350740458133,0.3542350921545987,0.31003455064572644,0.3199468713903006,0.31196097060450423,0.3683440717795484,0.1283111258353063,0.004988601711223613,0.8044485343274895,0.7387945446861011,0.10479474625153073,0.7310338774418891,0.02593903340264485,0.7533731715584286
IMG_0248,0.38779207531207294,0.4269144162570011,0.5043391087988378,0.477178503435546,0.3441982697552853,0.3878793187332048,0.3766958419129037,0.47555916232488804,0.5792740909535685,0.4450853581347649,0.5026634129778542,0.4605707761206814,0.4478823603837989,0.5164931386472336,0.40180146802993844,0.49595927177364263,0.4231494548163046,0.48681554965821583,0.41825027428824835,0.36717704439436527,0.45946656185531864,0.3877932230095919,0.4269200819641299,0.5043385820153339,0.47718043189418413,0.34419944739715463,0.38788001482778434,0.37669692695538454,0.4958890752844795,0.3316080840965434,0.721461521564033,0.520833333333333,0.45863874345549743,0.49502982107355864,0.486284289276808,0.3877924408882977,0.42691625587185555,0.5043390441392224,0.4771792136038786,0.3441985800032804,0.3878796845452274,0.3766961687380047,0.36268250834292504,0.3911417271182827,0.3774758811298091,0.3049545520039203,0.3513657839620433,0.3063107429576154,0.38653454550965405,0.3639143799795129,0.7463716444436521,0.39196727937073517,0.3097201896179212,0.32557465288193776,0.31763617324437066,0.3703194237491007,0.1582262013461865,0.01363353761435296,0.778961484312939,0.8236521381893367,0.14751376169115593,0.7493221021991588,0.045268226405394366,0.7515697771319099
IMG_0249,0.25298615433027505,0.4433823509422943,0.46760180045938027,0.43133673974102305,0.21263768194824514,0.22569838088177685,0.2664093627823483,0.47591847674366,0.5717014354854255,0.42490966261986984,0.5250358938810864,0.46760517703609134,0.4457093772963245,0.5265322468007314,0.41211715111987746,0.4898666055344584,0.42238551879859365,0.4465606402306177,0.4301427661742763,0.38006840002552866,0.46481288992182423,0.25298681571628145,0.4433889577120951,0.4676010986636765,0.4313395197615941,0.21263875047851205,0.2256988369793625,0.2664104841414553,0.3352236803299495,0.44356194425457185,0.6910009518928022,0.4791666666666661,0.30366492146596863,0.3121272365805169,0.36408977556109723,0.25298634851155555,0.4433845129634053,0.4676015545316101,0.4313375058104474,0.21263798841324857,0.2256986750724329,0.26640969081416366,0.3715713609084733,0.3916717759045753,0.37674049774632223,0.27177382505817416,0.362541710906502,0.31813946792307723,0.39164707834186663,0.3624613152734678,0.7166384717125276,0.3725826452435883,0.3291893151437199,0.3318155334073049,0.31573373722038955,0.37974881718468634,0.0940520536212093,0.0025461112591408353,0.8569366775992387,0.9255403018208426,0.23130090968077693,0.7551036901236082,0.01754820822833326,0.744701709572972
IMG_0250,0.26263127635286454,0.4424457577380114,0.3851602140615724,0.3357480845545826,0.22804400836030525,0.23681154890857337,0.280024188144651,0.46672286214693587,0.5883331517396364,0.3783904751887053,0.44693490004500536,0.4513277160282951,0.4334652167340881,0.5152073574204306,0.4087046902287532,0.5037909278473821,0.35220230084670234,0.44869063078853033,0.4280757845064571,0.3652199904493528,0.4798353634984043,0.26263203125706985,0.442451876985962,0.38515986075470243,0.33574868970114036,0.22804467650661311,0.23681166337626064,0.28002534147204416,0.3461444644410324,0.449660721626051,0.6147030826682287,0.375,0.3225130890052357,0.3240556660039761,0.3790523690773067,0.2626315060454843,0.44244772215596484,0.3851601717928488,0.3357483335494993,0.22804416872182015,0.23681174129879468,0.2800245901191437,0.371230950063549,0.39547367716933807,0.3100701287631251,0.2734820771449853,0.36059406753062695,0.3045220637949221,0.40609919416011353,0.3560155172251441,0.7357896949817837,0.32851970631821326,0.26402660381065785,0.31744647833249584,0.3050948131782746,0.3691197340883787,0.09224367106507106,0.0024276874796459124,0.8535507263474985,0.875781746615514,0.1623033255529968,0.778398229729753,0.015863616959748826,0.7521100463863759
IMG_0251,0.2624754314052364,0.42576465320841383,0.4403254077751111,0.4086610814700151,0.23065483901131742,0.2410521540389085,0.27665589786471545,0.46234250869535876,0.5873875046878654,0.36453293694961797,0.6832652450824321,0.450255579680564,0.4284613564883526,0.5134904333909568,0.40332476971513886,0.4960998758528884,0.3755220150665579,0.5652357747924817,0.4224808473639436,0.35942378946301234,0.4733274146812244,0.2624762091685083,0.42577071846366366,0.44032489441241873,0.4086615462244034,0.23065594663445904,0.2410521861399782,0.2766570589220121,0.3482076197050278,0.43818843347998726,0.6669839642674086,0.4375,0.32460732984293195,0.33001988071570576,0.3765586034912718,0.2624756675913243,0.4257666022801698,0.4403252181375641,0.4086610930552017,0.23065515749651055,0.24105234470953535,0.27665624167047664,0.36372544938489876,0.3881832658692191,0.33203011791447645,0.37551567015037723,0.3553330995104096,0.29923507529065146,0.39982264822452807,0.3514006149803276,0.7226054305662266,0.31556141765087453,0.48918588953693615,0.3165089257913979,0.3007861047473773,0.3675205334160816,0.0870900231906074,0.002072416141161145,0.8594063377456879,0.8531764679830252,0.1443064667069317,0.8280423945340072,0.01384394350422525,0.7543853571114227
IMG_0252,0.2361692253365854,0.3723442697088881,0.36992637138218987,0.33148582864703346,0.20685985146373378,0.22758209693062886,0.2380653932680087,0.4608027548532925,0.5846161752333281,0.4427937717258543,0.5838818720969221,0.4476731324003286,0.43017592809374994,0.5097581987671163,0.39564906570393993,0.48280627845499413,0.3534748972326418,0.4899595008243649,0.4146415417761996,0.36174737397563816,0.45220020611309397,0.23616996396143564,0.3723500045069055,0.3699257459952312,0.3314803529116501,0.2068601990177676,0.22758181029184832,0.23806619434557205,0.32357701632669345,0.40680271777346133,0.5991799077396206,0.375,0.29528795811518327,0.31411530815109345,0.32917705735660846,0.23616945463801264,0.37234617944465365,0.36992614862441187,0.3314841515610816,0.2068599166068364,0.2275821513190776,0.23806562586710528,0.3522476882844439,0.3753525189374412,0.3112637383925918,0.3076279411747933,0.34798902812280297,0.30135251574009625,0.37961164467749264,0.3495869154193678,0.716215495082928,0.38975706293314527,0.38382331816958587,0.31425506238295714,0.3022599413605634,0.3640553852010695,0.0653635753937151,0.0013766764366284748,0.8890265291836751,0.8241935198324277,0.12432965744826513,0.576257344456772,0.010194760783449695,0.7572870805422542
IMG_0253,0.21693293047751516,0.3762166158507576,0.21995825046253215,0.2840207353939874,0.1959981891872757,0.212116419482563,0.21893801598474688,0.35418693357183373,0.5990088213741844,0.2340225317937401,0.5902454233832,0.3412811741706144,0.33545043516382356,0.39532456321776743,0.26776233119503734,0.49409837191196526,0.30405958247114784,0.5510230902933944,0.28910419331652204,0.2448442756979296,0.3161266050727394,0.2169337854764698,0.37622074563503793,0.21995781573747175,0.2840143978394454,0.19599918647940953,0.21211664197223878,0.218938375142962,0.29628940705591233,0.4550849929407317,0.41788094017719846,0.3125,0.2816753926701571,0.294234592445328,0.30673316708229426,0.21693317837274875,0.37621785900188476,0.21995808943097606,0.28401864266056487,0.19599845707472827,0.2121164720172326,0.21893810758086052,0.22982296998015997,0.32836790245550157,0.26532771958826773,0.3621003153718906,0.23454577508836305,0.19791467955851572,0.255204937613811,0.25564496977410517,0.6056311724986674,0.19714454797716963,0.3900501480893804,0.22656420999412608,0.2245994414952008,0.264671470299662,0.05771148298682094,0.0004884980904165556,0.899497678467028,0.6255829238034172,0.09490275182680169,0.5687240982877186,0.005912135024350836,0.8362675166153863
IMG_0254,0.23884283933294956,0.3805309970547579,0.3914852605263368,0.4629568538287385,0.20740134706756266,0.2395005530119409,0.2218036566841386,0.35256020356625667,0.5344812434675137,0.331369362488229,0.5466982567307199,0.3406614354539485,0.3432695192395629,0.38121063551210904,0.2549355605059929,0.4541964935362658,0.29783010025147494,0.45877044955216073,0.270701327214121,0.24940795458911602,0.2729408077665604,0.23884380891011267,0.3805350647510335,0.39148467957617195,0.46295859727956845,0.2074025928045081,0.23950338445832886,0.22180416120321034,0.32704725162290726,0.4011293814087086,0.6208537746210734,0.4791666666666661,0.29528795811518327,0.3280318091451292,0.3092269326683292,0.2388431368585348,0.38053233206169845,0.3914850532890828,0.46295751060081214,0.20740169095121874,0.23950160399566578,0.22180379149279023,0.20955874305434885,0.30614428820462675,0.25959575869506235,0.2816365730857956,0.2185481220425743,0.20183748881697466,0.21769226535686112,0.24918035740575634,0.5465232647819054,0.2848558157237049,0.3487037336467515,0.2260813002423323,0.23073179522009574,0.2532683978714116,0.07730148597655082,0.005343873049708381,0.8885506870217,0.6904309641235473,0.09236663621362662,0.4933899152978521,0.02249640819436603,0.8515701516686549
IMG_0255,0.1943178015602626,0.313762160003459,0.46019980377548153,0.13114442647334013,0.16873717319710008,0.2019446643852335,0.18179083295010834,0.35734308090366024,0.5197650715827622,0.4111734799424094,0.3088228170806433,0.3433232315310547,0.3444179751192035,0.38910371315183034,0.48275891106282165,0.4260187981540732,0.44640279736729527,0.47148683520945234,0.49689482378814165,0.4696703724483311,0.511658618623091,0.19431850030498368,0.31376734491833735,0.4601993908723365,0.1311423416373838,0.16873771578701746,0.20194510440909974,0.18179127823334595,0.2783084726198629,0.386511496433243,0.6845573698469648,0.14583333333333304,0.24712041884816757,0.2823061630218688,0.2593516209476309,0.19431802490169522,0.31376381198246794,0.4601994572524779,0.13114371378233391,0.16873731826723154,0.20194495206206975,0.18179095605776066,0.42613810710945976,0.3683352162676657,0.39995944671892936,0.2920927317295279,0.4266576570169255,0.402623667392231,0.43714193645645816,0.252057586753324,0.5364349415192746,0.35948052132829966,0.16552097270920246,0.22815764143500367,0.23163653061998835,0.25962385118122905,0.04278869074072578,0.00010362080705805725,0.9218701252395599,0.80145998888057,0.10125829754835358,0.33119596130772144,0.00303869051717411,0.849113190622349
IMG_0256,0.21418444485280175,0.38625324300526187,0.2911287732921424,0.5123793429721317,0.179021834915842,0.20694007638348771,0.20808394597331187,0.3495133592004358,0.6121149569124336,0.1965288308641866,0.36562050444717276,0.3379618560707178,0.33017770369516414,0.3908155244107254,0.24802234501076964,0.5022921255735299,0.263904722807518,0.4901380548438232,0.25703483069258304,0.22692247132518834,0.286660249108596,0.21418532118935343,0.38625794572919747,0.29112923288161197,0.5123828623422582,0.17902281165884903,0.20693982539247924,0.20808446411086284,0.2941735831706517,0.4289559710858488,0.511166434795343,0.5416666666666661,0.25968586387434556,0.2882703777335984,0.29177057356608477,0.2141847159019569,0.38625468859686896,0.2911289173990501,0.5123806314003674,0.17902210999692006,0.20694010987435058,0.20808408970718328,0.21586066906470278,0.34107438311264754,0.22860788593421066,0.3077801800600769,0.20676807028405664,0.182597406082521,0.22951130353355567,0.2528282660117831,0.6134742792247616,0.16429186594999523,0.20373158600778457,0.22398129258274432,0.2204910271803291,0.2610094065087641,0.068915697697908,0.001435888326375936,0.8907083624999673,0.7924111649410752,0.1197773603785291,0.4844050735730085,0.009602629247625736,0.8394707421258332
IMG_0257,0.22331363959605383,0.3813514650118066,0.3639015001994821,0.3667207117611557,0.19220959733747692,0.2225020797989239,0.20980113013892604,0.3473575586910557,0.6215297260382868,0.29810093548801686,0.35736879158129176,0.3376292340426915,0.33124799676985917,0.3872610061762562,0.2278866316367337,0.49785366145381704,0.3483604968685241,0.5514329835326333,0.23436756153803454,0.21095134411313027,0.255810723626111,0.22331447651935948,0.38135615592005645,0.36390329097043583,0.3667199757283188,0.1922106204488285,0.22250227291851993,0.20980173640338912,0.3060602709585938,0.42627046779187894,0.5928827707402796,0.4166666666666661,0.2764397905759163,0.3071570576540755,0.2942643391521197,0.22331388543830794,0.3813529194214871,0.3639019830289736,0.36672040837386044,0.19220976553823166,0.22250229079429235,0.2098013057656847,0.19692301613638694,0.3350267731457716,0.30647070219168526,0.3624831091505919,0.18741544199004675,0.169063642653061,0.20306128227686657,0.2517495145856513,0.6199701890625176,0.25447990108047636,0.19799334757227688,0.22372290598602732,0.22132322808552932,0.2581352528698369,0.07332756934961254,0.0007253456494064007,0.8865555581772756,0.7106377398481283,0.12938243711493203,0.5473282082982588,0.0076426279623789915,0.8415250761714104
IMG_0258,0.25698026837003635,0.38223789457130364,0.38713451702664425,0.19693572660415537,0.2269509694309256,0.25388394497602584,0.25258496392886376,0.34468372476184406,0.6354237685808455,0.33406952373443066,0.440816833277919,0.333885106011324,0.32132781031302016,0.39130054907640077,0.26635084420943217,0.5045388671271517,0.2870958537372639,0.5441265422839079,0.2672134649256149,0.23772226860264045,0.31359069154900565,0.2569811741508131,0.3822427647752298,0.38713735383164316,0.19693564168110678,0.22695173850776004,0.25388493066705226,0.2525858815512032,0.34770399730647356,0.4069933743620626,0.6166068682726806,0.22916666666666607,0.3204188481675393,0.34592445328031807,0.3466334164588528,0.25698053635077506,0.3822394792104602,0.3871355233012883,0.1969358706487916,0.22695116837280788,0.25388440596203493,0.2525852351210046,0.2338226516742182,0.3487977861570512,0.24974931873070805,0.35569513039594236,0.21553361182239017,0.19181108068236957,0.25297689362004205,0.2503861090128401,0.6202773137911937,0.28733991937222925,0.2592387369836378,0.22082084697969168,0.21364338172461522,0.2614024734612165,0.07925208271047295,0.00044408917310595963,0.8687816081105527,0.8213484405031204,0.13534208469634318,0.7506161975519652,0.006325250049344294,0.8342056918349117
IMG_0259,0.08852547874577105,0.3544409777273929,0.03419100117235496,0.24787787712157394,0.06960241570659859,0.0711605951201495,0.10074614177639638,0.34633225659173356,0.6146060484809277,0.2838849982688494,0.4263207843089303,0.33405805993598364,0.3220702661032057,0.3910346410569893,0.26210087159914713,0.507518309207153,0.3321705369921837,0.46599528919018374,0.2759692160396198,0.2368014555642528,0.3107530303297428,0.08852583783216311,0.35444657867053264,0.03419080170970945,0.24787981535014003,0.06960252998815841,0.07116040715526895,0.10074656916481174,0.12245689511119023,0.5405297363196367,0.08266822874716251,0.27083333333333304,0.10680628272251314,0.10536779324055667,0.14962593516209477,0.08852558059682414,0.3544427124962215,0.03419079612391984,0.24787865419152189,0.06960244038242297,0.07116006296202981,0.10074626457875305,0.22931196897553527,0.343219570099668,0.29135698510893837,0.28755386707255814,0.22311153797672925,0.19102345035534102,0.25048754788737226,0.2503635419093659,0.6096934390448447,0.24162809940505126,0.24806490743941917,0.22095464077362315,0.21421555024981165,0.2611869692532459,0.017822022188643875,7.40148621843266e-05,0.9565712098450826,0.910835688998967,0.1528471092755581,0.7488665740528994,0.0007940988813763157,0.8362815617433188
IMG_0260,0.2917535407641833,0.28419782100000957,0.3087800952691615,0.324116821744314,0.28637092031333633,0.33772822568569566,0.25866793381765496,0.3708100219130552,0.393835707054748,0.3354867833291464,0.20575082756969865,0.3627177171920658,0.3802171108841538,0.3806817933770899,0.2529866619619795,0.3650096515796365,0.3249785710274242,0.4775100036033981,0.2699171114073816,0.27752158232073404,0.24076399311016616,0.29175431429793053,0.2842028651882649,0.3087800015682305,0.3241142139568609,0.28637196410672816,0.33772904783562796,0.2586688321530439,0.40058835210615373,0.3348092467971706,0.5321080764443142,0.3541666666666661,0.3916230366492147,0.441351888667992,0.3541147132169576,0.29175377979785844,0.28419949708845804,0.3087799742540507,0.3241158889582092,0.28637119274825124,0.3377288040415056,0.2586681991471782,0.18546455019136568,0.23197640104912148,0.28467189296000184,0.29711255974605333,0.21786986679592366,0.22620483986545564,0.190323699892241,0.2535060529469224,0.42392600411851833,0.28864466291198143,0.10313996167710865,0.24345832057723416,0.2603687708840701,0.25284455640584086,0.06114886430666548,0.001628326968055185,0.9005843813658637,0.7907577249676299,0.15626225150165612,0.617675599302172,0.01013049844622849,0.8722960787875496
IMG_0261,0.413411560423815,0.27864145360496306,0.2518635617669345,0.4688727490606168,0.41772673885586764,0.4799590616493238,0.37968886351569353,0.33542701560517535,0.32090801834475946,0.43073239581716716,0.30628802482309325,0.33477925019309285,0.3424934983524678,0.3517155161863431,0.30773996237670864,0.3228100881433418,0.28825140151058903,0.5684432836488149,0.3133045946488836,0.3198141648990149,0.3012702006058132,0.41341253654646687,0.27864583012754873,0.2518631194579566,0.4688730624459869,0.4177281218952787,0.47996008783021554,0.3796896870767883,0.5351004896044032,0.2808580345119558,0.4615215640330965,0.5,0.5361256544502618,0.588469184890656,0.49127182044887774,0.41341186920445944,0.2786428675402737,0.2518633352912998,0.46887294835589177,0.4177271041040041,0.47995960681442107,0.37968909589114286,0.2268234652011085,0.22058751246820357,0.25080757855583835,0.37858401869344815,0.2558225466468852,0.2635295703964058,0.2421976385533328,0.2192421809218813,0.3090989404950233,0.3781597625006614,0.16388348407637315,0.2215128658550033,0.2301210353169482,0.22999309659512437,0.0876330227785095,0.004988601711223613,0.8279404554976156,0.7115729899000722,0.1558702321806546,0.5833090188844197,0.01803935609138104,0.9116112008958919
IMG_0262,0.3024320902441244,0.2741735039423854,0.35972760415278415,0.6176122142206393,0.29552276523875176,0.3536162240673304,0.26476339810668004,0.34349523149237254,0.2897578718601217,0.4015065426150557,0.436856867006175,0.3334713956267561,0.3596209651696833,0.34365279418186045,0.2747908590435989,0.2949481539069795,0.4289750342305738,0.4387104575561209,0.27373235336154855,0.29799886283370086,0.2511158500328131,0.30243283373311963,0.2741781804767416,0.35972717308465807,0.6176117872280233,0.295523805409976,0.35361664134167964,0.26476391576923364,0.41485767327133216,0.31569709128230694,0.5884894193453906,0.645833333333333,0.4020942408376964,0.4592445328031809,0.36159600997506236,0.30243232266346953,0.2741749599434158,0.3597275211216906,0.6176120694470346,0.2955230411537717,0.35361652603959304,0.2647635250209016,0.1909524071816895,0.19280226639511028,0.38309005669710317,0.2655219772502556,0.22117220561584838,0.2441753546769806,0.19907555337183733,0.2246282160501758,0.31432022829855955,0.35030596669513736,0.25616280586696766,0.22050085168452838,0.24371195654935143,0.22375764323243258,0.060654346824826066,0.00642449003759955,0.9031667754680427,0.7499605699085574,0.17489293812705958,0.4145474206019937,0.019971816374961558,0.9095512487991415
IMG_0263,0.34422630757172445,0.3436402013090658,0.421662712983776,0.5053725158072018,0.3208331940319597,0.38184511073758576,0.30179392682842554,0.34240762720411283,0.3583965497537549,0.39470979767794123,0.3750700124670394,0.33278473729334523,0.35572214423392,0.34800899191312057,0.26058658592475065,0.3371524130056559,0.21351425506499977,0.4410882153808533,0.2649106422572588,0.28432566501250545,0.24194173378369666,0.3442271232664132,0.34364491438452416,0.42166210958544026,0.5053766400882775,0.32083421546168134,0.38184551414150103,0.3017950400312468,0.4565168918931579,0.3170950365565566,0.6498498938273413,0.520833333333333,0.4314136125654451,0.489065606361829,0.40399002493765584,0.3442265577154627,0.3436416285674413,0.42166259602985745,0.5053740129339848,0.3208334608660093,0.381845391681618,0.3017942529552162,0.18730371077725544,0.22226810989240858,0.18327887484017635,0.26740832010853055,0.2135464194786118,0.2321550974606607,0.19131690173985802,0.22811606766382259,0.37587676304264095,0.34387784274694644,0.21038479464428766,0.2199700398654284,0.2405976080264013,0.22711995500394408,0.104131483471642,0.014418095153506822,0.8567531572061905,0.7405347164438676,0.19862504768433492,0.5586662525286498,0.043491831797922494,0.8990998009337201
IMG_0264,0.36748699889842595,0.36508182547042134,0.24789316721519006,0.5974713748421916,0.3562990139955903,0.4015234265160648,0.3425330386382777,0.3179460161602403,0.33977971126432216,0.3141415402587906,0.3202543069130228,0.31608381525734747,0.3254815494635179,0.3340581674488327,0.3063975246604796,0.30860154536020945,0.36219397886052906,0.5993851062786919,0.3150069199283463,0.3272672266541621,0.2891041896881562,0.3674878332387032,0.36508643205316704,0.24789290229192895,0.5974769517134702,0.3563001656679091,0.4015248948344767,0.34253407733628416,0.47742762484856494,0.34979389359501134,0.45624954235922965,0.625,0.47120418848167545,0.5089463220675944,0.4513715710723192,0.3674872602739921,0.3650833755315157,0.2478929371153633,0.5974734139490496,0.35629931403734166,0.40152411163913426,0.3425333408621599,0.22227197703776239,0.2091198603191639,0.3194560177711194,0.40898532994166725,0.25732961069916127,0.27019203871426045,0.23162628427491558,0.20681241956754032,0.31896451671404336,0.26907306519360397,0.17297548526284096,0.20717278915952506,0.21684987121613974,0.21640672736639893,0.10363858206000467,0.017467507475501076,0.8377483096460941,0.7543672826949273,0.1796571049177767,0.5549989705438017,0.04161445351767444,0.9177676486395889
IMG_0265,0.42757306490032587,0.2652971034188165,0.4490442410557707,0.5509184298311349,0.4050295219035678,0.48993087638195953,0.378891729232458,0.3449454828254086,0.3674879064547125,0.415462598899365,0.439496295864338,0.3405374414625032,0.35331423142716384,0.3594808844348893,0.27114198321229077,0.3257401814696317,0.3263099753592815,0.428641949906845,0.29136005091589734,0.310073667195572,0.24522951996164266,0.4275740825922243,0.26530149146430393,0.44904549503328006,0.5509091777001589,0.4050307404206869,0.48993212141839615,0.37889270204445796,0.5544524929462032,0.22125216574074358,0.6748919967782089,0.583333333333333,0.5235602094240839,0.5984095427435387,0.49127182044887774,0.427573384437679,0.2652983961271176,0.449044520359962,0.5509154235543936,0.4050298375966536,0.4899314886474543,0.3788920117328262,0.192143133957969,0.20099857421773232,0.2859081222797659,0.25760411899961144,0.2365174917490488,0.254861072579505,0.1940929535471552,0.23014354913321092,0.36769246242336484,0.3635634860328638,0.25821096818033856,0.22598473726308932,0.23868032188884583,0.2360495827389102,0.11627140282973893,0.0069573970453267004,0.8080704403702917,0.6763679589029743,0.12575146015273297,0.563092267416663,0.02335476941296355,0.8944499272462374
IMG_0266,0.2856932736280261,0.2919009667067787,0.4316550171580107,0.4220424038016355,0.253362149418243,0.3018307608761086,0.2694459387092901,0.3170831168679267,0.41668852306871695,0.3138263158535204,0.20499650349157061,0.3118147711536903,0.3187322911989435,0.34018901663783446,0.287642186788965,0.3122382029788663,0.38713856986261064,0.2906140373083641,0.3001827560661257,0.3267033251943681,0.26253319378760986,0.2856939205451787,0.2919067329065519,0.43165449972048275,0.4220440632926259,0.2533629716442896,0.3018306715205381,0.2694470620995095,0.3957978071388875,0.2953713527748232,0.6590759317566083,0.45833333333333304,0.3539267015706807,0.4015904572564612,0.36658354114713215,0.2856934690206478,0.2919027951969948,0.431654971450226,0.42204287281770947,0.25336236986941224,0.30183093754263707,0.2694462851615935,0.20376744497008553,0.1906169353959502,0.3430404628756669,0.15929699935213992,0.24425189425465743,0.2696870875533347,0.2087863906141947,0.21098566300634958,0.38042964229930365,0.2687853946977037,0.10271319250369987,0.2039361033849925,0.2116464130395186,0.22109525542102343,0.06281341661481775,0.0013174645468810137,0.8818233537565315,0.939182104280323,0.24854820827718743,0.3804549573103493,0.008491808847087768,0.8967589462783219
IMG_0267,0.32310104396876826,0.3101716124959999,0.5904028948828048,0.2817602418455749,0.29107171463004455,0.35209132873790094,0.285966029063947,0.3485478580288135,0.5432523606755648,0.3103493456551458,0.3307203183586207,0.3431637386099309,0.3392302077357606,0.3893142157319043,0.22889295291107298,0.42039809028296904,0.39919419877577367,0.2584877794181888,0.2422174450711464,0.2440373030582627,0.22556546408548994,0.3231019281007335,0.31017713985345097,0.5904045187592479,0.28176133100651635,0.2910725967799932,0.3520917761805756,0.28596658372518025,0.4374322330122489,0.28615039610310655,0.785897342022406,0.3125,0.39790575916230375,0.4572564612326043,0.3865336658354115,0.32310131763000277,0.3101733553807413,0.5904034243316549,0.28176054424602404,0.2910719436036783,0.3520916533870357,0.2859661822109614,0.17659500443995518,0.26429117593037105,0.35451704141858986,0.13884587633479895,0.1940913841952485,0.19722204548855216,0.17756470129366694,0.24539384263749275,0.523635817707871,0.26561434991136457,0.17990218712585299,0.22803304863221815,0.22755792463136318,0.25979410239709083,0.09544025792480425,0.0009177842910856499,0.8543949201555204,0.8672676148995748,0.21838754500256247,0.9074245647958822,0.011314761517876406,0.8556188938806315
IMG_0268,0.2898895567520337,0.29421598300919394,0.553823395394943,0.4973164875462004,0.26189973160717983,0.3203024242208214,0.25171531423141913,0.35738720057179546,0.5014889833251659,0.24462630738530278,0.27821978577008055,0.35517252339677974,0.35397504589501333,0.3922466899791426,0.22442228643241743,0.3971816722981393,0.38696573879325724,0.4288194266773173,0.24267018617515196,0.2515740971038421,0.2085572810825092,0.2898903225631727,0.2942217367439186,0.5538227301984153,0.49731907450158586,0.26190078252894844,0.3203026921389821,0.2517161735598027,0.4005480670837436,0.2969362663856292,0.7596836786995679,0.520833333333333,0.36439790575916237,0.42147117296222664,0.3466334164588528,0.28988978276572186,0.2942178437910834,0.5538231312713355,0.49731749041690376,0.26190001572859845,0.3203026838161574,0.2517155706455908,0.1668972243429243,0.24527603373833978,0.34287618334215875,0.2577426715922113,0.19447732098348347,0.20370257741480075,0.16341213330217283,0.24923158441933138,0.4870730749676897,0.20652785268425022,0.14611648945933936,0.23746951875259226,0.23920600780194431,0.26216977088560867,0.07621710287094871,0.0009029813186487846,0.8800104344452048,0.9013007287949582,0.24485166490553917,0.7879616894652591,0.01034164612566959,0.8610243954508767
IMG_0269,0.30652733630195317,0.32839209464043506,0.5887126901586086,0.26728293595326846,0.2668556239111026,0.3276191177038411,0.2705833517145635,0.5036645197197143,0.49115803008744097,0.4867373207192449,0.3780304052798922,0.5013418259068582,0.49188786381365596,0.5394253943198672,0.5094513584747525,0.3967207000080847,0.4864829652668172,0.49215035594999623,0.5261928439612523,0.5215934094776988,0.5075857336401893,0.3065282057025952,0.32839803239035725,0.5887127481879331,0.26728456759771557,0.26685646143695324,0.32762019527205755,0.2705842598592668,0.4172097564634976,0.2953095602773461,0.7847257816504356,0.2916666666666661,0.368586387434555,0.4294234592445328,0.3690773067331671,0.3065276054859919,0.328394038285587,0.5887127408166308,0.2672834182376569,0.26685584488339165,0.32761976392788056,0.270583599422709,0.4465233980195744,0.36019531332285987,0.43917782742899947,0.30949823220831585,0.45556432245572726,0.45347253799809045,0.4331361871801028,0.38074602660654827,0.6483965958793974,0.43252281689439487,0.21248718705492003,0.3624244801380718,0.35712205771821615,0.3920237171117529,0.09750074743246846,0.002042810196287414,0.8582069008911227,0.8296061829151418,0.202641435609002,0.5662198213063773,0.016299682819464142,0.7341996992469939
IMG_0270,0.1555838547045209,0.3553155075265728,0.34693133707251445,0.3438730785145929,0.1285001929492989,0.15316203433469933,0.13899330501755253,0.36039891260928647,0.5144192477760154,0.28324354744310654,0.40665709810022266,0.3554100915398693,0.35507410163589226,0.3925798404540164,0.240210416203895,0.42247826871813954,0.2914300560793328,0.35884671878038166,0.2590087177972875,0.25919255165760335,0.23317209506353098,0.15558442519803242,0.3553206037530008,0.3469305843800896,0.343876540078877,0.12850038741555095,0.1531644043069219,0.13899377324101436,0.22141326263337452,0.4435638393147354,0.5748700300212345,0.375,0.1916230366492147,0.2186878727634195,0.20199501246882792,0.15558401909181216,0.35531715670503616,0.34693095624921044,0.34387434475668055,0.1285002152130091,0.1531629044838303,0.13899343791040453,0.1876689896382159,0.27387958939835905,0.25372044066176747,0.2056354070474523,0.20846428157413108,0.21027860051349123,0.1839369621519267,0.25339181578754055,0.5184145299043348,0.2410500906806763,0.23327970049020968,0.2376573802264535,0.24008112404901172,0.26244019417437225,0.04923034656625483,0.0014506912988128014,0.9264909065645247,0.8401265638176101,0.20057066336455615,0.6750317023516976,0.009441973404572725,0.8574250973327366
IMG_0271,0.6342415434692057,0.3035558586802929,0.33922768432645034,0.7697006888663007,0.5780177806526178,0.7075682050533189,0.553943826444301,0.3609711137438299,0.5262793275945192,0.2969128845433522,0.4780082082122563,0.3559201731798397,0.35347323082281035,0.39468827965173275,0.43405352424252464,0.41972776232860565,0.3135543238873151,0.6850557557144019,0.45872256654708965,0.440193834871098,0.44271287637245893,0.6342426228523519,0.3035595799919655,0.33922707690363696,0.7697077821956326,0.5780191558626471,0.7075696519983521,0.5539444523557374,0.7490283644372884,0.11822268533882974,0.5665226623709452,0.7916666666666661,0.6879581151832461,0.7892644135188867,0.6608478802992519,0.6342418666334879,0.3035570105256977,0.33922723125636356,0.7697031204587388,0.5780181209819762,0.7075689651627559,0.5539440304601753,0.3736879753366642,0.3448990126328448,0.274089294708701,0.5015101598968729,0.3897015347340005,0.3743844558738124,0.37061695446282794,0.25505280678493997,0.5383264079594945,0.2534028040537084,0.28902884785208244,0.23806084843098202,0.23880674378384248,0.26415365297188437,0.28886770041290594,0.09324392337981466,0.6017659905251044,0.3599031694988766,0.048169302238075806,0.43123073787556476,0.15410108465644895,0.8543145696666437
IMG_0272,0.38084576049890456,0.3042291183954855,0.3379417325719585,0.423917436197943,0.342864675000959,0.4122510866715239,0.3475551536562609,0.3570854294953656,0.5331145030131805,0.3229013114235424,0.5523096001847247,0.35272612439811585,0.3405574178747355,0.3997998782486713,0.44540582078654156,0.42313831937370494,0.36458903173189805,0.6325161681607212,0.4653235790246568,0.43787256429708943,0.4677893735742499,0.38084686910664933,0.30423349573239133,0.33794118460043165,0.42391920294704155,0.34286587660007667,0.41225270922219,0.34755553004575723,0.5024448537221027,0.2510512423253024,0.5650582119059822,0.45833333333333304,0.4565445026178011,0.5208747514910537,0.456359102244389,0.3808461111992144,0.3042305306606421,0.33794157504010647,0.42391793139553924,0.3428649960585282,0.41225177892483317,0.3475552382114665,0.3859524891132332,0.3474053109465561,0.32171098683955623,0.44323612221538333,0.3960360566220854,0.37217949788855353,0.3945004997116588,0.2519068705820036,0.5279105352110884,0.2770838214913427,0.35386930225517804,0.2355377137481542,0.22859937836532762,0.2683240538881966,0.11536317137616457,0.0033454717707315624,0.8168715540769057,0.5433836825565947,0.07475245879063536,0.3827141876170159,0.019237389663862074,0.84949521810211
IMG_0273,0.25717334271468995,0.3606163378272196,0.6128098479492676,0.3137539567422536,0.22232817637395239,0.25634917758877146,0.24890631387401163,0.3437882875726276,0.4873820143823342,0.368155267106425,0.25535374930575383,0.3411401875016187,0.3336032126340583,0.376267531272796,0.1964676875210842,0.4141979553934224,0.3316076069118057,0.3913917572139325,0.21359131351371885,0.2099190584271653,0.19827616072382953,0.25717406370950235,0.36062151800512177,0.6128107479047489,0.3137524786370842,0.22232908557994702,0.25634871079210925,0.2489070896207922,0.3524526220030626,0.36917859936983155,0.8012740719045177,0.3541666666666661,0.3141361256544503,0.34791252485089463,0.341645885286783,0.25717357274781616,0.36061803254651625,0.6128101326487201,0.31375336437918877,0.22232838724068335,0.2563490982166801,0.24890652901057253,0.14526038319677367,0.24325543639543917,0.29083315037001656,0.22925347060515922,0.16987786294763713,0.16819270157092192,0.15492086369955724,0.23750317033485446,0.4717071284034583,0.3189412125111324,0.13212017858101183,0.22645434351995303,0.22315766977692997,0.2493158350690985,0.07599408518306035,0.0013322675193178789,0.8781844065343748,0.8565041081974396,0.24536838107886744,0.6278008326742482,0.01065377747788687,0.8705395014541388
IMG_0274,0.20199265538059158,0.2997295728175826,0.31988298452500175,0.3062815012910205,0.17993004983399633,0.21834288995483359,0.17751048666843974,0.3672367086417959,0.4538255389409127,0.37045885571373827,0.4928534377473359,0.3634030511477212,0.36841047772010915,0.3906264251481744,0.16916219775881225,0.39036277314302625,0.3141686872837366,0.3788313033473898,0.1926005757672547,0.20513345667881788,0.1466405649259328,0.2019932831145993,0.2997347969902351,0.31988256325524,0.30628325532209644,0.17993071297357874,0.2183432035625258,0.17751101935012945,0.2904822657155109,0.3694638736051723,0.5448487954894925,0.33333333333333304,0.26178010471204194,0.30218687872763417,0.2543640897755611,0.2019928445564448,0.29973114024235037,0.3198827554475807,0.30628228880976494,0.17993027212443338,0.21834319256066526,0.1775106390213011,0.11563667679339769,0.2170390866863054,0.2746572989448399,0.22001547649356,0.15235098314292114,0.16416065349066294,0.11298476617243206,0.25453290433412434,0.46850906346503585,0.3210934057652368,0.30139383063662967,0.24400459385568246,0.2507779216456661,0.2608562568344204,0.04679816091211002,0.0007253456494064007,0.9238875387031401,0.8568556487275081,0.2558474563293091,0.7867085576343416,0.006352791051010526,0.8658325109130642
IMG_0275,0.38546063283138404,0.25667049527776986,0.4577283817738813,0.33025982058375725,0.35612217071400615,0.42941135190212626,0.3447513229097731,0.4710565731683271,0.4867110525856251,0.5310846103311255,0.3271640847683437,0.4630559044095809,0.4520034689644472,0.509571970859962,0.4171651913205575,0.3884483604496761,0.4864829652668172,0.4602802140062838,0.4408578610687109,0.42114246521854287,0.4290272776218115,0.38546174299105,0.2566755888350749,0.4577277360679961,0.3302623760535033,0.3561233595116185,0.42941188092659166,0.34475239053250745,0.5124457595815073,0.21196880744506874,0.6825071391960166,0.3541666666666661,0.47120418848167545,0.5387673956262425,0.45386533665835405,0.38546098365710585,0.25667201461934885,0.45772826187850635,0.330260809798852,0.35612248383209355,0.4294117363042444,0.34475164890410037,0.3466645680221879,0.29960954520206534,0.43917782742899947,0.2828679170108832,0.37267408006019853,0.35636810639932737,0.35772925917447473,0.3496739343363968,0.6152913292344027,0.4765163947728448,0.17753749458078633,0.3277739743325547,0.32125619583492016,0.3638828620412862,0.09923802289971476,0.0009325872635225151,0.8311664818354138,0.7385847506492917,0.08368138552109222,0.5435526195484861,0.012673450933410449,0.7637843567237774
IMG_0276,0.4203263615308186,0.32338855317943893,0.698942172998271,0.5568916500548653,0.38139996013465033,0.44752334142874517,0.38958138589605906,0.4650394774992846,0.5231564826031823,0.4729551296145744,0.4260386181949176,0.4577324243720039,0.4405035164306341,0.5111669501837126,0.42884516511460735,0.4191136051280179,0.460675920755631,0.385736738661012,0.4518301401384354,0.42054763500943926,0.4542236725289761,0.4203275463089618,0.32339365747764015,0.6989446600917586,0.5568939276576219,0.38140119664865724,0.4475245322753194,0.38958237601158063,0.5430475497235562,0.22895781876950827,0.8553122940616533,0.583333333333333,0.4984293193717278,0.5566600397614314,0.5012468827930174,0.42032673260843134,0.3233901268103285,0.6989428988101025,0.556892397615421,0.3814002847966497,0.44752393571073706,0.38958143974236836,0.36697321461096094,0.3304027742515105,0.41385785687533083,0.22507484268894928,0.38311214171942765,0.35580857707044966,0.3815364318912551,0.34723012887006477,0.6447035654134028,0.4190223115813829,0.2478498091816414,0.32307003875087537,0.31119368320759433,0.3653615670696021,0.1439401407597146,0.003685940136779465,0.7800285243125197,0.7350379742776825,0.1443489325935075,0.5667937180915985,0.026540345272357557,0.7613526769077497
IMG_0277,0.23157082922095323,0.41698560503433724,0.31988298452500175,0.29353295022960735,0.19916702134073017,0.21033399962812316,0.23878629339784485,0.45751921341311297,0.6237844341735881,0.38705306188583544,0.6975009958112439,0.45015264960199153,0.42031507112568645,0.516399702398663,0.4264341941798895,0.5095015620829694,0.4399212540803923,0.41441606910767703,0.44461365475381365,0.3945245970060648,0.4804139546874209,0.23157152796427413,0.41699162207976115,0.31988256325524,0.29353593705294134,0.19916801979748333,0.21033361846971604,0.23878702874836988,0.3111748846579338,0.44967148286055136,0.5448487954894925,0.33333333333333304,0.2848167539267016,0.2922465208747515,0.3316708229426434,0.23157103155746492,0.41698749371448995,0.3198827554475807,0.29353404898479285,0.19916727506874207,0.21033400591358586,0.2387865110142483,0.3927340075791254,0.41887075309612426,0.3936726549484044,0.2466045638463653,0.37623998313723717,0.33149970852233834,0.40665840859583824,0.35051388183875887,0.7640085896148565,0.3366587360905533,0.5058359176866949,0.3164189552748832,0.2938193475981624,0.37023216044848006,0.07895310972308636,0.0004736951179796903,0.8745323507127146,0.8859861101123436,0.2818504277346257,0.6315510650048379,0.00821180866348109,0.7532561288256587
IMG_0278,0.6006473175744683,0.35723619039226673,0.6095457855094244,0.6621227642154999,0.5542723108008744,0.6568368658171114,0.52646420319822,0.4651084431484965,0.436241603132953,0.4111041339071939,0.5242260771338692,0.4644632169424381,0.482163473755456,0.47567695353177153,0.4375981758707008,0.3633669671226111,0.39319087187223545,0.5252596035400559,0.4584542605824582,0.4826312000505407,0.4038189854102061,0.600648529903254,0.357240996891945,0.6095451060783588,0.6621254882230514,0.5542738828089786,0.6568383078393317,0.5264649779038275,0.7155635026350152,0.1465297404481607,0.7990773962070732,0.6875,0.6659685863874346,0.7475149105367793,0.6359102244389028,0.6006477253735525,0.3572376972473932,0.60954566003493,0.6621236463196083,0.5542727019945386,0.6568376080810927,0.5264643962397154,0.36296234056088084,0.3097276840868582,0.34879567087267027,0.338510215782568,0.38944465750044505,0.41518277747279386,0.3342578863114102,0.3395504826297433,0.5663067347330069,0.3594147172581401,0.3284726101783125,0.3290220840387229,0.3482359740609729,0.33309667939285725,0.26734164532107274,0.08954318027059834,0.6371710069239623,0.6972350264696294,0.33214974758799937,0.5227791052346635,0.17198437507172135,0.8080976716923256
IMG_0279,0.4979565197632695,0.21087631937951357,0.17961206945789465,0.8667690316776588,0.47378270800008015,0.5723664500921142,0.43819643515745055,0.4398792880217939,0.07767745457877029,0.3939216533161658,0.3806223361755299,0.4391007908090819,0.47851864948690964,0.42421669791023636,0.2832533734907091,0.05408109541829609,0.24281479411262508,0.8094481199581383,0.2831494619668732,0.39198178026257713,0.1519781087132529,0.49795765615659854,0.2108815985987147,0.1796117107303612,0.8667769356943946,0.47378436705959326,0.5723677054102744,0.4381982376026605,0.6307664091797932,0.13883403648525494,0.3578384711137145,0.875,0.5905759162303665,0.6739562624254473,0.5511221945137157,0.4979568891074231,0.21087803997150978,0.1796118266512341,0.8667718148571364,0.47378315312254116,0.5723671005967336,0.43819696746150427,0.15479615394038757,0.03330497844880953,0.20953544537576363,0.6627031754437832,0.22935225047717883,0.329142316600996,0.11726561608904043,0.29166204542355445,0.17102858700065504,0.34313376766983783,0.214335262001435,0.30681829014756445,0.3449291956313696,0.28857184531085645,0.1368536729235518,0.01458092785031234,0.7556334206366061,0.9829213352519666,0.25108828890548257,0.3507722698932358,0.02644395176652575,0.8978984743245697
IMG_0280,0.5049373991280675,0.2585935375786994,0.7816541075359438,0.397809087131352,0.48811895204875755,0.5640146326451411,0.4638184918334868,0.4369906208813401,0.11608545635062617,0.643721241607421,0.01256344622642791,0.433741855637387,0.466368590607811,0.4288640891681253,0.27624976275106045,0.09319547577359377,0.5186645263851966,0.0,0.283239603205098,0.3631525670135458,0.17756298451464114,0.5049385495766459,0.25859892274698826,0.781653427908517,0.3978066459541294,0.4881206949433159,0.5640157885091696,0.46382038420786387,0.6326837718404865,0.16635118990996867,0.9010031485684996,0.4375,0.6052356020942409,0.6660039761431411,0.5760598503740648,0.5049377742333993,0.25859520820845594,0.7816538134478184,0.3978081714534025,0.48811941843856815,0.5640152500694904,0.4638190701534848,0.15297907494023266,0.035313842098863846,0.47110100866600346,0.0,0.22943058418172158,0.30263434656625243,0.1379574275976432,0.29120682826975935,0.19695932288247064,0.5921957262034918,0.005616502713175153,0.30220394566008457,0.3339986067107272,0.2924881602806041,0.15827791559265333,0.0016431299404920507,0.721950874212501,0.9859953541981326,0.2564368644465053,0.7910242625406024,0.018048536425269785,0.8826660649109632
IMG_0281,0.6030447123984906,0.31818107444679833,0.29781068776312924,0.6105579456831425,0.5580435556871622,0.6700703804549307,0.5243571148629652,0.3391278286971178,0.4666624285360812,0.2949020162193041,0.4927351631178789,0.34259571369133596,0.35854368910112233,0.3554548120004959,0.3523092266856579,0.3745224433834905,0.14087131441053735,0.5111282513394246,0.37192282094793633,0.40037910386430975,0.3139336791236581,0.6030455963350081,0.3181845226981852,0.2978100060980462,0.6105569513269038,0.5580449464519055,0.6700719504483363,0.5243583034650198,0.7201868605008199,0.14255579928510886,0.5192209123526396,0.645833333333333,0.6701570680628273,0.7594433399602385,0.6359102244389028,0.6030449925703765,0.3181821076050999,0.2978103177467428,0.610557547333253,0.5580439014858373,0.6700711688641782,0.52435746625841,0.2816479153994991,0.2855644072563374,0.11936147954900633,0.32595354914504815,0.30851801180842386,0.3369394884015757,0.2532779968142883,0.23209390545477382,0.4580192765341766,0.2515811873277367,0.3012942207939798,0.22758957508732053,0.2428502040532622,0.23290322956415355,0.25704727813376216,0.061521153447612276,0.6394453489378101,0.4579614097767135,0.19074874627227528,0.460261781353607,0.14445714390632386,0.893225192090533
IMG_0282,0.2556802449078375,0.37248686166441436,0.42366959311124175,0.31324132635535173,0.22687326104200314,0.25446264260517937,0.24083331141765763,0.3477747246304884,0.5051533798156538,0.28426556797653424,0.2606050958259636,0.3475104445054608,0.3473998432953875,0.37974047224947816,0.1408294531543289,0.41838994153678855,0.2794188640384876,0.529445793100328,0.15987041300202867,0.16965948617432436,0.12445754764377276,0.25568093933438973,0.3724917087299786,0.4236709108540144,0.31323764254268127,0.22687378880073078,0.25446410544413167,0.24083376121303696,0.34888500426578356,0.38213532875046874,0.6517536794317932,0.33333333333333304,0.3204188481675393,0.34592445328031807,0.33416458852867825,0.25568045187599775,0.3724882943155643,0.42366986099047343,0.3132400569163494,0.22687337991422243,0.25446325579384615,0.24083342896157445,0.09790221962549199,0.2322719145654118,0.24273101809399567,0.3422810428667782,0.12539836151682904,0.13457263259841518,0.0953243260273601,0.2419173924291419,0.49192964692417185,0.2419709030408148,0.13529771520791106,0.23143528110569356,0.23399049657590704,0.2520906427965498,0.08251654451869389,0.0010066021257068417,0.8771671792129073,0.7938053322401131,0.35242103104931516,0.6705227350768009,0.011447876359263186,0.8715891406816194
IMG_0283,0.21382592303474027,0.32291543512268617,0.47938500240521,0.3134198904104295,0.1944886579244579,0.2249783656031506,0.19127860437633906,0.34809020605863095,0.43388320811300574,0.34115132088360856,0.3714418265176893,0.3463252175090756,0.3576813023382205,0.3661787091165505,0.14075355186370203,0.35972517085455513,0.20472048167300505,0.19466831773027948,0.1634044444024416,0.1840734403219625,0.10739838499948406,0.21382644818928764,0.3229205349799473,0.4793848250605435,0.31342126155928574,0.1944892350703632,0.22497836749319627,0.19127926258618994,0.30265391254780843,0.376657251263286,0.7009592150545507,0.33333333333333304,0.28062827225130893,0.3101391650099403,0.2718204488778055,0.21382607534512377,0.322917000139904,0.4793849128881291,0.3134205002996344,0.19448880682603567,0.22497849417634475,0.19127879548488982,0.0850726142862112,0.1898841339407506,0.17545260819589537,0.10055957083503408,0.12828672581402692,0.1465317127750912,0.08188491397222511,0.23726346064348147,0.434612337482447,0.29386808329194647,0.20781984119605384,0.23050607585553212,0.24216101825458658,0.24131406923166654,0.05643963573777644,0.0007549515942801314,0.9149317435223857,0.8546360301247629,0.33699815658402105,0.7054587312581989,0.00820721849653672,0.8860855853915688
IMG_0284,0.3428828353637955,0.29022966588704424,0.5370190796401619,0.38143083179661375,0.3181611496263765,0.3795787984802529,0.303273111685866,0.4721460408603742,0.4193035856227878,0.45853815557216215,0.5553402993876522,0.46725238102098565,0.46955780697546057,0.49034117063928945,0.39708617520761624,0.3537265064604119,0.3839890356272151,0.41935040808884727,0.42295588607086787,0.42516597397389466,0.38326389540432404,0.3428836738017712,0.29023555317922867,0.537018410909015,0.38143468244013556,0.31816215757900246,0.3795795812281003,0.30327423478524695,0.4619509240873126,0.26223500756145923,0.7470894047008859,0.4166666666666661,0.42931937172774876,0.48707753479125243,0.40648379052369077,0.3428830943250431,0.29023155261425027,0.5370189662558098,0.38143231905722574,0.31816141177662366,0.379579106497977,0.3032734488036755,0.3179963507206604,0.2678707375743889,0.3400506270260495,0.2503951600200073,0.3557792195106713,0.36015783841199916,0.31537042073887134,0.3454193586000769,0.5661334591297471,0.4049862589541333,0.35667850806147744,0.3315014191580287,0.33685404438181427,0.3462682949316979,0.09200126053475763,0.0026201261213251617,0.8580745040361378,0.8793670448168618,0.316405017330133,0.740715265347767,0.017768536241663108,0.7916910895835714
IMG_0285,0.4102032971126831,0.36428351568775663,0.6981611672608827,0.48666458158905757,0.3600210922555375,0.4295964372225644,0.377673644941797,0.47216816878034945,0.48473476923237313,0.48502100634766254,0.4105455822897497,0.4748861539655149,0.45733567269684966,0.5091120559042348,0.4014881340994567,0.3986626664939018,0.47857225652895874,0.41849345652034575,0.42074414826405504,0.4128953189237021,0.40250214490522285,0.4102044114098583,0.36428941418844984,0.6981620963288186,0.48666946439182146,0.3600223179973968,0.4295968944046084,0.37767515593271156,0.5289142639674305,0.252359510645382,0.8548729589221644,0.520833333333333,0.4753926701570681,0.5387673956262425,0.48877805486284287,0.410203656957809,0.3642854275039942,0.6981612927756515,0.486666218556131,0.3600214166852722,0.42959679366499165,0.3776740904539943,0.33479346555978856,0.30946547762782056,0.431390305957716,0.24973500760624168,0.3537034718691965,0.3486255402619983,0.333041110356913,0.34982558740644915,0.600966710450147,0.4308370322186508,0.2361702080583235,0.3383257563487432,0.3259634251026212,0.36345699648022184,0.1572145413996784,0.009311069662788288,0.7809775869165693,0.8229044225540239,0.23452486922130295,0.49950692443595407,0.04618166962732435,0.7696739470367591
IMG_0286,0.29492274169400506,0.4257084370993287,0.5621898030097068,0.41475510148500305,0.25018040091100546,0.28684600853120923,0.2832171905818479,0.4664554708703833,0.5982271469148535,0.3869807153010192,0.5349359271296605,0.4648590131908585,0.44055882226123416,0.5145211327801755,0.3937130555730888,0.49761870113991635,0.36421292560832663,0.4950015647041526,0.41705884540181215,0.38080412488079174,0.4268773792297229,0.2949235609757461,0.42571477538718017,0.5621890687589941,0.4147587518475384,0.2501810215482828,0.2868450001739602,0.28321856866566775,0.39048302883136876,0.3845846940119111,0.7658343706524126,0.45833333333333304,0.34973821989528797,0.3836978131212723,0.3840399002493765,0.29492299328273197,0.4257105345588521,0.5621895618939523,0.41475621682364716,0.25018055260568806,0.2868458478100415,0.2832176261974022,0.35555624199415004,0.3962206606863638,0.32135659765720836,0.3119414044189237,0.350250197374665,0.31881692458814936,0.3557141011212206,0.35601411187704624,0.739525081706353,0.3365907089099154,0.33802474289402423,0.3293734291026876,0.31124177379377355,0.36848022318255225,0.11699540228027504,0.00458892145542825,0.8383119794247423,0.8999330885044228,0.26740771649980993,0.7134326245258865,0.027816411682892905,0.7587562009239821
IMG_0287,0.6358742700924471,0.24656011012612655,0.34821326956671106,0.6303880001440811,0.5894709218182418,0.7275471940675963,0.5467425443469861,0.29566245180019424,0.4942857477957614,0.28981875180137173,0.4593596145987102,0.2957199866850284,0.3030111058936235,0.31885096751345576,0.393799262450637,0.37992059457717453,0.3272575207515467,0.5671583949205559,0.4183379808342469,0.42907939575421317,0.3700881547108209,0.6358750887687195,0.24656295449475252,0.34821280995814874,0.6303889765333728,0.5894721456108938,0.7275486688438515,0.546743414430827,0.7539917006380977,0.10175684598098178,0.5763344804861975,0.645833333333333,0.6973821989528797,0.805168986083499,0.655860349127182,0.635874504703625,0.24656098815025507,0.3482131475763741,0.6303881426165425,0.5894712026556628,0.7275479696657491,0.5467427806749593,0.32245906951030784,0.2967038393751689,0.28678841261026244,0.37735326615137776,0.35144812988072116,0.3638516393274496,0.30338057130642093,0.19965243191752596,0.44359228284036223,0.2469831279253354,0.2738846810430799,0.1918572651192086,0.1996591959740437,0.20490736582394894,0.2669812616660068,0.04221807738993989,0.6060118659042707,0.3205784940813342,0.02980553583343626,0.26437403613757826,0.11344597603014822,0.9004256610105374
IMG_0288,0.2193859258248396,0.3746808286808434,0.5108505220172965,0.5200013705285409,0.18613713881556856,0.22277432954882687,0.193609028355006,0.2945997239524961,0.4910024431009721,0.28691755373192507,0.26475152687138426,0.2961111896550429,0.30260484621331846,0.32022589626795,0.027197520369240558,0.40627150009801094,0.18200756712662303,0.23184229505742016,0.05202529584715987,0.07014408949582718,0.0,0.2193867558622804,0.37468497824443503,0.5108501217634807,0.5200026122514005,0.1861377725476211,0.22277502066812227,0.1936096840837277,0.3040231093285088,0.40147854624385027,0.7267335432378998,0.5416666666666661,0.268062827225131,0.3081510934393638,0.2743142144638404,0.2193861926588657,0.37468218710806744,0.5108503001961675,0.5200016662138225,0.18613729393632752,0.22277465685888764,0.19360921625522237,0.0,0.1863645342389158,0.1553523873484095,0.12249599454170368,0.0397082623573449,0.05429216185470531,0.0,0.19799405593494154,0.4206812301044346,0.24436319222658298,0.13782206115931533,0.19214854288788286,0.1993518702387077,0.2059394892934436,0.0765904150876314,0.005462296829203303,0.8971210893770533,0.7494747796485022,0.17422549391518144,0.660085131849445,0.021110177777165756,0.901280541130689
IMG_0289,0.37163479256992055,0.3095219471331605,0.553823395394943,0.4422504517912196,0.33825707367869684,0.4132969300057391,0.32129784054082977,0.4517166797315162,0.4859660934821688,0.36688436765334176,0.44165674774396413,0.4505937725039109,0.44640223825461084,0.4809246924639198,0.35791812595124606,0.39392040187782207,0.30093217212537393,0.4469745731535548,0.38535923905408836,0.3852791476354184,0.35012848472355285,0.37163580782347544,0.3095272974173311,0.5538227301984153,0.4422497693048162,0.3382581853099937,0.41329780540434713,0.32129931135940504,0.4923911812968752,0.2521011733366524,0.7596836786995679,0.4791666666666661,0.45235602094240845,0.5228628230616301,0.42643391521197005,0.371635112950493,0.30952362423165547,0.5538231312713355,0.4422502596358755,0.3382573667146293,0.4132974049730052,0.3212982975744428,0.2896952660140595,0.28546767358381725,0.26244843663226947,0.27210525299766775,0.32083378968288745,0.32294344651479767,0.2853887182415893,0.33132342662148645,0.593288927065327,0.31775473844882907,0.25989348948593377,0.3168045432028034,0.31633986237471456,0.33778485632887567,0.11686611666410789,0.005935991947182993,0.8358632930374986,0.7467825189551334,0.18855494363113273,0.6158489572862573,0.031213135221728017,0.7970254291722925
IMG_0290,0.34346115635481445,0.2987000383818561,0.5633828886973746,0.4710104660939147,0.3152344165017654,0.38396500529904093,0.2942934270876315,0.46255669441857816,0.4691029798307478,0.40739928863636843,0.5006097139446961,0.4629318088124348,0.4618833928804458,0.4890573817815372,0.34769876060345695,0.3855879046824836,0.4243778034230008,0.43092868019224584,0.3723656756167922,0.3785861609035424,0.33151376493466167,0.3434620589948108,0.2987053896708838,0.5633824467662025,0.4710129414800046,0.31523547900590604,0.3839656518843074,0.29429447066231496,0.46217485941378866,0.2633944459779768,0.7667130409313904,0.5,0.42513089005235605,0.49105367793240556,0.3965087281795511,0.3434614383460824,0.2987017581033333,0.5633827602801893,0.4710113823231752,0.3152346987072252,0.3839654215964801,0.29429372016930144,0.27849775684491124,0.2797127130034817,0.3786586421108371,0.2593924612436084,0.30892248120480675,0.31677531617256427,0.26879226910569565,0.33949763679747325,0.5788590035907812,0.3558939771935541,0.30796669196103016,0.32766398928890805,0.32999922384847713,0.34510621626989435,0.0993559960244673,0.0049737987387867486,0.858326189146604,0.7749507419402442,0.2375965491956234,0.66826536483341,0.025654443052093804,0.7918867850327627
IMG_0291,0.3304073090066704,0.24925909886705555,0.3366553577374356,0.36885513425469174,0.30804350312060613,0.38988365551593757,0.26788819548645637,0.34073782390329654,0.4752077009779032,0.3138271493395206,0.45583747608054326,0.3382223240365846,0.3536337877635571,0.3581687409425951,0.3081034685335712,0.3608003003451977,0.3735620653577518,0.4872014741075126,0.3344575176532114,0.3598398410076632,0.26857221620644645,0.33040816921243965,0.2492642254421178,0.3366547281856649,0.3688575119359685,0.30804445582433404,0.3898850940684239,0.26788915300628857,0.4525261707006367,0.24427410109597758,0.5637402064875154,0.39583333333333304,0.41675392670157074,0.49701789264413515,0.36658354114713215,0.330407576208805,0.2492607285231001,0.3366551893735137,0.36885600220394643,0.30804375258981964,0.3898843793585404,0.26788848593475545,0.23520756582747762,0.24953869032770454,0.33017706544059733,0.30528200922886994,0.2746467090219554,0.29961401549756017,0.21394781781940667,0.23415417837977853,0.4646680372180929,0.26878606163084706,0.2710714839016221,0.22418361953237625,0.23893446286801395,0.23502264343236362,0.0835702222904563,0.0024128845072090475,0.8815664252062639,0.7673411812142414,0.19502113626012935,0.5922119746903686,0.01764460173416507,0.8823935894290749
IMG_0292,0.19580093354715283,0.23747341211419193,0.46586209537154666,0.175691436041562,0.17787947353783048,0.2375355700418304,0.1492678219836169,0.34067650358481616,0.47767578878947603,0.2549008560067918,0.3812724939299015,0.33525859085309884,0.3528808445030301,0.355633773620524,0.3567745695295722,0.35190202013154515,0.3857718051259731,0.47885494896263614,0.36568142259671854,0.4096852806705299,0.30353605148315,0.1958014413091821,0.23747938552343628,0.465862224777021,0.17569147788122974,0.17788013003192643,0.23753599040086187,0.14926830833362664,0.2909879151405627,0.3213513416839836,0.6895365014278392,0.20833333333333304,0.2575916230366493,0.3260437375745527,0.2169576059850374,0.19580108823557046,0.23747527581516192,0.46586199784410987,0.17569164441103613,0.17787965027510547,0.23753566331129022,0.14926795974263557,0.28099745297535994,0.2699660794646332,0.3417424995802607,0.29823948232696207,0.30282764134684104,0.3456209639994706,0.24417439099386387,0.23456585346149567,0.4731049686444403,0.2156590566630845,0.2147999054747713,0.22188413059052106,0.23833570196473355,0.23304278888303964,0.03753646258393464,5.921188974746129e-05,0.9376725419409643,0.8906359486983801,0.17612904595673756,0.5039879779059929,0.003135084023005917,0.8792559078489792
IMG_0293,0.4016785330656493,0.2882871325993883,0.6468859828931821,0.382582383261278,0.3707457214991117,0.4543906373681921,0.34518989466995226,0.45539017245716046,0.4539177806065977,0.3305677156532505,0.41509151352492735,0.45130446934467716,0.45560699232875296,0.4771403778990838,0.33542796255129737,0.4007925480723974,0.3790051094839444,0.43804714149288415,0.36872693444256954,0.3658516015199671,0.32614592308965973,0.40167963088682235,0.28829272809763573,0.6468852016050106,0.38258296021383,0.3707469304386627,0.45439171725173044,0.3451908506253517,0.5267048849311565,0.22540742355301913,0.8235337189719557,0.4166666666666661,0.4858638743455498,0.562624254473161,0.45386533665835405,0.40167887569680305,0.28828890334897617,0.6468858579822201,0.3825827639647179,0.37074603915877224,0.4543911705559941,0.34519016662386165,0.26951561132843876,0.28185462009998213,0.33532655723307814,0.2649969136142749,0.3056018963634581,0.3050991626196795,0.26403886663960063,0.3321137007018415,0.5673844755020734,0.284118854600127,0.23957004469991688,0.3174261792386275,0.3244344309247305,0.3344012295925735,0.12218783583958885,0.005551114663824496,0.8248389608551002,0.7519363707027182,0.17585902268066228,0.5942258704060452,0.031690512583942676,0.7999084257658808
IMG_0294,0.7391292472557747,0.2985037949207616,0.274266072493071,0.6431725715068874,0.7035031164007686,0.8382216969030181,0.6618015744719148,0.26009484667942306,0.3927060299476053,0.3025214118386017,0.4250061253560582,0.26047247856133726,0.26711405246004,0.2831805003149262,0.2654334008150268,0.3280937714917921,0.2243390771615088,0.5066258892017101,0.2821031926003912,0.2902237331105351,0.25033223068540433,0.7391292515490999,0.29850404930759833,0.27426539982253084,0.6431723157579379,0.7035031849939894,0.8382230476695065,0.6618018788442263,0.8338131935305082,0.1162315185526559,0.4903712381928681,0.6666666666666661,0.7916230366492147,0.8886679920477136,0.7556109725685785,0.7391292464092525,0.2985038408157801,0.2742658492689358,0.6431723575126838,0.7035029199415375,0.8382224715305038,0.6618016117760562,0.18831239854632048,0.20760829274584308,0.19294682870759017,0.3220078416543247,0.22844128681069148,0.23732985015557118,0.19841129180847764,0.1658859612081705,0.3210271660570002,0.2584917262497326,0.24706325585096106,0.16607023059628354,0.1729675558934493,0.1786408851427425,0.40211705196473735,0.11176244189833318,0.399223708737406,0.26197802560283057,0.02069387362353281,0.2729935393166882,0.19309914301583148,0.9366751998621705
IMG_0295,0.4723921191319567,0.33992593732796306,0.5311308633074958,0.7119001851092075,0.4455824102570989,0.5276710621401152,0.4204021554432137,0.3812767036513139,0.3099896194130405,0.40597202720965053,0.2973052665834901,0.37842200993061886,0.39222797714946356,0.3918481722196776,0.20175672965847985,0.309728415734456,0.36961115467605454,0.4553773845579592,0.19882327452965742,0.22418847213000848,0.17836824092867526,0.472393156677866,0.33992982905355107,0.5311319067704106,0.7119046914805169,0.4455836499583347,0.5276722868776162,0.4204027867768474,0.5932030914300351,0.23916427440701282,0.7425496082595006,0.75,0.5633507853403142,0.6341948310139165,0.5336658354114713,0.4723924498283314,0.3399271862475961,0.5311312078731034,0.7119017842688589,0.4455827264461131,0.5276716951001639,0.4204023186357281,0.12976364524682704,0.18760160731265912,0.32644616358212053,0.27887844717688737,0.1575269304350372,0.18027292603374218,0.13861339386770447,0.2559944404132762,0.3416063644547618,0.35453943597908655,0.15812520219691767,0.2560739228496893,0.27024450178260817,0.26184647326558147,0.15895181686692472,0.04223288036237676,0.764366369625802,0.7133305772155949,0.1704098851619566,0.5097059342552428,0.07738103434821925,0.885517225881238
IMG_0296,0.3099039534399533,0.41517437944673397,0.41126340581963516,0.5382959498245987,0.2683254223670216,0.3209903184799087,0.2765923694035493,0.395991279499617,0.3954076682173806,0.38106513176330137,0.44016079706283895,0.3918127443652141,0.4093418414061372,0.4035921329901654,0.18005447751849993,0.3605198895633367,0.16176269537805466,0.5204542651249797,0.18449027020632114,0.21945453040660634,0.14583087013925766,0.30990465920815297,0.4151794220300553,0.41126327707072674,0.5382954005339888,0.2683261813851333,0.3209905950987452,0.2765931258247304,0.40976115802286356,0.3708739337283248,0.6400380757120889,0.5625,0.37068062827225134,0.42345924453280315,0.3765586034912718,0.30990416582794533,0.4151759933935597,0.4112631873222994,0.5382959366157114,0.26832561689432743,0.3209906015801516,0.27659259879915216,0.12125062266953068,0.218725735739498,0.13757377726691544,0.3342106077976976,0.14562976023533739,0.17625556044299767,0.11233641721496698,0.2750951734938398,0.4597582269603194,0.3310295980482869,0.2587279328515127,0.2669949539203455,0.2845276355884283,0.2714332504528191,0.12243186244010439,0.013722355448974152,0.8447653429602889,0.8704939911424012,0.2909315765673008,0.6324273658456491,0.046723309326760214,0.8644439159314823
IMG_0297,0.5224460154752752,0.464939177093618,0.25054059050972244,0.681707704918177,0.4755771950539737,0.5395117100589124,0.4954612717752781,0.3521087653310113,0.36099166816389405,0.34889223876173325,0.2525861700041432,0.34964454962355157,0.35613097386364045,0.37276893121969934,0.2515582672006124,0.3406921450649586,0.3945360799984723,0.5761326869121253,0.24602660749797903,0.25100957679999936,0.25408197748240957,0.5224471549654304,0.46494331899467145,0.25054027784750854,0.681707416714719,0.47557855203748217,0.5395129516482038,0.4954616328355279,0.6304459175533034,0.28033865266569147,0.4597642234751409,0.6875,0.5926701570680629,0.6441351888667992,0.6084788029925187,0.522446374745145,0.464940517807515,0.2505402947453499,0.6817075283516694,0.47557754434680144,0.5395123445170438,0.495461319742587,0.18034264826684532,0.22111238734269006,0.3500765862919577,0.38600232726113926,0.1973408955290608,0.2032162680664047,0.20159237726355825,0.23520682264836695,0.35904123846351754,0.3010264990322802,0.13045431676129532,0.23311123690014818,0.24092359436851266,0.24653109275049956,0.2461985988671348,0.09322912040737778,0.6733323895141691,0.7225201096349727,0.1844973540276092,0.6895202029180645,0.14787222811293646,0.8924808003101163
IMG_0298,0.732048544557635,0.3527936815965744,0.4774426419824853,0.825256732501821,0.6866787846095577,0.8089981342732057,0.6653054156125603,0.3501711335704462,0.35954866402282115,0.3644674249500033,0.5595913670336863,0.3501648128554728,0.3531287537648137,0.37033821900313985,0.820549141924869,0.24923880433374201,0.3509522065365318,0.780004212043536,0.8376351295604181,0.8384222404156393,0.8037757236057684,0.7320491555827738,0.3527948217228196,0.4774420248446014,0.8252529739984342,0.6866798258989038,0.8089992761428039,0.6653074560303128,0.8254463606033807,0.11714074134685915,0.6993483195430914,0.833333333333333,0.7790575916230367,0.8667992047713717,0.7581047381546134,0.7320487681686967,0.3527940208108524,0.4774423866447859,0.8252554466731108,0.6866789905958312,0.8089988366406986,0.6653060134073829,0.7599567476065016,0.35454433913070155,0.30889847473168963,0.621195860099223,0.7953785120426846,0.7979383145172922,0.7522502179508552,0.2338164738248402,0.3669885616756303,0.31550005980167173,0.36064233771459014,0.23352034901161675,0.2385327666202093,0.24460252217169418,0.4153672115516698,0.17463066583770018,0.41841338755050084,0.2364277300198716,0.01628931646500975,0.19560431388782923,0.23792671339456617,0.8976906064311705
IMG_0299,0.597471746611423,0.38782278035745543,0.4128920523993078,0.7299650251658911,0.5334377515403579,0.6324306702473567,0.5549234324982562,0.41873281117510197,0.4003469034535154,0.36105379968764284,0.34571203913455895,0.4219141048371685,0.41412471196123773,0.4411988313114743,0.44151593015949675,0.31864946548079043,0.4184075678073582,0.4371427909689909,0.45004713866685847,0.4674942813428636,0.4221063752168176,0.597473079625968,0.38782695069335893,0.4128913030356536,0.7299711041652817,0.5334390725865269,0.6324322061729666,0.554924672199196,0.7099518075301888,0.1672967572508809,0.6416489712235482,0.75,0.6471204188481676,0.7276341948310139,0.6633416458852868,0.5974721627564459,0.3878241426193034,0.4128918675588089,0.7299671396126244,0.5334380836238359,0.632431439964978,0.5549237979530092,0.354468484893272,0.2605526088895936,0.3729150576657325,0.2642817625799101,0.3814117271574021,0.40052357647627623,0.35125095415813545,0.29442544898737016,0.46196460297515884,0.31231990026237133,0.1899981826409805,0.29211278233466614,0.28856459639958665,0.30298123655215736,0.29932367462042553,0.09038694969949965,0.6069858348473766,0.6130461442502968,0.16338370597723445,0.5311562358458876,0.15647420096668915,0.8404426649787544
IMG_0300,0.4027804992732134,0.2927054315378834,0.5918769057111151,0.5174459058534748,0.36706716787826577,0.44694853838048265,0.35656378525841925,0.47020175101473805,0.37772661802675245,0.4490859242384564,0.4959664354001845,0.4685582279988201,0.47491162164612843,0.4853896354559418,0.3603736846231752,0.29529120305306655,0.4562566265304011,0.39305018202814734,0.37949727812213946,0.4107263781576248,0.31977291312958167,0.40278141932675215,0.292710452998036,0.5918760037660089,0.517447760096923,0.36706836323478087,0.446949882687558,0.3565650069066151,0.5275880552660087,0.22340610465882604,0.7869224573478801,0.5625,0.4827225130890053,0.5566600397614314,0.4663341645885286,0.4027807917965795,0.29270702210182487,0.5918765492841267,0.517446489448417,0.3670674813130319,0.4469491787242261,0.35656415926382645,0.26835127985844426,0.20609173604328052,0.4095465523253563,0.23048506798011148,0.31544968490028524,0.3465948474800037,0.25841401968377387,0.3393033370459032,0.4982932980889083,0.39583060076003695,0.3040224719110873,0.33266472797672814,0.34166938625980475,0.34179589070611355,0.12424509320684889,0.00645409598247328,0.8106030217943575,0.7951170351431538,0.23934040881661917,0.5942180492263095,0.026958050464295388,0.7983110265490372
IMG_0301,0.3938790363139617,0.3759870325439467,0.5031216960093823,0.8208238194346218,0.3527979405564768,0.4135344623488425,0.3634332966582071,0.4608914833330572,0.41850751965050614,0.32135269443519743,0.43158459316584263,0.46253081665869333,0.45739842878484566,0.4838226518473085,0.38360742275604387,0.3354524060286104,0.36547587824750805,0.5518224090411352,0.4042882075710832,0.4137935441543076,0.363372650328606,0.39387992288645124,0.37599218602427054,0.5031212292667848,0.8208314749351255,0.3527991199102596,0.4135366265979699,0.36343407729496435,0.5092000813467877,0.2832638810703557,0.7205828512850552,0.833333333333333,0.4670157068062828,0.5228628230616301,0.47381546134663344,0.3938793119647546,0.3759887241975728,0.503121591529331,0.820826536727234,0.3527982507644063,0.4135353655567946,0.3634335335151181,0.3005082478016304,0.24862101391671404,0.32254659107052897,0.3628472321226075,0.33833793360750447,0.3494671713557058,0.2973042689653137,0.33394540887956564,0.5286704366248038,0.2756654770061462,0.25209502796342426,0.327308802574001,0.3260189745265557,0.3403858396922978,0.1451069434456233,0.01930307605767238,0.7950273838643628,0.8301295723263789,0.2869720779900085,0.6859707820334636,0.04678298149703705,0.7997099212911032
IMG_0302,0.4544474506854568,0.44495763300636515,0.7144952295611096,0.5668420386787756,0.3995181193764862,0.45305637250056463,0.4468511526605403,0.4313070597084312,0.46747843865229477,0.4454295878528416,0.38742253952324246,0.43399672477877427,0.41413303184798134,0.46544881936458493,0.410758195072526,0.356890851321375,0.4899618996365822,0.3954467917101381,0.43266968857592414,0.42830639227157413,0.41071294935903124,0.454448493842011,0.4449626132009521,0.7144943952695861,0.5668433255366025,0.39951936821427025,0.4530570831366546,0.44685215704147374,0.5654693276652902,0.2899774701034801,0.864391886944424,0.6041666666666661,0.5172774869109948,0.562624254473161,0.5610972568578554,0.45444778066509867,0.4449592730793399,0.7144947799622181,0.5668423449308757,0.39951844503150047,0.45305680706202545,0.4468514022135964,0.3317321929659412,0.26998820717673305,0.4426101331542447,0.23226994640929333,0.3649259213918409,0.36312141918414087,0.34064270975327093,0.3112802571741953,0.5505142120942772,0.3922994120762029,0.21921597075496663,0.30242287233601073,0.2885716498657247,0.3240396369119672,0.21351357902987306,0.021301477336649197,0.7160506935759997,0.8025941914962831,0.2719625419849849,0.6295551765010368,0.06963742271306407,0.8142784643244387
IMG_0303,0.5049466135896067,0.37121799842851355,0.2821343033712287,0.6623178009693853,0.45576597146945663,0.5427766021295048,0.4596311915053066,0.340654938269446,0.43497299693228464,0.3303970177204123,0.48578964422144955,0.34352758512091164,0.3425682085991079,0.36398884648365765,0.18948544388201943,0.34209030068851265,0.3668350792611985,0.313281779787685,0.21098606497421366,0.23171313145097833,0.16232272245832585,0.5049476870878445,0.3712218419278448,0.28213390993056375,0.6623181856918321,0.45576725100610693,0.5427785310280981,0.4596316769940656,0.6236724041055497,0.22329774782590062,0.5001830563081203,0.6875,0.5738219895287959,0.6481113320079522,0.57356608478803,0.5049469705101315,0.3712191651852348,0.2821338829498461,0.6623179117039215,0.45576630125253403,0.5427774598184112,0.45963129393206936,0.12265797982835484,0.18645059671833558,0.3238275064898164,0.1742376998985482,0.16769216153307848,0.1866782308227028,0.12559740070174993,0.2310890133728181,0.42338608738372385,0.2839619030003542,0.2954752012055914,0.22831725966027003,0.23017984122620702,0.23958865174751315,0.21449130150213727,0.03798442727299641,0.7106381528410267,0.6894713784246729,0.19624575129235794,0.6795532808243506,0.08961382925497001,0.8899236506845594
IMG_0304,0.4854697106447705,0.33087288691416683,0.48847508841314946,0.551691328859202,0.44514892390702643,0.5299829780851191,0.4401569431896243,0.346931821094201,0.42096710853710784,0.36177159783100277,0.4900527039273288,0.3449857740807193,0.34878491623483515,0.36675389580665796,0.20070979959546256,0.35410747529516795,0.3593719538287661,0.3960371241545615,0.22120578463856438,0.23702246360847207,0.18515497502737305,0.48547081775066575,0.33087717239344583,0.4884743546422716,0.5516919745604199,0.4451502656077442,0.5299839662404062,0.4401582077456787,0.60801959902963,0.21227871746253613,0.7085743574723584,0.583333333333333,0.5633507853403142,0.636182902584493,0.5536159600997506,0.4854700535918009,0.3308741948224201,0.4884749582435277,0.5516915383792473,0.4451492707176638,0.529983529175448,0.4401573039029073,0.13449570342065972,0.19418748888994836,0.31680171511965804,0.23271035779052718,0.17628336281435042,0.1912124805340159,0.14415289501747994,0.23553793333374917,0.4225364509716053,0.31298816727216794,0.29903955027023726,0.22945735257605226,0.2350863241561163,0.2417678797029652,0.18338679832251914,0.018562927435829112,0.7348104103253817,0.7132802912342595,0.1947982909175841,0.6981837577734836,0.05799675934213727,0.8857887650212644
IMG_0305,0.5234237887408659,0.36118188419471275,0.5102613830740066,0.5992726095478398,0.47727906734553827,0.55999115967229,0.4861560566365669,0.34371074130732165,0.4856612653732095,0.2939063338434824,0.6088006670406934,0.34285959420729223,0.3345887492962168,0.3749268207242596,0.21769145594466302,0.40488619109795454,0.3420253116206582,0.337421313694366,0.23611380491957945,0.2305843060933968,0.22470155334412267,0.5234249787541856,0.36118614641520463,0.5102625995727421,0.5992718495647762,0.47728070930088096,0.5599924748327145,0.48615707580681067,0.6424675303571066,0.20186231623119366,0.7262942080984109,0.625,0.5947643979057593,0.6640159045725645,0.5985037406483791,0.5234241553447593,0.36118321993916735,0.5102616337754471,0.5992723568499847,0.47727950351283255,0.5599918392501754,0.4861563457990058,0.1613495582001085,0.23934991830762825,0.3005457903369537,0.19063768028152872,0.18889824169969618,0.18571578538643574,0.1768425720833071,0.2373517248056605,0.4725312338692028,0.2506797160287597,0.40858755716014944,0.22779557769063186,0.22392657866030843,0.24824748442107397,0.22586358751424163,0.024972614500991794,0.684351478256766,0.7873178639737677,0.2354161931274968,0.7833884239145268,0.07697250949017016,0.8727679950860778
IMG_0306,0.33834603825382054,0.30758095260761453,0.6665293771965786,0.4411452435192009,0.30274240624281623,0.36871072941086225,0.30099174970946996,0.3809158268401356,0.4046897407946868,0.4218869422915963,0.2825651439258805,0.3841596137828568,0.38561096744343953,0.40182871058299274,0.17807545051764173,0.3413459053048803,0.38585122421692297,0.16176374744759325,0.19733847513439465,0.22596560389439097,0.13902699899064008,0.3383468747212646,0.3075863872576716,0.6665288354086059,0.4411465909387089,0.3027434802404452,0.36871116450999364,0.30099277732549223,0.45571600350365565,0.26656055006557755,0.8358351028776451,0.4791666666666661,0.4104712041884817,0.4751491053677932,0.40399002493765584,0.3383462994666444,0.3075827436642147,0.6665292260659594,0.44114544626602425,0.3027426918338743,0.3687110674086185,0.30099206862404015,0.11306740151634623,0.18505146933551825,0.34181792351702844,0.08194342483676031,0.15629030872124958,0.18178349024991963,0.10689968996341301,0.2618412227327187,0.42025214278930945,0.3696928239327626,0.148824002987254,0.26073465171521415,0.26478884841058115,0.26998583628851275,0.09925095146133148,0.0032418509636735053,0.8500048501818164,0.916889613678525,0.28373168374912977,0.5309405370624372,0.020793456258004103,0.8697323747689576
IMG_0307,0.293286947711927,0.2860033018757355,0.5318010220767393,0.24105839945108576,0.2727460069017185,0.3286703578144339,0.2557666552010237,0.3936105518192239,0.4083253542592731,0.4345345922528143,0.3636065438084053,0.39137072978567894,0.4008781413315905,0.4096268430475828,0.16768091797686008,0.34770737606607593,0.3711189828456658,0.3708146857045289,0.19144510833847367,0.2139682626636748,0.13509765221183218,0.2932876437223173,0.2860089101317562,0.5318009430817079,0.24105926208583606,0.272747156342621,0.3286701133772584,0.2557675297922786,0.4049262654632738,0.29729307914214553,0.7431353884454858,0.27083333333333304,0.3769633507853404,0.4314115308151093,0.35162094763092266,0.2932871521750333,0.2860050722716465,0.5318010256436443,0.2410587274102589,0.2727463267093509,0.3286704420819702,0.25576691724301653,0.1050974821856603,0.1852622138503402,0.32786940293688405,0.21420057625206024,0.1513916818489964,0.1716118519474948,0.10376901436760752,0.2734842754474681,0.4528655411035053,0.38180899835089654,0.20232507420521123,0.2666320127618696,0.27743248373567997,0.2764076923229445,0.07165493669044982,0.001657932912928916,0.8894315849083317,0.8739774486980632,0.29691874939860347,0.8217199816838692,0.013495090816452993,0.8610169047159795
IMG_0308,0.4382280002584012,0.2661336770859497,0.6181457333013487,0.49750713158040405,0.40969106214451306,0.49396820293540866,0.38159125216188694,0.3786286599472135,0.37486384013952745,0.4725782272452903,0.42515449770434355,0.3781224903391898,0.39179897731069546,0.3914296868203879,0.1773818775142601,0.3055007248375069,0.38949183316469416,0.2475205768021973,0.20267981981289432,0.23236428992165648,0.1347403632142251,0.438229020643091,0.2661385859094847,0.6181451278530647,0.49750327922478244,0.4096924007436392,0.4939690230267103,0.3815923165188661,0.5674056255640542,0.18291861802872933,0.804788753020429,0.520833333333333,0.5277486910994765,0.6023856858846918,0.4937655860349127,0.43822831735753104,0.26613525550697337,0.6181456971274795,0.4975058861843418,0.40969141261510245,0.49396869683198097,0.38159155751386,0.10468615727250351,0.1570425439680873,0.34527657595991146,0.1320508854672312,0.16074319770887288,0.18723363585677305,0.10348458152239373,0.2582328797529851,0.4041216908702131,0.41865438679721345,0.24717614122142056,0.2558314008485306,0.26988966649374413,0.2615071894219613,0.12918218767423256,0.008038014033217869,0.8020142673996996,0.8171449476688439,0.308681282804215,0.6357921494325207,0.03589510550498722,0.879407595230649
IMG_0309,0.4713425292118246,0.3090931454251755,0.5430316815019678,0.4214397226612503,0.43391007406207227,0.5166500565882604,0.4186464597891675,0.38119639094807745,0.4367141433613395,0.37927730429290296,0.32104742883182746,0.38184043913619514,0.38662381306302174,0.40668859679000635,0.176200995143111,0.3664854185285965,0.27086448247778483,0.2554596325180536,0.20087760102024263,0.21330244027966583,0.15332638769111046,0.471343608930726,0.30909794456383066,0.5430309939814939,0.42143990694293665,0.43391139474324397,0.5166507555570129,0.41864766924606533,0.597105969129715,0.18784516532758666,0.7516292011422713,0.45833333333333304,0.5528795811518326,0.6242544731610338,0.5311720698254364,0.4713428784801715,0.30909462657217324,0.543031460645881,0.42143981701942757,0.43391041804460223,0.516650510053259,0.41864681485097477,0.11627160982355653,0.19994586794772723,0.23493368117888647,0.13696046279269392,0.15923938163946808,0.17104913316396597,0.11834894948884242,0.2644563388165173,0.45306844934616297,0.32935159425921734,0.1734969618781071,0.25884738140503405,0.2656215357617219,0.2739815040632271,0.1692025501587789,0.010643337182106164,0.7589603831905808,0.7899546486189204,0.3365545346024715,0.777234788294923,0.051267574601688265,0.8624738526534992
IMG_0310,0.5813539525019937,0.22330387510052607,0.5812239620683366,0.729939767027719,0.5502254669704953,0.6728918385589397,0.4928145436734436,0.3779725268059235,0.2557988873320747,0.3479325629811194,0.19554817116384582,0.37559301291370617,0.4168298562912842,0.36881882518025155,0.2093612351067736,0.2272473340487574,0.2745446118779573,0.3024974401870968,0.23441405839697183,0.2972801427366489,0.132044884029638,0.5813551483963745,0.22330814253529918,0.581223321048864,0.7299415259823836,0.5502270864708466,0.6728933155770345,0.49281622250881507,0.7087151680621296,0.08821237722675068,0.7794537599765687,0.75,0.6638743455497383,0.7614314115308151,0.6059850374064838,0.581354335389636,0.2233051762533922,0.5812238389475786,0.7299404423229672,0.5502258765534451,0.6728925981516263,0.4928150829112029,0.11722272691133394,0.11261481002689328,0.23828513864314393,0.16707537569401432,0.18745499095795004,0.2435414780603739,0.10134120535397376,0.24970022057205232,0.2923923262680834,0.30013769946303004,0.09740150632121197,0.25378614857181886,0.2908567296715052,0.2433996311354465,0.191737033056716,0.0392278769576931,0.6871606511303546,0.7694093651988831,0.29335954495647637,0.6536914766552387,0.09466301289377896,0.9105025721310953
IMG_0311,0.6516744625194675,0.2622400960269624,0.17075531208710037,0.7761617206107285,0.6206608072679062,0.7306636747878075,0.5974470179324788,0.26081238614244506,0.21586663169642328,0.2905483854459341,0.2937356301027978,0.2615956630146168,0.2913332038321113,0.2601121171256338,0.7864800545927905,0.12903489740974416,0.02079267438305088,0.9039516724559822,0.7891042509423736,0.8523175494378367,0.6931147648507024,0.6516751446990953,0.26224165138490574,0.17075797978111362,0.7761690044657201,0.6206624217168665,0.7306652569836468,0.5974463423074942,0.7643085330559134,0.13572634085912483,0.34399941421981395,0.7916666666666661,0.7246073298429321,0.8071570576540755,0.7007481296758105,0.6516747046301118,0.26224049444301656,0.17075611721610384,0.7761640538982304,0.6206612153633553,0.7306644875036639,0.5974469020396441,0.6905063597327804,0.29276773977293186,0.017249609319505588,0.8131881876649246,0.738165293765005,0.8145448700453953,0.6260504114545239,0.1572335116674608,0.19809850533887663,0.2476425024932185,0.1558559546230312,0.1668782104167077,0.19087360394068775,0.1621619595293259,0.3033444572832244,0.0392278769576931,0.5250793725699935,0.3102834774163178,0.12028045758687972,0.1791473164148074,0.06653906002561313,0.9727777330414444
IMG_0312,0.5900835979546141,0.19756171859416027,0.5800380687411972,0.6377007802348702,0.5677032761490306,0.6894007067375396,0.5051522215881741,0.36535114468321306,0.19207712083165274,0.3874256301279184,0.2700555443995434,0.3579432267705823,0.40575716433754405,0.3488306976488258,0.4002648958349484,0.17177189269525484,0.3948297415419142,0.2522876728782637,0.42338629355579754,0.48331971786738376,0.3233872895610339,0.5900848843965019,0.19756632571481636,0.5800372764919484,0.6377009376283977,0.5677054033355146,0.6894022567545685,0.5051534696721032,0.7177255563514899,0.08232983975608132,0.7785750896975909,0.6875,0.6785340314136127,0.7733598409542743,0.6159600997506234,0.5900840078455913,0.1975631942470626,0.5800377527021121,0.6377009278728223,0.5677038478408032,0.689401495357802,0.5051526924966135,0.2796679409844089,0.1221232126444492,0.35035632644099746,0.13499301597777513,0.3561834978492383,0.41585242547303053,0.2616016456585706,0.2359380839680901,0.23386777974896222,0.3370095429240396,0.14107100797828848,0.23966329115184792,0.28151502182899135,0.22775593406967448,0.1818903173153842,0.035201468454865735,0.6693827684837809,0.7669055616007019,0.2595140609636016,0.6044225122318478,0.07770693620126964,0.9254353521488108
IMG_0313,0.4713693716979035,0.31670991528550374,0.6415714630826712,0.6776813380575568,0.43810802796745046,0.51656381943996,0.42098413812648205,0.35575253676624674,0.3651605608406592,0.3368590346798521,0.20572613803472217,0.35311086664701635,0.3711156739683257,0.36713778576834966,0.37153030360589734,0.31141557608800385,0.4201114854943868,0.36551327413131984,0.39245465252468725,0.40379011844890345,0.3477704759698491,0.4713704379846913,0.3167152304546996,0.6415711296728888,0.6776871266669575,0.438109379469467,0.5165648635073081,0.4209852653743792,0.5961705049179921,0.19602986249341925,0.8200190378560445,0.708333333333333,0.5570680628272252,0.6222664015904572,0.5336658354114713,0.4713697128170758,0.3167116122264422,0.6415712652006054,0.6776834326276853,0.4381083794172982,0.5165644643758904,0.4209844669378259,0.28295595205733315,0.2240420687073314,0.3745529452789005,0.21038961960596902,0.3273740808387591,0.3401165426729511,0.2832766089479095,0.23864834521269532,0.37296857898058955,0.2899091681520751,0.10312603538813198,0.2358411804587074,0.252965279866943,0.24207101898419814,0.16417495576007823,0.029309885424993333,0.7596472738045613,0.8513950063598503,0.378132774967262,0.7064774836209701,0.05943348159572564,0.892472373233357
IMG_0314,0.6097419415735763,0.29183531285675235,0.7909248487171578,0.6817540481108231,0.5746953189842255,0.6843764496302355,0.543932896027447,0.5033852958291117,0.34370462813492053,0.6030102847171506,0.40145230898882467,0.49695458984763685,0.5039224437031165,0.5143511954199655,0.3823837436108117,0.3284300872352184,0.30760432123055725,0.5010438542676026,0.4074101168895738,0.40562138561442657,0.37599556705203663,0.6097433480074423,0.29184046292964183,0.7909309476679347,0.6817554446552663,0.5746970665117165,0.6843779709691549,0.5439331754138249,0.7277000767987535,0.12493959072724048,0.9059822801493739,0.708333333333333,0.6848167539267016,0.7693836978131212,0.6533665835411471,0.6097423875185741,0.29183691120270217,0.7909269508374184,0.6817546746291492,0.5746957199826794,0.6843772269834767,0.5439329497274746,0.29674666016452966,0.23691707106330911,0.26859522917769807,0.31715241811657935,0.3412423945256968,0.3418246056198081,0.30874523319744474,0.3687796002184326,0.5225332993646186,0.5497154196276646,0.2294358711963172,0.35837922169574743,0.3682490356749724,0.3683219099992961,0.25535686870237645,0.04723628504603724,0.6106470666886891,0.7307561691009137,0.27164361685576194,0.7815205340498712,0.10203482100644,0.7680475212221884
IMG_0315,0.599768707107342,0.2797760342007318,0.6345565846272176,0.6866870723138301,0.5655281020959068,0.6820233942768169,0.5286075774128458,0.3785811324002286,0.3979122447468286,0.2658758662628369,0.20240128065793606,0.3744559154867045,0.38255306510728027,0.3936934429054273,0.3769483749981538,0.3705382181511715,0.4477820422467964,0.5517645069081287,0.4005667588934805,0.39187918668178723,0.37923588730034874,0.5997701178327206,0.27978110527379063,0.6345566844681474,0.6866938297860501,0.565529680324697,0.6820249092291534,0.5286095914896708,0.7197383255282592,0.12466568685288137,0.8156256864611554,0.708333333333333,0.6764397905759163,0.7693836978131212,0.6384039900249376,0.5997691535240104,0.2797775756352676,0.6345565060496052,0.6866893183386713,0.5655284122862883,0.6820241688705212,0.5286082660444456,0.302168097517086,0.27101753845232784,0.40129925480117246,0.36279290936831377,0.3348823664191815,0.3290472653533336,0.311695326639138,0.2601414825599384,0.43080872872084564,0.22545563760809317,0.10124798204385083,0.25286846827448456,0.2622800304969175,0.2633446757035508,0.23890365797490243,0.03921307398525624,0.6330562175398305,0.7684441280938492,0.2589836108973212,0.8083466349890482,0.09615481715069978,0.8691818057540079
IMG_0316,0.424243490230623,0.3284348722270929,0.47867063177271785,0.5779288238844469,0.38755769029341125,0.46307386510336457,0.3827974195837793,0.3761225861108991,0.445981257830697,0.3722605190517396,0.3326334046116286,0.3775621278918945,0.37303184382786025,0.40246716231534735,0.37561785575749446,0.372569313624841,0.33058215517318024,0.5051497887784051,0.39465604649115393,0.3948728447679749,0.3699775652591807,0.42424458268336823,0.3284402974530307,0.47866981365702843,0.5779313370305088,0.3875589644225722,0.4630749373576559,0.38279838697772206,0.5462765281450415,0.23807319351782485,0.7003734348685655,0.625,0.5047120418848168,0.5725646123260437,0.4937655860349127,0.4242438482460593,0.32843657546847926,0.4786704162845412,0.5779296725227141,0.3875580260728062,0.46307442963882517,0.3827977241085778,0.30213064975922943,0.27679240935398913,0.289878985909672,0.3207199784094509,0.32940827340526313,0.3318228332728529,0.3032803498061374,0.26105405490897815,0.4604502411690864,0.3227778565746937,0.18117906730393246,0.2553778251844882,0.2545182990693424,0.2705095400164505,0.14458818491075254,0.010939396630843472,0.78847439497259,0.8567993653355548,0.2595174513388491,0.7423509751237136,0.04055412495352456,0.8626835932306229
IMG_0317,0.6049674468596388,0.3095505681084063,0.4304077772263635,0.6117018098883635,0.5611318859147132,0.6696667025091746,0.5502048877389408,0.39719465133163706,0.38331086500868494,0.31393716949154515,0.4355379755615929,0.39339485373992505,0.3971267290600198,0.41193700961168644,0.41153583518938,0.2914455441597146,0.34429007936425426,0.3960371241545615,0.4307062605632688,0.451464263047681,0.38633944106833606,0.6049684809807989,0.30955355920384653,0.43040724905920325,0.6116949792352373,0.5611331165920953,0.6696682210321058,0.5502070707376148,0.7213889553492394,0.1527912222708282,0.6580508164311342,0.645833333333333,0.6722513089005236,0.7574552683896619,0.6583541147132169,0.6049678116078651,0.30955148122253107,0.4304076113765807,0.6116994718291524,0.5611323285778276,0.6696674740257005,0.5502055551811381,0.31630900978072596,0.21615813581001103,0.3026623099872139,0.23271035779052718,0.3630730426926809,0.38512917868738217,0.3181822459985181,0.27533521154449936,0.44852293639533924,0.2688865462244694,0.2551422388205848,0.26829540019213,0.2743073523277141,0.2783207104129055,0.27300112316879044,0.03230008585724013,0.60661879406128,0.4263945003283294,0.08629993322397361,0.17134689841648418,0.09377252050657083,0.8596882356135755
IMG_0318,0.6907301394006016,0.31330576316163494,0.3711987845756868,0.6732027407056642,0.6414535235497721,0.7680844121847861,0.6226312494134006,0.3907279234956354,0.3908222148980376,0.32347591667207043,0.4001287147756756,0.3899337851764542,0.3922522878325694,0.4071063643504469,0.42055356542813227,0.32779510964482417,0.3408922659231024,0.43967136365178794,0.439133321023491,0.44345807579106833,0.414173523849657,0.6907309812997862,0.3133083107748691,0.37119809962097383,0.6732032498515967,0.641455178147472,0.7680858525841193,0.6226310242529189,0.7949183195194032,0.11562767116767136,0.6004979131580873,0.708333333333333,0.7413612565445027,0.8369781312127236,0.7231920199501246,0.6907304092969517,0.31330651515765195,0.37119849237204683,0.6732030215272933,0.6414539356894535,0.7680851882262781,0.6226307784503124,0.3342347338202121,0.2507927172017416,0.29948753051182386,0.26628367857640256,0.37103938938686254,0.3774897474155382,0.34385741507494083,0.270063260143595,0.44338133862769824,0.27761047636366687,0.22846302663552437,0.2654532899116112,0.270264608214818,0.2743259720697954,0.35849285292953126,0.09399887497409479,0.4968028125811096,0.425339071394387,0.10322853654711028,0.3597876085264992,0.1692624060737089,0.8641592680053858
IMG_0319,0.5871443498573178,0.4519584876861331,0.5247011045350374,0.699040498239837,0.5296105908574024,0.5983455208369536,0.574116324387479,0.5052218737688993,0.4480322184046941,0.42470195790862353,0.6465787123537496,0.5088998605605406,0.4840480254494563,0.5399363783822919,0.3137046817785393,0.37412171732776944,0.4308077243007862,0.46538125726806445,0.32832265509497305,0.3204597537732536,0.3231405283710026,0.587145600252028,0.4519626103285692,0.524701034975481,0.699043160425914,0.5296119872851762,0.5983471078365227,0.5741177861763946,0.6934519651442743,0.2236465065767217,0.7375704766786263,0.7291666666666661,0.6450261780104714,0.6978131212723657,0.6807980049875312,0.5871447724576352,0.4519598675386818,0.524700920803395,0.6990412643533435,0.5296109380723595,0.5983462922514732,0.5741167198845418,0.24279327839095147,0.2516457659107952,0.3848589029950018,0.28704857252600935,0.2691652602821227,0.26410565189511076,0.2613837346846154,0.37886747349222927,0.617010106027509,0.37238389916682246,0.4481749207839277,0.3694398090367487,0.34995081761293195,0.39251406457211613,0.32196481815170047,0.071883234153418,0.587623122520836,0.7226732742753701,0.2421778081149321,0.6118366239838314,0.1473948507507218,0.7353429726606904
IMG_0320,0.5411874045774803,0.5073158649297187,0.6329395727483997,0.883340786314394,0.48045179693365164,0.5359466014384949,0.5345283454767306,0.378084004937504,0.47808747671507024,0.3099339362326532,0.3463255152941085,0.38325622348231353,0.368129081238671,0.4068430493407559,0.30757123732366887,0.4109640615707656,0.3283495332521116,0.803646595543098,0.3206925745675997,0.3089017918172027,0.3212778913192952,0.5411885096963636,0.5073201310408435,0.6329388125113176,0.8833459894766098,0.4804532173193375,0.5359476341135675,0.5345296009676961,0.6449485596886568,0.2812233073584881,0.814454126089185,0.875,0.598952879581152,0.6421471172962226,0.6433915211970075,0.5411877603535697,0.5073172798064054,0.632939314655879,0.8833425006650653,0.48045216690834436,0.5359471565069189,0.534528716705434,0.2472398148991839,0.2882275397716753,0.2878030195404824,0.6543416954469549,0.26237296386700254,0.2538210904008578,0.2597404689871686,0.26580167777230645,0.5126832091294646,0.26523575419689926,0.1904156242376604,0.25999895184585403,0.25055073787903737,0.2741088568470441,0.29607537351422547,0.09432454036770582,0.632647229235323,0.7753474937195866,0.3113219828741803,0.6662915359466648,0.15914567812831354,0.8616517444985234
IMG_0321,0.42069195520041086,0.32936849049129635,0.5297880072888228,0.5979113057183545,0.3853032726263204,0.46900319759927644,0.36289264269003,0.3166677354959673,0.3435881362033184,0.18709927034968565,0.38806681881690563,0.32146977228999235,0.3463945777286263,0.3150033256448398,0.4023515989972315,0.273571726796617,0.3579422210985892,0.5776987376257758,0.4178269835959802,0.4591651583912508,0.3496923529675021,0.42069284859401557,0.32937286443460634,0.5297873468648655,0.5979083246185075,0.38530452947974814,0.4690034546482189,0.3628937449578028,0.5429142515721208,0.2374030190271147,0.7415244929340264,0.625,0.5026178010471205,0.5785288270377733,0.47381546134663344,0.42069224190136867,0.3293700057500366,0.5297877427177609,0.5979102270500345,0.38530360279939013,0.4690034916127207,0.3628929637650933,0.30491889881836765,0.21326337835006176,0.31545803252011506,0.3875240402476695,0.3509695300517466,0.3925081469944862,0.2849977227824647,0.20611029105458814,0.327790020773401,0.15610859627913554,0.2196808745327697,0.21127626521335274,0.23319615737974708,0.20202693335818425,0.14365571240414685,0.023122242946383632,0.8044629537869433,0.7532093211063815,0.24861044177537633,0.46835176421441743,0.057904956003249845,0.9244550022191302
IMG_0322,0.4918686918093542,0.370790632898498,0.5954191432713989,0.7377320124718096,0.44299332714129347,0.5317004975308542,0.4393608512802527,0.5023414671959804,0.432715455821993,0.462464041330237,0.5813534285769375,0.5082012898346201,0.5050550126227349,0.5189736967144927,0.4266169245439254,0.34770799624790005,0.4190847101042454,0.477064561147615,0.4353987624646698,0.45718975437487763,0.3979850527938261,0.4918698058340521,0.37079508789696836,0.59541862436883,0.7377352307493616,0.44299479350026205,0.5317013744978184,0.4393618049477831,0.6116789865589747,0.21610267814978368,0.7894120231383173,0.770833333333333,0.5612565445026179,0.6381709741550695,0.5511221945137157,0.49186905356076704,0.3707920246584777,0.595418942475729,0.7377330214231548,0.4429937224921081,0.531701021359952,0.4393611183464754,0.34856104279787314,0.2921197073192005,0.3735657182709322,0.29673981947864436,0.36750443767600904,0.39061240113859136,0.3288744004855938,0.3748282658694694,0.6091395430705602,0.40879978266871975,0.38136708522034185,0.36878886262706795,0.3693037045236554,0.3726390165308292,0.2026244980081935,0.04960476063593569,0.7305946847250734,0.6696177579176343,0.19842323416112223,0.4807210710677275,0.0960538334779236,0.7638910996960635
IMG_0323,0.6802117159599625,0.31745272704806804,0.48681873009144017,0.7306632479593622,0.6277715153487285,0.7638417021262074,0.5989606011274288,0.3673816814564547,0.4408353287392677,0.28586252715289007,0.37677076871925275,0.369173301962725,0.3721064284065699,0.3836277747145104,0.46421755465065606,0.34707532218999504,0.3091616917854756,0.553100564963231,0.4736024834206463,0.4912733706455038,0.43744989108110255,0.6802129793128288,0.3174567155833474,0.48681840515507746,0.7306625307971846,0.6277731572008387,0.7638434690526631,0.5989614289971305,0.7860735341847458,0.11832163455165734,0.7072563520538917,0.75,0.730890052356021,0.8330019880715706,0.7007481296758105,0.6802121179594742,0.3174540231419962,0.4868185588942704,0.7306629732260266,0.627771919474755,0.7638425863559182,0.5989605361981732,0.3863484653423246,0.30590536434871723,0.27003215849358764,0.3640430930666635,0.40401367572740843,0.42360609971104096,0.3656485523516758,0.2539231329855644,0.46502270810263935,0.24341125631974725,0.21159156615262747,0.2486194126210565,0.25376792918125424,0.255208885828787,0.3345232996921386,0.11050418924119962,0.5313033356142297,0.5069484903738966,0.13716811781910265,0.43445360315156417,0.18945914062894467,0.8753307627628077
IMG_0324,0.7664514137626139,0.32691385717343446,0.4982476025112339,0.7787037874907643,0.7177940405685852,0.8526380166212552,0.694987603005378,0.36024350473341826,0.41820937736252417,0.3277368638022198,0.37673502767814426,0.36478283554294666,0.351869115124103,0.3920160293122023,0.6844296873501694,0.2982925286917154,0.393642615225283,0.7424973647796675,0.701580033138034,0.698225246749266,0.678667923548045,0.7664520834086994,0.32691547247347597,0.4982470233243208,0.7787071639823244,0.7177944652563988,0.852638903715272,0.6949888284237384,0.8543405672287867,0.09691388437148274,0.716628835029655,0.8125,0.8041884816753928,0.8986083499005963,0.7830423940149626,0.7664516408236106,0.32691434567819555,0.49824740438775317,0.7787048406351684,0.7177939856056135,0.8526386397786767,0.6949879994146944,0.6105712525466471,0.3396389921515454,0.34922574229293923,0.571487836455223,0.6391675400795116,0.6377896375388254,0.6102217954045671,0.24582074825334205,0.4230854918806778,0.2815184822735839,0.21156622985118695,0.24510558255909445,0.2375318230231837,0.26198264532262094,0.4598608563556001,0.16896112739438077,0.3649355450162416,0.2664696824838184,0.05068769021118502,0.23935613875946657,0.25205983741628685,0.880148241643617
IMG_0325,0.45507961558983845,0.5834622260317412,0.31470385032443904,0.8682616778256391,0.413080733909625,0.4207821475675987,0.4746025255901727,0.3541447776446129,0.40927587402802756,0.3452874118109299,0.3266230312447238,0.3520077090277324,0.34603398007884245,0.3895363209317443,0.13908124351583862,0.3929672710117048,0.23905316559769219,0.5629495831315738,0.13477030645326987,0.122673240548341,0.1641503765034525,0.45508052338166916,0.5834654971417739,0.3147031729582972,0.8682696089442081,0.4130818913088109,0.4207829630924818,0.4746038542642418,0.5462753972580157,0.4284160819813856,0.5389909936296404,0.875,0.5319371727748692,0.5288270377733598,0.5860349127182045,0.45507989656893466,0.583463347363234,0.3147036580657785,0.8682644016256944,0.41308102398199537,0.42078261149558094,0.4746029485070762,0.09244349190758558,0.22117027048102228,0.20614911725580853,0.3733379444312017,0.10503384326505198,0.09617797750851576,0.12707428195861445,0.23989533963563364,0.39728592646760985,0.2976900548263508,0.17717870825730447,0.23497133108699517,0.23291139733109817,0.2599737718532089,0.2375897929006036,0.07364478787340496,0.6921563384011179,0.6677847416301088,0.18764988583198677,0.6439691733182806,0.13287156253872953,0.8788701350017696
IMG_0326,0.6942818684629339,0.5392177887465299,0.7094186922680854,0.8618966270062649,0.6098766130761141,0.6965589319263981,0.6803248397564998,0.5107957731809868,0.42369209052080326,0.4230579901218572,0.630037664473452,0.5128948986146084,0.4929254614207891,0.5419417564309499,0.5201290193350446,0.36945919037477826,0.482162755812201,0.6391127023275582,0.514650875723498,0.5143169032570246,0.5289568061273214,0.6942832713461454,0.5392216362105171,0.7094216220576648,0.8619032711420314,0.6098785278225083,0.6965605139472641,0.6803248222053244,0.7810520274336062,0.20066341995484138,0.861462986014498,0.875,0.7162303664921467,0.7813121272365805,0.770573566084788,0.6942823074739536,0.5392189288872042,0.7094198116158039,0.861898896796041,0.6098771299704793,0.6965597319036043,0.6803246624323088,0.45237835262871223,0.3535269263305177,0.4349217993258341,0.4502773818679686,0.4441193861063998,0.4462598062670255,0.4542643390924471,0.3819060139719352,0.5916198728366342,0.37081171543652314,0.43052662500377986,0.3731719492133746,0.35807572147229677,0.39444135460071117,0.4490622752652375,0.3408088344139503,0.4790747426126488,0.5909359979982489,0.17625311070520472,0.4356779745997856,0.3806763151975837,0.7326725256698121
IMG_0327,0.8393837117119306,0.4484458015414394,0.5031174652090713,0.8562243080807592,0.7815119457198343,0.8805854920037021,0.8174614610083928,0.17101726538212592,0.3989427677293098,0.30912478802367294,0.26872536631040056,0.16905473231424545,0.17263837678464494,0.19902251297918566,1.0,0.24653436859399247,0.3557029809199417,0.8241264453314994,1.0,0.9962319393054977,1.0,0.8393833822491097,0.44844530907729063,0.5031175625416386,0.8562309956514214,0.7815120476904418,0.8805855456501717,0.8174588366828278,0.9005830716169583,0.13157439940213556,0.7205828512850552,0.875,0.8523560209424085,0.9184890656063618,0.8765586034912718,0.83938358182736,0.44844564181357316,0.503117579552486,0.8562265747850724,0.7815121071624578,0.8805858665034729,0.8174604903573338,1.0,0.4529846634167109,0.3133546862286738,0.6842763210113191,1.0,0.9950544756104878,1.0,0.10285388129749229,0.25077495839397457,0.2644983484512258,0.14025425932945307,0.10316284070641796,0.10693211409081471,0.12033536866462241,0.6469710804237336,0.2617905675459632,0.24645740098419366,0.1417374394758909,0.07872118033788078,0.09458908208096725,0.4491753765084436,0.9611923751809481
IMG_0328,0.8465097931561452,0.566942076018849,0.4712959237508243,0.8652770444376308,0.7885184668864791,0.8482758449302515,0.846815554184474,0.4661439527587578,0.4579302930638971,0.5070298709713663,0.5252851406151313,0.4663160985025366,0.43305934644005806,0.5209287674446195,0.694389888312421,0.3536943456029663,0.42128575348200714,0.6856019209503921,0.70024587942387,0.665377112262723,0.7287614930734879,0.8465109052012718,0.5669446449413302,0.4712951832206147,0.8652848481511732,0.7885202520247699,0.8482779565145133,0.8468179517075226,0.8967869109005342,0.18747420730056363,0.6942227429157208,0.875,0.8565445026178011,0.8966202783300198,0.8977556109725685,0.8465101553373566,0.5669430021204918,0.4712956733929894,0.8652797961160177,0.788518920696013,0.8482768497766217,0.8468162110208663,0.6417581929838606,0.40628613654027174,0.3756822379211924,0.5021431931751358,0.6376984965326111,0.6021119578868808,0.6657301493232557,0.34180396719924655,0.5634805845314359,0.45254792915035846,0.3294101400997686,0.33066830260921615,0.30474449102674794,0.37447195892457574,0.6785200029089263,0.5890842881250554,0.2372250143539164,0.3576182713882512,0.09770251221346771,0.3844981488155353,0.602652198460458,0.7576541265522208
IMG_0329,0.7144999823637187,0.5383749574468162,0.36737985267507156,0.8114425076455287,0.6495856298535265,0.7016894974725839,0.7215736019551441,0.46520816929407555,0.39488322788717123,0.4800012535629443,0.6648475574055199,0.4631487194654548,0.4421852627730445,0.5071781101459548,0.29769154118160296,0.31755440157437587,0.3283964283343872,0.49618680790119063,0.29282252299491174,0.3073768793621106,0.27979741541232295,0.7145010387148423,0.5383779763187075,0.3673790643532828,0.8114478696240557,0.6495873401585436,0.7016910354293393,0.7215755684514431,0.7961176208187,0.21658429415421654,0.5965438969026872,0.833333333333333,0.749738219895288,0.7852882703777335,0.8029925187032418,0.7145003361054081,0.5383758790649318,0.36737945514071946,0.8114444275088113,0.6495859629017415,0.7016902863543226,0.7215741804963318,0.21751949281418972,0.21960904259348984,0.2878466724353923,0.3129597659745331,0.237797005942519,0.25246876162879295,0.22358782601898505,0.3359300272319697,0.505320586443327,0.42591439868640846,0.4682653930721094,0.3278562615471846,0.3126576422657096,0.3616686874575146,0.49770437227793174,0.24516682949936344,0.4161377346767027,0.5225745130693669,0.1373961636524938,0.5459936676662472,0.3428395690751273,0.776565423142251
IMG_0330,0.49571676158773026,0.4989055041571966,0.42916011421468525,0.6242893677734269,0.4442220703899829,0.46056141533372164,0.5217484756655638,0.3722064853790745,0.3792037311867089,0.5211974660025227,0.3600757051683896,0.3756771599522069,0.36040168465116407,0.40329025977943367,0.27438692412435395,0.28816814901197285,0.4190847101042454,0.33417071487858596,0.27835235473851827,0.30649427321717215,0.24550987716680428,0.49571771088126315,0.4989093835688483,0.4291594342863623,0.6242920637635341,0.444223264862551,0.4605622950790891,0.5217506444677831,0.6004011434337236,0.30884380924283783,0.6568792560591638,0.645833333333333,0.5633507853403142,0.5685884691848906,0.6309226932668329,0.4957170690014011,0.4989067678691983,0.4291598865777675,0.6242901787108996,0.44422237358689265,0.4605619182424094,0.5217491649984851,0.1880130613162557,0.1784853132969903,0.3735657182709322,0.18839895762829384,0.22518021647901365,0.2516865203803128,0.1943298479807741,0.2528784026946346,0.3885802922941787,0.466634224074419,0.19986840741518924,0.25385408888015165,0.24433701255819654,0.27118525744677124,0.2590641337459699,0.02916185570062468,0.6447910358153158,0.6695212226736491,0.1714487765874017,0.5172456717446835,0.0857626791886421,0.8763204761111101
IMG_0331,0.46517548661274144,0.5918405805523757,0.5836190181243253,0.6631047567004349,0.4006225765128002,0.4050413828892664,0.5062042303672721,0.38356477716184795,0.41487609898890554,0.31310801761856033,0.4355379755615929,0.3889805380096136,0.3718614525213917,0.4148292555838267,0.2732352775413963,0.3360457428393918,0.3352194737123755,0.4315963052514271,0.2797486795432304,0.2892494035150557,0.2635469304276459,0.46517635033314814,0.5918445116217297,0.5836193849040363,0.6631018611119814,0.40062387601228483,0.4050418324079074,0.5062040459733812,0.5591106498745747,0.3806360654381872,0.7812111005345244,0.6875,0.5193717277486911,0.5129224652087474,0.6184538653366584,0.4651757570770759,0.5918417574347654,0.5836191714866619,0.6631038723377265,0.4006229168476077,0.4050419121747662,0.5062041538479286,0.19770510533082533,0.21703645353476114,0.29419623138617323,0.2599157507305375,0.22639352913925445,0.23647386651593383,0.2096516933963882,0.26493357669236506,0.4344090944077057,0.26812979941763393,0.2551422388205848,0.26467234393115197,0.25356935113840784,0.28072267148880564,0.2693180991782283,0.0650146549427125,0.6600546890771285,0.7894851205684252,0.27625401001660504,0.6720596803589457,0.12832729726380146,0.8634233033017287
IMG_0332,0.6245841107278394,0.52492135515086,0.3082173988278143,0.7646341259849576,0.5708671370081801,0.6007674494193161,0.6457294090699458,0.3597491293747489,0.427712988584074,0.472814603874943,0.2576726844860837,0.3642041560403454,0.3398264360001214,0.40029700362637544,0.3091671373680729,0.328084114374818,0.5440411950606623,0.3745670132356196,0.31776930155926475,0.3191860112831952,0.3108400717487595,0.6245851982755161,0.5249246922754647,0.3082167361746131,0.7646352702552717,0.5708690900704909,0.6007685724958944,0.6457316074301979,0.71946890134244,0.25379975636971175,0.531522296258329,0.770833333333333,0.6827225130890053,0.6998011928429423,0.740648379052369,0.624584466378213,0.5249224558652408,0.3082172033202393,0.7646344222734918,0.5708676810550974,0.6007680655873343,0.6457298499152703,0.22795664461350873,0.21387089722652458,0.4965511630009427,0.21691460188454337,0.259778016610662,0.2629693261897615,0.25056380077576945,0.24588628669153376,0.4201044818404448,0.4188851456648677,0.13352070338084737,0.2446436358902208,0.22802558835366266,0.2687309383904987,0.4000404017550523,0.08519110637415993,0.5050599194083302,0.7281128103710452,0.25104237517967193,0.575317119280119,0.1887568450864558,0.8745133363171427
IMG_0333,0.7511103921555934,0.3243894666399194,0.43414801624119637,0.7339461470137851,0.6986420015974827,0.8288942405787955,0.6855701213842956,0.4037094549853533,0.34068445015723303,0.37071240215499457,0.41584748357205337,0.4056510414009736,0.4010039520370601,0.42565820621799044,0.7160809847923337,0.25568302506974283,0.4508226588717461,0.47654855888323766,0.7291802804739513,0.7319059148253186,0.704442478135775,0.7511116332825677,0.3243931099467474,0.4341475907641401,0.7339503947516004,0.6986438292949277,0.8288955073697901,0.6855722945659984,0.8430646106008852,0.09008767462006495,0.6614190525005491,0.75,0.7895287958115185,0.882703777335984,0.7755610972568578,0.7511107991906137,0.3243906791746618,0.4341478679716779,0.7339474972237658,0.6986424619228861,0.8288949890047949,0.6855707488085935,0.6345630470107342,0.3065412473488322,0.4042552531997057,0.29630836332595667,0.669823626410132,0.6750766170246381,0.6385625851962515,0.27715354667877345,0.3939972057425545,0.32133038934223057,0.2401375952058164,0.27844312115642234,0.277537502009292,0.28978444374385953,0.44631172378128103,0.14033217870148326,0.3944705305574564,0.3942782511343035,0.08631010434971642,0.30730553235460567,0.23075687262745745,0.8632706795781966
IMG_0334,0.5281201421788112,0.3439389263266861,0.7222426710903913,0.6935351026622518,0.48928565925174844,0.5748253586473178,0.48688016840479453,0.44345991873638746,0.3918739285334465,0.5272790799514777,0.47874442663140204,0.44090330046708914,0.43726718432370315,0.46725044837825996,0.2445552075618686,0.3672448754708123,0.3155630596091332,0.4489925298169055,0.26461643347237346,0.255960033221701,0.24969624887237596,0.5281213402478678,0.3439435054259996,0.7222421855035743,0.6935375184607397,0.4892872370907074,0.5748264905176143,0.48688238965840447,0.6479496235198575,0.19838792646340853,0.8687852383393131,0.7291666666666661,0.6073298429319373,0.6759443339960238,0.5985037406483791,0.5281205486675221,0.34394036163149644,0.7222424543377768,0.6935359424095915,0.48928606405263264,0.5748259733369674,0.486880861783494,0.17690298076982436,0.2193907681891642,0.2759467383021863,0.27372454418203507,0.21329259917011173,0.2074852706310012,0.1978724167938213,0.31592819992365817,0.48104827387155,0.4727075395902629,0.2896354440280103,0.30837634045754064,0.308383755256724,0.32562737459447866,0.2150262207390289,0.026897000917784287,0.6857108400252735,0.7389352531659841,0.23260516979933027,0.832998980399521,0.073649228622445,0.8139020548958507
IMG_0335,0.5140839741952802,0.38903994118646046,0.610720044135709,0.6874037445299659,0.4722804159029873,0.5507638775322704,0.4760446357447775,0.4414231986876936,0.37472128483801415,0.3287967246000558,0.4434593189356506,0.43948558561265516,0.43750966813672104,0.46060726002288355,0.23197854483349148,0.3531950106372258,0.3596402769003335,0.4517028882661194,0.2515142669146749,0.25196235447882187,0.22580806430117023,0.5140850661779295,0.3890444307026,0.6107193042924943,0.6874048775887864,0.47228187519219583,0.550765230532308,0.4760462555583198,0.6301432177686349,0.23469863281222902,0.7998096214395547,0.708333333333333,0.5905759162303665,0.6540755467196818,0.5885286783042394,0.5140843255869175,0.3890413604682237,0.6107197103498612,0.6874040862000572,0.47228080525245075,0.5507645514959397,0.47604510738596106,0.16291508899867127,0.20873699084550218,0.31705381704529323,0.2759066630321956,0.20203346654680338,0.2040371127142826,0.17776741752364758,0.31292213662341173,0.46600242677923387,0.28249176004101173,0.261301389578997,0.3071506640957643,0.3085939539525949,0.3197890776832979,0.21920376221143048,0.04590401752671936,0.6959840494561241,0.7822354044795006,0.29123199829262997,0.8085924145722809,0.09379547134129268,0.8223796941158406
IMG_0336,0.5232433636391138,0.4131242353955189,0.536523229843727,0.6365538411258718,0.4792361502669375,0.5480165845349012,0.49114446353757213,0.4311714305647587,0.31979284606956737,0.5202802980079184,0.24489714339728907,0.42841334173806345,0.43512611793124056,0.4438528280345546,0.23959245573722865,0.28822467415536224,0.4439842969547887,0.29662481733896895,0.25832366167453436,0.2791628643632681,0.21119093127044347,0.5232444743763379,0.41312881419963854,0.5365231209584933,0.6365555883876639,0.4792378627349816,0.5480178100571319,0.49114554775282104,0.637132072972545,0.2358732993907754,0.746650069561397,0.6666666666666661,0.5968586387434556,0.6520874751491054,0.6034912718204488,0.5232437175621268,0.4131257188651256,0.5365231223902778,0.6365542698149271,0.4792366186631085,0.5480172131004175,0.49114484915935186,0.15550165710700528,0.16011635573304545,0.39761200583760603,0.1632166015068186,0.2078753458564408,0.2276383072640325,0.1655949121137604,0.2996444908113123,0.39977230581235434,0.46571963642362,0.1258570795721688,0.29764205630769447,0.30652996382679887,0.3052580135179837,0.23454350056966478,0.059833614589809625,0.6784237695613077,0.8234038223227891,0.32705648454231667,0.6884780242831747,0.11344138586320386,0.8441702419320105
IMG_0337,0.503770861507898,0.3466917717414648,0.517359608295584,0.5954722481148642,0.46420236303791323,0.5416901995171535,0.45909543951151655,0.4491700911967014,0.3273201739378653,0.5647817825298334,0.22004983053573435,0.4459196404856758,0.45921067144756866,0.4594964556780072,0.22250694625950548,0.3031414645815268,0.3968672194109337,0.3353831586125251,0.24338520413907475,0.262885409347042,0.19290739421786074,0.5037718765504182,0.3466960689251528,0.5173591230096033,0.5954773494082461,0.4642035820859177,0.541691051378777,0.4590970730924713,0.6252792569677161,0.19709272052231375,0.7318591198652705,0.625,0.5821989528795812,0.6461232604373757,0.571072319201995,0.5037711852463249,0.3466931629393424,0.5173595502646902,0.5954739573619667,0.4642026654510537,0.5416907134651124,0.45909594578759116,0.14346680814426477,0.16659159874983515,0.35229797621046366,0.18923297664911487,0.19508698647420522,0.21347536891404628,0.15050565396024482,0.31609962867264,0.42205906412842187,0.5105208703388597,0.11130718786099619,0.31272826698620354,0.3276250163364762,0.3188170987656157,0.1991030810378403,0.0344465168605856,0.7164426407011529,0.8527137446868853,0.37993760387872716,0.7321256500819316,0.07734890317960864,0.8274237677272924
IMG_0338,0.44952320445813476,0.319581553135174,0.47077405453247767,0.5823615173156615,0.41800644550084204,0.4889977904373499,0.4057775656155683,0.4352142775809633,0.188638455788394,0.44874536185878044,0.28986054880368606,0.4333901343653408,0.4663787795486749,0.4271119617354976,0.22414175402779446,0.17224261069968694,0.5259013074084211,0.2202971483603462,0.24389201269825975,0.30738785711741146,0.14295483548986876,0.44952403584890044,0.3195861087733105,0.47077366208250826,0.5823569360399619,0.4180078822423338,0.48899846111417045,0.4057787481351125,0.5733693781229197,0.21812944499474507,0.6937834077762319,0.6041666666666661,0.5361256544502618,0.5964214711729622,0.5187032418952618,0.4495234734251803,0.3195830047240149,0.4707741164031316,0.5823599078659494,0.4180068279311528,0.4889982399805948,0.4057779372593735,0.12031929040276282,0.07654590017380652,0.478333440958814,0.11557664427394865,0.19551915925390204,0.2524784399739411,0.11003594892970778,0.2941036746757435,0.2721108773006574,0.3955015804092392,0.15340475422681304,0.3019020203526873,0.33400772757211267,0.2910092487119317,0.1476328611714893,0.020857388163543236,0.7768326477535795,0.8366177326016415,0.3125842942820431,0.6460038810025426,0.05502233116218437,0.8765152352184391
IMG_0339,0.8408165109411656,0.2590171074955103,0.3026107422558373,0.7885975100307756,0.8016642511583192,0.9518739591964389,0.75617083566676,0.4144333760329922,0.2518798630494563,0.20643581215959372,0.58557204711986,0.4145506089692131,0.4289908439451694,0.42119755560929095,0.929985201838502,0.1580237906177565,0.15692077813312588,0.9612893269940823,0.9405652730108993,0.9816310673488516,0.8666219706103292,0.8408178614168061,0.25902013718227157,0.3026111595933658,0.788605019681206,0.8016666278169733,0.9518754028933072,0.7561725395777613,0.9142139901553284,0.05265908581688583,0.5249322691659953,0.8125,0.8670157068062828,0.9681908548707753,0.8304239401496258,0.8408170051968928,0.2590180154255213,0.3026108304044386,0.7886000679739502,0.8016648594574374,0.9518742465607388,0.7561715188132626,0.8751141059239094,0.3452421538551372,0.13334073796639512,0.9199079841818559,0.9226223487683052,0.9760016083649938,0.8280688796488539,0.2809231683623861,0.3442431671130607,0.17292331469329314,0.38547078514031125,0.28589433515369095,0.3012409452141881,0.2860385658762945,0.575897929006036,0.14302631968499271,0.20643291412032116,0.33678591960228865,0.06545892306109397,0.19609061252114363,0.23850048426261264,0.8804085446812973
IMG_0340,0.7811924385137805,0.3313901161514061,0.29508076386253457,0.8444586280482183,0.7489533022445709,0.8640982474423081,0.7227854601748881,0.40184421646192825,0.2743453547227477,0.5366269588379604,0.5034873380307721,0.40182757508366984,0.41062997014263924,0.41525351299345453,0.8385936257611898,0.17795563706516682,0.1822479044232841,1.0,0.8491721131620167,0.8835856943489422,0.7855952862509942,0.781193773343176,0.33139338063464074,0.29508139847768877,0.8444664930437091,0.7489560446558402,0.8641001202340329,0.7227879683620569,0.8637815708951155,0.12223628740387682,0.5158526762832246,0.8541666666666661,0.8272251308900525,0.9065606361829025,0.8054862842892767,0.7811928738250902,0.3313910967642204,0.29508089695401596,0.8444614011154163,0.7489540378450692,0.8640991981636426,0.7227861758600318,0.7618537120477628,0.3098865047010532,0.1555641942941275,1.0,0.809234311442677,0.852425857964676,0.7308941448788927,0.27156953906693376,0.3510330595202116,0.4820746155908515,0.31042535441863145,0.2752633487291843,0.2856128829694303,0.28107562830402605,0.5077126950394726,0.124641027918406,0.3050030280864853,0.41403879644194386,0.13026672168268805,0.2661651273440082,0.20462964238009337,0.8827325451831765
IMG_0341,0.533514614928643,0.2338140306483456,0.534610696563194,0.5319234313817653,0.5160535258506853,0.6084141761780059,0.47757140356049277,0.29242884420631354,0.1527830778018222,0.36285846357524476,0.28986054880368606,0.2852272991001631,0.33437785768964823,0.27331243374823544,0.3177466615593084,0.12667785208884996,0.36808366082677946,0.17054224943592544,0.33653562111037205,0.41391116488297874,0.2254077169245382,0.533515697506633,0.23381839673708238,0.5346099365995021,0.531920569986227,0.5160553066638599,0.6084153387894259,0.4775729493731382,0.6620348685350672,0.14214057806712188,0.745185619096434,0.5625,0.6324607329842933,0.7057654075546719,0.5910224438902743,0.5335149621714146,0.2338153093885842,0.5346105036106881,0.5319224794019051,0.5160540721973226,0.6084148115978573,0.4775718319881628,0.19449122029913776,0.06344578645861632,0.3250051014477777,0.08683906241967487,0.27650761214938563,0.34957742750355836,0.17743277422524753,0.17738766210631007,0.15858220878931706,0.31400057178401486,0.15340475422681304,0.1840865301046708,0.22376199778375233,0.17154395195309516,0.1659170794379308,0.007549515942801313,0.7066229888131211,0.7767025625147881,0.24794385952330694,0.6020831393924209,0.030882643201733246,0.9623468846969905
IMG_0342,0.4528364721730527,0.3330155618602628,0.34051278992087974,0.6860250894577362,0.4411238201023462,0.5124333196751,0.4190772137453672,0.4681056582628685,0.3365600918473155,0.22597972528634802,0.3438525644432131,0.4837045477758694,0.4690317850564918,0.4981663758833337,0.4141350328011585,0.34092409306714255,0.31032820695707475,0.7059858955790239,0.42494415082552417,0.4156626011662035,0.4190263911801645,0.4528372313552442,0.3330184654554238,0.34051240509528125,0.6860296385106772,0.4411253522605836,0.5124341693138407,0.4190779217115559,0.5709192077147197,0.2906009448973018,0.5679871128359083,0.708333333333333,0.5591623036649216,0.6182902584493042,0.5311720698254364,0.4528367168324037,0.33301653007308074,0.34051270511003695,0.6860266196592404,0.4411242358850589,0.5124338242072422,0.4190774637326101,0.33311887924223743,0.2721617120917645,0.2711090160017564,0.5262016681140765,0.3576473828351079,0.3512197766864833,0.34837639574291934,0.3319521093895445,0.39762670182068716,0.19005460403956942,0.18873457799071064,0.346280582327884,0.33638242153005415,0.353388484565487,0.13372496101230638,0.018518518518518517,0.7720073722763608,0.8622198711860001,0.7079389400313587,0.4858235048701786,0.0412793713307353,0.7974439739846777
IMG_0353,0.5442444920968983,0.601370852388551,0.2617890192962573,0.7157345901197192,0.5496749299190185,0.6829231418555838,0.48720764283166607,0.19633635034651567,0.44145076422616647,0.2044804540031584,0.5037046059385619,0.17460590722370845,0.26119699054250833,0.16711182930155483,0.47720575381675956,0.5331465257081979,0.25423923034580787,0.7289749275684714,0.4689087425634379,0.5519106315604868,0.4064628376908085,0.5442436861063658,0.6013723424815993,0.2617928932097331,0.7157331626193852,0.549675080388827,0.6829246580459091,0.48720521047981413,0.5877963474413356,0.9982654785045525,0.4745551731712674,0.7291666666666661,0.6628272251308901,0.7693836978131212,0.5997506234413965,0.5442442269162777,0.6013713244911412,0.26179024254406036,0.7157342654032472,0.5496751296055675,0.6829239171714269,0.487207297133035,0.4794264997134786,0.6919881606115268,0.21984889382531092,0.5543750705699467,0.39948617866265357,0.4838346340350996,0.3367034025857387,0.12976366456719915,0.5472403076889207,0.1712170774011481,0.3106113853442772,0.10682853455007749,0.16865605039839382,0.09947429696141132,0.1712856646492724,0.4138318974450069,0.6993228097496521,0.21503940673614164,1.0,0.0026592525716081436,0.18665913879287788,0.9600153934602138
IMG_0354,0.5447571662419647,0.6002179092316031,0.2910265994646344,0.6592334528445933,0.5497918679778028,0.683276313331843,0.48653722740356375,0.19623568354037085,0.44267800899197596,0.17972158567044172,0.5519138622098212,0.17431726294591168,0.26099269254353064,0.1658394452916408,0.47699630608085475,0.5314219772504017,0.28192377998567064,0.7592984092802846,0.4687153213928439,0.5530807109458014,0.40417824701787597,0.5447563555298599,0.6002194226975424,0.2910305133584439,0.6592306333918945,0.5497911688799377,0.6832778324436901,0.48653530280829693,0.5887916302270327,0.9940450441587935,0.5110932122720948,0.6875,0.6628272251308901,0.7693836978131212,0.5985037406483791,0.5447568979905139,0.6002183988084635,0.29102807089017224,0.6592325759949711,0.54979154039637,0.6832770897329172,0.48653657582894505,0.47891258403280657,0.6921030029753688,0.24501904971005706,0.5933358906424663,0.3992998972920946,0.48501662943161666,0.3345898575682189,0.12994649027417285,0.5531840794208309,0.1497278245841338,0.3535033141747799,0.10663744798653621,0.16850763033697408,0.09865590145282138,0.17126950394725146,0.41871687834917243,0.699916629307158,0.20983682602728582,0.985646185553456,0.0020322979999055774,0.18771028702313905,0.9595528405803073
IMG_0355,0.5439111696844082,0.603146891615906,0.2947393382774468,0.6891068019507189,0.5495000484964028,0.6829231418555838,0.48649420835247703,0.1963069659021761,0.44237760032400164,0.18473317029235847,0.6280328742333898,0.17460590722370845,0.2611346627794149,0.16660071339117827,0.47633577858029497,0.533830143273076,0.2611815934532955,0.7500165627031627,0.46780252790492244,0.5519016145991015,0.4050703599187334,0.5439103541014578,0.6031484325748464,0.294745470043138,0.6891045981188864,0.5494992554876794,0.6829246580459091,0.4864917666979859,0.5871917101361648,1.0,0.515559786190232,0.708333333333333,0.6628272251308901,0.7693836978131212,0.5985037406483791,0.5439109117097644,0.6031475392902959,0.29474133782285694,0.6891060857513156,0.5494996912543969,0.6829239171714269,0.4864934186519393,0.47902259556553844,0.6941156546679956,0.22613671880044928,0.581183983438572,0.3984210313386881,0.48382553309122445,0.3354149202016714,0.12988747751354096,0.5504854165350881,0.15405999997332254,0.42842154278032324,0.10682853455007749,0.16861075687637284,0.09914544340579429,0.17159595012807358,0.41739941380229145,0.7002613854740988,0.21271714014397358,0.9920743370228948,0.0015990143131493079,0.18758635251564099,0.9597869260458469
IMG_0356,0.4889065644352433,0.5623274310351185,0.3669203877613101,0.6325564662151537,0.4750570715099509,0.6195464832880381,0.4213082882258956,0.09103613334884447,0.3867140612050648,0.23362095823885065,0.00876172811695941,0.08793742165149371,0.16933251326853205,0.06477328026834164,0.5950896174573483,0.45565888227730766,0.28454252996321605,0.7367235795260214,0.6274665899359245,0.6106273032433778,0.5825016418896569,0.4889069182871566,0.5623283152804068,0.3669246724909305,0.6325590194568802,0.47505858693972636,0.6195480958015714,0.4213086496484675,0.5559194192323798,0.787649033368727,0.5961045617631983,0.645833333333333,0.5926701570680629,0.7157057654075546,0.5336658354114713,0.4889066851237554,0.5623276735592231,0.36692190741779873,0.6325570607230802,0.47505746350480926,0.6195472708763647,0.4213083522009371,0.5559830543299521,0.47069311570382016,0.24741298479897722,0.564130862754744,0.5592905660283631,0.5441032565046866,0.5084089547691157,0.05103306367806565,0.24272668330865832,0.1967897395448226,0.003908688490217138,0.051695389331166214,0.10472521695759202,0.03673003200879829,0.196662815032685,0.22613020694555466,0.7484839904674264,0.24548053301064188,0.5388656959447693,0.008551908714850155,0.13553844953340954,0.9741588372881291
IMG_0357,0.48919426865776533,0.5606263808145908,0.353518904696569,0.6105871572690287,0.4752906172091671,0.6198178938484872,0.4213990874411233,0.09079469355350012,0.386050351824331,0.23226821046054935,0.0,0.08752191740075965,0.1693145495817096,0.06381262144111982,0.5968707461898904,0.4535753371408068,0.27516767355576865,0.7373147199071841,0.6294216910130367,0.61198452241437,0.5840874970919413,0.48919461778131934,0.5606273174829774,0.3535233561930142,0.6105862366565056,0.47529091411406155,0.6198196813440812,0.4213983700966798,0.5565679037609381,0.7849116189624187,0.5820458372995533,0.645833333333333,0.5926701570680629,0.7157057654075546,0.5336658354114713,0.4891943748396702,0.5606268052877696,0.35352044585463416,0.6105867060751482,0.4752906281946288,0.6198187336372121,0.42139884383938586,0.5575076397594014,0.4703227190532629,0.23885288457812948,0.5648804829706825,0.5613533217383528,0.5455195943321631,0.5100395382393081,0.05087915137752694,0.24319461114548024,0.19559592921794078,0.0,0.051441460946653944,0.10471321795772487,0.03616918199774424,0.19641555629176533,0.22463510672943127,0.7483135786738816,0.24319546189778718,0.5285703905255446,0.005329046817927986,0.13460664564370206,0.9742505987906209
IMG_0358,0.4892530892885946,0.5578466583549575,0.359768219835769,0.6427866710828143,0.4757268295106484,0.62064018823956,0.4204970678093639,0.08864767970967136,0.3837687870861215,0.25614241675266847,0.013352335653522562,0.08642547276501933,0.16820552555218937,0.06125231001274151,0.5984284953556522,0.44956524146668586,0.2836677854043219,0.739296588729498,0.6317273013319595,0.6126506676735348,0.5839077429999775,0.48925342812448,0.5578473979562037,0.3597720199537542,0.642789263646744,0.47572809331872584,0.62064238796268,0.42049902449437726,0.5568834630272581,0.784391560308953,0.5886358643918869,0.6666666666666661,0.593717277486911,0.7176938369781312,0.5336658354114713,0.4892531968450222,0.5578469429030732,0.3597696468785636,0.6427876135936539,0.4757271524757886,0.6206411637212622,0.42049771615473686,0.5579644744243618,0.4669968176746741,0.24661302612716174,0.5674000280737966,0.5637890223050925,0.5462153353708816,0.5098547286761111,0.049384193066792814,0.239666820312739,0.21676505412607083,0.005971905078587858,0.05077187541573422,0.10397441467311214,0.034676917595024254,0.19584669958062978,0.21840305533351095,0.7485875484035037,0.23608414759235397,0.4978462353919721,0.0016729098646263568,0.13242631634512547,0.9751588503969153
IMG_0359,0.49138969668634747,0.5578712785487174,0.3772399443395913,0.6362828103214855,0.47745596882580943,0.6229816009984073,0.42363512024057204,0.08389915350439453,0.38509019994060956,0.24481334164374458,0.014020834205304755,0.08364307422468825,0.16364212608125106,0.0549984686592877,0.6027065961561227,0.43946221376117023,0.30632378293552254,0.7428937924065799,0.6396220141759307,0.6102474069896229,0.5866757464264012,0.49139005346897247,0.5578717448207859,0.37724481144289035,0.6362852847954374,0.47745620377937825,0.6229834439643211,0.4236362538826115,0.5590319940070876,0.7824970415911222,0.606648605110932,0.6666666666666661,0.5947643979057593,0.7196819085487077,0.5361596009975063,0.49138982219867317,0.5578714393680655,0.3772416236762073,0.6362835100687598,0.47745595176742683,0.6229824630851732,0.42363543964400796,0.5596338143250277,0.4595332651116106,0.26741427630474357,0.5719960034335697,0.5721537245455464,0.5437068842783918,0.5127041619241253,0.04662866716098549,0.24339032049834064,0.20669369672593607,0.006273250883050363,0.049075667955200686,0.10094212687785703,0.031046692000080617,0.19856492966054445,0.20931403025727563,0.7442236956288065,0.2096514829722268,0.3878452231638367,0.00019691144832268553,0.13012205253905085,0.9758283348283592
